1732805063.951582 0.0 0.0 0.0 1.0 0.0 0.0 0.0
1732805069.951439 0.0 0.0 0.0 1.0 0.0 0.0 0.0
1732805071.951181 0.0 0.0 0.0 1.0 0.0 0.0 0.0
1732805074.284444 0.06351920862673335 0.0025571130867270094 -0.012305997287339044 0.9998882107482578 0.006202355399332436 -0.010503845273671581 -0.008646735141933986
1732805099.617221 0.5112860178335252 -0.1641443288637869 0.9870258437472037 0.9999194159239928 0.001917397036729769 0.0025608421027823397 -0.012285248656387136
1732805137.816244 -0.5399879196502982 -0.18638170239227775 0.9426412114874422 0.9999089221833142 -0.0052654075679962635 0.012357000974425882 -0.0013142862184093995
1732805156.882178 0.24092665873616928 -0.6272778684982934 2.269224695868479 0.997706416367594 0.04053497066309252 -0.0532778604076324 -0.010014613455359837
1732805158.68196 0.4483373118839384 -0.9021952738381248 3.086249584399239 0.9985538081073116 0.033669663592059564 -0.03830944586009325 -0.017000953675493657
1732805160.482068 0.43866289131777275 -1.144483022529863 3.805233103515065 0.9993754916299904 0.023084213252527325 -0.021880780610086695 -0.015394065990515035
1732805161.881894 0.4340793120190673 -1.3546065694368883 4.345868837307207 0.9996312242048383 0.02137828359371609 -0.011280935754062972 -0.012374371654168532
1732805163.148667 0.3869650515881791 -1.5007932367025538 4.817371542551285 0.9997121910088033 0.01847573672474506 -0.008739374247850956 -0.012562071429981512
1732805164.748466 0.37011684712130044 -1.6584415209314267 5.277699290347159 0.9992990707548042 0.01930892695069641 -0.028856823838164528 -0.013993435838657791
1732805166.881892 0.3581615058060389 -1.7702925216180854 5.673752600005544 0.9993176458149929 0.020704926311273072 -0.025176976592672796 -0.0173686107353778
1732805168.681822 0.389978239859424 -1.9508882319157954 6.102332142044001 0.9994543611432887 0.01762569267582282 -0.022728585313197998 -0.016239653906992328
1732805170.081611 0.3040507246830047 -2.057368923328943 6.449402596454563 0.9994961592597509 0.014488089723535363 -0.02138896222044708 -0.018440042741324447
1732805175.681855 0.6941805148192847 -2.2465669711698455 7.005652062024029 0.9938425340414305 0.046502287134326574 -0.10041725236773925 -0.005561496947637369
1732805177.481571 0.8357076045178742 -2.5896720407182694 7.914696552440873 0.9948242707649123 0.04262264617204334 -0.09120140592260387 -0.013794342611864364
1732805177.948603 0.8641330747616467 -2.778114520137064 8.439587332560427 0.9996940377972907 0.01350380862439157 -0.0031048742252401678 -0.020489941464786204
1732805179.681352 0.7879702317687672 -3.0353564289064527 9.17989735354097 0.9998956016635367 0.00463653079672018 0.0027758834133620337 -0.013400851740106348
1732805180.615091 0.85845345375558 -3.2306682444746557 9.667515024890323 0.9992968340100846 0.01772347925673072 -0.029152208523783304 -0.015551995326762543
1732805181.614856 0.9276281811605145 -3.403595536530885 10.15418322215593 0.9975698927958755 0.02864152879079017 -0.06113434804394636 -0.01722101347172943
1732805182.614601 1.0491851135516599 -3.5893286793240207 10.684941057389155 0.996676201179925 0.03859368034785455 -0.06962801566010549 -0.017292115949103896
1732805183.681382 1.1859666495681058 -3.83574438318203 11.317762289644477 0.996075419655535 0.04179468740296552 -0.07540646994178808 -0.020020658177406815
1732805184.481381 1.2942641727439446 -4.022746648022914 11.835198662071594 0.9960013915503493 0.040020719261070786 -0.07862562717163774 -0.014056344171262744
1732805184.881372 1.3723792678234328 -4.132084600185645 12.12011229534766 0.9971176992126979 0.03378384020694259 -0.06439862791836942 -0.021627824205849216
1732805185.281197 1.3793602138214953 -4.201182414392908 12.290804774926412 0.99863518540997 0.025187300835092206 -0.03382856068859038 -0.030805759519543778
1732805187.214626 1.3854919522150164 -4.553478483575149 13.235247568838368 0.9990912461618908 0.029416300048710736 -0.02670850442009938 -0.015427861995934966
1732805188.814582 1.4580187170480607 -4.865374887151802 14.0948294160125 0.9990755929398392 0.02602472004606725 -0.033927889426022186 -0.004424009214287814
1732805191.414332 1.5038308656150625 -5.329353684522163 15.383563694812802 0.9990485550469237 0.0272881828317576 -0.03192050078265431 -0.011765260990692101
1732805193.814249 1.5109567842703222 -5.573336130958987 16.10914656202212 0.9985412786731831 0.03663777716848815 -0.036075761223549746 -0.016478092183805665
1732805196.414176 1.478591205824514 -5.772910781964205 16.565716347009527 0.9987182444604105 0.03312616715185336 -0.0355697560880695 -0.014117991485280515
1732805201.61424 1.39867526185251 -6.127004344292456 17.335206643582303 0.9987370037183286 0.022673476061874455 -0.04324046034088489 -0.011856368605745387
1732805209.013843 2.190879584337375 -6.361125858699446 18.35378799212495 0.9919057797190974 0.05423069820803241 -0.11408113179206174 -0.012940282097426994
1732805209.747331 2.3745596578530255 -6.608164443843275 18.989707789133185 0.994600899570459 0.05136728827413088 -0.08796089644769158 -0.019832623757700542
1732805210.013958 2.4411527447306707 -6.749624867415841 19.35806047714137 0.9965981331076678 0.0427958659315327 -0.0671847583141874 -0.021139612005565495
1732805210.813921 2.4914926309589087 -6.97303238731257 19.935378172073662 0.9984770172751414 0.03246747831788694 -0.03917170176529856 -0.021332758982965182
1732805211.54719 2.513574694024234 -7.181750209332278 20.47351871802359 0.9994830469926005 0.021102727023070124 -0.017292667978412918 -0.01700815453731791
1732805212.41387 2.512464583387363 -7.426767829106217 21.136302903933178 0.999645383526001 0.015941817771952683 -0.008939145276878847 -0.019366396747956868
1732805213.413866 2.50515877406443 -7.698047610524654 21.909109996563142 0.9996653403971312 0.010690538137742707 -0.011593650092597904 -0.02050626442197216
1732805214.613668 2.4508582841826536 -7.9607068171225945 22.607789765483552 0.9990907622722964 0.012934781854322647 -0.035312845784651804 -0.020083403176052693
1732805215.547126 2.5488732702242416 -8.223565725278394 23.330736533918333 0.9979717778978969 0.017610153508080026 -0.058035768326646885 -0.019340698215635985
1732805216.7469 2.556542880547966 -8.4538874083119 23.982245057763212 0.9983194313195106 0.016430337704247885 -0.052268187019047195 -0.018878391842395755
1732805217.346904 2.562944261290909 -8.580161951933539 24.34808038273206 0.9984305194425425 0.01651426540273589 -0.04947925579618292 -0.020385782539766868
1732805218.213949 2.570287965676777 -8.732669711048723 24.798745656865858 0.9977166266244809 0.01575769048469859 -0.06260686122279942 -0.01983958355116808
1732805219.013721 2.6892768936971394 -8.905155547422332 25.234459200727148 0.9929945478596026 0.030419759482038216 -0.11276823293250057 -0.01788272337871054
1732805219.546854 2.826304554350556 -9.014367470049946 25.498067740660527 0.9880681272565598 0.0428242604661375 -0.14700926905913364 -0.016605222851330544
1732805220.146807 3.032087153627831 -9.12941776734618 25.793497076110807 0.9832442187697654 0.055372424686469954 -0.17244388074670675 -0.02068354015129949
1732805221.746942 3.501360619601204 -9.34984903293833 26.579687906977643 0.9860739069226482 0.060889582728032944 -0.15289767378644603 -0.023937630463443854
1732805223.946852 3.835027898247329 -9.750327460441154 27.604597929928676 0.9954801703713162 0.047576141915695036 -0.07759666185313109 -0.02710164546967121
1732805224.413516 3.8367163103916315 -9.845270323459957 27.865984268730088 0.99788222325095 0.034517339939806796 -0.04831834972335564 -0.02655106105662417
1732805225.746648 3.622015364320366 -10.085553407767577 28.495489947651794 0.9970881834682788 -0.009001020537632945 0.06882339054493873 -0.031582858184589585
1732805226.880099 3.7409755533858 -10.409340659835317 29.308148620816016 0.9993026806418853 0.009956250852521128 -0.02541412215109067 -0.025478381545796968
1732805229.346537 4.076344803774767 -10.580168485054905 29.916917267774934 0.9951847502340608 0.03141618059948917 -0.08575131776964053 -0.03559561769207549
1732805230.080003 4.108655506661987 -10.851362210622687 30.41380494732901 0.9972730167881028 0.025396393329132814 -0.062077342772408596 -0.030788905575635794
1732805231.679829 4.159137688172707 -11.086723417452532 30.980968032408416 0.9983377003101696 0.02506041935089781 -0.038236711719965344 -0.035096515470962854
1732805233.679953 4.162610728880671 -11.403187194283898 31.785484906138844 0.9982528449766064 0.02781697709560825 -0.03743610367778651 -0.03627687173392824
1732805235.679982 4.232622765289585 -11.661450070054954 32.420330217897494 0.9983656613071683 0.0251921681314266 -0.036698282524665796 -0.035841275748473664
1732805236.879828 4.317912110136473 -11.947183084333842 33.132780591171446 0.9985594458311836 0.020121730938947435 -0.03613476879224862 -0.034182269814491496
1732805237.679793 4.353451197684734 -12.074520757507132 33.449737396530736 0.9958820450008421 0.03457023778664237 -0.07651759308324903 -0.034189311971169874
1732805238.146277 4.467684474530186 -12.154096517889235 33.66178365754378 0.9926114345589986 0.044958847647405334 -0.1075019994043 -0.03383137781738079
1732805239.479744 4.7768552787618725 -12.334740446140065 34.145024517566014 0.9865256881757553 0.060397247185978685 -0.1476852765345273 -0.03617040498291872
1732805241.479674 5.1363634943620555 -12.60322798100659 34.81106307956816 0.9928104783851955 0.04759428406312647 -0.10236429587568267 -0.03979559099892162
1732805244.279582 5.353138150004702 -12.987474312100558 35.73185710649024 0.9949078552950271 0.03960669749770816 -0.08239992693082868 -0.04242547615959696
1732805245.679589 5.552702625714622 -13.263621383589678 36.36128213521542 0.9948983805412376 0.04068296152019998 -0.08218342319458002 -0.0420475206211886
1732805247.146162 5.69944376463803 -13.484899082142727 36.88980150320071 0.995099843455326 0.04076309145878861 -0.08006233780708788 -0.04128794006452427
1732805248.679475 5.807273436313991 -13.693172731774343 37.389549883394245 0.9968661703742101 0.03352503290795046 -0.05787339482479779 -0.042244297880660864
1732805250.27943 5.908622312152052 -13.986811472220246 38.10953897212622 0.9973426155449832 0.03156490149892267 -0.052097428216367536 -0.03996526222227945
1732805252.145892 5.9714066763871205 -14.205272655878538 38.64276424780049 0.9973767213850463 0.030965377894364102 -0.05185558362346635 -0.03989761218600298
1732805254.279317 6.0513635482076 -14.458537894561138 39.243331705900935 0.9973423314967904 0.02976991178305092 -0.05227729531030397 -0.041098790152690565
1732805256.345905 6.174068752852983 -14.670309224217814 39.749579394043664 0.9972358728266734 0.032845412507728995 -0.05334990038370312 -0.03994472373003599
1732805258.012361 6.266943837021815 -14.960119776981687 40.43426954593849 0.9967337601869836 0.033784757154171764 -0.05962669734822906 -0.0427207028370653
1732805259.679153 6.381957535858674 -15.187698186839693 40.995900290833724 0.9964061120371468 0.03366866046331071 -0.06558575663382782 -0.04171078666713915
1732805261.278944 6.482129762826724 -15.392009907756778 41.473225881339715 0.9959871169367286 0.03558972582748886 -0.06830302142252433 -0.04558214097803756
1732805262.679103 6.516427873185971 -15.56564420645476 41.87779042204483 0.9958168297682902 0.04108722892645727 -0.06726252307537993 -0.046221576767898925
1732805263.878842 6.558375365612435 -15.693852723957638 42.18643315435829 0.9953569298559845 0.04369628524114106 -0.07239475747463736 -0.04598060388883803
1732805264.87898 6.612813973343049 -15.806594635073354 42.4534364444751 0.9949224041267759 0.0452178095616951 -0.07734333296233961 -0.04585595175454549
1732805265.878974 6.722671078357938 -15.954334076470456 42.79141949882509 0.9945355521757814 0.04660341826809295 -0.0811319042404403 -0.04631167216224125
1732805267.278751 6.760979941696011 -16.134682509513222 43.20954108802794 0.9940973206676161 0.04858133043573726 -0.0850006315119492 -0.04674680756084214
1732805269.012335 6.832279299370544 -16.348528550385076 43.719515615588676 0.99466081888163 0.04690557733965091 -0.07882898565231344 -0.04728332916775608
1732805270.612165 6.896522247288633 -16.560907577190946 44.22420565824288 0.9951226892187648 0.04477881825922583 -0.07403743703257895 -0.04737244721320403
1732805272.41252 6.997604427567362 -16.81295971576168 44.80353147437171 0.9944805461510968 0.048009592839981984 -0.080067105258136 -0.04788299257500585
1732805274.412042 7.135574412519318 -17.09107459859806 45.44043661983203 0.9928372205467065 0.0523033046092475 -0.09592891773575991 -0.048334879394579665
1732805275.678503 7.336456855780916 -17.282178003303127 45.89768835150979 0.9923525549486679 0.05326097988367836 -0.10027963306419621 -0.04841146456358773
1732805276.611988 7.501680706088289 -17.515534704788468 46.4275488392046 0.9919653021584894 0.05508138616298245 -0.1033267151488931 -0.04790062785100656
1732805277.412019 7.662436954211028 -17.705092842734643 46.88632574231376 0.9916611637318815 0.05344065183212003 -0.10653353294417862 -0.049018766162770476
1732805278.145087 7.810972131362138 -17.88193254963297 47.321777639105214 0.9913693226112449 0.05351078645129643 -0.10911812893653959 -0.04915990089569054
1732805279.945233 8.014465911762551 -18.243453298613698 48.16841464837167 0.9937180363878436 0.04845749791136602 -0.08771015469969816 -0.04983235712078477
1732805280.545196 8.076142673935815 -18.37774173506053 48.485652706422094 0.9973336287731913 0.032420556438127746 -0.04615017692836376 -0.04631092320199476
1732805280.945196 8.02982538926068 -18.43613048548183 48.61122104040791 0.9985147857437142 0.014897636350990649 -0.007277148414183553 -0.051897265759343655
1732805282.545127 7.910764790550328 -18.715831169514892 49.25430590813697 0.9984136709608888 0.014075205505958114 0.010390184704984741 -0.05351704672497709
1732805283.011784 7.9136411506468 -18.807126651588078 49.49343771061268 0.9976513742695838 0.028166472236723115 -0.032994686766383195 -0.05300694204476407
1732805284.811573 8.190706903269248 -19.209511328279117 50.400905104302794 0.9927843174426335 0.05351881932136734 -0.09288037157318495 -0.05374264223908374
1732805285.545113 8.335658490767607 -19.425905124847255 50.92093191741899 0.9922452377380843 0.053227990893462584 -0.10221523111183284 -0.046564103129908684
1732805286.611698 8.50696073922908 -19.663172678464747 51.450239265252186 0.9911279509357015 0.05889480106419424 -0.10639423055762537 -0.05363818589081481
1732805287.344823 8.620813662153173 -19.79460871806831 51.77105421678394 0.990701687160867 0.05958324797641797 -0.11118111450772188 -0.050978067774417074
1732805288.211629 8.751581270605023 -19.95736911624116 52.15566903043427 0.9902778358936106 0.059510630314802804 -0.11569085872318792 -0.049233299963476314
1732805289.211635 8.895326205183446 -20.195818089127606 52.67697867351999 0.9913576956252969 0.05583478349869584 -0.10734876768204005 -0.0506817358947238
1732805290.211924 9.029535135643354 -20.42306830343926 53.19922449247259 0.9916654119419871 0.054542697809461936 -0.10418120775223345 -0.05264105645673079
1732805291.211579 9.17374732786767 -20.62050198402031 53.652216380346154 0.9911292824816571 0.05598164705350905 -0.10687054627408264 -0.05574483778477594
1732805292.14487 9.300592007325696 -20.803443912943607 54.081854584751646 0.9907494778443741 0.05848360100088688 -0.11006068598624333 -0.05368226863040497
1732805292.811331 9.458958158615326 -20.960006777907164 54.451661185243296 0.9905657358132484 0.06037696927578697 -0.11092746388411388 -0.053190622952425985
1732805293.544652 9.577792944977507 -21.128090808468148 54.84798032619596 0.9904879583959971 0.05896760761962441 -0.11366855947909546 -0.050357562590882796
1732805295.011445 9.717561107921512 -21.32869769668659 55.315690087909985 0.9900592487530624 0.06037201303230744 -0.11529184736069766 -0.053345046003412167
1732805296.611271 9.883926287072143 -21.564560946466433 55.83547277883641 0.9896093374064105 0.0594138375866416 -0.11924093654241841 -0.05408284639107057
1732805298.544515 10.042395846527258 -21.85026440501617 56.43735761352978 0.9920373935738817 0.049757472070788754 -0.10108677819420142 -0.05628025407352292
1732805300.544607 10.221049970499696 -22.178309304429334 57.17216127384953 0.9942127550461948 0.043125144057245955 -0.08315571961070398 -0.05259606401169799
1732805301.544567 10.287714646891542 -22.35989521407219 57.60554245695736 0.995074006860935 0.04011656848411009 -0.07354398313655114 -0.05300626705583137
1732805303.012197 10.373107039681985 -22.627161791657553 58.209464708740256 0.9954490533691962 0.03839162457914432 -0.06884711480104677 -0.05354754982365485
1732805303.811197 10.406120233623703 -22.8662475138812 58.69079990473337 0.995588984798381 0.03929545501843178 -0.06768674113193807 -0.05173920793713034
1732805304.744308 10.449174919048977 -23.099033680832328 59.243611032054595 0.9953892440131661 0.04026665140915471 -0.06823072653761623 -0.05406863826046024
1732805305.811106 10.619396716900523 -23.38460065476205 59.88976825495228 0.9937650772092337 0.04554991446138793 -0.08698520173774611 -0.052818096241057245
1732805309.677675 11.010574834807079 -24.00590518622496 61.310951696650605 0.9833944702196742 0.07232591396057216 -0.15838268291564628 -0.05117815807135105
1732805310.344605 11.127211492073721 -24.089034141123335 61.49316444907848 0.9690171718184659 0.09848359886915833 -0.22081431194355952 -0.050475153448133525
1732805313.477764 11.678529507070987 -24.247153482401853 61.97785084987556 0.8550982865987358 0.19962712741606123 -0.4765136093354096 -0.043482299544283745
1732805323.677257 14.312794776348028 -24.35776400814627 62.302908939936415 0.6876052697205316 0.25248399853735537 -0.679466019786332 -0.042151530112958246
1732805345.809781 15.863661303012957 -24.495194272716038 61.648400778972785 -0.552035761208046 -0.29596159303504077 0.7786223816519401 0.0375558329194641
1732805352.276291 16.07378323914162 -24.456679153867686 61.25053587976698 -0.5459371921080433 -0.30213177845485495 0.780354158754076 0.0414289468380517
1732805359.009592 16.344542267713543 -24.269214325607887 60.24568407575778 -0.5517532466965378 -0.30956954732749514 0.7727947925072813 0.05023204953918558
1732805368.742425 18.708017678446218 -24.192560718640895 60.31019906984663 0.9471000122956688 0.10640390538656148 -0.30277273973299473 -0.0029058049844858233
1732805369.342412 19.012052013307912 -24.33947237056452 60.68093437866542 0.9474679880627878 0.09611806791452289 -0.30385545908739364 -0.02715858242658265
1732805369.942555 19.379283064527403 -24.513511040417843 61.08811059687654 0.9410681735509259 0.10547893660620596 -0.3203619614489477 -0.025161484823666272
1732805370.542549 19.776765247915698 -24.63490271126606 61.31153442755452 0.8840749864867333 0.1332217425046872 -0.4467050727443732 -0.03343596233012367
1732805371.342527 20.49159119696947 -24.795330839442094 61.82225565427683 0.8887134545672319 0.15365994012962075 -0.4319166728517962 0.005000618278993285
1732805371.942324 21.03244311472347 -24.95445853990118 62.12405760785231 0.8858086830091979 0.14761140554728766 -0.4388295892808818 -0.03134392492074239
1732805372.542323 21.529741976248214 -25.102468812424707 62.44537665358974 0.8869874066077361 0.14649296111993032 -0.4365879388186839 -0.03441111070061858
1732805373.275785 21.99036050361003 -25.306748987886543 62.917001103757535 0.9265079692180673 0.11299626020625168 -0.35681927950845216 -0.0386630304798138
1732805374.142441 22.485817147374853 -25.546708191420812 63.39804487248127 0.9286514286029677 0.10288946900335755 -0.3527647537355948 -0.050767212290410334
1732805375.475575 22.989949706448932 -25.848244606678808 63.950661200443626 0.9381772891566539 0.08594156418054948 -0.3305097945872324 -0.05657470582140267
1732805376.875718 23.323713192745096 -26.134497536519223 64.54177089500126 0.9607918574354996 0.06276874024823362 -0.2646745334692345 -0.05372600176949515
1732805378.342523 23.65066514237708 -26.44441527305642 65.21698676226939 0.9735934574262299 0.04990987092068249 -0.21817509625685774 -0.04499346413459727
1732805380.142311 24.04426305165359 -26.686267120413547 65.5647919497145 0.940758750607541 0.09791671833279231 -0.31271040952025425 -0.08716357727830014
1732805381.275389 24.64492123258798 -26.99452308378773 66.27974682929792 0.9497308149214356 0.11355215295596145 -0.28760679424017765 -0.04898591281807088
1732805382.342193 25.096612718530224 -27.303497151426292 66.89460434088845 0.9488752134123132 0.08854851356094827 -0.29785031851958627 -0.05549935022740903
1732805383.275316 25.48968910476319 -27.550938954625718 67.38060382721059 0.9483483896337191 0.08146185034353538 -0.30099575484808744 -0.05831684474634304
1732805384.475309 25.96550123791283 -27.836605230299032 67.94916576287555 0.9486826510543006 0.08070057235884692 -0.30080817861943715 -0.05480040953492339
1732805385.542118 26.516775324800907 -28.1370092519614 68.59472091835971 0.9495094467657232 0.09177714226558925 -0.2963054419517355 -0.047030327768351934
1732805386.275231 26.9684674088689 -28.397481012992632 69.11233789260483 0.9496777907897421 0.10045527305211378 -0.29156785153865483 -0.054854532591875074
1732805386.941894 27.43289262466157 -28.624382815561898 69.66283630012154 0.9518875639330342 0.10999226923535106 -0.28279645373199214 -0.042871110257387594
1732805387.675481 27.92685281419449 -28.872566200360232 70.28572855171232 0.9526668263601035 0.11793347545234237 -0.2786974753803128 -0.02907456856670817
1732805388.54222 28.336877230040223 -29.1008562688042 70.78830359079632 0.951498604960991 0.12134612822285491 -0.2796773720969472 -0.04130483578899995
1732805389.075145 28.731388965741694 -29.30343918357045 71.27169623945441 0.951234217222523 0.12918744114268144 -0.2770077102241511 -0.04160285461879895
1732805389.875132 29.317322312403306 -29.593215501123105 72.00460513458351 0.9509284660128223 0.1388318562582978 -0.2738997685411537 -0.03794318130413738
1732805390.341799 29.670298475047687 -29.762822579353788 72.460502017951 0.9509228138792328 0.14385963791765294 -0.27214756097463233 -0.03139923052819482
1732805391.142141 30.20231413623397 -30.042153835422074 73.14959723230979 0.9488145076462026 0.1369755090727006 -0.2823002568904585 -0.035990345288007694
1732805391.542004 30.49553592691129 -30.174442111762737 73.49897201188513 0.9483116301929391 0.14080929524940242 -0.2823102129099078 -0.03433275548131416
1732805392.075053 30.83935525461116 -30.362972870686146 73.91061366495526 0.9438161780720222 0.13105646342086055 -0.30084649587917506 -0.039071873801480896
1732805392.675494 31.25243455572804 -30.551159529483655 74.307146951948 0.9297856313650943 0.12343716915058524 -0.3435810886105723 -0.04705295451166683
1732805393.341707 31.66296407334731 -30.682931103057044 74.67502384472067 0.9236329329582139 0.13404396992560655 -0.357312631524887 -0.035526083858919394
1732805397.27512 30.6560266817822 -30.1732750571545 73.45081563115397 0.9598029180817391 0.11219309182655084 -0.2534306029530492 -0.04431701789416335
1732805397.808433 30.55681982876308 -30.141286599327938 73.41887408776608 0.9747498297307683 0.10112015809773486 -0.19442038174047882 -0.04287421404543524
1732805398.743205 30.180047187190386 -30.223848350908217 73.57488334887358 0.9969046667389249 0.0065899021414373045 0.059916779274148846 -0.05047413382448924
1732805399.808343 29.799775353875127 -30.623867758904954 74.41333212882026 0.9751242987611246 -0.045261824522689655 0.21076906114422403 -0.051578794779293044
1732805400.408395 29.537185384769966 -30.889797726578454 74.93607675767608 0.976069525692735 -0.03788877570919229 0.20574796297250447 -0.05933377977074178
1732805401.008126 29.439528126769076 -31.142517364509292 75.50055946829258 0.9906053527419216 -0.0069731218159596155 0.1264111023566038 -0.05169761979221928
1732805401.87479 29.59026716755889 -31.406058470734582 76.12322268355524 0.9965391998808814 0.05638110473625153 -0.03722173366365783 -0.04842867613887881
1732805403.008398 29.40467304496811 -31.6752061386944 76.6808222952794 0.975493673833004 -0.03731986524312524 0.20884883496334064 -0.058322243650935454
1732805404.408039 29.08409005634541 -32.05305905327172 77.5341692493432 0.9876100266176951 -0.02999406079908656 0.1474495269019735 -0.04455814916892751
1732805408.474751 29.22114413821801 -32.29729998782811 78.12430953914242 0.9967675182488555 0.03997372586189719 -0.05409204249469349 -0.04393935301626241
1732805413.407794 29.8653651565581 -32.66374328423737 79.02338849023393 0.9754680192475595 0.10106930181687672 -0.1911857301816974 -0.041172275020736865
1732805415.474374 30.283044041834515 -32.97299983665671 79.7969657503719 0.9754290792697287 0.11124982991835776 -0.18610810500675057 -0.039055856269479515
1732805417.207809 30.635972492253273 -33.235832776131815 80.4477032039452 0.9750896896323321 0.11426161608535741 -0.18643702518073985 -0.037223862024792
1732805418.07483 30.688324587539785 -33.336514457555175 80.68062101380579 0.988893129104865 0.08591065199235591 -0.11440258739612583 -0.04027141766202199
1732805483.872375 30.846844630818584 -33.72567649607283 81.58811997249066 0.9960751533923424 0.06159922472995282 -0.046867357590009526 -0.04293337978333954
1732805484.939418 30.96588455070032 -34.04371397807567 82.34090108257102 0.9962669355081546 0.058668135305056233 -0.04803213438924455 -0.04126932491611443
1732805486.272314 31.100292603583185 -34.41336609208877 83.21862163435671 0.9963222208755381 0.05663313752302081 -0.04901053042270825 -0.041625567042611215
1732805486.872455 31.18412655591134 -34.60933760470243 83.68272689581127 0.9962755530442835 0.05729857510722571 -0.0485396501276903 -0.04237685762854511
1732805487.272289 31.242878368215788 -34.744590742620865 84.02221632404603 0.9964080018431627 0.05729729059831132 -0.048656848931538106 -0.03899519720506805
1732805487.93908 31.35068222917777 -34.93711330786512 84.49337074079882 0.9942864345600623 0.06606659705433196 -0.07559061307291891 -0.03627326865282329
1732805489.672209 31.674091616160652 -35.12290278568731 84.92289224097533 0.9741489377767433 0.10296928344079859 -0.19497532122865327 -0.04915076609692375
1732805490.93902 32.15238060890417 -35.46850930749487 85.7617350159409 0.9808473108712987 0.0892410404087694 -0.1683533454310166 -0.040394808397702785
1732805491.472324 32.35321735178964 -35.70304833834653 86.33221961140761 0.9868229718933132 0.07091275984945274 -0.1382596720075973 -0.04512278504851712
1732805492.072718 32.74934303489224 -35.911072907766275 86.8684341235049 0.9649903472265146 0.11212552837979395 -0.23414560507426965 -0.03738089444632075
1732805493.072296 33.34842657780422 -36.23099178294417 87.63538144670154 0.9569840325863681 0.11982330549233422 -0.26087857630388195 -0.042027434626484464
1732805493.938911 33.69465387666614 -36.408440182277474 88.05661368192321 0.9589255978842647 0.12772859442833825 -0.24997329403783752 -0.04074869513910266
1732805494.338894 33.98396624659285 -36.596605166140954 88.5701942049203 0.9622255003931655 0.12711563754276006 -0.23663579016645606 -0.04435317235009264
1732805494.538892 34.16326050279079 -36.72308702167633 88.86560389907008 0.9678221369038712 0.12166190181897155 -0.2160897095381291 -0.04270749812787525
1732805495.1387 34.28424983421923 -36.94148663022423 89.34475296077949 0.9908593325680995 0.07217811813977862 -0.1006236749819367 -0.05350680664765864
1732805496.072021 34.114808606249845 -37.26050282520574 90.06097155341942 0.9935443303087664 -0.02021593831770245 0.10016760275144514 -0.04926896496039101
1732805496.872158 33.90110985336553 -37.62934732902383 90.89127695371502 0.9920813069397684 -0.02793249029088702 0.11345237876731644 -0.046076177780582726
1732805497.472179 33.72397107531801 -37.88324464485718 91.52168281577165 0.9918962339153841 -0.038059669617450394 0.11667858496451965 -0.032854687698490634
1732805498.071962 33.5582374439666 -38.142421074791685 92.11875204004376 0.9909183071407713 -0.03701278673567975 0.12351180967610348 -0.03815488254287842
1732805498.671936 33.3829523435626 -38.381000315820685 92.71529088183811 0.9903616244166153 -0.03906015281075084 0.13039328072321538 -0.025607609953300497
1732805499.272542 33.197977425069176 -38.62728714409565 93.31465276019867 0.9895022607604883 -0.038962765528333006 0.13632115185169805 -0.027995042598522864
1732805499.872085 33.022429751329746 -38.861198583877716 93.87330972586693 0.9887743367051152 -0.04047543347854387 0.14100321596325555 -0.028375049711025828
1732805500.738689 32.80516034088261 -39.15969393008589 94.5502350572302 0.9880678500462853 -0.045112281338021296 0.1422132529612099 -0.03823867753442652
1732805501.605186 32.618309737302184 -39.42513788993701 95.1684671809168 0.9880755319983135 -0.04262736857476062 0.1432247898279689 -0.03709865352509855
1732805502.471978 32.501208261079036 -39.64311435939619 95.6896602640377 0.9932896443002147 -0.025743237584438375 0.1055539054842292 -0.039640147346478305
1732805503.605175 32.406684363454076 -39.99441933168058 96.53353441810977 0.9971702272922585 -0.004870945905150672 0.06905250956000315 -0.029318298234388526
1732805505.872867 31.620195007006068 -40.04845298114428 96.5819565595571 0.8730158893684208 -0.1594925997350488 0.4591025992615494 -0.04037537481324597
1732805506.605158 31.23080418818434 -40.22589600743439 96.96633892209228 0.9356106746244631 -0.11163072592230952 0.3327032792303851 -0.03846783784102602
1732805508.6052 30.66990590503682 -40.53250812101116 97.64656473269673 0.9471059317426572 -0.10347212621551365 0.30049364275908175 -0.0445807561139482
1732805509.605161 30.24749054929348 -40.700493191791786 98.03160176243394 0.9154279349548409 -0.13216027787122792 0.37772101648784945 -0.0430370835524577
1732805511.205068 29.465256788126577 -40.963936649219306 98.6316210390978 0.903783778252491 -0.14313573819105593 0.4012415618473997 -0.04113698659859546
1732805512.204852 28.833890276988868 -41.19616472864456 99.10957986723439 0.8966088929839061 -0.13515558590491542 0.4198421593891232 -0.03947178511736498
1732805513.004871 28.3051996777424 -41.340017418773485 99.48638830027329 0.8937697863152543 -0.1513116984271995 0.4211833375127211 -0.029747860271054655
1732805516.004764 27.85990781551776 -41.48869912388768 99.77926350426827 0.8888781176810913 -0.15390250728598273 0.4295239509819332 -0.041459446350356116
1732805516.404753 27.55274900013638 -41.5887994641471 99.98249623298997 0.8845844015895262 -0.15519455075952793 0.43745874140451213 -0.04533141788901222
1732805516.671939 27.34435531166311 -41.65869998737886 100.11301575777482 0.8847269128825953 -0.15386239231600807 0.43730218745806043 -0.0484917590567988
1732805517.40488 26.828065872752216 -41.83866413198031 100.4824020861462 0.8827553907871856 -0.15122686107015224 0.4423106568985397 -0.04727197183336507
1732805518.471389 26.138598201336794 -42.07947973051721 100.9587367968254 0.8789769294635146 -0.14711269528844126 0.45108263851191954 -0.04776887678171545
1732805519.004671 25.759663142707083 -42.18865275687106 101.17443222373775 0.8789906354083085 -0.15464918055570948 0.44876771411284416 -0.04546023083837467
1732805519.471358 25.437634932206766 -42.28844627062654 101.36788928869564 0.8781751169028164 -0.15460380074513752 0.4502595555166127 -0.04660967189184025
1732805520.404796 24.863911142713594 -42.48756925940394 101.73860813543735 0.8787363750219644 -0.1508946956128051 0.449747202481793 -0.05273165945594097
1732805522.204763 23.755645884958028 -42.84426423533416 102.45897096594025 0.8790282311224544 -0.1523490141238321 0.44951142212320705 -0.045151170150921426
1732805523.004737 23.18966749625541 -43.01523734897595 102.80487091556239 0.8782714805973828 -0.15665743112822408 0.4490845007970446 -0.04920128845320757
1732805523.671548 22.713987899940218 -43.17066337964873 103.08911333651483 0.8783496784808547 -0.1579890835360793 0.4474894792922155 -0.05739736682802349
1732805524.404504 22.203717472919518 -43.339027716052925 103.40037990182262 0.8791682770892922 -0.1568947784140184 0.44564119197333185 -0.062057208145788384
1732805525.00452 21.794479130101593 -43.48271270444676 103.66675251661806 0.8781103058307945 -0.1538917599797383 0.44876182910142143 -0.06206800903552212
1732805525.604833 21.39887278597248 -43.622750968327786 103.90237857238466 0.8758466520713277 -0.1470618790456615 0.45477385652301394 -0.06667972113162117
1732805526.00463 21.160139632107878 -43.68820209924793 104.03912275122099 0.8738964173691766 -0.15214652229597672 0.4579622717384014 -0.05854096964315105
1732805526.937784 20.7663762875433 -43.85165104998509 104.28002783355367 0.8723325873597516 -0.14452669263421158 0.46216071416123017 -0.06749345473776962
1732805527.737751 20.201208078571984 -43.87648763626687 104.24719815998681 0.7352759534893417 -0.21968362610269734 0.6380653635467574 -0.06309491647236094
1732805529.0046 19.04354979341722 -43.926028682957075 104.12638979336691 0.6919379905964341 -0.23651355216164419 0.6785852994735319 -0.06931917593038209
1732805529.937664 18.210794160334867 -43.961639996362806 104.07648882392402 0.6877200157930362 -0.24113963472207972 0.6811447894352745 -0.07024693779022319
1732805530.404357 17.759936313214382 -43.975708934744475 104.05686198825022 0.6848856972550321 -0.24488837968692717 0.6831426191327221 -0.0654020268362116
1732805531.004675 17.195601806838198 -43.991297987485886 104.03564784070794 0.6829772890346001 -0.2498365084854768 0.6840722263114627 -0.05629325785574597
1732805531.604482 16.65373844557733 -43.99406747699817 103.98298940616002 0.6804802058377634 -0.2511271481779985 0.6861451496911234 -0.0555578839259242
1732805532.004459 16.27168369520488 -44.00518418619845 103.92933982289114 0.6708738958505795 -0.24896600694510154 0.6962868709203134 -0.055935110941842975
1732805532.337774 15.972203369584633 -44.013317644060216 103.88121148584332 0.6565188285676422 -0.2479125083227004 0.7103266294528975 -0.05439205312730866
1732805532.737602 15.657924363755388 -43.974319365702726 103.77410172943908 0.6159349881481432 -0.2652855643585469 0.7403554442177496 -0.04605948257474145
1732805536.337484 15.587639906104414 -43.74449500652102 103.15103276429494 0.2530281399306954 -0.34101064046870505 0.904668577532314 -0.03554248606943176
1732805537.537815 15.34147932591444 -43.37719051557593 102.37045426137126 0.19131657655838885 -0.36047864634444454 0.9125088903271623 -0.027939902246534313
1732805538.204866 15.109240170094711 -43.25991501064909 102.12166420826233 0.2625320117206984 -0.3502893263013287 0.8987823250420752 -0.023762636495258106
1732805540.537525 14.602164004887737 -42.91700601949958 101.37603729937749 0.26251809664574804 -0.3547973287566654 0.8970038928869993 -0.02423057131387958
1732805541.137517 14.254555184177562 -42.70098071961556 100.86590425353505 0.2605565421484945 -0.3464244813248443 0.9008761413216849 -0.022859244952189682
1732805541.737326 13.946885133508696 -42.49072894510629 100.39081903650923 0.25388345701054327 -0.35393701441667047 0.9000142693044221 -0.015687419501512763
1732805542.80401 13.5378774688371 -42.2803821443088 99.75509909144034 0.24576346205979718 -0.32879319291709935 0.9118237358059285 -0.00853415658879589
1732805543.337441 13.299620008867251 -42.04763828449183 99.34541852380863 0.24325464688088325 -0.3744051069838185 0.8947892937001696 -0.0003354323239902086
1732805544.937236 12.672788155414455 -41.612768704124136 98.34313913481002 0.2071330738949564 -0.356060997448866 0.9112054178048993 -0.004598081941897355
1732805545.737237 12.483940989492957 -41.40692227928557 97.85429468328358 0.17646599983657094 -0.35512768554953505 0.9180072795207234 -0.002590869520107997
1732805548.070495 11.834151939942098 -40.741259452315205 96.38042091056218 0.16580341249723424 -0.35570400082989173 0.9197699973184421 -0.002654096967580154
1732805552.937318 11.386835163427577 -39.69539294477153 94.12410403620211 0.029397526724626012 -0.36389532646531675 0.9309724559407527 -0.0025026143967534086
1732805569.670027 10.062544062657853 -36.8398169038793 87.23954345402704 0.05748921282610696 -0.3841366137682837 0.9209049976646272 -0.03268084527034225
1732805575.069713 9.202012187909173 -35.54094417185807 84.48712534054576 0.09161664619631474 -0.36613592812325385 0.9253447100798113 -0.03588927143830959
1732805576.469877 9.06741908214608 -35.16029662907115 83.71347930582165 0.07110493450298014 -0.3664266076376952 0.9271560076776544 -0.03251717902418269
1732805578.336452 8.952914481134169 -34.57326528802133 82.57905110675665 0.01571289937143064 -0.3779740609429309 0.9243785221528881 -0.04912292570781675
1732805580.003471 9.164901074985508 -33.984827855511455 81.40608128610329 -0.03757871993360055 -0.37755475996911775 0.9217345829607957 -0.08028450415180861
1732805580.202894 9.226257376539 -33.85579494369109 81.12952192878868 -0.03633488696769875 -0.3764080982712385 0.9219921781831613 -0.08322945941158169
1732805580.602867 9.20310628691687 -33.670529625136005 80.76886620945191 0.05098064628542591 -0.38090115680013853 0.9195456006706642 -0.08216550821277731
1732805582.069661 8.954148375754238 -33.370722644323116 80.02489525293899 0.1243430109349404 -0.3483305243765291 0.9262439327921685 -0.07264185009278276
1732805582.602793 8.944423682237934 -33.18276692933967 79.6807780952071 0.04720642845889496 -0.36731449121330056 0.9265055304794348 -0.06662671872372346
1732805588.202821 9.289676966029985 -31.644008264499533 76.3166915263079 -0.07124496996623676 -0.36779966085453253 0.9265651926287607 -0.0335336776782441
1732805596.602545 12.084298560436716 -29.978253950973247 72.50114515239356 -0.3121019646263814 -0.3443808008594856 0.8853498823350722 0.012239833536690243
1732805597.202537 12.540233110663085 -29.71683086824541 72.04916166180575 -0.31410977025513503 -0.3576109086391641 0.8793867765188377 0.011330822403754867
1732805598.135691 12.937194754113056 -29.544725741446314 71.5873140831847 -0.41253539542216966 -0.33915821467525786 0.8450254095703964 0.026801308224593586
1732805599.202463 13.455095530257656 -29.33816057434734 71.1673988036817 -0.42908711171179464 -0.34631900324579 0.8337180812130018 0.029352335719377343
1732805599.735831 13.792443214978404 -29.20608376407019 70.9080443520183 -0.42794403705123657 -0.3521624282599192 0.8319354126738956 0.02699989654576371
1732805600.602261 14.26827098062341 -28.99552062518243 70.52898325641746 -0.4216364754713657 -0.3568601766288392 0.8333759576939469 0.01892115287752929
1732805602.335758 14.973744612975914 -28.793311328216223 70.11426885044101 -0.44373366245095125 -0.35204013056043193 0.823290897581563 0.03688199075705684
1732805603.535516 15.3174572081963 -28.76200601215385 70.04363081034676 -0.5292627595094617 -0.332619623655003 0.7791266718921994 0.046976020502158926
1732805606.202111 16.34573271740309 -28.695508891682746 69.82305417184094 -0.5492273240878498 -0.32246919058636564 0.7690189855775722 0.05452309069665903
1732805609.402279 17.27819741554308 -28.663775545115225 69.73450168956833 -0.5819182805225239 -0.3204266624135465 0.7452925800507413 0.05689322393338156
1732805614.735376 18.814724644694387 -28.70785660967502 69.71418384801044 0.6755474307253344 0.2917983655182122 -0.6748429039382475 -0.055465644551313996
1732805615.335183 19.311048772371542 -28.748805230185102 69.77652996621022 0.764261517198385 0.25679485120311796 -0.5884056345778295 -0.06115183498680113
1732805615.935188 19.82351998549033 -28.79001392970824 69.86694875996108 0.7673398046418879 0.25699399214883417 -0.5848212536437523 -0.0559268584680413
1732805617.335266 20.633005963721608 -28.78927918221855 69.88343074794454 0.7180859188215241 0.27675470397289686 -0.6370219426416843 -0.04430001819566727
1732805617.935074 20.988278208520068 -28.81008642776061 69.91259221050029 0.7157603669394589 0.2740131750410932 -0.6405652973641657 -0.04774910297951623
1732805618.801755 21.551077744838857 -28.833956608011654 69.95217842828103 0.7146167651607948 0.2649020514261623 -0.6447787191448772 -0.05839679305598748
1732805619.601877 22.160114211486476 -28.819289574566238 70.06213062079057 0.7447436379704807 0.27329280707507897 -0.6077001035898143 -0.036993775158072784
1732805623.53509 22.67703703041609 -28.646208327967685 69.74986013888226 -0.5113416561615544 -0.3371704586986043 0.7899220643419247 0.029477529081043417
1732805624.601587 23.145622885537886 -28.364483962232068 69.15291988263495 -0.39460573607770866 -0.3530060503851125 0.8479637631359813 0.025109716333293817
1732805626.135097 23.276317237075997 -28.04569820668031 68.49218950422734 -0.19987995842540857 -0.3651502364216304 0.9091903098386945 0.009289109564588841
1732805627.201511 23.574296809633985 -27.670073843245692 67.7475109433969 -0.18174185790997413 -0.37514897124960184 0.9089399446358212 -0.007830932206741888
1732805628.001503 23.60833114026402 -27.38725750190494 67.15148466735835 -0.07280413758075004 -0.3719917809093848 0.9250303445401872 -0.025308776478727504
1732805629.001758 23.404206868879108 -27.100151660081238 66.50519660488224 0.09923511062592247 -0.36688900682155573 0.924199627152427 -0.037415219682216366
1732805630.468061 23.02806971382842 -26.710300026453034 65.67676316237595 0.16296324873708895 -0.3757679289429904 0.911820369702064 -0.02872379736978736
1732805631.334874 22.736803102838664 -26.44498556999944 65.10651065937047 0.1816715226766173 -0.37295950776406017 0.9095073271411552 -0.026326513124619987
1732805632.334958 22.39951442660242 -26.137029008338637 64.43977419500993 0.19553510342313365 -0.3673135841885257 0.908837116255455 -0.029357287278484676
1732805633.467982 21.984227017345248 -25.802084243426375 63.72083170471856 0.21055507231542647 -0.3691709934073697 0.904896768468412 -0.023263223428546562
1732805634.33478 21.61113711178409 -25.508997944647213 63.098286065097135 0.21898132606884818 -0.36827707365063694 0.9034596103803757 -0.013412988771778498
1732805635.268079 21.269859720215468 -25.229466040242166 62.547773390576516 0.2248720720952804 -0.3722046688583596 0.9004858317361537 -0.004637080338021511
1732805636.534554 20.9178522134842 -24.896763368178647 61.863976504920544 0.19719846872423488 -0.3734151814398607 0.9064339371293688 -0.007168251056166914
1732805637.468022 20.745293216170165 -24.640428620237014 61.300576214784584 0.13878526006129163 -0.37164523756759943 0.9178395618508941 -0.013748006560982236
1732805638.66781 20.536839833308903 -24.273768643246765 60.59341273553318 0.132341712267999 -0.385115830794717 0.9132038324150372 -0.015173283354553882
1732805639.8678 20.266244439036665 -23.879603052647642 59.82789371410665 0.12677149080522498 -0.3892001250107531 0.9123857214099121 -0.0021324112992316038
1732805640.734772 20.1007157327269 -23.605708049112355 59.28954142512457 0.12471859446831451 -0.3859486438996174 0.9140439295863374 -0.0035512324988789313
1732805642.467722 19.9654428382291 -23.24058888233176 58.583193774535225 0.058888330878886945 -0.3895384307988361 0.9190975385417629 0.0071895802069292525
1732805643.734525 20.06824526367203 -22.999768529799102 58.03598694952991 -0.11038473357755932 -0.3693789827605419 0.9225615380963305 0.015955754859348758
1732805644.935028 20.28543772923572 -22.561700608866985 57.20608991908756 -0.12766866639530475 -0.39077103914175215 0.9114795508237669 0.014273577653271734
1732805646.201146 20.44940894278789 -22.264811371289166 56.569890764203016 -0.13086559363060893 -0.3778477782675487 0.9163330834082507 0.020950730620043576
1732805647.600891 20.67329542692484 -21.845797006891125 55.76781177381729 -0.12830475530232963 -0.3887216473100903 0.9123030568766407 0.011683453807669702
1732805648.200877 20.719807237558694 -21.53247042137451 55.163048449352324 -0.031052798713891726 -0.3887634557109304 0.92079899066186 -0.005283747896106312
1732805649.467659 20.5804444999898 -21.201083096395298 54.48496429586421 0.0683398657795841 -0.3807930745733314 0.9220287910120587 -0.013755204362685403
1732805650.4008 20.454679027643554 -20.837384430353374 53.791825233773466 0.06997763525078594 -0.3882007572101636 0.9188197678472358 -0.013173339717593368
1732805651.267452 20.344624474105217 -20.530561876629044 53.19777405472478 0.06919640928658072 -0.38905214593970733 0.9185108980451473 -0.013711850854269202
1732805652.000943 20.214662105785916 -20.143960873667204 52.47513085935134 0.0712220593738769 -0.3930723068073107 0.9165813915827753 -0.01732433213450328
1732805652.667572 20.071527903290022 -19.9572987916769 52.12027238948424 0.12406107337202471 -0.3921484508167477 0.9112987190613787 -0.019054848015562557
1732805654.000723 19.546929135581927 -19.78919396608491 51.75029443865465 0.36973890545694443 -0.358242004907716 0.8565593240493702 -0.03552368358273853
1732805655.467483 18.722923862920624 -19.55339286074038 51.31631834655944 0.4596277076845596 -0.35184319154620014 0.8150024438672115 -0.0268282571497617
1732805684.400121 18.591061111219386 -19.17785155079796 50.5793812295042 0.1431227104410652 -0.3889759198526161 0.9100042224349012 -0.010292651818887829
1732805685.199969 18.51795057493521 -18.867836288633406 50.008832393104676 0.054469519421081206 -0.39760897857339844 0.9159250376489977 -0.004636487845048792
1732805686.133086 18.50452961657517 -18.504340829896996 49.31640824234179 -0.0065686151527824255 -0.39291712197091055 0.9195497819751683 0.0010895074536713025
1732805687.133341 18.568164209892785 -18.095831232541034 48.5598945450047 -0.02744850342670062 -0.4017561419952497 0.9152959006140351 0.008485066167655902
1732805687.866539 18.480455313984287 -17.717312023800172 47.8665218964289 0.01767649362179469 -0.4009326206685386 0.9159369711615162 -0.00020029119863536514
1732805688.466343 18.558118552426077 -17.444591302886224 47.346603126651516 -0.07788854738703817 -0.39692239633790793 0.9144947134207315 0.009241460752711601
1732805689.333003 18.71726721842324 -17.007418906920535 46.562665140842945 -0.08532417338502332 -0.402697110780703 0.9113433318254881 0.002855510857079343
1732805689.933172 18.81355559634093 -16.689953967575583 45.98478449599145 -0.07958768145533308 -0.40413024195753755 0.9112285189394759 -0.002671098514826868
1732805690.533166 18.76195655389674 -16.446052841543064 45.54620958610913 0.02150387384841373 -0.4032754275489951 0.9146210847533861 -0.01935934578508072
1732805691.866244 18.728813022324044 -15.9413721034615 44.648954805491236 0.006505529010520826 -0.4045429270996254 0.9142909816787815 -0.019357144593416146
1732805692.866605 18.718199227557463 -15.520992862367427 43.926103218881785 -0.001027705842525847 -0.4107325359779063 0.9114953841585691 -0.021769069054092604
1732805693.466357 18.724701908075 -15.26496878214916 43.47907599963958 -0.00704439087199551 -0.40898935398273845 0.9122779473613554 -0.020664743990110743
1732805694.932832 18.735429088822126 -14.692712743919527 42.44525917402785 -0.0012525423751103956 -0.4040775703142675 0.9142691811240894 -0.028837696738884998
1732805695.53282 18.6936380577901 -14.443808350285828 42.0107220438295 0.018976201308470473 -0.406837771348267 0.9127392919433397 -0.03209231264721208
1732805696.532954 18.616381473871854 -14.066565415784112 41.314241881920836 0.04486102178027186 -0.40022819010015953 0.914593651619086 -0.0363776991032514
1732805697.266082 18.551288223010467 -13.802474303156142 40.82738550035439 0.043137254136662154 -0.40219000186471937 0.9138645332850311 -0.03512825798895031
1732805698.532742 18.458164995575487 -13.34763162404254 40.00752403744736 0.04580372931071254 -0.40130820185627086 0.9140292680686273 -0.03747322534886394
1732805699.466182 18.38384894161002 -13.114733207170273 39.55249082031696 0.048460580792312184 -0.39478600337791503 0.9167200399510774 -0.037682250440487425
1732805700.265986 18.2798816774741 -12.710902356717916 38.811304059198946 0.05052736520866888 -0.3970414802459907 0.9156121669760958 -0.03820219907911704
1732805700.932655 18.19340730454176 -12.372253333906164 38.182112940551654 0.05199165630562738 -0.3978866355638326 0.915128932313379 -0.03901448650522812
1732805701.666142 18.105609662898285 -12.024170718967339 37.55152933024057 0.052737808060638464 -0.3966148055172247 0.9156518341583634 -0.03869287076346466
1732805702.466106 17.999317055695602 -11.659079348815323 36.868836983590356 0.05336138804687684 -0.39577294869101015 0.9159772140976715 -0.03875665883434663
1732805703.26591 17.88087842129402 -11.306516964476272 36.1959654197648 0.05355907745037506 -0.3935944912355369 0.9169825431500347 -0.03684857188275138
1732805703.732587 17.81105217791874 -11.076198939216892 35.752089066867974 0.05450620921481298 -0.39411265282402436 0.9166159677962037 -0.03898022090842974
1732805704.465891 17.70733449926857 -10.749138412221166 35.124048541540695 0.054449444721851814 -0.3906553794665536 0.9182108405261263 -0.03622823213503207
1732805705.46609 17.567013283290496 -10.320775856800193 34.28204749968448 0.05519341080658957 -0.3906966323420065 0.918115278156666 -0.037069730177839454
1732805706.265811 17.46843741249535 -9.981886674875557 33.634596562229824 0.05506671304929778 -0.3913676832315381 0.9176885006257125 -0.0405809001287123
1732805707.265811 17.358845034951642 -9.582639404150827 32.844541673369 0.05611936101860458 -0.387119371953371 0.9193945050255662 -0.04126685481212869
1732805708.06593 17.261340718614463 -9.263104613845814 32.21435491048598 0.054520274386546864 -0.3849175304773898 0.9205192646248163 -0.03886280826948671
1732805708.999068 17.175387947375114 -8.891015723367287 31.487126418046 0.052851158300011636 -0.3853650900559748 0.9202834872675473 -0.04217588760393274
1732805709.39906 17.107109960516606 -8.693436851000165 31.072764087577333 0.05137229740091708 -0.38274017604001775 0.9214369562886083 -0.04271744714040274
1732805710.199055 17.034605552696803 -8.369320585187012 30.41620590551761 0.049415591424818155 -0.38529294199522035 0.9203926198306389 -0.04455191953323868
1732805710.999187 16.94980631407919 -8.034456087623205 29.752215022604286 0.04727340712156073 -0.38280202760216203 0.9215989546678344 -0.043395845399620686
1732805711.465834 16.904786031762686 -7.835728664287672 29.362705298200027 0.04626073084519916 -0.3831175395218707 0.9214424322322512 -0.04499710851031447
1732805712.465668 16.798369377069108 -7.455306772321134 28.57287054782778 0.04439615065952657 -0.3827784915290495 0.9217002173420328 -0.04447828212747938
1732805713.13245 16.747370984629885 -7.190939842517079 28.020145541149528 0.0428252234990452 -0.38193083790517346 0.9221027606861621 -0.04495924848423598
1732805713.799218 16.68349777499894 -6.9427968162539235 27.50387739861285 0.04119174599677965 -0.38098397799433537 0.9225804071585865 -0.04471958072752436
1732805714.665752 16.618432994507426 -6.615291055723289 26.82726582048712 0.039967258501759195 -0.38104417704207605 0.9224608833451559 -0.04768513487718273
1732805715.465553 16.57973212480158 -6.335854609712217 26.269675736117456 0.03712992946443907 -0.38053149398070446 0.9225777234798724 -0.051647793423096194
1732805716.199062 16.536017581084923 -6.090049880476227 25.77227405934274 0.03454642741288976 -0.3823317287600192 0.9218114610262036 -0.053783118700174215
1732805717.199207 16.462318953804242 -5.747217557664692 25.07290157281552 0.03716743014294561 -0.38189246628035634 0.9217625582860008 -0.055950982805691385
1732805717.998805 16.387404018423794 -5.465769074259425 24.526763356557865 0.05898674087322642 -0.38614934995876987 0.9186644998730857 -0.05886238697596021
1732805718.26562 16.318299333304868 -5.298350376964931 24.175163640458372 0.0812237717179267 -0.38433435910305863 0.917656966484631 -0.059962414752743075
1732805718.465465 16.240410311507308 -5.1663230966159714 23.887207867154636 0.1127549773135401 -0.3768211421281489 0.917372096932552 -0.06099653847418682
1732805719.798911 15.957535761238349 -4.736113104811048 22.984190309892938 0.08103693279051369 -0.37787038099071407 0.9210857155675397 -0.04741408304788689
1732805720.065589 15.940208593216433 -4.60209126152552 22.698113100199482 0.046216640617964384 -0.3783199190810271 0.9234208463931312 -0.04507772624155237
1732805721.598719 15.858479279902964 -4.1542452733783675 21.795354654338844 0.03850090066355151 -0.377521545066197 0.9243306064284481 -0.04010104335979365
1732805722.198845 15.821153465300247 -3.9586151377419903 21.398953542164982 0.0364193855877739 -0.3832453543294122 0.9221400627424007 -0.038135697499504254
1732805722.598849 15.77990246377108 -3.797577090857557 21.068958370837432 0.03561620417528724 -0.3836401406474372 0.9220014819031561 -0.038275264238707765
1732805723.4653 15.734921085650685 -3.4958717690369103 20.45383727602749 0.03321794139297281 -0.3831236634196954 0.9221252614519372 -0.04240081472898165
1732805725.465418 15.584549973341408 -2.975158312968845 19.386545523064243 0.05428332196933422 -0.3792519123305495 0.9223941671695407 -0.04909489098882298
1732805725.865408 15.525314548202715 -2.82678837204166 19.05427795665638 0.06418602653265953 -0.3785127985212126 0.9219639997528553 -0.05089792248516464
1732805727.065221 15.389359744144496 -2.482983318749085 18.343874798616802 0.07185436027336164 -0.3763512366252254 0.9221809489954274 -0.052716173137496956
1732805727.99855 15.286323755583428 -2.2432140556203883 17.83256989024427 0.07571140575518039 -0.37455009913386444 0.922505187576212 -0.05444433094790009
1732805728.998647 15.21641264241727 -2.0721699008631536 17.467196253527916 0.07807285280176325 -0.37361681181555906 0.9226940801190231 -0.05432073358747144
1732805729.598639 15.141976161324331 -1.8996167611669608 17.121168355758886 0.08009488404980955 -0.3870944746925811 0.9171140245346179 -0.051425122395951504
1732805730.465112 15.07969033567667 -1.5859491614430457 16.450940854407673 0.040918020370368464 -0.3767752253029877 0.9240626726220822 -0.049742559980238785
1732805731.398577 14.99265802364282 -1.2486914392776411 15.745043171731174 0.0542848513756838 -0.37379732714477726 0.9245297764369507 -0.05072874542093659
1732805731.665241 14.92801413836003 -1.1029797454513919 15.435246608227423 0.0692150203040386 -0.37360317523548026 0.9235800472627554 -0.05128201162595833
1732805732.598372 14.719084391149725 -0.7443258860611534 14.640984031643042 0.09503605915447448 -0.36966666398948084 0.923116441039043 -0.046591214608403285
1732805733.198374 14.580156060121968 -0.523616603940974 14.153531766794247 0.09635925464286599 -0.37024459783612296 0.9227609319851586 -0.04632595622024701
1732805733.398557 14.516152887568637 -0.4034417587664147 13.881848978198654 0.0981786885849662 -0.36680503539875375 0.9240183388429479 -0.044778572953749256
1732805734.198482 14.355396799268123 -0.0905462308931089 13.167646774219753 0.07941328555355769 -0.36185039425936766 0.9280029373176759 -0.03960265877053076
1732805734.79848 14.293964241668156 0.1925026513526718 12.551299152152021 0.03986573641372941 -0.3714729344746605 0.9269696859446726 -0.03384942174706582
1732805735.398284 14.227471098355826 0.44105977227896526 12.00458715694226 0.04016330314494435 -0.3691633845174125 0.9278770004477068 -0.03390540741979898
1732805737.198395 14.121141902715147 0.9694373060997802 10.881566978425896 0.03698666739258442 -0.3673995932416189 0.9287223408691997 -0.03353116299082546
1732805737.665056 14.041511461770979 1.2448016699376176 10.294757710280953 0.036608402951645344 -0.3704697836878458 0.9275166365204902 -0.03353883100717253
1732805738.464902 13.954554161956834 1.6166050940697227 9.492832442624884 0.03313490387897076 -0.36819659637851043 0.9284742060420723 -0.035622931866358086
1732805739.198211 13.89103595652862 1.9315748270620883 8.81159913949626 0.03198871539299562 -0.3678255719677448 0.9285651396258652 -0.03805065263178486
1732805739.864991 13.847012083393501 2.2091654955464377 8.199352620952952 0.031583779837243565 -0.36927005766458154 0.9278579231106032 -0.04149414277301055
1732805740.598299 13.789892910148767 2.488811110148662 7.561147744176957 0.030814774220996464 -0.36630027585335306 0.9290383985509255 -0.041978704332054695
1732805741.131449 13.740962681627206 2.7181664592951886 7.032802405275613 0.030701044800350706 -0.365385508466811 0.9293802368383397 -0.042464707992971314
1732805742.131479 13.65453707359952 3.123683341021114 6.160076378686454 0.028697635615998838 -0.37125135140360505 0.9272141327953528 -0.0402843857544123
1732805742.531435 13.618145941821751 3.316418448543157 5.7461794009563185 0.029545890268528868 -0.3735458094643796 0.9262443240808544 -0.04076788819453819
1732805742.998231 13.576793115374494 3.5371718160265213 5.274401117558106 0.028178109953704185 -0.37333743238357475 0.9263385895123272 -0.0414966659020799
1732805743.331552 13.545599192320283 3.7053185869473335 4.898208472954724 0.02772531102348166 -0.3688707850948024 0.9280881945780409 -0.04263747315528392
1732805743.531556 13.52314892176058 3.8152504351594607 4.6460607170376695 0.027128038514989947 -0.36742588318409647 0.9287366129653623 -0.04135932337868562
1732805744.331636 13.450596286650192 4.211900439737743 3.789905062986399 0.026013718129780313 -0.3694946124812901 0.9279313265607705 -0.04171895256995773
1732805744.798031 13.412422845254838 4.417686633353135 3.3222512192265006 0.02479536134156455 -0.3656897638724727 0.9295716362785538 -0.03940507177062778
1732805745.531824 13.346242699032482 4.760760627891849 2.5739708370253456 0.023500470697040535 -0.3695545837397846 0.9282443483454996 -0.03520748895576942
1732805746.131479 13.302085369038329 5.0482209801116 1.9483114107579318 0.021998584545423687 -0.36806586708572214 0.9289762899363937 -0.03235170011679416
1732805746.598196 13.265969842017434 5.285005759469722 1.429986351673257 0.02164297093696909 -0.36931492433204766 0.928517245675478 -0.031524481880901956
1732805747.331713 13.2168457869245 5.634587947887009 0.6899496603155163 0.019567729662530675 -0.37337009488007017 0.9268501905636662 -0.03406758660658423
1732805747.797944 13.18322942436845 5.876018190052829 0.16688793433508045 0.02037711352511917 -0.3713328080107912 0.9275753092922845 -0.03606611332716874
1732805748.398089 13.136969441516456 6.168039155790437 -0.48017989946443396 0.01917319522060934 -0.3680067886390335 0.9288173141090762 -0.038752923913170076
1732805749.13138 13.085862976494619 6.491398398210417 -1.2161703759499205 0.016651305804421188 -0.36371525036637564 0.9307190498111615 -0.034583247165945304
1732805749.731381 13.051192865457072 6.7963538996823685 -1.8550741253014935 0.015186037281065821 -0.36748662697206413 0.929126698328446 -0.03803342900231636
1732805750.331196 12.997552331878664 7.082007558165266 -2.47895881794204 0.01753156151905818 -0.36626384391374295 0.9295407558390192 -0.03869656608095589
1732805750.931189 12.963730383999934 7.377589519544572 -3.11266694772316 0.018831926659996598 -0.368254052425499 0.9283218053854349 -0.04746511409864184
1732805751.531174 12.91381286579333 7.67444639222734 -3.7644740050849737 0.018510558490394218 -0.37104153688325564 0.9273632480977946 -0.04453025049551847
1732805752.131337 12.873294736123679 7.96812883766452 -4.3969021054854815 0.01662294281024988 -0.37062223703531577 0.9276971110023963 -0.04172415877010568
1732805752.731116 12.832427604872576 8.262311560259569 -5.0419549839502364 0.015332000209622488 -0.36869940612622304 0.9286726076101808 -0.037321114215008375
1732805753.33112 12.79274232777418 8.553606477699706 -5.6889833694934495 0.021533283073372322 -0.3658509599044272 0.9296469323001222 -0.038025966418532314
1732805753.931087 12.74883352541456 8.83258728106533 -6.329402528822777 0.019937255313452446 -0.3650525618337907 0.9300561659265747 -0.03653301481006429
1732805754.531117 12.708943147604987 9.131806887915129 -6.967184783080472 0.021689929911846623 -0.37037051764078976 0.9278565604642648 -0.03791345152233545
1732805755.131255 12.664596761989312 9.400398304130828 -7.609355512179494 0.02152238449937428 -0.3630791947486338 0.9306406922149553 -0.04022669884310049
1732805755.731014 12.620682273589633 9.681774244917852 -8.230876553257424 0.021177644060058783 -0.36358967898643346 0.9304812242750553 -0.03948093208375131
1732805756.331 12.5732005548239 9.994062486715832 -8.888059303508516 0.02517711004963702 -0.3725804144600547 0.9266911589223455 -0.04234907160118747
1732805756.931027 12.514195539616129 10.275752006905096 -9.52825132594543 0.03103695735326083 -0.3634683860343632 0.929858550606634 -0.047859330287383574
1732805757.53121 12.456449888394054 10.55073996420738 -10.161233099170524 0.033001858475172834 -0.3604816547568255 0.9310185520514797 -0.04656511201459781
1732805758.131143 12.394209090738322 10.847305582104173 -10.80766633170459 0.03364203582140874 -0.3683821541443573 0.928113381044669 -0.04205179971876504
1732805758.730931 12.329150865476288 11.130598974389073 -11.455668968333555 0.03508090115627617 -0.3638580921132586 0.9298309982417344 -0.042319426821998955
1732805759.530929 12.249911746848229 11.504155635431914 -12.291273514059558 0.03572291734460875 -0.3674818424795751 0.9283735967723804 -0.04246685107375513
1732805760.064252 12.183153022993062 11.749980698913175 -12.850281515667577 0.03659244242483961 -0.36168883711027516 0.9307694298239964 -0.038864466705648665
1732805760.731037 12.117330920475956 12.068179714295175 -13.569141679634281 0.03761284876028435 -0.3610711947138166 0.9308201211065246 -0.042270179787978986
1732805761.264366 12.050104941754475 12.326012191704177 -14.140644050653341 0.03772120980889018 -0.3616481121908235 0.9306098043022942 -0.041870579358457095
1732805761.730844 11.988427408969567 12.560542894932501 -14.65179474894934 0.03849577718819103 -0.36420150385923433 0.9297344541639707 -0.0383299421571831
1732805762.730834 11.88851671919074 13.000095541178073 -15.67285279626747 0.041398734958560265 -0.3623205846036575 0.9301044833911059 -0.04376743871942734
1732805763.064224 11.830393849953362 13.163532901672083 -16.044525465667228 0.041321147392446585 -0.3607914136414758 0.9308818967444689 -0.039761953349618774
1732805763.330819 11.795387390851005 13.302391943304222 -16.34351447172885 0.04207451619659117 -0.36162140998806364 0.9304279864347411 -0.04199348740055678
1732805764.064281 11.709436117423383 13.63764357040369 -17.089319514275413 0.04179719498007037 -0.3629156952104374 0.9298325026213187 -0.04423471183016905
1732805764.730756 11.634275409332158 13.939053752655951 -17.775363651629082 0.04128393706463731 -0.35777728043198403 0.9318516406008597 -0.044085984809492544
1732805765.464204 11.541250168813088 14.258824629515582 -18.51218877002037 0.04042291155147483 -0.36189933594647844 0.9304887987044252 -0.03981776423652197
1732805766.264253 11.450034867249164 14.611748026125467 -19.302565273113377 0.04050123707085192 -0.3636293127171573 0.9298578536394254 -0.03870070740515509
1732805767.264191 11.327596477952738 15.048677307901933 -20.247687341663 0.04006361273732477 -0.36089224516068186 0.9311356947724714 -0.03373443697326073
1732805767.930669 11.243500665381834 15.299585843396436 -20.847442064967108 0.04019090036524712 -0.3592689189337832 0.9318040649807053 -0.032430231288334804
1732805768.864023 11.1577444856221 15.623111630664072 -21.601255246801514 0.040432641598190114 -0.35550431741743305 0.9330140327690238 -0.038297473115601485
1732805769.664171 11.07062647087245 15.916803296512047 -22.27683463544451 0.04003141975097107 -0.35851006104882244 0.9319311144403039 -0.037046180606702
1732805770.264104 11.011702763082692 16.13919061368741 -22.812652191229798 0.040057809820155985 -0.3549952952097238 0.9332334785810487 -0.038065558013623234
1732805770.930587 10.947878698402068 16.386413177208947 -23.385484421703637 0.03963999442473902 -0.3553494768198623 0.9331209956537128 -0.037955600852581095
1732805771.664078 10.875873903023216 16.65130019277733 -24.013506841451917 0.040314603916002466 -0.35662227520982553 0.9326802034357943 -0.036096033774209425
1732805772.864031 10.732931946211611 17.058272597209957 -24.92526261715266 0.03800956425545489 -0.3560105360364463 0.9331733877158297 -0.03161012045397126
1732805773.930506 10.641614361511595 17.435685857494153 -25.80485249319328 0.03617513648649488 -0.3551573847942235 0.9335674892143674 -0.03172277743661691
1732805774.530508 10.599979378516705 17.647950125029972 -26.307573822313138 0.0369564293883015 -0.3591560414316189 0.9320648885108255 -0.029936663730937597
1732805774.93048 10.543433682328681 17.834924033383054 -26.754560287875687 0.03694328428642783 -0.3563734300960863 0.9330771813859408 -0.03162507936037866
1732805775.464082 10.50391773238393 18.02933593679719 -27.200003746005958 0.03099013528441318 -0.3578918187570185 0.9327806413453277 -0.02955220318768862
1732805775.730631 10.465266120422514 18.181931256088767 -27.560670495938457 0.031231282723699686 -0.35731196912396707 0.932997836049541 -0.029458472924767304
1732805776.330661 10.472952590132355 18.430041873310085 -28.119949098583177 -0.01889962260761759 -0.35867028105763354 0.9328482403058413 -0.028153051515294944
1732805777.263925 10.68197387602986 18.76697082635093 -28.841601431279948 -0.09989576087157022 -0.3547739402702876 0.929283563551155 -0.024255860707273938
1732805777.863777 10.670967646485142 19.013722052511287 -29.392231374331775 0.0037397067195298747 -0.3578562451190225 0.9331099424104606 -0.03508215782577909
1732805781.063857 10.631959316030603 19.736833527991255 -31.095992396367684 -0.0005348841393910333 -0.35232852138544285 0.9352200162562886 -0.03504066367653952
1732805781.930428 10.585460271114512 20.177290651678817 -32.17541513450663 0.023531386859630906 -0.3539551268906286 0.9341629548438771 -0.038750687447549184
1732805783.663556 10.411213946294716 20.711366626375657 -33.447406381129994 0.04202201122468616 -0.34693049505329565 0.9362939150643544 -0.035029798574513535
1732805785.263503 10.38241246847303 21.164696097699515 -34.53324817414116 -0.013243387999193336 -0.35226520373830644 0.9352276587478513 -0.03290995628263462
1732805788.596731 10.393422878424854 21.56770890176798 -35.491294294076674 0.024862627722871407 -0.34605419039048746 0.9371094331086524 -0.03813472741056947
1732805791.463316 10.22282779189288 21.783796333558865 -36.05001109219899 0.028847869967114876 -0.342964528057714 0.9382133054174713 -0.03604062194431142
1732805794.729907 10.050367585788019 22.320895180541946 -37.425020883595614 0.034641951681865804 -0.3405933049189979 0.9389744680717852 -0.03351244749841056
1732805797.196502 10.010798241449189 22.637401989945317 -38.214430077217756 0.0036823582294067464 -0.340810638607103 0.9396067959175014 -0.031202851083448894
1732805799.396575 10.033741321367023 22.857497300980164 -38.81945013587541 -0.0034528913296048257 -0.342199518886034 0.9390679178216732 -0.032233717342246886
1732805801.330637 10.04722307806796 23.12108544361518 -39.45117861127016 -0.008932920897773445 -0.3379167836328302 0.9404767534433895 -0.03515574627367571
1732805803.129638 10.060154037057965 23.274540924047237 -39.84344322308787 -0.012646949385161975 -0.33611686277324243 0.9410500873518949 -0.03591994328661285
1732805805.529739 10.054275205492708 23.524649641817064 -40.50279031145588 0.006462500173026366 -0.3359923582738098 0.9411198635616708 -0.03688866604771407
1732805807.196193 10.016939728062454 23.855801227963937 -41.379015951102424 0.013274485122711906 -0.33297411587971304 0.9421182653962398 -0.036948615747149784
1732805809.329447 9.96102366144745 24.221784645126014 -42.315705679929984 0.01920079893903991 -0.3383978092350213 0.9400717979324271 -0.03719229432469105
1732805810.796234 9.882277873532127 24.423447946836674 -42.8590921080851 0.021233363535525865 -0.3401009811559497 0.9393415425909053 -0.03896066288792997
1732805812.529357 9.824294874314646 24.631923148291214 -43.41215964624126 0.01216402613838114 -0.3426341646644109 0.9385838107940895 -0.03891395364224466
1732805813.529478 9.8181500581662 24.84114912225888 -43.97007412481932 -0.010845323532038586 -0.3441089828958507 0.9380002401305576 -0.04033529921650475
1732805814.995953 9.891765672130283 25.1656346564166 -44.72884411798148 0.0002549548849113455 -0.3415200765343127 0.938911214703153 -0.04254060679696119
1732805817.329377 9.872862734000353 25.389169839043692 -45.272183935226124 -0.0033993537113883453 -0.3492437605383028 0.9359729897561707 -0.04440498357509864
1732805820.129342 9.881883584933998 25.606026129906198 -45.8082285613749 -0.006387554410010402 -0.3498183014595704 0.9356211354626902 -0.046898251439756504
1732805822.995879 9.862477494301325 25.96572389968275 -46.661606343758855 -0.00999651089645553 -0.3528110364204154 0.9345208544873862 -0.045773517212628866
1732805827.062417 9.893495589732701 26.437923356796425 -47.734356605459496 -0.013232732133048647 -0.3570388884468316 0.9330542581619292 -0.04192705883839118
1732805829.462179 9.918031017276213 26.590022745110865 -48.07865271831598 -0.01390896813931683 -0.3619890411734052 0.9312773262098403 -0.038639569913614565
1732805852.461689 9.96650628406198 26.839150838578938 -48.546364457655145 0.017662337096749393 -0.36456963516736385 0.9293872142678817 -0.05492202579660121
1732805855.594989 9.89118277768742 27.04883214905729 -49.10386605539357 0.0015179746371676674 -0.36374017356158755 0.930228627818184 -0.0486362198149216
1732805859.46131 9.862221755974762 27.312052140487012 -49.68924660249268 -0.005779019558985326 -0.3585427404719224 0.9319297674617012 -0.0540427118731117
1732805863.194723 9.844055789043296 27.70799083928466 -50.59167123125747 -0.010979753036840123 -0.36616683170421466 0.929370467060357 -0.04551737403411236
1732805864.594725 9.855290456752778 28.025913405971632 -51.27642120221392 -0.01000885701982036 -0.36451990332387146 0.9300513337927525 -0.04505085317986991
1732805866.794605 9.852403159121868 28.27459283514288 -51.861019360568015 -0.012430894420010458 -0.36227674232670287 0.9308305454690726 -0.04642769060398063
1732805868.12773 9.856658887476826 28.462859611841665 -52.280822729699224 -0.014134950244444498 -0.36100323222556135 0.9314313075322185 -0.043733155078341676
1732805871.127645 9.886437647280335 28.78284734683905 -52.99806517313415 -0.016742909223358783 -0.3585501983326153 0.932308222222422 -0.04430360078873191
1732805873.794223 9.901674810082275 29.122249889001946 -53.76837211246481 -0.019503212179587837 -0.3578800664925763 0.9323728360414688 -0.047142097258558384
1732805876.327817 9.934697472143592 29.379288822948084 -54.3141459312569 -0.0017766445901203443 -0.3544698745857242 0.934111700283605 -0.04222893484867407
1732805877.127472 9.945728444968939 29.77489654362328 -55.213225137327555 0.0012643660303095993 -0.352140830300349 0.9348228408725222 -0.0458420461688744
1732805880.194065 9.857644238067031 30.031801952679913 -55.7633814072277 0.001127218135407875 -0.34856678489301846 0.9362893302634336 -0.04315339944280576
1732805881.994215 9.809837542587594 30.343577171512425 -56.5426524785699 0.005486664259278879 -0.34404461990489565 0.9377487522042912 -0.04722789185530655
1732805882.593987 9.792373274001704 30.61328963966667 -57.2347026458646 0.005849738621372893 -0.34398305752497776 0.9377460355034485 -0.04768447956510172
1732805885.994315 9.798889132270908 30.88466630041325 -57.924321823270944 0.004518767308289073 -0.33822652361802746 0.9397787954497868 -0.048971574267377804
1732805888.32752 9.793704249818324 31.06557852191234 -58.43156842296784 0.002851995480460488 -0.3356530705186144 0.9408565155084876 -0.04602064317708556
1732805890.527216 9.803976073140834 31.39088911574693 -59.23582583201771 0.0032622115365218136 -0.33183762104294984 0.9423261192011996 -0.043527420181457895
1732805891.527022 9.800314153543367 31.706924772782553 -60.08373029348641 0.0006449525932569625 -0.33053437415501097 0.9427793522083752 -0.04374590938206923
1732805892.927007 9.80802453211621 31.972786023446158 -60.82285459950535 0.0025539430802895 -0.3272946477922825 0.943836815418009 -0.04520792809739832
1732805893.260471 9.796214021308685 32.108642911215405 -61.22707004644111 0.0021544681161812284 -0.32779583686592634 0.9437022310410865 -0.04439985054681228
1732805893.660459 9.786275859086482 32.28317825759156 -61.70545641003632 0.001751317530278829 -0.3264628737349081 0.9440878024034355 -0.04601245823366952
1732805894.127135 9.771760167554362 32.5332492262719 -62.38880930285516 0.0010241970982534294 -0.32774319810095376 0.9437023610060942 -0.04482411126153163
1732805894.860267 9.75229525293801 32.786407244122465 -63.102685913123246 0.002430569827633879 -0.3262897421487506 0.9442134139884953 -0.04461082091830329
1732805895.460257 9.7350596406681 33.00372769292687 -63.69351335216555 0.001655893018613728 -0.324413785852548 0.9449223231306331 -0.04329846205739265
1732805896.060661 9.714653590436601 33.21457119061187 -64.30278264701576 0.002163299657555174 -0.3268952116600638 0.9441220625432301 -0.04205201240643605
1732805897.260239 9.71120229729425 33.59447784527061 -65.376199844788 0.004138279948020242 -0.3261065237740593 0.944381139276907 -0.04220987525593914
1732805897.526955 9.694994094651905 33.690537583268785 -65.66142045917077 0.004050984292088715 -0.3248521210414612 0.9448604664494398 -0.0411507949142661
1732805898.326871 9.69329651594742 33.779459466208905 -65.89610174003123 0.014351914035864066 -0.32419761008772624 0.944900657080648 -0.043042774370081735
1732805900.460101 9.547584568642307 34.25769570490883 -67.29488803094048 0.030586862828368144 -0.3205336423805558 0.9458177076291175 -0.04185082866292781
1732805901.660263 9.504831451003687 34.51978617815509 -68.07235590448362 0.035700774209488 -0.3185060454524272 0.9462346844830438 -0.04380953791555007
1732805903.26003 9.438393081920239 34.72715596534379 -68.75825893341973 0.04222151226168761 -0.3180740131338287 0.945785299289053 -0.05036301936931201
1732805903.926666 9.361242927712485 34.93049244307286 -69.40391445606613 0.04536799925343109 -0.3134463277465427 0.9471524799083175 -0.05094432323106994
1732805904.460017 9.305194574000586 35.12947233081553 -69.99296380261664 0.04620806391187618 -0.31525733322430427 0.9466473832677328 -0.048335912427201935
1732805904.926671 9.244622837206146 35.291407015065715 -70.47792854351086 0.046712517901475216 -0.316584047205995 0.9461041284378081 -0.049794175150432655
1732805905.926765 9.108344765775637 35.63508752486433 -71.48395436847993 0.05346967926533414 -0.3217533543425372 0.9440844419527118 -0.048169895489035996
1732805906.459923 9.0084662571306 35.81503548593054 -71.99681376575639 0.07140095520066958 -0.3274899759407253 0.9408444536248222 -0.04963802310915396
1732805907.059915 8.919732253575196 35.984955728823536 -72.4735086747563 0.0740211406683892 -0.3285771650256631 0.9400993192210269 -0.05264206832952712
1732805907.326588 8.844699155802052 36.123320685004096 -72.8588164256851 0.07462072878552801 -0.3287570906852574 0.939842363975444 -0.055198306466150815
1732805908.060028 8.713101428317048 36.350930678329824 -73.52461458576066 0.07817780817500383 -0.33171158375465404 0.9384989553560331 -0.05545598531777993
1732805909.659828 8.49209322132358 36.61272364815628 -74.27982770053423 0.08352648335385973 -0.33372413590339484 0.9376034944838031 -0.050509551827657664
1732805910.859816 8.350196177866708 36.73717693815504 -74.6355104254113 0.08847473061909418 -0.3373912382245301 0.9359881349095369 -0.047598169290042354
1732805912.926423 8.30368160571072 36.945065462157174 -75.19247262188007 0.04139846658435958 -0.34442997531628633 0.9369066674796246 -0.04312836074220922
1732805915.328171 8.429550881514428 37.25056135509461 -75.89440812410237 0.012593126184952902 -0.351891111463677 0.9344772794744061 -0.05259537044133025
1732805916.459669 8.368540324720954 37.55719712546113 -76.63439574653903 0.029428165105952257 -0.34566281478102273 0.9363320977235281 -0.054160911632050106
1732805916.793004 8.338977021219147 37.74348166400188 -77.1227935859648 0.030950824279292133 -0.3505393110142303 0.9344530284351338 -0.054422197295846984
1732805917.459759 8.228589140112598 38.003017326377 -77.77480486491199 0.0665906468490374 -0.3453008481879682 0.9345351495506762 -0.05456248021481235
1732805918.99291 8.058039079697206 38.2806080251796 -78.5537866209472 0.07781592674099226 -0.33938058851358016 0.9358621140550177 -0.05410731154002596
1732805919.392895 7.9585579964831865 38.47336755638576 -79.05686981854964 0.07797608391684341 -0.3386872974697047 0.9361660619426276 -0.052950442269100235
1732805919.99302 7.8314483285881105 38.72675636046569 -79.7203938242832 0.07874872707944605 -0.33782816673147353 0.9364838209223303 -0.051660631983468264
1732805920.792819 7.695036559140511 38.974939721266466 -80.39209582455602 0.08247913056360058 -0.33944152374368874 0.9355541900078899 -0.052105686241680604
1732805922.392821 7.550674647020844 39.15054930313204 -80.89144007324364 0.09147169148394232 -0.3450917440386817 0.9326936795214055 -0.051255419559588476
1732805923.659586 7.358546192981273 39.43098872834189 -81.62019766330411 0.09931802436656106 -0.3456302137536661 0.931798915869538 -0.049259169307570946
1732805924.192726 7.228948690015163 39.64240376216959 -82.12822026352646 0.10158588561255158 -0.3477744952945447 0.9307651445124988 -0.04908618978455568
1732805924.792737 7.09574893972491 39.86750276250562 -82.65804584010291 0.1051112637165722 -0.3526787508696716 0.9285080372922931 -0.04941806965601865
1732805924.992905 7.006037381213083 40.00485862861187 -83.00743885056474 0.10485049302430477 -0.3498159386828756 0.9296935105321827 -0.04801207796299784
1732805925.392721 6.874931507405387 40.2043392406987 -83.48911565007779 0.10551782384084683 -0.34805886381321743 0.930222608954212 -0.049060309450339276
1732805926.192836 6.724237146668539 40.45653376449048 -84.17871353416486 0.08119907409926463 -0.342020219596431 0.9347564523368602 -0.05156796066588702
1732805927.259308 6.5506627804020034 40.82950190414611 -85.14298118578706 0.06791962378139377 -0.3469188355552777 0.9336697635908915 -0.057402254298004024
1732805927.659327 6.515944995562811 40.97473362740767 -85.5217122267936 0.04372577366961468 -0.34118646439153494 0.9372911245926162 -0.05626011902676945
1732805928.65931 6.461571465001049 41.28421670239179 -86.31711752939994 0.029215026387248346 -0.34311065565576165 0.9370659505106818 -0.0576971801926082
1732805928.99278 6.419654947110808 41.45444530601039 -86.73999690451485 0.02716082695824549 -0.34455586572013863 0.9366007912070481 -0.0576411553243138
1732805929.792726 6.372683542451134 41.77082844781683 -87.48001484488944 0.021727237961536135 -0.3493696767076386 0.9350448894633238 -0.056212194551392376
1732805930.392574 6.341010427605349 41.995970535919454 -88.06581543806155 0.016927840998654763 -0.3419443078145863 0.9378837520241113 -0.05622816235217685
1732805930.79255 6.273342903304581 42.17261116314625 -88.54003043797015 0.04320815007692324 -0.33866078969990865 0.9382883902494634 -0.05528853416247367
1732805930.992572 6.215086318443323 42.25746218787907 -88.77317478167244 0.07641162843940605 -0.33585429721832094 0.9371025114188551 -0.05658654585411883
1732805932.859156 5.8140861203917975 42.806086792780384 -90.21595221897468 0.09844632106037855 -0.34208382972256457 0.933066216599811 -0.05171470537608255
1732805933.392664 5.693211759780038 42.9834843138288 -90.70058992881408 0.09921022134701703 -0.33936877341998 0.9339951033949527 -0.051374258553733995
1732805933.99246 5.575212909840538 43.16308120941938 -91.18750671448527 0.10051787279005185 -0.3388630718241087 0.9339722458806552 -0.05257204322010695
1732805934.392485 5.474531917179698 43.313822566664975 -91.59736143393499 0.0993514238799296 -0.3366811762225826 0.9349092306116265 -0.05215180406836945
1732805934.859319 5.362150334739577 43.480950131993325 -92.04471755658197 0.10047001859230709 -0.3362417280203037 0.9348317418136691 -0.054193082580741486
1732805935.592389 5.172793561112465 43.74780881954811 -92.78704194012414 0.10035869673424765 -0.33024603767628136 0.9370472612549409 -0.05299166692541321
1732805936.259117 4.99341579929314 43.99862791174434 -93.48651378638795 0.10152347625044025 -0.3271458399837289 0.9381441417651601 -0.05053862308253043
1732805936.859066 4.838998834352619 44.221692883963264 -94.1172638752992 0.10327139714260067 -0.3279007207719751 0.9378135321243861 -0.04818625129450649
1732805937.592385 4.643599765278987 44.471323452654964 -94.84450453298028 0.1040120434161778 -0.3277873008083851 0.9378884092303987 -0.04585097691888806
1732805938.992321 4.337750993122045 44.86685075857255 -96.00252393355608 0.10569942302467225 -0.3271513281870214 0.9379742220791599 -0.04476604910771293
1732805939.325623 4.229150525061698 45.01016626593703 -96.4210624133009 0.10613066334687875 -0.3250382131761977 0.938684490522669 -0.04424781943749728
1732805939.925613 4.058527928742399 45.23112838263804 -97.06706277217124 0.1062637156327974 -0.32424915070710497 0.9389716516595333 -0.04362050418554187
1732805940.592277 3.8620430234358154 45.46365147525559 -97.74417569838295 0.10908355286110598 -0.3234302319184967 0.9389800786290413 -0.042544982244030916
1732805941.325725 3.6564701556392216 45.70530476624628 -98.45409198179513 0.10973440274478026 -0.3234260287377537 0.938974207397975 -0.041004909834271186
1732805942.258874 3.4199089583318614 45.9955935687761 -99.29546149791463 0.11285674843533146 -0.3255341463783028 0.9377682938496785 -0.04337627144669304
1732805942.725528 3.2897794535162204 46.152559756602024 -99.7553140002492 0.1149715169308648 -0.3263947832191254 0.9372454167681021 -0.04265002378829897
1732805943.392784 3.138405414675573 46.35826030034144 -100.32063383442993 0.11595088272371576 -0.32515927339353506 0.9375079899942301 -0.043653275006096816
1732805943.72565 3.0212220256596987 46.48245349500586 -100.70780441681823 0.1175262694852262 -0.32407214971817694 0.937649361549328 -0.044480248920876646
1732805944.125646 2.9186392586157046 46.626046811593845 -101.11956365558324 0.09754861097753806 -0.3248979184981711 0.9396895597907758 -0.04369373264126758
1732805944.92545 2.7725657340611387 46.9059877821361 -101.90303086367568 0.07234026774962037 -0.3252366312566941 0.9418260227950438 -0.04417875209622956
1732805945.525627 2.6711128795270005 47.09924559949304 -102.52243964394019 0.05883309921604222 -0.3227373119620017 0.9437865503347549 -0.040573899386182305
1732805946.325437 2.586031220118465 47.35055504133674 -103.26015602712792 0.0492585852039035 -0.3220400160888182 0.9444801055017954 -0.042674935647764964
1732805946.992242 2.504754315074444 47.59512476731962 -103.96962631513166 0.04472087289371145 -0.32481837023555105 0.9437510298836068 -0.04274416309599041
1732805947.792067 2.4419823497468953 47.86323646514791 -104.72719814135729 0.03879956624174509 -0.3263460760864993 0.9433651489305135 -0.045332417382125775
1732805948.392064 2.3573004599316167 48.06064426592845 -105.30473150266151 0.055708034735784985 -0.3205545994235479 0.9445072859141435 -0.04524765750161942
1732805948.592032 2.302732387881772 48.13573285372978 -105.55201566461902 0.07318819816812745 -0.3176182999281959 0.9441656157478348 -0.04809774671580203
1732805950.991951 2.1334809859260915 48.57199064550214 -106.8061458773705 0.06643619137374242 -0.3219883979413197 0.9432706938356017 -0.04636919470765376
1732805951.725268 1.9740819143345596 48.873495519026484 -107.69566477431577 0.06718784978957758 -0.3245006102809464 0.9423407888816804 -0.046679592733857536
1732805951.991951 1.8720076814281401 49.06838700603533 -108.27816913828995 0.06749278308764795 -0.32462733389315107 0.9422913944157535 -0.04635457184057597
1732805953.525195 1.7405189337298854 49.342948343294296 -109.09495096538055 0.07021510044230407 -0.3237918954617181 0.9422883836228388 -0.04817935442326766
1732805954.725179 1.5942826307959186 49.61734626353908 -109.89130834126955 0.07139029133410144 -0.32324375704160563 0.9424686140858806 -0.04658123334454697
1732805955.392017 1.5045916427846926 49.79867123783075 -110.41153240019001 0.0719824875633725 -0.32501571389342043 0.9417177811610767 -0.04848636768822232
1732805956.125313 1.4247547619364163 49.970991671844345 -110.904806818415 0.07252057869463159 -0.3240054018627995 0.9420179648733088 -0.0486150088498506
1732805957.058458 1.3140936411140869 50.19185096979968 -111.51233461014687 0.07309174233617831 -0.324559913485925 0.941705426144505 -0.050093414040838745
1732805957.658461 1.220834429274196 50.35182674264405 -111.97890754550048 0.07312389525326665 -0.3245948282646045 0.9416074236778601 -0.05163867815507866
1732805957.925273 1.1501532596367388 50.47716135187454 -112.3431940676355 0.07259144658348592 -0.3244236981632574 0.941606249305952 -0.05345481475947556
1732805959.258485 1.005037827703241 50.78139520789187 -113.18966286839063 0.07275110654076315 -0.3254303710616758 0.9412088615273644 -0.054113113661265574
1732805959.658381 0.9402891986223302 50.9062785813456 -113.52956981901485 0.07291051254366848 -0.3269646615783808 0.9407273627914259 -0.05301128309184253
1732805960.458352 0.827418192618966 51.13807913168411 -114.19137519453051 0.07277995698539777 -0.3232031587411577 0.941770979378467 -0.057534497837947375
1732805961.125 0.691869155785225 51.37607041456793 -114.88876139735196 0.08138914327267202 -0.3249587684758921 0.9404408045836385 -0.05786794641293736
1732805961.858472 0.531252287174231 51.546764872405824 -115.40361972829726 0.12224447799972518 -0.3235896652211081 0.9363694348103404 -0.05965146866280581
1732805963.324934 0.2612600279461052 51.78074101386879 -116.10531362474372 0.12068130773190319 -0.32071979706793485 0.9376793449476579 -0.05772590225671143
1732805963.658421 0.18333170955353462 51.891503172434 -116.45245943522593 0.10590305863247307 -0.32099960512677383 0.9394187743263823 -0.056887275588305544
1732805965.458181 0.04801274967380356 52.18501671605313 -117.26792520799003 0.07070496956007458 -0.32748095016471446 0.9404447053059993 -0.05762630320120065
1732805966.124837 -0.01578598342429386 52.33911953482797 -117.69860874710254 0.06491179670661039 -0.33043307132233557 0.9397174324885743 -0.059427191603589904
1732805966.858172 -0.0784495233343667 52.52559401180821 -118.20497368425546 0.05902916303872549 -0.3282500359940473 0.9407146156066051 -0.061834325135571355
1732805967.460207 -0.13066682121129988 52.673037687986636 -118.61240818138633 0.056152231975316234 -0.33064330401425035 0.9400180547970697 -0.06235374094842818
1732805967.924978 -0.18263695813112726 52.80285904709725 -118.97923851921094 0.05302491212226728 -0.3321752125317758 0.9396731500227657 -0.062147872048753036
1732805969.124785 -0.26975500665086827 53.09782617713957 -119.78716656797766 0.05732200351289545 -0.3339022132916083 0.9383993837436913 -0.06804481215855897
1732805969.858084 -0.4055470412229484 53.274476571091235 -120.27826053668939 0.1182904745389479 -0.32897027781337457 0.9341788733028826 -0.07138454050632077
1732805971.858007 -0.49598613381367507 53.65631301409591 -121.2721858126199 0.046163126638279116 -0.3346604961292906 0.9385228280146937 -0.07103674658074684
1732805972.657986 -0.5584158629497027 53.879723042442706 -121.8788798754287 0.04762686297823258 -0.33531179188568583 0.9381132488128305 -0.07239624677495082
1732805973.32478 -0.6570788979181346 54.061875218367526 -122.36379047917985 0.08663006638208892 -0.3323799567904435 0.9361304001221851 -0.07535694984336386
1732805974.257923 -0.8018486508743797 54.269208336508626 -122.93332152274168 0.09689076725955094 -0.33600907206103076 0.9337986575331089 -0.07569775361200692
1732805974.591246 -0.8885927804740901 54.388162853622774 -123.27921426721483 0.106922308355734 -0.33260789546396824 0.9338779103354886 -0.07623422091378919
1732805975.457927 -1.0790390721262788 54.61079898594833 -123.94323850215103 0.11557036049468897 -0.33040450320182413 0.933464539177984 -0.07823241103479524
1732805976.258023 -1.2933419149176344 54.84285714812033 -124.61915025232935 0.11887319298754373 -0.3306077785277804 0.9331915321228483 -0.07563878066232357
1732805976.991384 -1.4956675890469144 55.09006793152166 -125.29233696059366 0.1157189507563184 -0.3345853777654725 0.9320908570893532 -0.07660537547605659
1732805977.991161 -1.6412150673474812 55.227915758755636 -125.67678980594248 0.10646252548942313 -0.3348463308934913 0.9331472051308516 -0.07602604099952064
1732805978.591151 -1.8122221435270074 55.55886821193109 -126.56685486455063 0.07470301731667613 -0.3384576189718738 0.9348572397735159 -0.07686247853613129
1732805979.991103 -1.9065016756129933 55.958517292595275 -127.57310727903175 0.04826819014419018 -0.3412133060250242 0.9353052707850709 -0.08029764662393792
1732805980.257747 -1.9544454722583662 56.10497030758864 -127.95491973532798 0.04694179978376413 -0.3417576966197061 0.9350062928095217 -0.08222759050859287
1732805980.591116 -2.0087395547471405 56.25503314410106 -128.34878371593538 0.04452455574663205 -0.34086830507877147 0.9353755635673371 -0.08305972314772736
1732805981.657737 -2.089809748100956 56.57632496093186 -129.18621314465037 0.03824364806398624 -0.3425799679672134 0.9350359256172109 -0.08297111988822763
1732805982.257853 -2.148259826336765 56.79939945666943 -129.7685918387502 0.035708405276600755 -0.3453017790501292 0.9339770130746312 -0.08472620743080615
1732805982.657843 -2.184510648008238 56.97060643732631 -130.1926510597832 0.03424531411705394 -0.3469783181105296 0.9333314399020328 -0.08559046975341589
1732805983.057684 -2.219520039523411 57.128074001909816 -130.58455814864945 0.03310522996660867 -0.34444773351626423 0.9342432235473387 -0.08630991762389591
1732805983.791012 -2.3059097539194826 57.38076923851994 -131.22173173749917 0.050007382433415966 -0.34380342712522655 0.9339062128791352 -0.08436617061866923
1732805984.057652 -2.372617715974134 57.48919102294474 -131.51377385196338 0.08105761990791766 -0.34231911771773277 0.9322418211591689 -0.08469044091072218
1732805984.25767 -2.429779283804062 57.56057954100603 -131.71137437814852 0.11864616314289342 -0.3357188462684741 0.9304384293091158 -0.08660411939636588
1732805985.791092 -2.660185186551073 57.86474398671915 -132.53996211778698 0.0716898453015992 -0.3435990509381356 0.9323959725845251 -0.08624389012099706
1732805988.591015 -2.8404181531853263 58.4838938129795 -134.11675661804813 0.044286771955491556 -0.34617411647970747 0.933022049210344 -0.08759005991884389
1732805989.590809 -2.9318698707961808 58.82642813622918 -134.96980475930158 0.039636423957984106 -0.346947151129105 0.9331369277018604 -0.08551083193580732
1732805990.457498 -3.0127087346976267 59.107894015703685 -135.68949422608318 0.035123709272848844 -0.3469351498823183 0.933539203340717 -0.08310765698194628
1732805991.657588 -3.0977999311418136 59.43789234455502 -136.520620669408 0.03022996518426539 -0.34923312021085984 0.9328845130790193 -0.08275785286041584
1732805992.790723 -3.201065094514299 59.79277334241736 -137.36545277860424 0.024703987856899402 -0.35112215387710966 0.932357286144515 -0.08253991164218914
1732805993.057421 -3.238088066347838 59.95633028717146 -137.7594476483614 0.024694613256737018 -0.35269868111586367 0.9318262291406083 -0.08181500535247366
1732805994.590831 -3.3447710953558274 60.30048108477773 -138.62742706086772 0.02085126302450811 -0.3522980086123766 0.9320131800253404 -0.08247890771032929
1732805995.590661 -3.3923674653787343 60.49092119849723 -139.08712731479267 0.015142660383806877 -0.35278398682000445 0.9320493765227401 -0.08122880156357705
1732805996.190656 -3.417136280897112 60.68308397562798 -139.56336734988025 0.015576336979353992 -0.3538661152305977 0.9313880032752769 -0.08397938778535802
1732805996.990898 -3.4463749016875553 60.898195279655894 -140.0708339781807 0.012573529594656309 -0.35335771459690873 0.931704989300262 -0.083102616092279
1732805997.990573 -3.4779984564209925 61.2139049620801 -140.83376470625862 -0.007029162858944133 -0.3549804522582133 0.9311422273057521 -0.08314819247668398
1732805998.657221 -3.4900943707204197 61.487799245987866 -141.4864525522854 -0.012858748467468541 -0.3552758445080508 0.930979007899686 -0.08301694855304106
1732805999.457208 -3.455006356306502 61.77990590198522 -142.14361193788864 -0.02942774684912275 -0.35869329973251085 0.9291818335650633 -0.0842273388814693
1732806000.257321 -3.4154029343656287 62.02007259110461 -142.66065868192504 -0.04493205641526456 -0.361919613074033 0.9271825419937938 -0.08560279084565335
1732806001.390493 -3.3200458168590727 62.30095382571081 -143.27157498957166 -0.06238476968230175 -0.3586692318658756 0.926973948568775 -0.09046447534387689
1732806002.390654 -3.216958765183122 62.56092551898617 -143.83658940545033 -0.07133976746946503 -0.359971683519536 0.9255574463924802 -0.09313666339817481
1732806002.857113 -3.1501768457854764 62.742608046182966 -144.238780331323 -0.07622316838855095 -0.35947694088152526 0.9254646141312457 -0.09209563272042563
1732806003.323896 -3.096871211004732 62.907468992671625 -144.59838240267342 -0.07988566687461324 -0.35607185329719915 0.9263874307759029 -0.09293784814551138
1732806004.59084 -2.985638638450034 63.181105001183205 -145.1886591275085 -0.08722243208759417 -0.3548417596174273 0.9266090519185196 -0.0887425370101346
1732806006.590739 -2.8525667046937127 63.44415778230297 -145.7938927482511 -0.09415536321857826 -0.35561954778742716 0.9257494160073804 -0.08750727724388153
1732806007.991568 -2.7237225899728523 63.698896887334456 -146.36299225866506 -0.09937532820626667 -0.3562719996988436 0.9251081979839448 -0.08584653981018783
1732806009.123767 -2.5443115592259975 63.992047650932264 -146.99771643410273 -0.10613647246347846 -0.3591580737356488 0.9231469755605927 -0.08683426050147605
1732806009.723543 -2.4493534085241073 64.17114304056523 -147.38932867162035 -0.08511590851541108 -0.35764875712638966 0.9256763557102524 -0.08925207629254997
1732806009.92354 -2.425922476540016 64.27894239779148 -147.64126823519587 -0.05275626870033752 -0.351960898574845 0.930113497380214 -0.09071484982268332
1732806010.32357 -2.441159512176771 64.46603054710818 -148.0778122345608 0.025399933894356082 -0.34655280635538593 0.9327946766732403 -0.09565608676625777
1732806011.723521 -2.62041849708447 64.8241668889796 -149.00148316688475 0.025003870503884067 -0.34758194662060166 0.9331181479225128 -0.08861218235049759
1732806012.323775 -2.6066894800655698 65.06365714315349 -149.57699281252127 -0.021205023721390236 -0.3562344460325492 0.9303785534408406 -0.08392326093632671
1732806015.123581 -2.547766444004563 65.49836599446371 -150.5006231535571 -0.05802146448281538 -0.3635421524387809 0.9261791871738236 -0.08162552484047449
1732806016.390026 -2.4897102705156016 65.73785058306184 -151.04180642295134 -0.06281564450395871 -0.35929656404525073 0.9275499679300324 -0.08130947585506447
1732806016.990047 -2.395493835003084 66.01634314549631 -151.65058068581195 -0.10946172545803401 -0.36141980445659966 0.9223225143963867 -0.08194531740026563
1732806018.723285 -2.144919412326866 66.4205721469627 -152.44209407502441 -0.13601848073950115 -0.37047307569034355 0.9151298724520742 -0.08237711837461553
1732806019.990115 -1.9077236646013505 66.70233900603108 -153.02307905871626 -0.14444608718329338 -0.36136822474334823 0.9175836519132272 -0.08117004241013218
1732806021.123382 -1.7698608978846166 66.97425429691184 -153.60457903784658 -0.0683272552056975 -0.35532671035635977 0.9285103036270361 -0.08332425314284139
1732806022.123212 -1.8076483663191976 67.18259037176931 -154.10621387660993 -0.03678480146929657 -0.35273421246518694 0.9312378473916129 -0.08379454232146569
1732806023.523206 -1.8604371790632714 67.43469198370713 -154.73537289752636 -0.038712939081985843 -0.3528927594644959 0.9309691295459767 -0.08523196875336411
1732806025.789761 -1.926623901990383 67.83674295376036 -155.69437795745807 -0.045024996617788735 -0.3515992905673908 0.9316867974220853 -0.07943802654556437
1732806026.523094 -1.9208824426886222 68.02717359719537 -156.14891123137247 -0.04471923759400795 -0.35267284365410556 0.9314425357739913 -0.07769721802519361
1732806027.323195 -1.9423334541872639 68.22009117312871 -156.58779957460612 -0.045681814664313376 -0.3521341620645408 0.9319938067505454 -0.07281653586038037
1732806029.256327 -1.956153614633638 68.5425442831567 -157.35769563418245 -0.049592338151593876 -0.3503556822788377 0.9327588611423513 -0.06893767367711108
1732806030.389601 -1.9590526275909 68.73966874529785 -157.80775182436798 -0.05128341816245047 -0.35287518788318006 0.9321486339758049 -0.06283340652094696
1732806031.523669 -1.9519219407705375 68.92777454874428 -158.24040020994525 -0.05193491435956686 -0.34980623925993504 0.9335385694021129 -0.05868644719134094
1732806032.856553 -1.9836695118451282 69.11274265129121 -158.67651141921806 -0.05329929911771168 -0.3509941859805082 0.9332025483652632 -0.05563514937537048
1732806033.456188 -1.9793853103440016 69.23672582939683 -158.9514202008203 -0.052380318324233385 -0.36113571182663556 0.9293776509170844 -0.055628067300269715
1732806035.189936 -1.7039717609235208 69.51172986967991 -159.5733095002034 -0.13642032692640813 -0.355882791068162 0.9231416934738279 -0.05046134355226705
1732806038.98955 -1.3473901645559592 70.21756528450128 -161.11716112130574 -0.11181486026662568 -0.3516202345399611 0.9281573516170502 -0.048832144380942
1732806039.989332 -1.2294664500439796 70.42183684949056 -161.58858761863297 -0.10999170130097155 -0.34938859298147884 0.9291217549505418 -0.050618190573799404
1732806041.189314 -1.147723541005419 70.61288515611422 -162.04165379879106 -0.09365268007833667 -0.3505460343801742 0.9303416278080735 -0.05301989119097029
1732806042.255936 -1.0703304776917535 70.82306655071285 -162.53323771106918 -0.07697656316670007 -0.3497795603948241 0.9324774522878115 -0.0470602680387476
1732806043.055921 -1.0561301494122 70.99895740505757 -162.93534016642857 -0.06065649923152906 -0.3500498456787038 0.9335743183710278 -0.04716870487263766
1732806043.989232 -1.0259612875538955 71.17355585221912 -163.3574421934889 -0.0548493728016646 -0.34895595634250276 0.9344747397215174 -0.044477496093593034
1732806045.989162 -0.9876135435676275 71.49240162375874 -164.15411831780125 -0.04420467591537753 -0.345427673318709 0.9360792516821044 -0.049812686166389515
1732806047.589259 -1.0065350027769817 71.77169708721246 -164.8317593163973 -0.06657418592899514 -0.348321725854289 0.9339970474966628 -0.04346686477419211
1732806049.589259 -0.9212423663603113 72.08527763160465 -165.58102728117078 -0.08403096543753134 -0.3465324711751774 0.9333729133765261 -0.04085398198312192
1732806051.388991 -0.826139680661606 72.35916433921292 -166.2248209754753 -0.08865486102432732 -0.3475704795833512 0.9325314182062198 -0.04147567235444305
1732806052.588967 -0.7800502059182182 72.52865173215982 -166.64107945890697 -0.09083982390079672 -0.34632577715853385 0.9326916334505837 -0.04350746327346436
1732806052.92231 -0.7279119457248007 72.63704855055214 -166.931752410937 -0.09016101144854892 -0.34699181039964083 0.9325941290418881 -0.04166372531059349
1732806054.188906 -0.5967361032263715 72.87558990556231 -167.4635675443941 -0.11233541176321615 -0.34664446200708054 0.9302344737407675 -0.043384283883082506
1732806055.588933 -0.39941024056407287 73.10575024215763 -167.9869871635357 -0.1260564143787548 -0.3440912678652777 0.9294314633160301 -0.0432219246570593
1732806056.522627 -0.1322218179320321 73.44850929984212 -168.7678888115405 -0.12860887591376416 -0.3439406179892215 0.9289310815911462 -0.04745159625653989
1732806057.38881 0.045254512479083346 73.74828806273025 -169.4921809371529 -0.13184623165672385 -0.3462230887614396 0.9275244747561096 -0.04944181160529012
1732806057.988809 0.19401178606360656 73.95836847821178 -170.02805012504788 -0.13225601290320307 -0.34190507015746624 0.9289288439283014 -0.05196607517982358
1732806058.52216 0.31310822047049675 74.14989703988091 -170.49141064871284 -0.13387155652596644 -0.33888804423822033 0.9298946501625934 -0.05029154426637675
1732806059.788908 0.5546215314659145 74.46202268645149 -171.20489282010163 -0.1341509930907622 -0.3441447818382916 0.9278093319601504 -0.05232326169015627
1732806060.522063 0.6913416642268277 74.68198732101605 -171.73215064757116 -0.11608035707689039 -0.3428855194631958 0.93062167119064 -0.053834713277739435
1732806061.388902 0.7892494776793396 74.8960358352192 -172.24063707510857 -0.09008788753182316 -0.34721882939252174 0.9318244137302004 -0.05501380746420846
1732806061.722056 0.849757628026251 75.03943769795762 -172.6116910170206 -0.07551886446268018 -0.3430219688789236 0.9346271804698588 -0.05572130206353733
1732806062.188903 0.882926760063699 75.18528572748129 -172.9969365703013 -0.05720480829301874 -0.33812047033189513 0.9377884771698168 -0.05435926359152385
1732806064.788622 0.9554821818931781 75.68402904339925 -174.2994217525079 -0.042068932020493985 -0.34201585999355666 0.937218674785092 -0.053633125077686514
1732806065.322066 0.9834793756121493 75.8418156405811 -174.705325202638 -0.03797119281621348 -0.3422237750868088 0.9373062351080134 -0.053833984703799
1732806066.321886 0.9817692877716281 76.0573605453899 -175.243599313633 -0.029744154669204183 -0.3407647362281609 0.9382263112313366 -0.0522117680183831
1732806068.921794 1.0367436600826443 76.46451268081297 -176.3276055682054 -0.048925108069650336 -0.3438593439626803 0.9366476679697869 -0.04536773585587067
1732806070.121785 1.1077029788251294 76.77951868625809 -177.0941236066467 -0.04774997466055805 -0.34187469791521513 0.9374877241448738 -0.0442537899276604
1732806071.321913 1.1507964932468258 77.05176512900994 -177.7917836911343 -0.04762794356387436 -0.3381351233212923 0.9388409392035841 -0.04442868717059739
1732806072.721712 1.2042914985062376 77.30751600110437 -178.40469761904623 -0.04506504219119016 -0.3424048809243971 0.9371353564373541 -0.05005360333171853
1732806074.12171 1.2485637262453686 77.59113609349943 -179.1155665377612 -0.04476948195483543 -0.341450941042916 0.9373863208186164 -0.05209447080584087
1732806075.388288 1.2796664967270805 77.82950222147906 -179.72025232111199 -0.04456042992130421 -0.34038476216621355 0.9379214115534991 -0.04955812264170658
1732806076.521605 1.3067218506530658 78.03050034864512 -180.23954432093086 -0.04070360290096757 -0.33923337501741896 0.9384032068371353 -0.05160770662364664
1732806076.921978 1.3366215329436726 78.14548428080391 -180.56513731767404 -0.041191071165511614 -0.33932593377213216 0.938428816755842 -0.05012546466756023
1732806078.588325 1.382405350992044 78.43317798593112 -181.26938605166933 -0.038695052688759626 -0.3439842764992978 0.9367820417032799 -0.05115580867216276
1732806079.521531 1.4110641626663336 78.6664991043852 -181.86943317519308 -0.037089653376223886 -0.34601243894117223 0.9361339479219682 -0.05052703492629202
1732806080.854781 1.4375545174461644 78.95438387828854 -182.62781993029017 -0.03729896345432319 -0.3419528395417493 0.9376788385824869 -0.04935016240263035
1732806081.521451 1.4771167747209017 79.18675389281185 -183.21588009802826 -0.036390317117458305 -0.34602518198121407 0.9361773487308249 -0.05014269616087616
1732806082.121621 1.5076901772334128 79.42179471881036 -183.7598968468385 -0.03436958774036607 -0.35043530677174767 0.9345910089281442 -0.050531903160498055
1732806082.854952 1.5410139029675953 79.69256506927758 -184.42255326375818 -0.033901484763796244 -0.34782535147765425 0.9353602797218923 -0.054491846351906514
1732806083.454934 1.469854518941661 79.93626851312504 -185.01303847410193 0.037768325681384496 -0.3483779543278445 0.935077278746595 -0.05326196847126453
1732806083.854704 1.2583140858597075 80.01925613959064 -185.27629992924452 0.23741275348714105 -0.32412476671035867 0.9138627181246312 -0.058593963071894475
1732806084.854716 0.5913048979465828 80.189983895925 -185.86581306867257 0.39677113213599396 -0.29576175585869446 0.867176953738364 -0.05569365655040917
1732806085.454685 0.0986184559400062 80.30130182507627 -186.28724949919396 0.4009351604993143 -0.2977481544723309 0.8648834460475902 -0.050731236300285955
1732806086.254789 -0.42816200718429803 80.4650503636127 -186.7993855110594 0.35596017848630684 -0.3156655095513055 0.8787369157215332 -0.0383284536593644
1732806087.254638 -0.5773891515662944 80.63540821151457 -187.23903622311093 0.06581692990070245 -0.3429318884980039 0.9365423104606933 -0.030892593069942704
1732806119.786982 -0.29837324519767106 81.00934522421888 -188.16743357807218 -0.10858459336670191 -0.3447266442770982 0.9320676506757627 -0.02495638941440216
1732806120.253822 -0.2058427322364266 81.1646891371449 -188.57322015994254 -0.11208731207917717 -0.3418540583037262 0.9325812041439385 -0.0294029755225453
1732806120.986967 -0.06082419406584645 81.41568185542428 -189.17609159483362 -0.11512971882317062 -0.3473051474392666 0.9299292123032737 -0.036823124675939865
1732806122.320561 0.11276262261946637 81.7175900628951 -189.9369197785501 -0.11835880255510234 -0.33937704483580927 0.9324358457076809 -0.037118848791918055
1732806123.120223 0.2908635510730558 82.02692574279324 -190.70120641252072 -0.12534154018072163 -0.33745009174067686 0.9323311945822237 -0.03428523732187125
1732806123.386887 0.36172480079020647 82.14169642941762 -191.01446367203266 -0.12640797258511274 -0.33570999674066765 0.9328582863916736 -0.033094411396675884
1732806123.986924 0.5040712454250754 82.37681937471753 -191.62030012491704 -0.12507671369287757 -0.33555007655622526 0.9332189151542413 -0.02940099000445865
1732806124.520201 0.5332053500550485 82.54803174309419 -192.073647510769 -0.06379755380141873 -0.3369612978373604 0.9389239746576242 -0.028438102993095238
1732806125.586812 0.4988331862320001 82.83116213725532 -192.8316853871277 -0.03976184978103013 -0.33710936409766523 0.9401091892816189 -0.031160618862851538
1732806126.3868 0.5757646889928644 83.07379862659462 -193.45170747662868 -0.06745373657267234 -0.33982844166188764 0.937638846962612 -0.028284559863306573
1732806127.120165 0.489515936139111 83.26203564345823 -193.98122150455904 0.005285587699699546 -0.3360368955365047 0.9414289489044352 -0.027618862495534805
1732806128.386722 0.4484387636837512 83.64205584898636 -194.96292837061287 -0.00803354842998395 -0.340256937720093 0.9398529674053757 -0.02893230188349473
1732806128.720245 0.4808238379340504 83.83133182622203 -195.4240780806617 -0.053796973582615315 -0.3443251522730357 0.9368854041823507 -0.028139199981086747
1732806129.320091 0.4409065961811634 83.9924285565179 -195.84840275106524 0.008072908515892327 -0.3417454766686936 0.939299530862421 -0.029347038116604024
1732806130.986834 -0.12630105955316714 84.27034233922599 -196.69778961439116 0.19120673559683332 -0.3232005834141128 0.9263822772952196 -0.02823549993364064
1732806131.986965 -0.2050125645365738 84.4197532576631 -197.12842231859676 0.06846974166569324 -0.3303029771055305 0.9409102704939888 -0.02999501075821901
1732806133.386806 -0.21763391509982505 84.79292032323293 -198.12115462286687 0.01946506829036145 -0.33667376283851763 0.9410475752718258 -0.026483006015601808
1732806133.720075 -0.2657654858940926 84.96656459353312 -198.57513384074943 0.018314912717563015 -0.33936799772980014 0.9401034723277207 -0.026445933645397834
1732806134.586797 -0.3391230041369399 85.31020171705671 -199.50959126383384 0.014725187301567431 -0.332875836698745 0.9424458427374172 -0.027797116900926715
1732806135.119882 -0.36800581518918235 85.5007458697615 -200.040809364406 0.01603468673563536 -0.3275391120119626 0.9443105340079491 -0.02717782708987749
1732806135.986755 -0.4378596041347105 85.71130656027073 -200.63229739893305 0.037883652460735044 -0.3315547009233405 0.9423901062162415 -0.02317750801120574
1732806136.186698 -0.4873528834124812 85.84158828880422 -200.96630513772035 0.046874476042506 -0.3324832148784672 0.941677044952906 -0.02240621183024928
1732806136.519857 -0.5822609490960906 86.0084316306809 -201.4114426863391 0.06390468505381422 -0.33226872168815624 0.9407548600979256 -0.022225683747045887
1732806137.719814 -0.8541955188756603 86.4122336362703 -202.55845029745447 0.09368588417146641 -0.32694486753330554 0.9399064126690613 -0.03009890569798221
1732806138.186475 -0.9604672889642467 86.57780811638484 -203.03413155257698 0.09764474430849202 -0.3237097044126528 0.9404509240019167 -0.03506552041455202
1732806138.919767 -1.0927108820344311 86.74785774950651 -203.51603479100436 0.1021638499671724 -0.32480997047227295 0.9395689756132234 -0.03565348379617606
1732806139.719884 -1.221198348500601 86.94887542777225 -204.09732884821977 0.10136277816096184 -0.32650352177438785 0.9389430546369132 -0.03881980965327058
1732806176.652184 -1.414352690250616 87.16226694183133 -204.7402272130472 0.10393034767430902 -0.3250174618901148 0.9391267909454162 -0.04003751774735294
1732806187.852422 -1.588043423343913 87.37837448382665 -205.39092442263762 0.1040390431309943 -0.31436791998775576 0.942708372552367 -0.04061542449152545
1732806188.384993 -1.7051487380713082 87.55056778622681 -205.8260257279867 0.10836861406017007 -0.3289282503149916 0.9374110708580866 -0.03637215781461697
1732806190.584913 -2.014131929841231 87.89855552603589 -206.8716903755819 0.10812589263626834 -0.3179373444869241 0.9412316398882458 -0.03616125544691024
1732806191.384906 -2.0649957561884804 87.99789917405711 -207.19776564367282 0.07091247653473416 -0.31297455224282134 0.9464211151869287 -0.03613063863878574
1732806191.784899 -2.065369098294932 88.14654098428095 -207.63140851167748 0.011363870101330787 -0.32168247268407896 0.946135311903848 -0.03491734229269377
1732806193.984827 -2.4310126383716377 88.63278842622185 -209.0687278797458 0.07104267026251646 -0.320450392216959 0.9439132403238927 -0.0359482944131944
1732806194.384826 -2.4911675002080846 88.77175130289137 -209.50733698375205 0.04390776317761362 -0.3209813924790575 0.94538890868775 -0.03581710967022103
1732806195.184805 -2.5229831019563305 88.97966721345085 -210.12112424971036 0.03775766219840948 -0.3190271905821415 0.9460922056605848 -0.04129829297762991
1732806195.78509 -2.5749580411298623 89.15627102217405 -210.64421229035614 0.034619640455324514 -0.32191017657447735 0.9453277980777847 -0.03912381492058304
1732806196.184874 -2.6220637914199174 89.30414786596175 -211.05385261238064 0.03250356040909129 -0.3249677516451732 0.9444008424867905 -0.03803324416420398
1732806196.784749 -2.665540878900875 89.48755729439408 -211.56757661309496 0.029808168897914086 -0.32424316402191083 0.9446725745575545 -0.03964303886958494
1732806197.184733 -2.701748518764603 89.6343078056713 -211.97871484590314 0.03172453846735527 -0.3261292259570351 0.9439263884297062 -0.040450647235238835
1732806197.78479 -2.7865306125957 89.8255662505765 -212.51568315111416 0.05685992054025849 -0.32310164199573554 0.9437466054987526 -0.041408006295849606
1732806198.118054 -2.8763457481628936 89.92987323324684 -212.852596952311 0.08793664671623191 -0.31948099171471056 0.9426454238063666 -0.040232413228703606
1732806198.318049 -2.9533723492977417 90.01451615117573 -213.0959867992568 0.10607642677640487 -0.3175348936683429 0.9414669868875261 -0.03948791696591646
1732806199.518154 -3.2238265507628405 90.34511796731773 -214.12242988042507 0.10931188685510672 -0.3153416916376535 0.9418183581575361 -0.03985861443555694
1732806199.786268 -3.307003586670333 90.4457341804014 -214.4172142330433 0.11059070213296443 -0.3185630476516881 0.9405972183378727 -0.0395493884612959
1732806200.78531 -3.5349326309889038 90.71631542315195 -215.27820422277983 0.11741640003821563 -0.31001972056559385 0.9424875045536182 -0.042643471045290815
1732806201.118132 -3.6269200579285488 90.83214135680332 -215.61872895722237 0.11072937152179209 -0.3188007057335299 0.9405820645468341 -0.0375565727803714
1732806201.984744 -3.8310216950947518 91.08852037695755 -216.4203353015906 0.1150912392065305 -0.3131916950560406 0.9417205246432394 -0.04274835986901641
1732806203.584626 -4.18258732161955 91.49855864252703 -217.7210236182908 0.12047916020503475 -0.31233626901666156 0.9409579724318496 -0.05028837967148703
1732806204.118062 -4.358763470983325 91.67508351743206 -218.27618038367947 0.12154032676402891 -0.3119611839296148 0.9409582914063658 -0.05005659322146375
1732806205.184938 -4.5962571559576 91.92011235994333 -219.09359676488899 0.1229012199044282 -0.3101291265219055 0.9413334444240363 -0.05105449478295851
1732806206.517801 -4.905656372396377 92.2482177420119 -220.15033339360676 0.11364357572803989 -0.30928367388044353 0.9427635956933387 -0.051240115165049664
1732806207.517791 -5.058664573593361 92.44588725624087 -220.7586323501894 0.10356717832136732 -0.3116028613306804 0.9434244635663043 -0.046127843323897744
1732806207.984565 -5.1503344284580095 92.56447759331243 -221.12307879932715 0.10126920473151775 -0.31226923086358865 0.9434174004550575 -0.046862395879108246
1732806208.917715 -5.2955180883993895 92.77201248082635 -221.79858736821865 0.08428733627955344 -0.30966713407592955 0.9459532310850794 -0.046630415136435246
1732806209.784392 -5.445805700646761 93.00691589120123 -222.55459925561493 0.08178216893272837 -0.3126597364256366 0.945269006945623 -0.04496743900808319
1732806210.117706 -5.516664824307936 93.13984194376651 -222.92185378451174 0.07975784474666475 -0.32447006374949744 0.941441482287998 -0.04523051358476133
1732806221.117362 -5.557958457532717 93.17937844625418 -223.11424592826478 0.07714187908285981 -0.3086283428758043 0.9469328607218347 -0.045998192904318676
1732806222.650797 -5.795075575202508 93.59373411579033 -224.3580055870625 0.08308999981387262 -0.31327843650734327 0.9447337980412069 -0.049302373057300605
1732806223.650687 -5.983881776641226 93.86316977186232 -225.21237872025728 0.0948674723848049 -0.31419791795625823 0.943253130231126 -0.050530815790496494
1732806224.850612 -6.214961373900425 94.15948239900253 -226.16391261397501 0.10143665641945429 -0.31117117095173574 0.9436466292212011 -0.04913396241330544
1732806225.917376 -6.430122305827548 94.43394641507292 -227.01595040410845 0.1058351970453439 -0.3106113167111683 0.9433980241996566 -0.048163149123698484
1732806226.917205 -6.639939746005892 94.6739055069306 -227.81345068306956 0.11024406353804567 -0.3084075782980608 0.9436353829497623 -0.04778363891752312
1732806227.717181 -6.8059291563596345 94.867814239833 -228.44040200065365 0.1138095820972039 -0.30830359574220106 0.9431516283010138 -0.0496112679583535
1732806228.51728 -6.986543536706253 95.07189397966786 -229.10957071325578 0.11676821994737012 -0.306393646498001 0.943420958262427 -0.04944705964144547
1732806229.650442 -7.228994759906161 95.31920820916895 -229.91922489771 0.12014528710926063 -0.3056712157763322 0.9433121975783388 -0.047878134165581045
1732806230.650456 -7.428391335829976 95.54159571951861 -230.66259999323748 0.12315176451297069 -0.30442181288751236 0.9431903380603675 -0.05052711079403089
1732806231.850531 -7.674982197546337 95.79183501683595 -231.5025210016966 0.10550658235151741 -0.30564745769101664 0.9450180974617012 -0.04887523050981402
1732806232.117089 -7.758262505206721 95.906960013807 -231.8943741971703 0.09233479106140613 -0.30674546134172487 0.9460804531779569 -0.04809661547854288
1732806232.517035 -7.827663717802159 96.04741479851852 -232.3438540856666 0.06932171888235958 -0.3070041110393005 0.9479444225082536 -0.04841845651874622
1732806234.317011 -8.00143696649126 96.38210990455538 -233.43372562858357 0.08707403014700456 -0.30625929462556684 0.9464713307592707 -0.053060133623880325
1732806234.850416 -8.09418181816506 96.51997356550099 -233.9110088838988 0.08796545514588429 -0.3056776700488533 0.9466515404384559 -0.051711717434060285
1732806235.717082 -8.191577527088283 96.72174049092732 -234.55161347055764 0.08790479877433144 -0.30667744815038867 0.9460559969896614 -0.0565662417728807
1732806236.650263 -8.28873393739092 96.90220644185497 -235.15417832079137 0.08903515985591462 -0.30670535639261554 0.9458217916973708 -0.05852950554964393
1732806237.517021 -8.394655957397054 97.0868024522355 -235.73304759025757 0.09173655755296056 -0.30517856102791296 0.9459243669771504 -0.06064273951712654
1732806238.517014 -8.575225254301207 97.29144748116461 -236.42934761467254 0.10125386054300207 -0.3036618258045623 0.9455503900210639 -0.05892038021934241
1732806239.050176 -8.666056103501361 97.4087774439303 -236.85155879732687 0.10245854428540907 -0.302795903181004 0.9455830291074463 -0.060742265217073134
1732806239.716869 -8.78880827313693 97.5459047980276 -237.31879527319086 0.10448685363222114 -0.3017558940794434 0.9455248624828627 -0.06331360227564135
1732806240.583602 -8.964157135005726 97.75977497132658 -238.05874575804353 0.10617301793024855 -0.2990675531108199 0.9462163080594437 -0.06293319713987262
1732806241.250092 -9.120522085847133 97.92367611231529 -238.63457329696962 0.10831498112894747 -0.30054323281566053 0.9456532440887784 -0.06067595912811577
1732806242.183478 -9.311704750371257 98.11109090809485 -239.332160454383 0.11109673691242104 -0.3039780980878419 0.9442933592269579 -0.05970663824214258
1732806242.650149 -9.457978807934568 98.2846537671295 -239.87337028851917 0.11370058104209108 -0.32267276464822764 0.9378332845641429 -0.058508077977248545
1732806243.183551 -9.586192307018152 98.42333907001282 -240.38900714277014 0.11288725235479052 -0.3014252589526855 0.9445089432943745 -0.06559068194519993
1732806244.583345 -9.818090346755977 98.69184732849308 -241.33428848016143 0.11554873920809924 -0.30153677353125874 0.9439996632977882 -0.06773993482015904
1732806245.583332 -9.96934131769895 98.84152837109617 -241.8921316365722 0.11774408236184522 -0.30151347818035906 0.9437787663066206 -0.06713861640741878
1732806245.983331 -10.14595057804226 99.04887496472192 -242.59137766377438 0.11971903593853818 -0.3023227939782487 0.9431581489296103 -0.06870943736346269
1732806247.183253 -10.294111925871508 99.19951226350553 -243.13996176339228 0.11968984352862964 -0.30121733711766285 0.9437272485415287 -0.06573688109480258
1732806248.183249 -10.461416824463102 99.36178468980154 -243.71040541043075 0.12176009155679995 -0.29969610801067015 0.9438320348618204 -0.06736329056638875
1732806249.649994 -10.615685919778478 99.50278187439103 -244.2454401358529 0.1228990715229708 -0.30323714299358273 0.9425754634616924 -0.06704139771706122
1732806250.183176 -10.79467888950265 99.68445826922951 -244.87205797684533 0.12303710872127048 -0.30262551063957005 0.9426861515122825 -0.06798889567136404
1732806252.849751 -11.19186243975067 100.08464654778935 -246.2356178041534 0.1265451092722402 -0.30277515170115543 0.9422538435402296 -0.06686731013943899
1732806253.183089 -11.34312984854021 100.21425407146411 -246.7274769046781 0.12598478459007514 -0.30430685664460577 0.9418363916706743 -0.06685343951986111
1732806254.183223 -11.399850347190185 100.27471517477355 -246.9538582867886 0.12671201375837993 -0.3022044407108351 0.9422898027243678 -0.06860371174812148
1732806255.449814 -11.590481197599075 100.45450626840416 -247.5767685875244 0.12450834774933704 -0.3042497255291104 0.9419613824062099 -0.06810675378824874
1732806256.982982 -11.871571672766718 100.71528002822977 -248.45062648237422 0.1243066383901085 -0.3034102906032671 0.9422717390733668 -0.06792661445887553
1732806259.182906 -12.12089091556776 100.94305252441386 -249.28999824003208 0.12667225598220708 -0.3014186095326736 0.9424007159859258 -0.07058223502399424
1732806260.382893 -12.289303223849098 101.0797532306165 -249.78269739877692 0.13018917749250083 -0.3023312322931752 0.9416282564595176 -0.07058916829744523
1732806261.183266 -12.409665910895761 101.17379995810805 -250.14433294160784 0.12966077421687988 -0.3043266328784338 0.9411065266924119 -0.06994204434600716
1732806263.71625 -12.7120526252649 101.43473075010964 -251.08851642182526 0.1316594095624473 -0.3011248804935817 0.941969331851852 -0.06843525459855701
1732806264.716078 -12.82222962791722 101.54159157962953 -251.46190480749226 0.13331917708194563 -0.30166088319211887 0.9415543630175672 -0.06857178761361556
1732806267.182835 -13.041183324536147 101.69868342286243 -252.04582088354894 0.11772716611765535 -0.30458647603046396 0.9426823710829938 -0.06868289617215002
1732806268.782718 -13.16165230030475 101.86701623813005 -252.62349886413878 0.1056989003940461 -0.30703272352735894 0.9434790328119061 -0.06637743429187211
1732806270.782746 -13.39450481640441 102.16242336241982 -253.61374746801997 0.12377729078496474 -0.30425288127624806 0.9422355208587071 -0.0655865058770225
1732806271.516063 -13.806446418149955 102.33126559440738 -254.3061459966839 0.3078604117066612 -0.27914307475250455 0.9075021084986797 -0.0611639909748636
1732806272.71594 -14.38306747201252 102.53099220786645 -255.13223556293877 0.35088403824301345 -0.2734847440699255 0.8941726708465221 -0.05041548550277057
1732806273.582483 -14.902711436232948 102.66580750638782 -255.74441885215626 0.3577821860201002 -0.2708948632118996 0.8925509924951696 -0.044278733585914776
1732806274.115807 -15.30993114907629 102.751340989725 -256.1574812108949 0.3574193972643085 -0.27192959587045457 0.8926931367871581 -0.037478432225132564
1732806276.582387 -15.527153573772512 102.82256611934383 -256.45524788803834 0.08522525727697913 -0.30391545489535265 0.9481544593280097 -0.03708332582486758
1732806301.048441 -15.820994772554657 103.21997975679082 -257.8221416067038 0.03052129717226622 -0.30367684839480835 0.9514667202946078 -0.03949559899205529
1732806301.648338 -15.81536302860833 103.40745042072163 -258.4031993292976 -0.022067545091398858 -0.3067732209640354 0.9505458911122207 -0.04319401859823149
1732806302.248334 -15.748481691506454 103.59080328541067 -258.96534836742484 -0.07314385161505499 -0.31135984117509263 0.9463124239150036 -0.04688094088695796
1732806303.114943 -15.584711556091532 103.88238633467968 -259.82583018125706 -0.10531868330434574 -0.3158955064934403 0.9416271707303255 -0.04956082391056482
1732806303.914941 -15.391201106801581 104.15643354486726 -260.61252196127253 -0.11929875297450046 -0.31532377183474847 0.93966034647378 -0.05811333512553011
1732806304.514933 -15.2532392727557 104.38110085342156 -261.22233704862913 -0.1045846231930038 -0.3220737234314404 0.9387789563366059 -0.06344008516812011
1732806305.114925 -15.270449662200136 104.55330404085188 -261.7512191471944 0.015950688508424186 -0.314204777635494 0.9466946884009992 -0.0692105497772684
1732806306.248259 -15.604775440721648 104.7555682012678 -262.48825301960545 0.19913165174468433 -0.29581888599734824 0.9315150435859008 -0.0715366726503202
1732806307.448231 -15.92595251353731 104.96714545745631 -263.29696738628974 0.1723808928792687 -0.2958979324354039 0.9370101392469923 -0.06885666488388151
1732806308.448217 -16.254487596075407 105.19969520691103 -264.07833872098973 0.16682045085485703 -0.31276574587936457 0.9328039841937312 -0.06500194192028552
1732806308.914772 -16.26753951024873 105.27248749343705 -264.346378047973 0.10837783146364022 -0.30387201650374696 0.9440307271773484 -0.06871702393288122
1732806310.114823 -16.41802200615847 105.65891915595795 -265.55076834737025 0.061380346030553735 -0.3115345490838893 0.9458040740208927 -0.0680685787551697
1732806310.848514 -16.504986088401036 105.88451574063811 -266.2889234408236 0.05810356320409637 -0.309824973031151 0.9463413033907238 -0.07120814227305917
1732806311.848017 -16.61105590447691 106.16930196334265 -267.15349142041055 0.06479880255422182 -0.31406891548016497 0.9443475664806645 -0.07327690767696776
1732806312.114842 -16.680081903988906 106.27944112795163 -267.5074937843093 0.0763977813544659 -0.31451364327235903 0.9431655397409381 -0.07538774333303509
1732806313.714664 -16.730769169885328 106.45278724221136 -268.02495309392117 0.0945878258885033 -0.31017822777284326 0.9427034177093404 -0.07844027312875239
1732806315.114602 -16.809034067119967 106.64168835293492 -268.6555183219664 0.11120201603134651 -0.3077008505836149 0.9412525224247092 -0.08365397306647425
1732806316.647911 -17.031651471674213 106.82155992368946 -269.3030703066711 0.13872841423572904 -0.3042226228495463 0.9386205363379071 -0.08482046683980354
1732806319.047911 -17.362093186832094 107.05770650176498 -270.1250083013148 0.1507071012227307 -0.30172939181824626 0.9376977419646367 -0.08348466007868992
1732806320.781095 -17.648543415849478 107.23123411677194 -270.7960709263318 0.15358238824863168 -0.30258496482850566 0.9374679250959571 -0.07751566613181719
1732806322.181242 -17.91006263517695 107.43051386239658 -271.49141368892003 0.15873442225456055 -0.2987460723411143 0.9380930446576107 -0.07440166004386257
1732806323.047801 -18.13724295391119 107.60255059929281 -272.11281231843435 0.16319926621477243 -0.29567782907668766 0.9385554317375076 -0.07109375820335871
1732806324.047669 -18.36144859872923 107.75344170759105 -272.6681641450975 0.13383660529490846 -0.3007313827728041 0.9418477245904362 -0.06761110990443812
1732806325.447667 -18.458396609336866 107.94948450123896 -273.29451993823506 0.101392310651544 -0.3060658477916847 0.9440820516481896 -0.06893747828317505
1732806326.981062 -18.546171407509647 108.13973306070481 -273.8990273489663 0.09550459088799639 -0.30573344713771555 0.9445563107976043 -0.07224477941710113
1732806327.64774 -18.705299215056744 108.37832881654828 -274.6726700598002 0.09454120803465887 -0.3077649211237841 0.9436883438023381 -0.07612504896956249
1732806328.38089 -18.842072842435606 108.55743356465524 -275.2891045786312 0.09175506538582362 -0.3051736258491175 0.9448072285430275 -0.07608788967365167
1732806328.980886 -18.975828830673464 108.76529098672549 -275.96977242664343 0.08942071011563996 -0.30567420924322203 0.9448994829450773 -0.0757111718049008
1732806330.180824 -19.069073168252316 108.97060007161022 -276.6607676277468 0.08600611376922788 -0.30859265530808755 0.9443601298522987 -0.07454841802190063
1732806331.047532 -19.19890300257851 109.11986518719388 -277.158459818498 0.11520441527560386 -0.30146042297169867 0.9434859661555822 -0.07539089965107264
1732806331.380809 -19.360259594191337 109.26395050901219 -277.67524185673386 0.13634029098919945 -0.29858651623287874 0.9416951151013634 -0.07394408408468706
1732806332.047613 -19.627255242468774 109.4754514764787 -278.49357453342253 0.1500140476311276 -0.2962513366079205 0.9406275710430051 -0.07036123694963463
1732806332.580744 -19.761287668170695 109.64985809528164 -279.08605095062524 0.11161185852987794 -0.30419574279032463 0.9435673962202354 -0.06847124866624126
1732806333.247538 -19.772062369132232 109.84163260024133 -279.6302785193097 0.032240127728091275 -0.3131804010676591 0.9463703460797909 -0.0725381183378318
1732806334.247393 -19.72200908550803 110.15449551902601 -280.543027914158 -0.01776087960319513 -0.3147922632299919 0.9458711376812307 -0.07692966312076636
1732806334.780712 -19.81319181258644 110.28447436230313 -280.9439379043742 0.083181877440034 -0.30723433359697794 0.9446373494161904 -0.07967507522887114
1732806337.180653 -20.169465398450672 110.59729841250982 -282.10175439135907 0.12277552608558218 -0.3035446961503588 0.9415109301345288 -0.07964895523865465
1732806338.580561 -20.419007011824043 110.83028210678309 -282.92545766545027 0.12106081068692841 -0.3100605706644349 0.9398467535367684 -0.07677761719059505
1732806340.847359 -20.6638549467495 111.09870273176358 -283.81965848544564 0.11784168229494713 -0.30436030819299315 0.9415842212864001 -0.08304995445541513
1732806342.780629 -21.232695799810873 111.78284822429221 -286.0573472516221 0.11844729004577761 -0.2999094109182357 0.9423651209081229 -0.0892892133424146
1732806344.713803 -21.584059445472924 112.10986094533713 -287.2412407076694 0.1166381475211947 -0.2990095836646501 0.9425596696234383 -0.09257472991519562
1732806345.513705 -21.786784903116793 112.31442531215754 -287.9653647906046 0.11449246369978903 -0.29993592425863447 0.9425531823663829 -0.09232234564868473
1732806346.513718 -21.981998040833407 112.54209019172862 -288.78144085411134 0.11462600958546436 -0.3006004403060275 0.94220659849534 -0.09352528517024894
1732806347.913631 -22.160057185375454 112.75988100515004 -289.57128340014395 0.11244431782619588 -0.30284409411421587 0.9415529826563338 -0.09549717744364479
1732806349.313619 -22.32987060322058 112.96932481422984 -290.25113184453926 0.11066343721611682 -0.30477280590621236 0.9412377512430359 -0.09454436037396297
1732806350.513552 -22.44746341659277 113.1294069575955 -290.77846008633446 0.10848188697872602 -0.3026744418185878 0.942211658915231 -0.09411191354738138
1732806351.713559 -22.582854101002905 113.28769860069718 -291.3378655215683 0.10785787471559145 -0.2992005623749195 0.9430986571980449 -0.09700837658476863
1732806352.980288 -22.652978976353953 113.4069083441376 -291.7428218827353 0.10806097437221723 -0.3019404418425679 0.9421394823408493 -0.09761142972089996
1732806354.180132 -22.803395033410997 113.62417527764448 -292.52185809136535 0.10718103203763181 -0.3013580358683154 0.9422136286327966 -0.09964456135463529
1732806356.180051 -23.083152212375964 113.95499602906655 -293.6326433410405 0.12136090640562919 -0.2967939995796336 0.9416906310320854 -0.10199807663050026
1732806359.51329 -23.972112230941374 114.30992414957394 -295.2066185369211 0.19952553674332582 -0.283243956505063 0.9332143144863245 -0.09525473493987088
1732806360.180345 -24.21765902010481 114.48179033353283 -295.94857734885784 0.20432495365606881 -0.28458553741003106 0.9329681839215327 -0.08266046818550149
1732806361.913345 -24.58343071467005 114.70042068659869 -296.7731458090916 0.14264389851797504 -0.293012051541215 0.9426565959975207 -0.07207772117352769
1732806362.713204 -24.72580450146755 114.81085224867442 -297.19320984859576 0.14444862229163133 -0.2910701016463522 0.9430720598293533 -0.0709075554144453
1732806363.113342 -24.853792715041642 114.89671011334622 -297.5094931064143 0.14242312169656807 -0.2928467959673709 0.9428899789904331 -0.07010631938185057
1732806364.579903 -25.142412648499754 115.09621550787803 -298.267064169637 0.13632348481191642 -0.29087713605299 0.9443607262722593 -0.07063439590508691
1732806365.179785 -25.265965622306084 115.20134121133069 -298.6503628015506 0.1343211960270751 -0.2925170295432541 0.9442835465332406 -0.06870362051342241
1732806366.313101 -25.49310767287333 115.40225051288229 -299.3517702185157 0.13350295839833876 -0.2949694025910983 0.9436568628926694 -0.06842321791254719
1732806367.313086 -25.691616433026677 115.57436992774723 -300.0089927210418 0.11601960108396059 -0.2955692053763939 0.9457966259074363 -0.06816919699977976
1732806368.713026 -25.870277207053842 115.80808814626386 -300.8113925770394 0.09681503800319756 -0.3010913301196769 0.9460228867746832 -0.07079235157626974
1732806369.57969 -25.96740883147405 115.9676376173678 -301.3623330879646 0.08103935652568704 -0.304972508341857 0.9461635622114214 -0.07210343537566168
1732806370.513015 -26.050251022704522 116.13021695290513 -301.8975703944343 0.0686166854655383 -0.3020314183518845 0.9481210757112889 -0.0716603000003535
1732806371.313095 -26.091276991927902 116.26921379880976 -302.3678658379318 0.06258723787076037 -0.30477564403070034 0.94760250205692 -0.07241645225254802
1732806372.179655 -26.15706248254337 116.42094054339474 -302.87222593000007 0.05706737999651102 -0.30354279620701125 0.9484315025062445 -0.07129354855041291
1732806372.579588 -26.19929711628588 116.51781147470784 -303.20523256918233 0.05492127713494671 -0.3056031687707822 0.9478092286626543 -0.07244323720698578
1732806374.380192 -26.222225497143285 116.77267777730657 -304.0294183993554 0.05232524654647024 -0.30457896086673764 0.9483699563246262 -0.07133127723527836
1732806375.246318 -26.297049827221993 116.90746985755948 -304.4974553657994 0.08464064592026935 -0.3042107543629205 0.9460505047578533 -0.07266512530473763
1732806376.446154 -26.381505691893214 117.06291778629388 -305.0330510012797 0.08869861573243465 -0.3009098940200686 0.9466720764438677 -0.07346952381386945
1732806376.84627 -26.469035983436008 117.15126501531397 -305.37975820379916 0.0887667048318005 -0.2987420623128575 0.947274382529752 -0.07446406194428094
1732806378.31293 -26.578467308961308 117.32890764476488 -305.96046564344044 0.09186121116698692 -0.29873591792683435 0.9469468635195362 -0.07489997926474287
1732806379.712875 -26.751354872324626 117.50992373845403 -306.6294432453196 0.0933330787217821 -0.29769728256473416 0.9470863446939791 -0.07545011639542866
1732806382.045986 -26.92967866344176 117.7233207619161 -307.39491271652753 0.09861611945598399 -0.29358156401086927 0.9478014943825249 -0.07587524960504231
1732806382.846085 -27.017545009740843 117.80732074845923 -307.71500438800354 0.09847485276996308 -0.2984641935687034 0.9463581801754254 -0.07502015292156274
1732806385.245894 -27.224353074966196 118.01734844857594 -308.47708080620714 0.0772723534148763 -0.30062200867613564 0.9475362316742977 -0.07635758614390167
1732806386.512493 -27.258424604892987 118.09574243757321 -308.72849078839533 0.07404300005799976 -0.30291289829011414 0.9470232359793521 -0.07686612197249369
1732806388.045807 -27.3446033308082 118.24132071771128 -309.25691499223046 0.07096277473277007 -0.29480482377220224 0.9498420753826327 -0.07651426217170203
1732806391.245719 -27.425885525837984 118.3792745722235 -309.84518081286853 0.0648910364311531 -0.29783705630420126 0.9492069015442811 -0.07802883661598507
1732806393.17898 -27.481390171219743 118.61147865812852 -310.64332661148194 0.06653010119679321 -0.2961164721608684 0.9496535686746483 -0.07776168756689213
1732806395.379058 -27.515717989565143 118.9620632393544 -311.7985871193869 0.021501908257206492 -0.3066324617080154 0.948509224179056 -0.0764490223313968
1732806395.978907 -27.55687797499263 119.16171423254295 -312.4601162525758 0.01126201158276845 -0.3100691443121834 0.9474585950295846 -0.07779783766394639
1732806396.578884 -27.576982052185382 119.34534680035304 -313.07225566831016 0.006085671111092705 -0.31134415742876226 0.9471250787427591 -0.07734252037931008
1732806397.445656 -27.548471542960126 119.56154949431651 -313.70408031266385 0.0005929234801046417 -0.31126382410142145 0.9466442302517715 -0.08354149614734639
1732806398.378981 -27.532437152806246 119.80886960863234 -314.433517628487 -0.0033657179682985037 -0.30959991443944895 0.9466706731705163 -0.08916950981431487
1732806399.045626 -27.541169154307937 120.05583036259597 -315.2063648605041 -0.007481343150556988 -0.3074491466128944 0.9469260051626491 -0.09354246361077508
1732806400.17885 -27.500448343404123 120.35438840708132 -316.12142802231006 -0.013236670446259839 -0.3069716784486025 0.9465287563297364 -0.09836916502048473
1732806400.978733 -27.460685844964946 120.56001957158749 -316.71483820178275 -0.016214144135125178 -0.3135602301947796 0.9438414356165774 -0.10286120737868336
1732806401.778719 -27.418660036554407 120.80801508710393 -317.4262181317733 -0.02087027046928614 -0.31638560252410725 0.9426601402087191 -0.10419425314130479
1732806402.578713 -27.42559883450803 120.99546324395197 -318.01059094707324 -0.0010150209308350706 -0.312749930748951 0.9441597413848984 -0.10367658027268226
1732806403.645488 -27.46370974594147 121.22732243586262 -318.7300447085358 0.007484138486518216 -0.3072215024320088 0.9454972159216289 -0.10767520976985526
1732806404.04552 -27.465980292269464 121.4188753637746 -319.38102108867037 0.007426708936045445 -0.3090772345156058 0.9452567705835346 -0.10443057389745275
1732806406.978624 -27.542721561009795 121.59622342143832 -319.9450687943034 0.03135951664373351 -0.30483031816788625 0.9461943079974949 -0.10397783107315893
1732806407.178851 -27.555812314506163 121.65140611140909 -320.17089764382416 0.10416710350653365 -0.2953719911861362 0.9439047113480646 -0.10463506708901636
1732806408.778538 -27.74490093952774 121.65876435203458 -320.31220348700293 0.255201054948889 -0.265549466108971 0.9239148864145222 -0.10362039019350905
1732806410.378469 -28.369743196848354 121.7827168873485 -321.1043217737119 0.31692778894971807 -0.26278776299209217 0.906417637396032 -0.09437390969145207
1732806411.711785 -28.93314286874953 121.70307098874719 -321.1934540682949 0.5596795307748625 -0.2003631608210225 0.8006085819652848 -0.07509543994794052
1732806412.978384 -30.105861446467294 121.4839540619311 -321.03878957981607 0.6960605159257431 -0.1735202763352502 0.6953932419489239 -0.042646347106074727
1732806420.11153 -30.61619855684071 121.24914858388411 -320.45915098204813 0.8595776958885353 -0.10644451294161836 0.49960557988562265 -0.013784590771190139
1732806421.311599 -31.330862677571712 121.06004114387389 -320.1086885101462 0.8415968657078835 -0.11989492414308009 0.5263795033272236 -0.016264724786392258
1732806422.511442 -31.971009231119734 120.93000407098421 -320.02751933332604 0.73782276341175 -0.15862794264396107 0.6553437112349418 -0.03129481983980798
1732806423.311469 -32.57805738336234 120.74213230680618 -319.73472692460547 0.8110102497215608 -0.11517869696321133 0.5727499956544418 -0.03088179221264793
1732806423.911624 -32.86988144012753 120.54324274821663 -319.5291489747188 0.8268819773412899 -0.05688380559049723 0.5563727822909905 -0.05898945105256674
1732806424.778053 -33.1648474725328 120.2674919709405 -319.37489089879614 0.8244582800727631 0.006105332038484399 0.5463593664104737 -0.14738626827390283
1732806455.177148 -34.12078615298026 120.26043054975972 -319.2010566726931 0.7608479948907404 -0.1495308862143439 0.6309959266538949 -0.024392279206442876
1732806456.977077 -35.07625049135112 119.91351561238695 -318.8750404195142 0.8035258243884247 -0.11236050156003621 0.5822131338933061 -0.05243313792073696
1732806457.377085 -35.56116481094105 119.80433544658388 -318.67179152558595 0.8349737117037588 -0.10608195740253223 0.5386387442636592 -0.03786584549913001
1732806457.77707 -36.18691150042494 119.5822160694813 -318.25547482053594 0.8693815111859002 -0.09127353381811323 0.4849264456555077 -0.026292058428166322
1732806457.977061 -36.44892219993825 119.45381285616804 -318.0352129702958 0.8938769345660785 -0.0699543282664103 0.4422274358691883 -0.02291970270550884
1732806458.177066 -36.67089778009735 119.36027641883811 -317.8438794642609 0.9059250007916494 -0.0634753861522576 0.4182796638967814 -0.01768872702789899
1732806458.443728 -36.90192951322289 119.23919988059971 -317.6452062923493 0.9066283292762337 -0.06014810580091169 0.4170175924046233 -0.02244115744338895
1732806458.77706 -37.195830712675374 119.14898014086981 -317.49058052933367 0.8916888697587855 -0.07185144613310838 0.44600018181382484 -0.02849854485611294
1732806459.177048 -37.500843566417124 119.05500306490887 -317.33685071185533 0.8547019033297654 -0.0952774257639959 0.5091735765510262 -0.03389893105245234
1732806499.442599 -37.8287984168769 118.84263432616912 -316.75158643189457 0.9443708483240412 -0.04137989279639315 0.3257881527405007 -0.017705503150772517
1732806500.642665 -38.10438504217664 118.4924467121966 -315.88724024487954 0.9770508212869576 0.010491899587096369 0.21241475604892718 -0.011898910799333383
1732806500.909318 -38.189918127690774 118.40269066742006 -315.63401549488145 0.9814655722496746 0.010082159131485647 0.19125170892129287 -0.0068164793369611485
1732806501.442444 -38.267736684448444 118.20433884023248 -315.0648462919781 0.9909759541979715 0.03389357089331952 0.12959249674498177 -0.004865063300846081
1732806501.909107 -38.26981878487657 118.06796210047267 -314.6749451236535 0.9957171531874207 0.05255141089770961 0.07603704362183933 -0.0020169427976571793
1732806502.642796 -38.30109086087896 117.87821596618677 -314.1365671742771 0.9957607956777215 0.052497952447266946 0.075409558248689 -0.004219159259035795
1732806504.642352 -38.46932411526346 117.70234892436933 -313.67075603304227 0.9890486443197524 0.03537480742597585 0.1431222339621708 -0.0068868218005657365
1732806505.242341 -38.6297419294816 117.54330971644983 -313.22308570628076 0.9821921010069026 0.016016378948670185 0.18689026686834928 -0.010685526421103018
1732806506.508998 -38.7944483348746 117.31360320408609 -312.6518525205113 0.9844958739490669 0.0218297776928469 0.17312477011989655 -0.017864740526435028
1732806507.108988 -38.97230795779327 117.11549910213982 -312.11491699237865 0.9838456011755068 0.020377910592200687 0.1773948877349435 -0.012791700942753056
1732806508.042346 -39.230832873373494 116.78813348774507 -311.30681759234966 0.9835053970843942 0.015853008661543697 0.17907340669518482 -0.019963242142151814
1732806508.642252 -39.408614442856425 116.59206061866523 -310.8381415515479 0.9834348879937472 0.013011753622709598 0.17973474366914646 -0.019543215256804254
1732806510.109108 -39.873785872024726 116.13539773792473 -309.6980412290455 0.9821570956330177 0.011225440793030565 0.18661822858421334 -0.020373162170064307
1732806511.442172 -40.25266953467647 115.74261852511087 -308.66402656318365 0.9818750545133967 0.01253206273312886 0.18850163971914582 -0.015213696170253904
1732806512.442583 -40.4493481293291 115.53897344386317 -308.12140424636345 0.9840056419508383 0.015370501391468396 0.17643432111760565 -0.01917223585457094
1732806512.908812 -40.60429019665713 115.35926020592932 -307.68819053838655 0.9843572114939305 0.015962775510815444 0.1743943470969761 -0.01930496512569623
1732806514.042255 -40.95613551253799 114.95641111546979 -306.65715954538825 0.9843431064446697 0.019546223703671588 0.1740735909316889 -0.019620878520868218
1732806515.442136 -41.4220157395194 114.46833988324647 -305.4131739778156 0.9851837455453148 0.020387909663287837 0.16877314019537587 -0.02264835096553454
1732806517.708658 -41.839587186042685 113.96144939682465 -304.17072714208564 0.984279284985018 0.028385333862815696 0.17314305636599167 -0.02024954328178791
1732806518.308676 -42.00106450495094 113.7416703631186 -303.6099658315905 0.9854331544410837 0.026838959034799114 0.16681848785277825 -0.019307006933652355
1732806519.442091 -42.34622560583161 113.37130790461381 -302.69290589724744 0.9793091908857663 0.020412668369942943 0.19993263271647746 -0.023743925365087595
1732806520.908718 -42.81183088555154 112.8853434578688 -301.55336977218394 0.9763070407938053 0.020792279443793096 0.21435857501803443 -0.021039118997997992
1732806522.975218 -43.43124605337974 112.25444392184734 -300.05365148126936 0.9801022804666539 0.024391461420185227 0.19602793647518624 -0.01943256429636563
1732806523.575321 -43.61370796167447 112.06819122106576 -299.61852356434446 0.9814135681810839 0.022285623533457005 0.18942858420805997 -0.02115586582317021
1732806524.57515 -43.87753729822614 111.75065350063527 -298.9017014524566 0.9830711359736091 0.01945888344459547 0.18055851134004827 -0.024312907134138893
1732806525.175096 -44.07020537442101 111.55604939294554 -298.4608838803491 0.983454017517614 0.016872153832426816 0.17823624866714047 -0.027665240186649367
1732806525.77521 -44.234697150301265 111.3596000598237 -298.01649430390563 0.9838206898962635 0.01695500484706254 0.17655387947498902 -0.025260751869398034
1732806526.241736 -44.348523885152346 111.20210898779163 -297.648064499708 0.9843148041879008 0.014199616600817266 0.17419996324391257 -0.024023112844584818
1732806526.77522 -44.52153129547272 111.04365320469856 -297.22513489197917 0.9843538669692921 0.018335763860852793 0.1740572350600856 -0.020379972263928195
1732806527.241715 -44.667821437098866 110.88904863747217 -296.8439579013469 0.9847979329080057 0.020824843615744108 0.17164532599284993 -0.016650504295883092
1732806528.375176 -44.97257780556156 110.50874733865078 -295.9217946306361 0.9859439661830243 0.023892327558114285 0.1646652160722621 -0.015133368660631778
1732806528.841651 -45.077105844381265 110.32989976195755 -295.4786204694468 0.9862346940342128 0.025036746561093347 0.1628080955386968 -0.014415742503977905
1732806530.441653 -45.61050316832011 109.88607636671709 -294.3763707094675 0.9711558298211594 -0.004963255525937758 0.23736711030814586 -0.02210373821143727
1732806531.574889 -45.98920408346018 109.51836236991005 -293.5280324976801 0.9729759548591869 -0.0007275675471669528 0.22988380313887283 -0.02169559784208823
1732806531.974903 -46.14416847675209 109.37956075665335 -293.20587220117534 0.9730002593715816 0.0014228099771167219 0.22950679878411764 -0.024394675371284705
1732806532.574942 -46.29567140234704 109.19796073463466 -292.7130509736656 0.9875988128106122 0.02475578874371261 0.15430121313750414 -0.015062253584387057
1732806532.975049 -46.34649480496782 109.06952947336802 -292.35484871843204 0.9943491908567658 0.04733143968284445 0.09405706527379348 -0.013516283961414024
1732806534.374981 -46.39006528437584 108.86479525085409 -291.7926323846176 0.9947730511247238 0.0501567962593781 0.0877296219855267 -0.01464192512204074
1732806534.774801 -46.48126829968544 108.72370480222793 -291.45090490153905 0.9914028482290473 0.04668732283588286 0.1200482453128054 -0.02300228699644884
1732806536.174955 -46.67763245347401 108.46346980220191 -290.87068028224905 0.9818920634466773 0.02948648137936776 0.18250172828493463 -0.0413719993389515
1732806537.04152 -46.8915342237591 108.18679890308933 -290.16993648752396 0.9831544691640999 0.027244942503744953 0.17921077403325536 -0.023420105487080102
1732806538.24138 -47.244881128695134 107.7555303394846 -289.13255470407034 0.9843450843774013 0.026763750642901724 0.17213844313983526 -0.02677336189134747
1732806538.575037 -47.3710947497687 107.61881668974625 -288.79121218709287 0.9822680281704878 0.02443172616395038 0.18396073818001832 -0.02666567829578315
1732806538.774838 -47.47035788347437 107.54210092311668 -288.6315995495821 0.9764109651553553 0.012444980018057385 0.21312006685880194 -0.03235099223884197
1732806539.774827 -47.94353289637753 107.22397766910845 -287.9683590793117 0.95365304245446 -0.01598164906329672 0.29900012685520555 -0.02982256949259286
1732806540.441516 -48.18597121669045 106.96661597911559 -287.41047688879405 0.972235175905454 0.008862022841486628 0.23213540999765114 -0.02816697904408803
1732806542.241553 -48.81156539759729 106.3076270755095 -285.8507488471211 0.9781682737202912 0.01972660790301123 0.20496308311044978 -0.028068198901340005
1732806544.041333 -49.37786225922675 105.67652599539277 -284.32654803668606 0.9818705734908891 0.018864578722351054 0.18631583825989861 -0.029337910556343345
1732806544.64137 -49.52773008301983 105.4727213098754 -283.8366001823214 0.9825650115224047 0.018987255227955382 0.1826669549084682 -0.0289528211985138
1732806545.041343 -49.63512432423448 105.32050497999448 -283.4808026259482 0.9827079848699981 0.02217076094421536 0.18202886897784926 -0.025670307566272765
1732806546.041262 -49.87379439308178 105.00422822087414 -282.7036100586034 0.9833408139153822 0.028765272761782062 0.17773509280550195 -0.024972776309284087
1732806546.441251 -49.98624267708748 104.86225998179059 -282.3845193949628 0.9842460692571687 0.028553107315333812 0.17208607985887064 -0.02882319089306616
1732806546.974583 -50.11223906405917 104.67103292636973 -281.92144488023314 0.9849147298230713 0.02601330008070807 0.16847478020327256 -0.02970743395038314
1732806547.374608 -50.25008917653064 104.53118830077189 -281.607359994794 0.9805899587264069 0.019157165131607104 0.1921821332468468 -0.03379886876443374
1732806547.841212 -50.43358345273109 104.3889477168719 -281.26760427525846 0.9749188937457286 0.009134344307146216 0.2197666433158357 -0.033946087512017824
1732806548.174586 -50.60682325513284 104.29191484872977 -281.0435167091294 0.9581967479586679 -0.01625990305729849 0.2823762019689953 -0.0431078683718588
1732806549.174516 -50.963697992267555 104.03118369938014 -280.51080981533073 0.9606196807322793 -0.02396399360880788 0.2742201494913229 -0.03793238211722642
1732806549.57452 -51.01270955462655 103.91463184035558 -280.199232031945 0.975721101197737 0.0018401805639592743 0.21734812418302374 -0.02692098302604287
1732806551.174484 -51.2221580876857 103.56614188264109 -279.37410329685986 0.9891399948429 0.033440078530467356 0.1414078290862029 -0.022082971339725418
1732806551.574475 -51.312272281671255 103.4160772759805 -279.0250203149515 0.9893686255821684 0.03992038648722815 0.13783302014274337 -0.023625071739387847
1732806552.641073 -51.461255261486805 103.07193864461873 -278.20787512977984 0.9900424263554655 0.04970846362792341 0.12912046561873625 -0.025941627133523992
1732806553.374615 -51.57547994045164 102.8588229741049 -277.704943124635 0.9906617274303113 0.049713290581839535 0.12309203882011195 -0.03108505305488848
1732806553.841154 -51.676122231700276 102.72052426147002 -277.3827649377691 0.9905323501436476 0.04381330299261054 0.1276481324666265 -0.025139850388631358
1732806554.507754 -51.70441620560413 102.66423660752328 -277.1880303711766 0.9905356323286402 0.043921127040079326 0.1288158013596837 -0.01779283583054636
1732806558.974234 -51.965732522485105 102.39616741697016 -276.665261224298 0.9829774189791386 0.03339825295532674 0.17537759756310692 -0.04338950045386426
1732806560.50766 -52.215901023701 102.0543371029263 -275.8614627732479 0.9831402070039927 0.03632685388528859 0.17632177898751408 -0.03203628120774337
1732806562.374176 -52.520088174618834 101.56785402363923 -274.7358141769349 0.9844083788574389 0.05085693673623826 0.1650889665318315 -0.033156428494743546
1732806563.974085 -52.75623599613155 101.12784645411251 -273.6849510514208 0.9879862332175825 0.054378601704983806 0.14016287844060832 -0.0357846078137895
1732806564.907384 -52.937775982733086 100.82343871491155 -272.94417389392896 0.987775473841781 0.0419346045232347 0.14826919870857072 -0.023608196340322428
1732806566.174039 -53.133415881436655 100.67905116789773 -272.6887745205432 0.9705821465654805 0.014989026184163685 0.23563990458059378 -0.04711115824985974
1732806567.512914 -53.49834229522973 100.32603155806571 -271.9645658067051 0.9689662260481203 0.004177261268115489 0.24406909437609692 -0.0389522841023806
1732806568.10731 -53.73033481193403 100.13205939097966 -271.52783073110345 0.9676496715258466 0.005459484493414358 0.2491736194201801 -0.03920222710554194
1732806569.04061 -53.99541429383768 99.81244018517037 -270.81722586056753 0.9798648366560425 0.030868694215095964 0.19388216752074985 -0.03635561469619011
1732806570.240571 -54.2131169571258 99.38191689114976 -269.74651200092393 0.9924436499716285 0.05848432172104648 0.1057895474635514 -0.02106554986886917
1732806572.907381 -54.558498954556455 98.7043294737172 -268.16206261345803 0.9912890899245367 0.05743847104525563 0.11503473793868238 -0.02852667712766014
1732806575.307085 -54.762720258455204 98.32124903354547 -267.20455786276193 0.9846873902636232 0.02885850735165772 0.16816350311583989 -0.03576263733365013
1732806581.906869 -55.96799432924648 97.17519844662098 -264.9205877661358 0.9768474800876 0.028443333060880812 0.2095274947283864 -0.03253008459472361
1732806586.440079 -56.83974442850886 95.97418740103019 -262.312760200203 0.980906716585506 0.03319066533007245 0.1878443528229166 -0.03787997102597357
1732806589.84007 -57.477152980616786 94.95019747765569 -260.1439066617128 0.9848746372307996 0.04866641619011664 0.16235053069366417 -0.03599769517895234
1732806594.039828 -58.26463873553481 93.88558456936998 -257.71516282178857 0.9883885132055843 0.043427688651962615 0.1418382872904059 -0.03292541693171436
1732806596.039837 -58.68712746981882 93.4994758773175 -256.918646514875 0.9652322960496722 0.006833965524973163 0.25602973101946097 -0.05223684917741526
1732806596.773152 -59.059462817914024 93.23478981962896 -256.41124315492124 0.9468266192916992 -0.017139916139108903 0.31572623464801486 -0.05951908122932214
1732806597.773336 -59.4201503388304 92.89551265799388 -255.7612628090584 0.9684915256126954 0.0044713533981356746 0.24336557868181782 -0.052700729862562565
1732806599.773017 -60.0518378176633 92.20460655716964 -254.27756594403687 0.9785829869484423 0.01733407045974244 0.1996560059684913 -0.047035592236848535
1732806601.372976 -60.321094073521266 91.57291180162197 -252.80380516589162 0.9889194244430928 0.04569740163195624 0.1349902433991188 -0.04156625590880805
1732806603.972892 -61.11341717237298 90.49151493611117 -250.4655470083228 0.9837489968274399 0.024242384673430775 0.17262450575607202 -0.0430232267365317
1732806605.772858 -61.536751901057336 89.8386188162873 -249.13975800307938 0.9866755803208949 0.04304822585812802 0.14788605870347937 -0.05242006381190275
1732806607.306404 -61.93009609055418 89.12356609759279 -247.4467210072916 0.9901146502566992 0.051311030891823484 0.12480576575864438 -0.03825804868614022
1732806610.172713 -62.58642056869233 88.18137024124282 -245.6019138393338 0.9733826006592597 0.009130783086214962 0.221092731319071 -0.059673659950782464
1732806614.305914 -63.065110735085675 87.25742209335485 -243.4983925908414 0.9867625584743673 0.04858321788906183 0.14831638265373825 -0.04406330411095497
1732806617.106041 -63.397501719534745 86.45375539608712 -241.73571196764308 0.9895127394434045 0.0488414755524172 0.12798341362086071 -0.04581805957287293
1732806619.705834 -63.74353786308822 85.7880087696665 -240.28368187795508 0.9866970987356507 0.039101925578825275 0.15110203945126557 -0.04547580055750167
1732806622.905505 -64.6017511767863 84.90447954352597 -238.50186921080896 0.9749467642167172 0.007380594266472337 0.2163711730479137 -0.05106710531737864
1732806627.305564 -65.10657617175721 83.84464862923747 -236.23475906768783 0.9918436001783152 0.044364244047101306 0.11146382681379509 -0.04305696166094288
1732806629.372218 -65.41186312843237 83.11872430776347 -234.5858061252128 0.9932038400746189 0.05218202046843394 0.09424835079788951 -0.04405016654611914
1732806631.438788 -65.52166016425295 82.44478243026263 -232.9187379780113 0.9950387462628973 0.05463220261254572 0.07646452452795943 -0.03265566355130637
1732806634.638794 -66.2050712877465 81.3964554216709 -230.77106314088724 0.9805289670671714 0.011547863905639489 0.18971634564844234 -0.04936901634834752
1732806639.305325 -67.22205829915364 80.080220495809 -228.08618162236343 0.9850129364749942 0.029617497405956237 0.16498248569248133 -0.04065831082383302
1732806643.771937 -67.81494965132845 79.00505626634197 -225.5852179979106 0.9916734911276474 0.04935895910723675 0.11392116915252298 -0.03419572150834389
1732806645.905357 -68.11481205344397 78.40209969985757 -224.1084424590739 0.9920480422255632 0.06369488755417108 0.10385854460363003 -0.03157603408765184
1732806646.638301 -68.27457483126733 78.14979968972172 -223.4998796838147 0.9887405285625768 0.04901035548278878 0.13714654423965442 -0.0343653551759283
1732806647.038294 -68.45836303274658 78.00145694976753 -223.18978200543845 0.9753252747742625 0.0252611000808046 0.21489143115690162 -0.043865225686818304
1732806648.238301 -68.87058624771532 77.65146818572393 -222.4726057875764 0.9641064218881666 0.004978566184245572 0.26113527259280495 -0.04777437137866855
1732806649.038356 -69.20135155174005 77.29258507553224 -221.72659475811483 0.9746999153856973 0.018240522978905247 0.21936276278650885 -0.038824432658318545
1732806650.838199 -69.40538038242761 76.82119475235673 -220.66175570149488 0.9875263736089629 0.049307937987395016 0.1443864752492708 -0.03889645797825392
1732806653.308186 -69.875152267419 76.31839809388572 -219.6127076774367 0.9774204862402812 0.024395193340039912 0.20524014057561632 -0.043938050892313195
1732806656.304713 -70.42669222804973 75.56281038982114 -217.95087416553105 0.9850037906819572 0.031920347776811915 0.1655099772144917 -0.03681129150737322
1732806661.571199 -70.40733672106983 74.7922876559591 -215.9353667670117 0.9955731618329812 0.08826312100318826 0.025820833301946497 -0.019416113829768596
1732806664.437775 -70.5156253940159 74.30913310862844 -214.72540265209608 0.9822146426784658 0.04325191429166731 0.17539114205616704 -0.051201708041366346
1732806665.971179 -70.77124294866469 73.89700339438497 -213.8262969235634 0.9857473656406717 0.056173748798746044 0.15073357868407752 -0.0492547392182955
1732806667.837711 -71.0329457627496 73.32210781850694 -212.49435413984838 0.9903132582521713 0.07119016109951466 0.11417235795229262 -0.03429699946361363
1732806668.771029 -71.09140673430697 73.0364846449499 -211.82773778954208 0.988619643730131 0.06772016378479928 0.12711345573947744 -0.043443628046431204
1732806669.371089 -71.20568160397782 72.77972433511525 -211.20058411363064 0.9889670310544774 0.0652153656411093 0.13055189261290945 -0.025443484564347394
1732806669.771009 -71.2771422336663 72.59711920933296 -210.7582707138002 0.9891023720932912 0.06386593039128001 0.1292749654444217 -0.029759431513792678
1732806670.171013 -71.3363725782869 72.41732602367475 -210.326517284495 0.9892299026330379 0.06805457407324285 0.1260729039138631 -0.029973281152816396
1732806670.777445 -71.52237724813257 72.17246624526865 -209.78606643334888 0.9813125738914562 0.05442062728567466 0.18123137578849965 -0.034917274781501514
1732806671.170921 -71.65525645848975 72.04760097476711 -209.50082980810254 0.9659921995407671 0.027063278509543976 0.2530316364805954 -0.045843650843466595
1732806672.570914 -72.17774975976704 71.50098809560942 -208.37937306763158 0.9757633991599365 0.03346943642011788 0.21256177001534815 -0.039787933013773785
1732806673.83789 -72.34900715667487 71.13794078069145 -207.55934562991678 0.9837004705734727 0.05557396799304103 0.16685725493738274 -0.037464313016500744
1732806675.570819 -72.40401287287467 70.71510718405457 -206.5908800632923 0.9927645946219357 0.08781573943124486 0.07597409952564116 -0.030574364663155308
1732806677.370757 -72.58025182227689 70.32030946430287 -205.62369230578457 0.9857210058101442 0.0706262512919914 0.14470708311734234 -0.049253339264955065
1732806678.237467 -72.74620120770827 70.10120199224535 -205.1780786424052 0.9635763751206847 0.030450543305178098 0.2594322237712852 -0.05734330816047149
1732806684.03728 -73.68725843793189 68.90471868019652 -202.67718353913213 0.992514822351226 0.09119537077658132 0.072257347369141 -0.03710266180763227
1732806685.370536 -73.73433819630155 68.46548692601053 -201.54461893938853 0.991812740071206 0.1096266388133422 0.05666402145001424 -0.03284322408119943
1732806686.571169 -73.83260863540801 67.99686926506108 -200.5257639550049 0.9902285243251999 0.09509815757628971 0.09516728406657134 -0.03670147247351954
1732806687.503798 -73.8951571492895 67.6570126144161 -199.75422595346555 0.9857453480434395 0.07403090873003892 0.1450403694087219 -0.04229449852054803
1732806688.770449 -73.95340323008773 67.26610428286517 -198.81734246358377 0.9926901314840404 0.09332417000184123 0.06990219875991745 -0.03115420928534344
1732806691.970328 -73.9374066222108 66.40770291705614 -196.84992592487504 0.9927095215541036 0.09991287935820095 0.04696390616012313 -0.048369555221847924
1732806699.903244 -74.05046458759293 65.33417653673943 -194.37138264678478 0.9929746924443181 0.07443223997670746 0.08458727513110112 -0.03613993225031118
1732806706.236574 -74.46848932937246 63.79129034822547 -190.75060549926002 0.9936312872563547 0.07643315702978111 0.07559722410161966 -0.03376236365940465
1732806712.436375 -74.6803676181638 62.13613256651407 -187.1677071891309 0.9948715037420558 0.08197678917085897 0.047664149172005614 -0.035194118300734455
1732806722.836067 -73.91920620676582 59.89355695539901 -182.19955142183548 0.9729362750643404 0.17900738951969608 -0.14191956604984537 -0.034787870493800464
1732806742.168998 -72.17367810305873 56.66713795884957 -174.40781516242913 0.9920937219134207 0.11547819292435241 -0.014312118003614862 -0.04701060707067088
1732806772.30138 -70.96972726772641 50.534839779780526 -161.09921187458943 0.9905466224676557 0.12802073804408826 -0.0044114870142887294 -0.04907767446496651
1732806824.366473 -67.63194353421099 42.1726761621504 -142.5927220304118 0.969957716851674 0.16522720109767952 -0.17345890113421197 -0.04235574523753064
1732806885.698039 -61.4927286583357 39.07831393760588 -132.85523590361203 0.733013221971552 0.39800447217783164 -0.5475748552323413 0.0666770909579171
1732806886.497935 -61.03429389642598 39.180696603382984 -132.83178748492412 0.7082506728518576 0.3769838975126776 -0.5953530333994937 0.0426484588591828
1732806887.364567 -60.53495749332781 39.29774664014474 -132.812766319925 0.7016986573819382 0.3698333169385598 -0.6077987005360211 0.03772335532972085
1732806888.897883 -59.957538802347386 39.398831565322126 -132.80707716378492 0.7001960249272279 0.36990192214531853 -0.6090158277121792 0.04469693798636525
1732806889.297677 -59.577252791552525 39.44373418308965 -132.81707956623353 0.6997133201202533 0.36400674253421045 -0.6135069471679041 0.03885340155820492
1732806889.697817 -59.216042072338404 39.49095650017878 -132.8250952000687 0.7022698240441322 0.36170621258224434 -0.6125389688339548 0.027959286047169667
1732806890.164493 -58.839822753223 39.53895361711933 -132.83351593946432 0.7017857061660476 0.3575321247068805 -0.6156552108759444 0.025224268966653036
1732806890.697802 -58.45667655105992 39.5564557689997 -132.87047447204162 0.7006596040184778 0.3443850132907608 -0.6246858515027979 0.015577831993462613
1732806891.097793 -58.23246315493947 39.54826033725854 -132.8874585425852 0.7037896362984176 0.33473896552898574 -0.6265627738231597 0.007004516725198563
1732806892.164254 -57.713513561148694 39.5604323676572 -132.91680867128017 0.7038279038898765 0.3122546910126228 -0.637908207886989 -0.014014562319396665
1732806892.764418 -57.28056789708784 39.58747577677153 -132.91351077641158 0.7105656814996555 0.3077318906032974 -0.6324168336061535 -0.02112922980653913
1732806893.564421 -56.698725010433456 39.69652913434706 -132.8767989568405 0.7139479751111345 0.3355258532697153 -0.6145181343548276 -0.008255493407569772
1732806894.697841 -56.285087318187834 39.80809865935101 -132.86506434961953 0.712846408445223 0.3540414021853594 -0.6053575779320842 -0.006847360482075946
1732806895.097492 -55.89474409739776 39.912297344956066 -132.83471277710214 0.7143703580393421 0.3678960739031637 -0.5952026745110169 0.007826021742403105
1732806895.564341 -55.243653277914476 40.07401375979596 -132.7800481025042 0.7136882469033843 0.36292683699214406 -0.5989992556007687 0.011536421133803178
1732806895.764333 -54.887272758569914 40.166368919741686 -132.7497429370788 0.7117829629481746 0.373710319107577 -0.5945240017463224 0.015710582317948495
1732806896.097636 -54.336287007130124 40.33736302307216 -132.68507389430533 0.7015054000685373 0.38267944743324606 -0.6006531608228888 0.025737027418483105
1732806896.297633 -54.1049312390697 40.402017970151014 -132.66916541705672 0.6992669485161362 0.3850836604449068 -0.6017580525273433 0.02497109108112759
1732806896.631048 -53.987489121412 40.4323105650651 -132.663808041518 0.7001443581009975 0.383153445528312 -0.6021192651538895 0.021064318874944282
1732806902.630857 -54.00840726006339 40.58717685924432 -132.99977278312534 -0.4016524644037172 -0.41116593075713115 0.8150658178116847 -0.07270204851317562
1732806906.897144 -53.88210408106839 40.95517777988731 -133.62268134940754 -0.21388024689477186 -0.41763998597720947 0.8768926433482377 -0.1043617465498162
1732806907.497278 -53.729675205895965 41.23026965550999 -133.99310513820052 -0.18411512496978072 -0.4326746966322337 0.8748408956442688 -0.11639430810782855
1732806908.297323 -53.5486114740854 41.60492835768404 -134.45136524941714 -0.16030298358616457 -0.4294673647695451 0.8790305512304947 -0.1310191820104562
1732806908.830576 -53.53333207603932 41.77440106706384 -134.7064104796135 -0.05778010708900761 -0.4141456025005094 0.8989767677116723 -0.13032900778010523
1732806909.89725 -53.57339738106953 41.96171173994067 -135.06390411791384 -0.0033671837881984056 -0.41498798738416404 0.8998831096212249 -0.13410451677185192
1732806910.497214 -53.616534346921156 42.26739321450062 -135.5494942712036 0.006993371483041763 -0.4275944205670825 0.8969512524622159 -0.1122165538664575
1732806910.830529 -53.641115842824114 42.46761931357672 -135.81529218582722 0.01582800324846663 -0.42868450939317865 0.896304141548873 -0.11232965575409787
1732806911.230658 -53.714946753734644 42.650337331336935 -136.15232864680786 0.030867678777384805 -0.4242694383177195 0.8969672299413823 -0.12038446132182645
1732806911.630539 -53.76449465017464 42.79370248756454 -136.46045145043564 0.02580876749352739 -0.40786971329900407 0.9055599213341544 -0.11374283875098805
1732806912.030534 -53.803923648826434 42.982792807205826 -136.7742016924036 0.011258434687336071 -0.41000312822030366 0.9050593966732808 -0.11241962013524615
1732806912.297159 -53.82236873929093 43.10040028830498 -136.94005857628235 -0.014496807290356588 -0.41840622933388893 0.9018953634265574 -0.10635235428828718
1732806913.43048 -53.87725340060073 43.462127406975036 -137.44832711883268 -0.0033496165234346365 -0.4352898725489783 0.8954918051363092 -0.09276817266258183
1732806914.898077 -54.144206050878374 43.74590985446342 -138.05578832460415 0.09692355575974164 -0.4008385685891723 0.902799408494821 -0.1220143200270893
1732806915.430429 -54.27416182338223 43.903039307943544 -138.4315313481372 0.11203650878765571 -0.3888489814753482 0.9051985537515727 -0.12984555668300365
1732806916.430395 -54.439805052102905 44.231825391603955 -139.0694222553988 0.014657849978382464 -0.4030605570683502 0.9079354215831698 -0.11393245808089197
1732806922.363528 -54.364164830671854 44.475487958716485 -139.53895058875653 -0.1052472520377186 -0.41590231794658744 0.8992309600069882 -0.08562685577594852
1732806924.030205 -54.08428679403574 44.734581196430945 -139.93371086873285 -0.22474251075308296 -0.40655510510168585 0.8818652985670864 -0.08073007840539474
1732806924.830106 -53.77134979815869 45.03446690141189 -140.35473087196024 -0.2550210454754526 -0.4083828785064949 0.8719963170548631 -0.08837484908112303
1732806925.363439 -53.555781634613076 45.23634990851678 -140.6217138904889 -0.2725682023676864 -0.4194185395400413 0.860841686335006 -0.09352141367649401
1732806933.496367 -53.148251828122774 45.624035557015546 -141.17900584417586 -0.2698153908046669 -0.4003826162819288 0.8721290407333278 -0.07927390348486683
1732806933.896532 -53.02755779697021 45.76589121726022 -141.37983458085571 -0.27105793717393606 -0.4062475169463544 0.8690727705243178 -0.07875956578802737
1732806934.29651 -52.896823131462085 45.92605436031484 -141.6020457498654 -0.24746539947840346 -0.4003409463263303 0.8786219339878759 -0.08069386513817067
1732806935.29648 -52.745538123955626 46.20948262212385 -142.1333453122656 -0.15766732469805333 -0.3875085363704574 0.9038633489047927 -0.08949410857256211
1732806936.496285 -52.585233497142085 46.60440349658488 -142.84029905486207 -0.11717333665644553 -0.38858138132585374 0.9093545149014901 -0.0913744247148083
1732806937.496476 -52.362405550104526 46.908904384271665 -143.33924341927846 -0.17490564925170127 -0.38682800681971 0.901453280337411 -0.08458185602510908
1732806938.296412 -52.15327656631933 47.13413568787262 -143.68829082640178 -0.22621454154366227 -0.3860049950458525 0.8910171956207972 -0.07691217135078324
1732806939.096193 -51.89712601475232 47.41294099522333 -144.11344898370223 -0.24509531810030777 -0.38844531409814337 0.8849513613457032 -0.07680892560692575
1732806940.296308 -51.6675897070212 47.67622314916057 -144.50644796387533 -0.2405938083018094 -0.38798752235712064 0.8856830637503822 -0.08453290772090781
1732806940.963022 -51.50197512143821 47.9053042243012 -144.912197480076 -0.20592235898573139 -0.38551910931418354 0.8951183184503446 -0.08794426870454665
1732806941.563161 -51.37815344640509 48.13028582709631 -145.32707252782654 -0.17751409676461355 -0.3793606858020951 0.9042664890107708 -0.0829236538614955
1732806942.162781 -51.25687835500492 48.38735646122693 -145.77334387929125 -0.13891619742272807 -0.38516665332307853 0.9089246587478819 -0.07877121289884707
1732806942.896245 -51.163639026190324 48.685309171643695 -146.3208491302732 -0.09685610570276372 -0.38165817986875616 0.9153275806904408 -0.0844473123003207
1732806943.76299 -51.07469910448485 48.92991338740081 -146.87423449527842 -0.07907823496362021 -0.3594860702401082 0.9253800262620248 -0.09048870124859128
1732806944.562882 -50.943361104650975 49.171910049011345 -147.30462220171196 -0.1130964481356191 -0.37198165297973224 0.9167819816512142 -0.09137637213878787
1732806945.296055 -50.786660336131966 49.38745886004381 -147.65913398175272 -0.15295958052208783 -0.3797750655153105 0.9078100642695188 -0.09085787555474072
1732806946.096221 -50.55216203157983 49.635785649422324 -148.0602935509466 -0.2094413884003745 -0.38479523650485103 0.8945486363290149 -0.08859835229844179
1732806946.962931 -50.22745579364725 49.95094252906101 -148.52014076220865 -0.26845788598258147 -0.38897168422949085 0.8774010262316376 -0.08245502706994626
1732806947.562808 -50.05392515253091 50.123690091727404 -148.75670542616388 -0.26340461352483 -0.3948101636891651 0.8758481537299468 -0.0873667890528939
1732806949.49606 -49.80133024863645 50.498963810163715 -149.3660544224547 -0.2077281508200571 -0.3931371946373969 0.8894400696503676 -0.10577581977874932
1732806949.762906 -49.72406859830703 50.60181836391124 -149.57105695990495 -0.18704846722181934 -0.3773971241916163 0.9006671294337532 -0.10669115951862526
1732806950.496068 -49.57471466973909 50.93877667037928 -150.18091160285655 -0.12505724238827473 -0.3765310260664797 0.9108546292075786 -0.11370539559180441
1732806951.495991 -49.45012297937714 51.41252529907305 -151.08672723070202 -0.09924108178597624 -0.3848278989427064 0.9121375263602614 -0.10031863678636593
1732806951.89596 -49.392907594091604 51.621410378522214 -151.4708721772146 -0.09781999281913002 -0.38781318680060484 0.9117282563605947 -0.09372175682355716
1732806952.095956 -49.352984128377486 51.742758047122194 -151.65831936892852 -0.09250974715364021 -0.3954097376739789 0.9092404441751442 -0.09151448360970711
1732806952.695957 -49.26094108649304 52.08776646910546 -152.26150757900285 -0.09601944056217948 -0.3996106112454936 0.9075909150469379 -0.08585078531027551
1732806952.962769 -49.18847215750876 52.231705866159075 -152.509763333518 -0.1161008804088216 -0.39699972229964475 0.9065550180695052 -0.08408213410291539
1732806953.162711 -49.12811154963191 52.33453985693208 -152.6776804008329 -0.13202379514395987 -0.398986365457184 0.9039366156589652 -0.07923504632464415
1732806954.362576 -48.941199622974736 52.61721252517757 -153.18777753381173 -0.16447910974400728 -0.3849055490411378 0.9056099598390165 -0.06830037639379573
1732806955.295976 -48.645899529061005 52.97519893659437 -153.81199987822637 -0.20444273712417882 -0.38214871040614984 0.8991976217088786 -0.060076347135849674
1732806955.695899 -48.503402676787964 53.156435924229264 -154.09499996474776 -0.21081933358598015 -0.3849043596279796 0.8964376365686351 -0.06167176233073056
1732806956.495895 -48.2007925039393 53.52746695365073 -154.68824631930653 -0.21829871568206183 -0.3910322235150186 0.890308961856178 -0.08239795715330234
1732806956.762536 -48.078344484129936 53.67106520815142 -154.89814874900782 -0.223831651421773 -0.3975331148651452 0.8856352481685763 -0.08670075898630673
1732806957.495816 -47.70684618010909 54.09180639993903 -155.5125576554884 -0.2479946093480326 -0.39586558951403006 0.8788933292128885 -0.09662103620905384
1732806957.895834 -47.485145683614505 54.327795196830834 -155.8334518324925 -0.24675089630985883 -0.39253770965516593 0.8797276396270935 -0.10539175368642807
1732806958.095825 -47.41630292822551 54.42308964937686 -156.0071472502256 -0.23005380832097 -0.3908430315757642 0.884705471044612 -0.10776455562668015
1732806958.962595 -47.12033383811353 54.85402639514452 -156.69225305312676 -0.2105452925771256 -0.3903761428752482 0.8899617281393435 -0.106043714074384
1732806959.496002 -46.888264638393416 55.14110366484922 -157.1451434337781 -0.21259403434405688 -0.3871872191145009 0.8914966640665744 -0.10061576354561433
1732806959.762264 -46.78384580293138 55.31168670396232 -157.398856153645 -0.21277962924017618 -0.3903212602148901 0.8899335986256587 -0.10194279396729468
1732806960.495861 -46.46658046486307 55.76627032033767 -158.05962707964852 -0.21130974548134565 -0.40318551715263085 0.8844563915524737 -0.10259883851658319
1732806960.962387 -46.248207018367495 56.05617734105026 -158.48749329204549 -0.21530631523226115 -0.40844986791915106 0.8811801782958475 -0.10165328030335623
1732806961.429058 -46.02805825562516 56.34392408193571 -158.9165403777306 -0.2202487213777537 -0.4009006182860654 0.8835750512848697 -0.10032110314512709
1732806962.09582 -45.7225070809498 56.748650475039 -159.5023139856398 -0.2260743791846271 -0.40176441315300915 0.8824747650674652 -0.09334891761143058
1732806962.628974 -45.47889778524673 57.056083754459024 -159.95086862790248 -0.22788782739719396 -0.40328736026093426 0.8810327197492216 -0.09595722958299564
1732806963.295689 -45.14974337702014 57.42940055010251 -160.51952384873553 -0.24557574602407828 -0.4001450974827807 0.8780859357999613 -0.09242047000269762
1732806963.829332 -44.870885471952136 57.69776096401056 -160.90777669940903 -0.26878414056918215 -0.3941900962277121 0.8742810276688255 -0.08945355483610264
1732806964.828984 -44.256268950234016 58.218383487378894 -161.61034507251358 -0.32582996187447644 -0.3921782481736425 0.8563394184875672 -0.08193813488666439
1732806965.095631 -44.08623316485412 58.35659564697336 -161.78938875107065 -0.32483511277323934 -0.3929429245126377 0.8560626869400161 -0.08505694336203524
1732806965.429091 -44.03929562082183 58.50466013342665 -161.9986181942851 -0.2509259433144028 -0.4009292364734872 0.8770019338860534 -0.0846139839074262
1732806967.028892 -43.886445223689606 58.80084853595579 -162.58856392399886 -0.1941158995825678 -0.38910679531721165 0.8955868738551238 -0.09401633233447691
1732806967.628915 -43.60246184822103 58.986253378979846 -162.7856356995992 -0.312414938999725 -0.3881928711904352 0.8626574277363583 -0.08674885024030075
1732806970.028784 -43.137098586094936 59.51286915047515 -163.59860507313547 -0.23797569940995175 -0.3873338960258087 0.8851720009882751 -0.09904821122173518
1732806970.428794 -43.05020261914692 59.666329212212744 -163.89008007156264 -0.16495295427251427 -0.38290384750278644 0.9033398493996211 -0.10075853775736585
1732806971.295455 -42.76011477601011 60.08715995639589 -164.52296938743697 -0.20229034408194763 -0.3955357441301521 0.8910330537749217 -0.09322118260970316
1732806971.628582 -42.59353223009017 60.24812402852314 -164.7526234428056 -0.23276687471030633 -0.39611457608449274 0.8838088251386006 -0.08828808106491788
1732806977.695105 -41.72369022039731 60.97107919458091 -165.69048366390302 -0.3017783498082278 -0.39395497617458797 0.8635918855229266 -0.08909747242912679
1732806978.628772 -41.42483286061512 61.279851512158125 -166.12988657586743 -0.292615944420168 -0.39708103957869 0.8650585244842716 -0.09152216286394765
1732806979.161857 -41.232034227428265 61.47508850356264 -166.3885061033483 -0.2734733842056575 -0.39802089920779626 0.8705053290636746 -0.09493231271103608
1732806980.830209 -40.80203798623188 61.924669167284286 -167.09433854506133 -0.2394946818285177 -0.38908403628864346 0.8854076834564586 -0.08549353283998928
1732806981.561885 -40.484746686323845 62.2794839395244 -167.54755562021063 -0.2736236098593853 -0.4060937678497083 0.8677341759034706 -0.08517847034474578
1732806982.228441 -40.07295025521344 62.61847887596047 -167.9722994165422 -0.32408435370717315 -0.4013003332726374 0.8520862371877491 -0.08874918925092716
1732806982.69513 -39.72482292077274 62.85285994593945 -168.22341486001199 -0.369338258970135 -0.3981893701478367 0.8349242155969919 -0.08908439915005648
1732806983.428262 -39.19557531506019 63.1605692778684 -168.56434472520772 -0.4004224000783375 -0.3923299679514738 0.8228690710698026 -0.09287405256270168
1732806984.428364 -39.12232833747568 63.1736321390894 -168.53298110495587 -0.45371446234490775 -0.38322923237079537 0.8004219045249132 -0.08126079541988775
1732806989.961559 -37.40444866372649 63.82192654091677 -169.00493585341147 -0.5357652623752408 -0.3607473483677468 0.760039230366261 -0.07181436194725069
1732806991.962674 -36.31157584737825 64.25285661290077 -169.3365784415997 -0.5509571368098419 -0.35608370800335715 0.7507555180093074 -0.07756789588133477
1732806993.761409 -35.9232403270272 64.40862561085453 -169.47770476143563 -0.5529482027863583 -0.3535815428245759 0.7511439293204077 -0.07078965358177239
1732806997.228331 -35.44614368487299 64.6481526235989 -169.7612760807817 -0.430397122624968 -0.3545941163014248 0.8255252853476152 -0.08677172795501222
1732807000.161472 -34.989513036525466 65.01354751924227 -170.40115652025915 -0.30189039819952385 -0.3549158165964935 0.8802111331083748 -0.09014051118474992
1732807001.294373 -34.70639217486671 65.33932034447714 -170.96199547990656 -0.264723412501083 -0.37555732238937084 0.8856829149151689 -0.06666323350151258
1732807002.094503 -34.36410372560603 65.647891586925 -171.41145360443062 -0.2999189113587691 -0.387585450228857 0.8704492204722435 -0.0463068025189461
1732807004.294293 -33.45417717916889 66.12775636394231 -172.0547248278863 -0.4048733114250721 -0.35861131540506824 0.8397816417640286 -0.04735314472403937
1732807005.494462 -32.36129903318457 66.75568192372214 -172.87435196443744 -0.38734764997342674 -0.39325837454834606 0.8316310888185157 -0.060822537091003166
1732807007.561016 -30.8686691914041 67.83804732939623 -174.13789265061075 -0.3787910293315759 -0.40608399582188376 0.8299960982938 -0.05214998803764031
1732807008.694359 -30.296069648134086 68.41533741838273 -174.84254086795508 -0.2798908523095995 -0.41821138141619796 0.8612281286929022 -0.07103845152791013
1732807009.894118 -29.869702526753393 68.85984153850619 -175.4778281789579 -0.24902341138266806 -0.4149368069256862 0.8710886219305157 -0.08378185713416193
1732807010.494257 -29.56530380712706 69.10385754312486 -175.77388177805958 -0.29223403937491693 -0.409368213491163 0.8605957523238167 -0.07994925325403011
1732807013.294203 -28.90065602782318 69.60363242797209 -176.37442455191814 -0.354744379969926 -0.4075592860588811 0.8387058013139586 -0.06800317690548437
1732807013.69424 -28.731207829958517 69.69873196347936 -176.45084784747618 -0.3913280564084034 -0.4039534234908628 0.8246710713979652 -0.0600133978122008
1732807016.694105 -27.699159427144476 70.31305557917524 -177.1078791584056 -0.41140668237804323 -0.3892581053483213 0.8211505741556607 -0.07024531072716377
1732807017.294205 -27.339262561866764 70.5415868224181 -177.34639531386068 -0.41519333490575766 -0.4003442399434498 0.8134204478935697 -0.07540662532272059
1732807018.294064 -26.738933141983743 70.8757149229988 -177.67425706093897 -0.4611126821032545 -0.39800706447684214 0.7907367929224578 -0.060834162678349755
1732807020.694171 -25.57372196555083 71.27531770910637 -177.86442339436294 -0.6141651450506659 -0.36916151506163264 0.6968098324050326 -0.03125712504317992
1732807022.893967 -23.934314858778812 71.77976344699653 -177.959339859569 -0.6499648006934085 -0.355659507078448 0.670109201556489 -0.04478538683117424
1732807023.493883 -23.495288760295274 71.89102461381857 -177.98668543276688 -0.6591754544540799 -0.3467419141620288 0.6662991631669933 -0.036099728135733894
1732807024.293904 -22.957840274676443 72.03155057379924 -177.9773153137155 0.6688888885839513 0.35045335690136226 -0.6544845925255907 0.037683119723614704
1732807025.093843 -22.400986068825734 72.17937510340737 -177.94061225763272 0.6749226414757434 0.35480505037936394 -0.6451930965186112 0.04815259550043431
1732807025.960483 -22.00357814279727 72.25322426198389 -177.94607208028646 0.6821012822605155 0.3505952210927123 -0.6411966463049795 0.026223890877592176
1732807027.893623 -21.444571703862422 72.38466581852424 -177.8934273258788 0.6917930688301875 0.34807570979440644 -0.6321067721552959 0.026583430272341807
1732807029.093742 -21.02411144709709 72.48861267731034 -177.83752884706655 0.7170373345651863 0.3568146898051123 -0.5985191087330964 0.017765541372963826
1732807030.160415 -20.182364920082897 72.66388365885142 -177.7307911100082 0.7149451805986542 0.34849002152745456 -0.6048608282628251 0.0393887302126044
1732807031.360331 -19.656057270195756 72.75775136717985 -177.666931170771 0.7157019328158218 0.3299155534177306 -0.6141561312627347 0.0416979305141127
1732807032.164205 -18.978375546484713 72.8927151715635 -177.58420960795056 0.7228196339494496 0.3323154830493464 -0.6047767063114717 0.03665149391104309
1732807032.493639 -18.69458241991199 72.92395019040197 -177.54916416251112 0.7260955636055899 0.32533917427001946 -0.6050413403565301 0.029404602652580932
1732807033.161072 -18.170779932576398 72.98098707457001 -177.4776231564533 0.7336245187849623 0.31414106953303816 -0.6024843568031033 0.011092956221060338
1732807033.893686 -17.631312261333004 73.04697175132274 -177.39644453442668 0.7412765630750936 0.3175750165794621 -0.591313208111159 0.001963617432286646
1732807034.693558 -17.19245133411921 73.08518408640663 -177.3184387247532 0.746841295561865 0.3146344309422651 -0.5858428225081387 -0.004630488614553838
1732807035.560245 -16.5785805217628 73.18640383665311 -177.1416189599132 0.755819709704852 0.3310222837197691 -0.5647544204709031 0.014603378417221884
1732807036.093545 -16.179611628058776 73.25443318718042 -177.0656012191729 0.760174104041019 0.3354844225017109 -0.5563538295860835 0.007479980549877885
1732807036.693346 -15.760883547484154 73.28274172657409 -176.95437339981848 0.7622569569663178 0.3232501142259186 -0.5607665327243996 0.0038198148691468625
1732807037.493473 -15.2059320016301 73.35018627585944 -176.78069883167046 0.763799388517255 0.3174691628288553 -0.5618705452152902 0.011194425973919661
1732807038.893783 -14.356484014530444 73.40730493279584 -176.5426749743679 0.7661728045618489 0.29808135975449146 -0.5692006784187549 0.011718541051411312
1732807039.426588 -14.059268985742314 73.44629133898476 -176.46423095798158 0.7646125814455195 0.30146084258533007 -0.5693682625349189 0.017571064308387986
1732807040.626744 -13.434934152716465 73.50027573841504 -176.34612120581068 0.7613433304482135 0.30008711248209974 -0.5747163073066403 0.0022856552665210194
1732807042.093364 -12.608695908271821 73.59969622610025 -176.1814939035934 0.7591575406917643 0.31993524740941215 -0.5668465965091304 0.0024903618061736955
1732807043.426651 -11.795249135762953 73.71417036714016 -176.02939265364046 0.7630156409913034 0.3198424286558285 -0.5616909800953496 -0.0033459398825410563
1732807044.293305 -11.10812662577271 73.7737902672161 -175.8649817442542 0.7684844724763356 0.3220542368121083 -0.5529117578817145 -0.0011278786685454986
1732807045.026629 -10.560236435141125 73.86539819297738 -175.7786149608 0.7253384387084526 0.3280478028010506 -0.6051508614877219 0.007824528743319643
1732807046.493243 -9.333124513983767 74.1505073089691 -175.71647111865792 0.6982193475187545 0.35287993602260637 -0.6225837898908586 0.018839269314424898
1732807047.426537 -8.37699023879668 74.3873625645133 -175.66379668126447 0.6891498811999601 0.371034337431197 -0.6221104486622921 0.019609980986095645
1732807047.826548 -7.990493186410005 74.49050658654744 -175.64333861692916 0.6895492630943734 0.3769897227416301 -0.6183000703766788 0.010275489545005245
1732807049.026997 -7.499989735952496 74.57102153450921 -175.63335389626354 0.6983040468159134 0.3543136961623639 -0.6219404844052665 -0.004826672769632854
1732807049.626461 -7.07378906488201 74.56880102414758 -175.60608830277718 0.7175675913595587 0.31823058865152176 -0.6180649808840651 -0.042681655095926814
1732807050.893108 -6.687884142169895 74.4546719726924 -175.6285824898623 0.7160800098808592 0.23324709090109658 -0.6477768363808857 -0.11493643583988318
1732807054.09282 -7.765583194014783 74.51599320118405 -175.67704005002398 0.6969794341839304 0.3525256967790238 -0.6244539893440448 -0.001586388167924979
1732807055.62629 -8.36342047997028 74.43283348428545 -175.69724592883182 0.6888910114077375 0.3835444779915612 -0.6145291616008238 0.026013791457492042
1732807058.42619 -8.537111687359253 74.39855461095121 -175.69768647196395 0.6767441447967736 0.3786868457484769 -0.630848855453149 0.02536448134310338
1732807059.159787 -7.183031591856241 74.65710614988538 -175.65379757957976 0.6894909582846023 0.3519740614506383 -0.6329717541160265 0.00795216957840273
1732807059.226696 -7.048974194241662 74.66597089215405 -175.65209552568896 0.6925441236645127 0.35363436690617844 -0.6287079753955426 0.007187001784901541
1732807059.426212 -6.7372264919116365 74.64119071017885 -175.64777524773893 0.7067195512958941 0.31017386135681263 -0.6344743794417741 -0.04221271584617988
1732807059.959475 -6.125050126277703 74.67165219722135 -175.63485926333428 0.7128726001507973 0.29849459221303615 -0.6311964705732694 -0.06560983089189089
1732807060.959455 -5.412949908075989 74.94568106887027 -175.4627937657405 0.7216412713120806 0.3625583491086073 -0.5895073976592241 0.016320145090486272
1732807061.559435 -4.701086222624506 74.92242821220704 -175.38164802014663 0.7494788739212667 0.3043950487262282 -0.5851780155320098 -0.05649568120384357
1732807061.959431 -4.000801171274641 74.95186896706869 -175.25446465710283 0.7553083031327301 0.31828143058040004 -0.5720358287016313 -0.03132584951901789
1732807064.559344 -3.5625961625906606 74.96735829980773 -175.11144290640462 0.7955817167060035 0.30196214416360884 -0.524428439274627 -0.02904148094059592
