1741641731.439498 0.0 0.0 0.0 1.0 0.0 0.0 0.0
1741641738.438459 0.0 0.0 0.0 1.0 0.0 0.0 0.0
1741641738.838815 0.0 0.0 0.0 1.0 0.0 0.0 0.0
1741641739.171919 0.02015249662259905 -0.24359527726930144 0.6421971011436691 0.9998089151077443 -0.0006214112185810691 0.0017468529077580028 -0.01946010339364927
1741641740.638389 0.006821320728914158 -0.5518884539135597 1.6617352791197266 0.9998704761271512 -0.008991152416654796 0.011836351085920146 -0.00617178584002466
1741641742.504869 -0.0029874518215606796 -0.7260490858444382 2.1865749796691283 0.9993632217152202 -0.017516165588527217 0.013334458402122997 -0.028080727290668687
1741641746.571141 -0.3090407002064603 -0.8664898800921907 2.869627717196518 0.9969598773091243 0.0006475557148920006 -0.07279432964016717 -0.027777135914469224
1741641748.904266 -0.14334665530226437 -1.0510541642604208 3.435868657476801 0.9995181527843832 -0.0288211329829333 -0.006105651593366557 -0.009773718161224808
1741641755.303595 -0.17341192973488848 -1.3944499920214812 4.423787515862892 0.9989887160742018 -0.04461010670893563 0.004308157255905749 -0.003594901513780048
1741641771.102007 -0.16433385057758754 -1.493285956926249 4.838906048912262 0.9991633687084723 -0.036274489832535096 0.010829120006243267 -0.015474307041574454
1741641776.034815 -0.15892274921673402 -1.7317852761379704 5.595534974755028 0.9993362257643782 -0.030652233812056763 0.018826739543963165 -0.005753461174160701
1741641787.56697 -0.4473747599298381 -1.8170582125927237 5.862379995578279 0.9993237754981127 -0.0018214490241406098 0.035174849558554225 0.01055480962325992
1741641792.766273 -0.7022804453212457 -2.1600400551647914 6.918132904688691 0.998015091318328 -0.013510723154440556 0.060110407674478096 -0.01304134770341533
1741641797.899256 -0.607638452506692 -2.4711364258412476 7.986660472750955 0.9998203672980643 -0.004690418745233077 0.018338143020209332 -0.0009724291895018552
1741641799.099102 -0.6356643070714678 -2.596422821075274 8.411853153828632 0.9996574268269883 -0.003844905325327714 0.021850043172073584 -0.013886011164566602
1741641799.899039 -0.6819022035842555 -2.745003294428468 8.871513254374886 0.9987758655015699 -0.002379248252464782 0.042935193453364974 -0.024447470880751877
1741641801.632068 -0.7100384102579577 -2.9941613063572046 9.615094537016498 0.9964479537526971 0.02361359756612443 0.06886961871959868 -0.04231842494074015
1741641802.898729 -0.7359819086201577 -3.1840425086220128 10.292065161963622 0.9966744586888177 0.0421779618628916 0.06961850599075885 0.0037824005683199102
1741641804.365265 -0.6519212355968521 -3.3970937705671154 11.241401143473155 0.9892951756655509 0.10481518752865875 0.09609565550168972 0.03277890879665707
1741641805.031896 -0.6206165505385444 -3.404732539032321 11.820354617150981 0.9915785788448207 0.09314449315668889 0.04282765950162019 0.07913164317946708
1741641805.831775 -0.7093335918609194 -3.542568153331852 12.220713224858056 0.9971484789300971 0.04666814604530826 0.05305871292682586 0.026490905885538506
1741641806.900024 -0.8980506559139494 -3.7551707837093407 12.87567073855476 0.9967294847037114 -0.011277629223984415 0.08001779963704252 -0.0005487646183705813
1741641808.164871 -1.0745556366792115 -3.9975559778097494 13.660457961359695 0.9970092587821029 -0.03888826232303901 0.06536681474124036 -0.013690160219678131
1741641809.098111 -1.1732275855619696 -4.194132922071581 14.209583155396784 0.9968419417160097 -0.04892408935736995 0.057335084112464685 -0.025005296363458114
1741641809.898033 -1.2182833130506878 -4.3820928815479245 14.729844813099136 0.9971948211824275 -0.03407766820303753 0.0605690328023956 -0.027795564433418293
1741641810.631108 -1.2210682011643623 -4.570022619587328 15.178871787777382 0.997250099171253 -0.008894642453392592 0.06331980716062874 -0.037466345694409445
1741641811.831147 -1.1314788168427954 -4.853839905130061 15.713440766178532 0.9944865342190149 0.04674180611972082 0.0515525633032805 -0.07844788100758103
1741641814.430871 -1.115719412340945 -5.246677882920889 16.585968694532063 0.9957780612715994 0.05644961050186019 0.05638167239642404 -0.0453938452011424
1741641816.364084 -1.2177418156087307 -5.577308831218707 17.573050460220337 0.9983256476854571 0.022852139219952664 0.05313650693872035 -0.0004387901958007971
1741641818.230502 -1.206917418335127 -5.763856559966293 18.349708526805465 0.9978103075240022 0.03397900047097065 0.05619923081109456 0.007852654461481156
1741641819.96349 -1.1949828660325543 -5.944823045496189 18.982714318682525 0.9976200159306391 0.043032932877715264 0.053820076209902604 0.0024227874966332072
1741641822.030143 -1.2912051767797141 -6.183907641526535 19.830793305673865 0.9986019139670612 0.03737546804355029 0.03663580429212693 -0.007423587658033294
1741641822.896528 -1.3260438719620082 -6.317827284246146 20.388233995482366 0.9998895305255694 0.008192351883834138 0.010514109485592374 -0.0065776605030138675
1741641823.829932 -1.3237090084528476 -6.421152781054557 20.7210153629745 0.9998166686589786 0.0020221747985944448 0.014994919450852873 -0.011734235015917036
1741641827.762891 -1.287012766624714 -6.637449676518463 21.520350381340943 0.9997216534564526 0.004613189715974055 0.018530127551400155 -0.013855268451738689
1741641837.695245 -0.762666518323949 -6.713283983045389 21.83355877514246 0.9974987737412894 -0.03641207072869622 0.05877355228132685 -0.014697858419060312
1741641939.084861 -1.5312007615723093 -6.948587664118358 22.007845299256374 0.9999969482472394 0.00035492679343594686 -0.00026704484708323485 0.0024302695794557677
1741641941.151142 -1.3035473076281878 -7.201771169735183 22.982500931975828 0.9991357975852581 0.018346961685538718 -0.03729557638394002 -0.0002948945054682981
1741641942.084544 -1.2629453207962997 -7.346356688240106 23.47156396956716 0.9996176682495179 -0.009349050483619248 0.025829514671626145 -0.0031541639589333127
1741641945.750836 -1.4256491382679466 -7.669453977172257 24.386581899429345 0.9995146151685746 -0.003954136878231226 0.02993811043392328 -0.007655612948075293
1741641946.75075 -1.448740365743449 -7.8124000667314135 24.85685134437249 0.9995294372507889 -0.007301407982482508 0.029249897692606608 -0.005660123281932785
1741641947.817277 -1.5003246026489967 -7.946446041054841 25.303353561248137 0.9995106787123088 -0.0071193216216084085 0.029888271645884087 -0.005865971166793911
1741641949.75024 -1.4542697147610348 -8.162483737084342 25.924167968355867 0.9997395730711331 -0.005023587257400794 0.020573834890967875 -0.008500995500226132
1741641952.016919 -1.3675309503194222 -8.436422608479955 26.778408490830333 0.9996891335759404 -0.006090947152528311 0.021301387547031786 -0.011436234587557737
1741641953.950013 -1.3998193677555697 -8.695749165896506 27.54075589671595 0.9997194722625398 -0.023156825762010877 0.0049663039048137665 0.00027207583831693463
1741641955.550064 -1.3969222518210211 -8.933702855971731 28.236899077482814 0.9989544925593121 -0.04010903215242215 0.018156539057121578 -0.012309647632258353
1741641957.416311 -1.4824424413188535 -9.140722793321949 28.850542428995755 0.9970983988147012 -0.04530801308453216 0.060171608637748404 -0.011015650023333939
1741641960.01635 -1.6175561838770998 -9.28591192543936 29.380324205741516 0.998362893753127 -0.025181285909002187 0.051300208754910856 -0.0023924461444332643
1741641965.015356 -1.5580324551267302 -9.552297306165132 30.24109404274404 0.9996689560548514 -0.01818916605217966 0.004736928369672448 -0.017569691179710994
1741641969.881759 -1.523719070455787 -9.813943852625643 31.00980282673248 0.9995611062202623 -0.02315891987304006 0.013655570811441914 -0.01244125186038442
1741641974.147927 -1.592324319361684 -10.006529805173738 31.58978029583262 0.9991672180853938 -0.02538250678701195 0.02329624385633198 -0.02186055065382981
1741641980.28143 -1.7098199198948614 -10.240143228173332 32.22627038150204 0.9995462041431233 -0.018782409922590077 0.009055746243820842 -0.02173937258847924
1741641987.613248 -1.829555537188188 -10.4321173183611 32.798703181761056 0.9997391533987506 -0.007315050163825581 -0.00509214965697788 -0.021028200458451322
1741641994.012667 -2.0772022932493175 -10.798170509055428 33.75612407289041 0.9997430602027824 -0.012088044737904062 0.00802008447826295 -0.01741754850005804
1741642000.012114 -2.0465976415604348 -10.938915075749328 34.30553203607081 0.9997073730448088 -0.01075658981499858 0.021348924124924198 -0.0036996613504022037
1741642005.611419 -1.8884749615493093 -11.263821440845229 35.17064634841396 0.9990806262923293 -0.02899843522189995 0.030412756708799577 -0.008488648383553909
1741642009.744328 -1.5827694692876502 -11.542914355123768 35.92144410352553 0.9971514422645205 0.042305358086978474 -0.05642681985771909 -0.026744567068171136
1741642012.610726 -1.456833382753956 -11.724949028016942 36.44158787365753 0.9951603977853721 0.04936069902991933 -0.08041231045872653 -0.027443840795833598
1741642014.010473 -1.2920111901633238 -11.984738652172437 37.06534877478276 0.9927086363712706 0.06434060662042786 -0.07686445606482761 -0.06694553762175663
1741642015.410453 -1.0461864767251625 -12.304584531208235 38.42269870643675 0.9914544119850256 0.04541985915599631 -0.1005242293207959 0.06964240568171562
1741642016.810114 -0.8582117305713061 -12.385175723732024 39.53291154848663 0.9911983713987716 0.04630972772447729 -0.09332405690582504 0.08168119769656777
1741642017.610344 -0.7793944813286395 -12.581889430749028 39.938339146259466 0.9932303553139002 0.0395411569478581 -0.10915289301013875 -0.00395020730665474
1741642019.609837 -0.1487625847991371 -12.777266905551462 40.50099114154971 0.9477663313555161 0.10634290809999575 -0.3005451755727704 -0.01013728196680823
1741642021.743116 0.4477543711908196 -12.733140784708912 40.37575337066909 0.803437567551114 0.19870396894514716 -0.5611373204895205 -0.011389263665251743
1741642023.676998 1.424528149379828 -12.740969027780048 40.39778344173088 0.7485434059418775 0.21991647970366962 -0.6254703205109278 -0.010314530315840979
1741642025.275896 2.064102739679905 -12.749470624137567 40.39914759114011 0.7298818104940147 0.22073748327651757 -0.6467624195303472 -0.015680525181873087
1741642027.409304 2.9917394323813626 -12.757110504286553 40.37470617721097 0.7139748608864889 0.22612124854289142 -0.6624496151302289 -0.016419086251508792
1741642029.275534 3.785000450887597 -12.762281713835913 40.33798106432584 0.7015948969867531 0.22909892894723527 -0.6745140650735834 -0.017580025463187307
1741642030.275571 4.504617438219243 -12.764290775318834 40.288072944643 0.6919430477456145 0.22884960416847272 -0.6844415648003224 -0.01955560590034351
1741642031.209494 5.143371857223968 -12.75341371072143 40.22434249898673 -0.6875118530642377 -0.23151607016257725 0.6880099094268175 0.019238650762383725
1741642032.875315 5.9920232732348175 -12.747928957833443 40.14778229304041 -0.6864392580727798 -0.23315061984441118 0.6885179102206799 0.01962194557138125
1741642034.674937 6.846470935359607 -12.742752005390612 40.05943642130926 -0.6825895953040265 -0.23377015247153266 0.6919950278585719 0.02378742556764103
1741642036.408438 7.5928032337773965 -12.750233610866774 39.979333067879466 -0.6785501986645112 -0.23258905070210212 0.6962397831845832 0.026872396561000465
1741642038.474593 8.349542384155027 -12.777401790638322 39.89555969909034 -0.668890015078056 -0.21622948418975116 0.7107511292157871 0.025764126501705342
1741642040.407842 9.069695816577045 -12.805692708204706 39.78983679467324 -0.6405180315203277 -0.19933835352216994 0.7415360465375476 0.011187662752282354
1741642042.00769 9.812078335747023 -12.78276355648755 39.61949865754959 -0.6138877911666231 -0.20985469369109766 0.7609191590219461 -0.010238204223128995
1741642043.674044 10.55093015174387 -12.748169945715075 39.342329958345054 -0.5842112458084606 -0.21274924163347678 0.7831593161074496 -0.00982171316108426
1741642046.007332 11.452587083777717 -12.928381828225854 39.25074756989725 -0.6350789711791668 -0.10257163499894277 0.7653561167177232 -0.01959016749345696
1741642047.940435 12.70501835627248 -12.987916193179803 39.37510541085549 -0.7022069223504598 -0.0853842886866082 0.7029026277178018 -0.07445036867596401
1741642049.207012 13.571239639046729 -12.991466029783085 39.54919594394255 0.7642924005079776 0.11751259006046119 -0.6308837276671005 0.06351094289883213
1741642050.406714 14.468964051531476 -13.023185920640948 39.65696709485457 0.7794500505641001 0.1499598755224773 -0.6077925497568567 0.023619290187552593
1741642051.540056 15.257077345975405 -13.081902353964107 39.7922564699921 0.7824931705309698 0.15990328042463817 -0.6016883043917113 0.010322952099931053
1741642052.073359 15.640500530373146 -13.152559478460406 39.862545405674375 0.7844165248488809 0.13921984903178677 -0.604394782911452 -0.003936441157985565
1741642052.939744 16.4688267476744 -13.236483282587425 40.08729047291026 0.7984376122211734 0.14539058408632927 -0.5840737186887734 0.014725779662027042
1741642053.80648 17.17725274715938 -13.309229589066579 40.318644903395686 0.8320604073471701 0.16288723907089764 -0.5302288436676497 0.0007740904265849931
1741642055.073059 17.966332974473442 -13.474186944458983 40.66841852338768 0.8603601129824897 0.14812349712110814 -0.48723871650626577 -0.02093654046631199
1741642056.206073 18.76626631288149 -13.696426169860436 41.12087283937978 0.8732717725799823 0.14068688170965016 -0.4659879812976401 -0.02141993968200348
1741642057.539448 19.50104025088576 -13.885559840853064 41.567840334720145 0.8818408897388706 0.14127796014396155 -0.4495081027435007 -0.018429561309389768
1741642058.739153 20.09160976472129 -14.041679430353838 41.95572328119198 0.8875920167019001 0.13919609770201954 -0.4388763899880596 -0.013869844362216053
1741642060.072518 20.81046132899206 -14.248954954087674 42.4128957429177 0.8921895436098063 0.13447422098883538 -0.4307133773382643 -0.02001221488584583
1741642061.539067 21.424884773815645 -14.430228504510609 42.92315878755028 0.9171321058463637 0.12399656056952287 -0.3786951606057851 -0.009139405150310437
1741642063.072194 21.849188620924068 -14.634782711443407 43.428754952801164 0.9489315788232134 0.0925555382101785 -0.30095911152918503 -0.019645463758107464
1741642065.005237 21.94077949696879 -14.865333367583698 44.107021566196096 0.9950860969510883 0.016095979512468328 -0.09752703684232175 0.00574945066418438
1741642067.13847 21.48709730156431 -15.090597037949697 44.82746211620246 0.9862394589319335 -0.05797323384924986 0.15474071565880307 0.005113190795241508
1741642068.605257 21.17777331310802 -15.321058034428436 45.50947218165779 0.9772049105643641 -0.07148337866484558 0.19989638538379315 0.0014575507008374874
1741642069.938266 20.67372499861445 -15.613830956267215 46.353750690237156 0.9658500815447256 -0.07867250060902643 0.24686754422754909 0.0008205090058171707
1741642070.404835 20.3360229231855 -15.809239207916589 46.88780434250559 0.9630427528609401 -0.079793573903846 0.25719671095060664 -0.005611916059932832
1741642071.137892 19.776299125376156 -16.081770606486238 47.69440907092975 0.9585148692594622 -0.0975999710816667 0.2678049767867214 0.0019963621008299605
1741642071.537853 19.463126107873105 -16.239406425502427 48.13756543121635 0.9560448738730298 -0.10029234333644568 0.2755049952287373 -0.004079535905049697
1741642072.138132 18.95509905305886 -16.433672390066775 48.790241130217495 0.9535193646779743 -0.11297046673113373 0.2793455902964131 0.0021297916824466177
1741642072.93788 18.31944777889784 -16.677762117954263 49.611775543487234 0.9511410894777593 -0.11909257252136121 0.2848005682889026 0.00601858618144754
1741642073.404527 17.976892871759993 -16.826372857029344 50.077214979318605 0.9501337195205475 -0.11748094592364984 0.2888666028344163 0.0004776419556780946
1741642074.137605 17.462794704718192 -17.042572478465384 50.75330353737904 0.9597730352911233 -0.1171624402344172 0.25514047583803523 -0.0034671191963957623
1741642074.737536 17.221374328316713 -17.237107396544264 51.33298694187169 0.98230010495643 -0.09156537443057264 0.1632088177537482 -0.008072658508769771
1741642075.670959 16.84299080057546 -17.567331644073416 52.31330952341353 0.9855955074721859 -0.0872685341773961 0.1446519145372628 -0.00784360974790047
1741642076.404203 16.663575673501374 -17.79144249453033 53.002772754856736 0.9932792554556152 -0.06858489504820224 0.09302110011226172 -0.006285521988688517
1741642077.003993 16.56908392566707 -17.98160094841034 53.56144397496259 0.9964263238110035 -0.05768524656577424 0.06109370146723803 -0.008634418693065875
1741642077.803937 16.516893702784166 -18.283764247387897 54.433700950961324 0.9987070857473026 -0.04432089602099207 0.024013695948854753 -0.00656943383422466
1741642078.537307 16.50128518796512 -18.493040757824545 55.022864970176286 0.9989174667333593 -0.040567625758178606 0.022133903480486914 -0.005315328030194082
1741642079.87036 16.613226193284376 -18.683373384497216 55.45677515531058 0.9991001132922551 -0.03644844760549728 0.021598006765027825 -0.0020000975801962527
1741642081.270376 16.7296203208191 -18.90314350495959 56.038515364742125 0.9990834047380045 -0.034962504829529506 0.024256943745266255 -0.0046448157445571955
1741642082.40358 16.807488733810327 -19.04632494160681 56.4827646644782 0.9989705850588912 -0.03750810090496936 0.02545552371239113 -0.0017113930369246385
1741642084.47003 16.909040925012484 -19.358656477873545 57.34436196471418 0.9989539387536361 -0.033221069971445145 0.03142238784150948 0.000149334813284802
1741642087.002985 16.94966232102786 -19.657230283546372 58.14457554939893 0.9987409023598344 -0.02867052677904074 0.041105799001445315 0.0022190394608613373
1741642088.60296 16.84838344827109 -20.019378933669888 59.078011755645555 0.9987609073113141 -0.03156119666023272 0.038128211522416564 0.005174976150366276
1741642090.069498 16.697934033580168 -20.370634520609876 60.27208245257699 0.9988417820939698 -0.030977182724867585 0.036400869582160475 0.005521339279127213
1741642091.402685 16.675013152849548 -20.55456540189098 60.89058512538144 0.9988014805969238 -0.03551478349800383 0.03287758713728734 0.007305256635667593
1741642092.402403 16.64120416622738 -20.72749592165259 61.41916855840603 0.9986782420477339 -0.03616627431229064 0.03536112729214858 0.009130177404863687
1741642093.535763 16.568545144074765 -20.977186507513874 62.15925353084237 0.9987703287956441 -0.036501804597185376 0.032539008997374094 0.008164647699600852
1741642094.735689 16.51581464111558 -21.203694178756 62.87771861980028 0.9987617638111771 -0.03274970843701051 0.03657073120998939 0.00806085385328273
1741642095.802202 16.431855433789863 -21.4545638992501 63.645239139157766 0.9987188515113437 -0.03019182533143803 0.04005346021691746 0.0066954942812825465
1741642096.868763 16.377509932171428 -21.69245786734969 64.40487155827643 0.9988361163114984 -0.024750486417947064 0.04104531995509007 0.005395172251401905
1741642098.401952 16.323152453309124 -21.901160137826192 65.08113940737799 0.9985620075891084 -0.03259970326584212 0.04140827804286204 0.009825011761481388
1741642099.201706 16.286286199219944 -22.079771537550865 65.62801441693306 0.99855659521264 -0.03173017240438072 0.04198459321712695 0.010733883217206266
1741642099.668508 16.24227739751438 -22.292464345954745 66.274527569492 0.9985637651961923 -0.02922084016169474 0.043040858976033894 0.012807567921094642
1741642100.201829 16.18932128002808 -22.467766719957396 66.8775975953974 0.9984267918044278 -0.028355412264140678 0.046265122364351687 0.014122692911048406
1741642100.668397 16.13751587714075 -22.63444095344144 67.42512540814674 0.9983949728581758 -0.02935225361117097 0.04485863209631678 0.018265445680719288
1741642101.734791 16.07567134051937 -22.854887349002066 68.22683594164877 0.9984743393096112 -0.030130100694184106 0.04290518706476752 0.017329619018633922
1741642102.401554 16.01913214639416 -23.026197594143405 68.83363235415226 0.9983580185077474 -0.029757194437472493 0.045277145089237705 0.018594525889707655
1741642103.134796 15.962014039013452 -23.209003741887233 69.45155668451528 0.9982769237475636 -0.028222189504286455 0.048818885048616444 0.01622984889933556
1741642104.067888 15.919437352346819 -23.38103397914454 70.00668765536169 0.9982730763202599 -0.026178389832079478 0.05073416986726671 0.013842001580829887
1741642105.534543 15.820703042657728 -23.56136449366495 70.63501068873774 0.9950152086113758 -0.0362408901752122 0.09102208609542753 0.018609469476721912
1741642107.201435 15.392180795558236 -23.751640819468637 71.18948873291698 0.9633185627380847 -0.08913750563561794 0.253043687814865 0.006383089404357859
1741642108.934215 14.709493165405224 -23.935919222336015 71.83637594648621 0.9297678868396054 -0.11784286545760737 0.34868945927947015 0.007771528160256324
1741642110.534059 14.044948003399613 -24.126374165237646 72.43813040528279 0.9128280683187017 -0.12805983804719145 0.38751458744288314 0.013343166335128947
1741642111.66728 13.53356626099119 -24.222898627440138 72.79030339169061 0.8921221638611789 -0.14150183275132971 0.4289702876561469 0.008931314789274659
1741642113.200268 12.74852517948913 -24.362811000380493 73.23976313275185 0.8705572544461371 -0.15952684092501598 0.46547174766725685 0.004160033566910273
1741642114.466974 12.00815792941218 -24.46799383929647 73.63651387329489 0.8578760783973187 -0.16889515517580858 0.4852105806744206 0.009682617072300437
1741642115.667538 11.309236882050834 -24.529371650043498 73.87153526402214 0.819570464789459 -0.1910255511743176 0.540195334681646 0.0015787436532446603
1741642117.200339 10.413743984248585 -24.52764336288174 73.99307056255189 0.7446984747606566 -0.22598746184936236 0.6278583806281579 0.012153297948372865
1741642118.533236 9.561631239629847 -24.50998087788046 74.00397705842997 0.6978208812366163 -0.2391450726186946 0.6751388131125915 0.0065753312671405625
1741642119.799659 8.69442255933791 -24.464193672775483 73.92873588526413 0.6634858949164647 -0.24727260717169958 0.7061191271996723 0.00620509405097465
1741642120.999665 7.82805525839662 -24.38151098878356 73.72152606955743 0.6094860114649506 -0.2582943647368061 0.7495116061141915 0.006570789441216987
1741642122.199337 7.068609322263877 -24.293383085277707 73.47260543861935 0.5666777304087909 -0.26265915359303793 0.7809490303113424 0.0022651596642400307
1741642123.932675 6.3987479391812405 -24.19258305713802 73.04506963161958 0.5146596171943881 -0.26109607733501206 0.8164937433603436 -0.017096311970963257
1741642124.799269 5.809967604934182 -24.112874755237566 72.89008274590968 0.5900292775791363 -0.25751080162848644 0.7652119116947422 -0.0020901781204482623
1741642125.865693 5.12041371066799 -24.161418963502385 73.07050902769818 0.7449301547402156 -0.22598377388909827 0.6276792249752163 0.005402687485967662
1741642127.199046 4.32777004715636 -24.32092784068007 73.51418560995978 0.8236853319977353 -0.1791263932878687 0.5380107655685111 0.0007907033860411035
1741642128.265407 3.6370300104908457 -24.424709841736135 73.83708924673655 0.8491662159689849 -0.16635728234249533 0.5012361064323585 -0.002087552888907763
1741642129.265324 3.0876316120687815 -24.577643719612972 74.24924064689095 0.8935057921819577 -0.13997197779296516 0.4266772163647212 -0.0013408226097051104
1741642130.265362 2.4160420290516207 -24.787182466320463 74.81251197317818 0.9066598486394414 -0.12623930076301615 0.40250012593839574 -0.005020600317257412
1741642131.065321 1.7995152587059184 -24.983318941032252 75.37079930303541 0.9181854089062307 -0.1117653402674505 0.38000370960991825 -0.0064221701394372105
1741642131.865032 1.3500476740606895 -25.24817260996363 75.76781179297006 0.9379258628303537 -0.11280581951538601 0.31734314142811143 -0.08284475545221028
1741642132.865101 1.00087659214341 -25.538066619956016 76.52503636984935 0.975752861541056 -0.10380740572028549 0.18216158274314534 -0.06282939984256755
1741642133.665022 0.7890114462049701 -25.777909904875187 77.10960287289349 0.9781043540715352 -0.04772279871261681 0.196044448216844 -0.050999817182940214
1741642134.798062 0.4300847673765926 -26.09513742058957 77.79448294220079 0.9728205709196173 -0.06777964053784598 0.20363448612494817 -0.08694281560208862
1741642135.531338 0.22781243809957386 -26.279315837186097 78.07612427259917 0.9641119418747864 -0.07152271844261823 0.22586414538940072 -0.11982508964537476
1741642137.664451 -0.32990222986099466 -26.689156985606058 78.80180444213698 0.9636770454766294 -0.07979737205088497 0.2300409687175177 -0.10972731723100179
1741642138.397731 -0.5444659894381421 -26.828733977667408 79.10124728965229 0.965032992459367 -0.09057075880126216 0.2297364333117693 -0.08791719015226684
1741642139.932385 -0.8576720790167099 -27.075421672793382 79.75534159900438 0.9693522142740693 -0.08118651301348444 0.23035643183103188 -0.026475443353143096
1741642142.730957 -1.2604051908735874 -27.31554046879565 80.72320558913998 0.9800994451912802 -0.07163323376506087 0.1851245546272447 -0.0016299172277385858
1741642144.597121 -1.5078256158876149 -27.52539035150314 81.37228039019772 0.9812353322834777 -0.05641773010500249 0.18367722760541938 -0.016029300281642032
1741642146.863673 -1.7355740615696282 -27.773643793321074 82.10989216362812 0.9830899354726174 -0.03175653927291645 0.1799740365547641 -0.011620978962081589
1741642148.59683 -1.8916031757053315 -28.013135554685697 82.81926001847641 0.988377703372582 -0.004575279325842436 0.1517557877358875 -0.007665714819323217
1741642149.929863 -2.0731656264629694 -28.277983517311505 83.5166231284962 0.9936450620940651 0.003244685637125613 0.11123220434013234 -0.01692215437917679
1741642150.863134 -2.194966647163148 -28.452659082537657 84.0589811745227 0.9950517713681697 0.009457248709133457 0.09851521268072301 -0.008791223714207394
1741642152.063145 -2.2927163216920983 -28.690399948229913 84.79058515949858 0.9963923209329391 0.012352056009674275 0.08291500155511151 -0.013223918304372495
1741642153.329532 -2.331523255244183 -28.952502820672127 85.60243656628566 0.9973707123537464 0.011083407512525104 0.06936693469485979 -0.01780585824752153
1741642154.529624 -2.441385811669264 -29.209879194646152 86.39048698940255 0.9971099402391481 0.009545464549749087 0.07289729634766097 -0.019147724878251067
1741642155.596088 -2.6463749011031648 -29.438306239766497 87.08974770268446 0.9876489267703483 -0.008612131159584905 0.15429257021677162 -0.025869507574978162
1741642159.328916 -3.2673831252750287 -30.327693980079125 89.22550678886971 0.9821197523531126 0.042642773912397375 0.1814116005000143 -0.026687395431932787
1741642163.195378 -3.210119901119445 -30.914785440245925 90.93622875834997 0.9927759133690239 0.08818853731085836 0.078701991021709 -0.020609811510306456
1741642165.595136 -2.995425861216279 -31.180775956008354 91.93760247372643 0.9960571415846304 0.0856993458752923 0.01478969950363359 -0.01752305919052549
1741642168.92798 -2.805430297557523 -31.536357174018303 93.12492823031036 0.9972005147246686 0.06993825077701159 -0.010632342593037488 -0.024222464822801458
1741642173.261019 -2.792883429511526 -32.08191941342385 94.63790903278476 0.9971630159071684 0.05910132637646168 0.034645743466779795 -0.03118694257373123
1741642177.327065 -2.7470529424432124 -32.73570647478838 96.59832525391191 0.9971555636763776 0.05873217925066265 0.03294882035990226 -0.033848015992144695
1741642187.059636 -2.7345204678625596 -33.970391277903005 100.39217289567347 0.99413996297605 0.050170649238694326 0.08842449793483653 -0.03673891851861985
1741642191.325836 -2.783543429190072 -34.41295685375946 101.69832163221844 0.9980858689647476 0.046284848503631036 0.03682148655423423 -0.018069009375642014
1741642195.325244 -2.8066723912344 -34.743234865485796 102.67242489499085 0.9993957632848606 0.019124562175289635 0.013145959762007137 -0.025875532686496807
1741642198.124954 -2.8599073479840054 -35.01745996700407 103.51124240423107 0.999000684068625 -0.01734028928552625 0.01755628343148823 -0.03726559418534486
1741642203.857915 -2.8467602265379766 -35.495586344942545 104.95805742676876 0.999502975031819 -0.020471252231191266 -0.011775144360737589 -0.020882449806329913
1741642218.189758 -2.1634736828872563 -35.82919003486492 106.21742755181819 0.942265897106545 0.1454131945893744 -0.30164531799094674 0.0002900404304342548
1741642237.454302 -2.8682097349780045 -35.58738962804539 105.56864961937953 0.9222469485017253 0.1114789194222372 -0.36903591180036954 0.029077694292639192
1741642247.120009 -1.635380374282167 -35.635828220068184 105.57195321493101 0.7463448283989131 0.23161531228165314 -0.6195383864140207 0.07413455333635438
1741642250.453002 -0.2816854636368324 -35.423341852320725 105.73130857737604 0.7354428235946535 0.24138563614685649 -0.6313230534499539 0.04783335727008737
1741642251.786321 0.6470658882708308 -35.21191553898733 105.4926167698618 -0.6319592087110719 -0.2641702976070533 0.7256355298401176 -0.0655338860523984
1741642252.852716 1.1376669260357695 -35.119098275718464 105.14576767404594 -0.5215146833705591 -0.27030463322388226 0.8089322839934134 -0.024215701513841836
1741642253.652646 1.7955666472201788 -34.962647605512316 104.70147541911663 -0.4283927549158306 -0.29101403665235565 0.8551596739854239 -0.022190313113380798
1741642254.586052 1.7965664733040247 -34.78081838393017 104.06256850588946 0.0013027396351335482 -0.3196887447116369 0.9473977305833083 -0.01532806118653287
1741642256.519222 2.1645723641231083 -34.67030616226668 103.52281770100173 -0.2325811851916696 -0.30197423940265156 0.9244215563051189 -0.01274116440716001
1741642259.252129 2.442967453066914 -34.565316698880245 102.91374746994575 -0.18827040226565095 -0.3049151016821014 0.9335244022813188 -0.01064080552543864
1741642261.918487 2.780832223659959 -34.334398042756874 102.29428129168909 -0.1493670322145103 -0.30745347877196194 0.9397002318859465 -0.011194743049596355
1741642266.184727 2.7603991864045847 -33.88508353892848 101.3672704811218 -0.12909885500801666 -0.30373076843303076 0.9438592846464545 -0.014517462911362545
1741642267.318095 2.844311968644287 -33.730037860085794 100.88965743566365 -0.13997634069035272 -0.30294013702570965 0.942545673521485 -0.015541903091730806
1741642269.584528 3.3525862913464026 -33.5936132768262 100.23701853942889 -0.13240095764539564 -0.31215187415712337 0.9405821413711621 -0.018342006662761808
1741642271.450869 3.641208855697514 -33.42414869421427 99.58157307966027 -0.14061693424583657 -0.3216463826789969 0.9361778216346613 -0.018481574397176043
1741642292.848648 3.7655629091014995 -33.32488968076821 99.2161578050217 -0.11564718547747295 -0.33483017024842165 0.935094026173191 0.010660572112393196
1741642298.381587 4.722590670687893 -32.98865882343248 98.61098398806509 -0.2095469504542226 -0.3355234574975506 0.9176478198679672 0.03790202785856878
1741642300.248042 5.054510066214678 -32.803585712171056 97.8503910451657 -0.16800302070191 -0.3317081293333683 0.9276054392826959 0.03595623704377025
1741642302.181029 5.211909739658784 -32.52304249988195 97.01679513583328 -0.050181613594762434 -0.3380705498552486 0.9393552174502032 0.028317563925541706
1741642303.84769 5.223764039751999 -32.25911186964527 96.39851786016952 -0.003267399661178541 -0.33255255092816427 0.9427491140939025 0.024944595522613078
1741642306.714067 5.319710703594834 -31.994562928307094 95.71309087277412 0.014762820187935958 -0.32800471609349896 0.9443710134448648 0.018930248958765515
1741642309.44714 5.303211092606621 -31.718939560870634 94.96714067199093 0.03296906781490337 -0.3219844078716877 0.9460047692071382 0.017721689882287582
1741642310.780158 5.199398984620843 -31.52835540399626 94.46949731121265 0.09271774166233542 -0.3309957915061334 0.9389144937606286 0.016875419772181464
1741642312.846992 5.0332680718127225 -31.29836517796167 93.74004036168122 0.253014281584368 -0.3078161299094846 0.9171068135208861 0.0121694730970657
1741642314.446468 4.659354937907766 -31.080263179802113 93.3277008676628 0.45624941125969365 -0.29916019997236415 0.8380454195126031 0.004418632324963405
1741642315.513159 3.967213302607338 -30.953087364062036 93.19102190924423 0.5987567980445635 -0.27295783258492645 0.7529818668308828 0.0016206942462782719
1741642316.513674 3.407335261767585 -30.967635456935167 93.28924000432548 0.6930058693220583 -0.24354129153378393 0.6785405395814266 -0.0036387563508973957
1741642317.846122 2.5162274580608868 -30.959799274448205 93.37672373363064 0.714325772812071 -0.23254072388048158 0.6600428240991489 -0.002640528128820026
1741642318.91283 1.7911147199671915 -30.9764174774366 93.36474081910471 0.7258004895493654 -0.223453446525799 0.65058561692894 -0.004534495653756344
1741642320.179194 1.2270276420844677 -31.152062711236862 93.23848742679652 0.7300725272900106 -0.169618225867457 0.6566359661295159 -0.08398196434419886
1741642321.512587 0.2381192784681232 -31.106414258827552 93.39436881435063 0.743015907157199 -0.24473557594369266 0.6221462670745845 0.031078641283576697
1741642322.712259 -0.3112726591803033 -31.203353146298273 93.22630575016599 0.6721607127715538 -0.23311903879582227 0.7025692102571555 -0.015874342694598538
1741642324.312254 -1.1103452234415527 -30.994785293604167 92.90205012339437 0.5594424339817464 -0.27139876984754124 0.783088170073808 -0.011823226136526515
1741642325.645295 -1.914855341625297 -30.969874087011867 92.78734712369766 0.6260393384273428 -0.2528578688453367 0.7374189044127784 -0.01873510926328129
1741642326.445411 -2.462355633177738 -30.996117101236102 92.65377730157907 0.6240179116702597 -0.24708793256316583 0.7410040704426456 -0.021498071629307197
1741642327.445271 -3.121349865461092 -31.024034162468293 92.49685061601883 0.6161048020308303 -0.2385808457467419 0.750365103298643 -0.021124978318039216
1741642328.245177 -3.6353036532865777 -31.010479787492518 92.37183496137888 0.5961804679826759 -0.21678266983256544 0.7726356762807056 -0.024662428803327932
1741642329.378252 -3.8437705338836525 -30.854635949459915 92.00035869145216 0.36201819056093487 -0.25672906125606654 0.8948830783857351 -0.047088160172550186
1741642330.644947 -4.012182012218688 -30.743416334916112 91.09050462919913 0.12035082826742385 -0.20563712159089986 0.9707100235812994 -0.03083994938302284
1741642331.844667 -4.037800626514798 -30.86913578856796 90.65397776686474 0.048200777857457494 -0.11366836403213085 0.9922216197948377 -0.01588852554215287
1741642334.311276 -4.047599908180633 -30.199760780302924 88.9314593417687 -0.01681842287775356 -0.3024793574914901 0.9529920250751952 -0.005438665876737128
1741642336.577672 -4.466193041501829 -29.965308639972594 88.11832678856413 0.1621271247840099 -0.28390336103774644 0.9450455130248203 0.0016295129319694322
1741642339.844009 -5.013183571057505 -29.49099831003609 86.91005421937996 0.18612655319494725 -0.31409785404451956 0.9309450793258144 0.006379934125791135
1741642341.443729 -5.30705410975331 -29.2499359085136 86.34198541025651 0.20030319981806155 -0.3054494674946133 0.9309018293089004 -0.0010174179306312642
1741642344.310061 -5.738710526701811 -28.828961067697744 85.24297021279668 0.1905825100247395 -0.31274376608749993 0.9305040318496214 -0.00564715483019683
1741642344.64339 -5.808897309817735 -28.752702257784637 85.05224685683918 0.16079168037672212 -0.3128463355287203 0.9360851436451877 -0.0042201557612921705
1741642347.709744 -6.201075715542715 -27.90700612085641 82.7650820125277 0.06241558869749796 -0.32435220658892455 0.9437043176791435 -0.017947176997581183
1741642350.776076 -6.3139427909533365 -26.95707444912954 80.27021647477497 -0.009628220742126421 -0.31747923136560724 0.9482012346509915 0.005352907918091793
1741642353.709174 -6.066037189479292 -26.130123420727415 78.0280878766325 -0.0722064867010497 -0.31593905828710506 0.9460273366763673 -0.0010064730336894563
1741642359.241902 -5.651755546971305 -25.30570778089906 75.99560681643518 -0.09562172006925394 -0.3195081654981727 0.9427243482271978 -0.006467000123295379
1741642363.374814 -5.022058130851395 -24.496210293922385 74.0567125903671 -0.05507833094262599 -0.3113635753640716 0.948612920838975 -0.012354263006151039
1741642364.97484 -4.836029964758463 -24.15302298651333 73.20724524910277 -0.03938966260509204 -0.31752708729231477 0.9472779077809891 -0.017016719589502693
1741642368.307615 -4.669500270794434 -23.346772356007307 71.0474047555353 -0.035098690543254374 -0.31441760423366705 0.9485219532659155 -0.014688643324770701
1741642375.907037 -4.166587540510568 -22.45961737071019 68.73138709809163 -0.1251680183136289 -0.3115740683536493 0.9418215665716411 -0.01505668826583152
1741642387.372362 -2.944583249337503 -21.83966936868391 66.83444730754364 -0.1962102518182249 -0.32103487020168686 0.9265155485032588 -0.002662250499158803
1741642389.03901 -2.741363783396456 -21.55668629878492 66.31451920863819 -0.18822867323771364 -0.3646369105460565 0.9119227245271087 -0.002614293337118963
1741642390.038746 -2.5622520074883153 -21.248209768726884 65.79615082014126 -0.18732219220911653 -0.39808510404081116 0.8980156555524834 0.002555118281148658
1741642391.438759 -2.2567233602206827 -21.123462300116667 65.13666824979371 -0.18280312420451053 -0.27236522006356334 0.9446572488192819 0.004784029053243821
1741642393.505058 -1.6993515321224375 -20.66237900950954 64.47640831399323 -0.3980332369804207 -0.35490243104519553 0.8419862402417135 0.0816882974527076
1741642395.438192 -0.8442785027982104 -20.36469655283241 64.03186943697607 -0.46741171974637424 -0.3451324351843736 0.8137593148056715 0.014340990009237052
1741642396.571414 -0.20914678768506034 -20.292389031422 63.78976338476707 -0.5527487528463005 -0.2852511175664234 0.7828647084187653 0.014948727918032196
1741642398.038964 0.6655578499183987 -20.204268126569406 63.551024304248024 -0.6180678383052107 -0.2721197804983238 0.7372459503271689 0.02028253042540021
1741642399.10448 1.3156540645058212 -20.16883734855703 63.4487916634663 -0.6511337620705714 -0.25979443840336036 0.7127276509703763 0.023472733303916634
1741642400.23874 1.9764206692476416 -20.145340660328895 63.393560266124155 0.685392168406081 0.25195367928198714 -0.6827996645046609 -0.023270950479134276
1741642401.837559 2.942434875635207 -20.140514702527348 63.37132843325554 0.7060039389270516 0.24233022584923142 -0.6650200777349984 -0.024141169579895806
1741642402.704133 3.510729368388051 -20.146905659637206 63.37086496303421 0.7140679278002268 0.23845657934647446 -0.657729553893703 -0.02524456749994221
1741642404.170798 4.289601948744884 -20.120918211024552 63.2721588637263 -0.6666742200398876 -0.2543025474422621 0.7000151491639716 0.029231654751762162
1741642405.637345 5.184470365033427 -20.12086851024237 63.16476588548944 -0.6669796049918325 -0.2418996223168903 0.7040684160597396 0.030173577100076412
1741642406.970502 5.915599126984778 -20.118174287632307 63.04609249699423 -0.6411893300636051 -0.23077229078869485 0.7315666086941843 0.020753068698713656
1741642408.370232 6.761449127733228 -20.106257152598527 62.91109176225743 -0.6294006781755882 -0.21715473468801622 0.7461223803484489 3.252462904231164e-05
1741642409.503568 7.544103190534187 -20.067857918957724 62.75269923679377 -0.6245678728490984 -0.22339162463828072 0.7482726652102472 -0.009958551369318126
1741642410.30351 8.083882399198748 -20.04390357614001 62.654551929538364 -0.6513934145583269 -0.222303201154631 0.7254236216341978 -0.005336234774761695
1741642411.636592 8.843227393943561 -20.106195787227584 62.55601521920091 -0.6521305330346505 -0.1830011836445241 0.7356826384487524 0.0027184837185821663
1741642413.103228 9.63171846951339 -20.172279894600322 62.49648711945558 -0.6584232784276648 -0.14891258781261002 0.7374243443613434 -0.022564661724925817
1741642414.769583 10.420223997971927 -20.20435392778363 62.674601144623686 0.7398984756874998 0.1494611091630889 -0.6549645285227318 0.03511536558330408
1741642415.905881 11.148259212815777 -20.230792482668196 62.74103644370938 0.755392945663953 0.1678308379619297 -0.6333315372336399 0.010269927721619772
1741642416.836575 11.799124161498723 -20.218893483663415 62.78224467354835 0.743848268619096 0.19127324294145737 -0.6402984382376987 0.01105485401963057
1741642418.235876 12.824649112784588 -20.21680103034615 62.8083956913445 0.7290454263810173 0.20735590753518296 -0.6522742951185824 0.005876887844602687
1741642418.835959 13.298906364399125 -20.248933333562913 62.82994281871384 0.7259348361870062 0.19545374315743003 -0.6594060305779201 0.0003670604376728916
1741642419.569246 13.957184647705034 -20.352957903299703 62.870727223926714 0.722252175766191 0.14602863498532254 -0.676034317892915 -0.002243523208562402
1741642420.568984 14.75559568034329 -20.31060595518881 62.97677993031847 0.7325004913781904 0.19831593029293307 -0.64919872257124 0.0515251446832336
1741642421.968977 15.632378353621755 -20.309171079524518 62.96771219748405 0.740237123065128 0.22494451891611772 -0.6331104093613465 -0.024903305085210978
1741642423.235347 16.382914212778843 -20.35777933557088 62.973222505221145 0.7382416544395544 0.22202335359364664 -0.6355544603299949 -0.04213571008099054
1741642424.635594 17.268673780091778 -20.40906609701704 63.02038758648802 0.7392311180538134 0.22309652171911937 -0.6342413325035879 -0.03877148748517049
1741642426.035076 18.059210444577197 -20.435552896672128 63.08922456649453 0.7387517074166139 0.2351510071206788 -0.6312111598664996 -0.022855859186573457
1741642427.501636 18.788337092931116 -20.494552039332785 63.135725605528066 0.7404079335643311 0.22138456404346885 -0.6333538889145465 -0.04059332599209778
1741642429.101545 19.58041136330792 -20.516356298308363 63.193504528465304 0.7416474377426702 0.2303882925796498 -0.6294481559721384 -0.025987144422588516
1741642431.034862 20.282359308135145 -20.369774998304063 62.85997238530249 -0.5842707333251604 -0.2861954662144041 0.7593289664021662 0.011806188234022937
1741642433.634375 20.580153262967006 -20.14640503585857 62.28179230766977 -0.33928720062766893 -0.32379237676091915 0.8831260438529651 0.011449144525485882
1741642436.634951 20.174772053037 -19.836598946250533 61.54066951262425 0.06560039255771881 -0.3494524218808636 0.9346534829001591 -0.0015685153725521165
1741642437.834031 19.92240391161564 -19.516440179731234 60.78185997101424 0.13646206019109236 -0.3513058064028362 0.9262592629187294 -0.0024727258860917697
1741642439.233742 19.549202461441958 -19.17859548762528 59.94009464944749 0.18187660508601208 -0.34012434489992865 0.9226126067166306 -0.004723182859574705
1741642440.233761 19.23470658411392 -18.936092849332937 59.33562200253245 0.20676714139974492 -0.338229701616993 0.9180486582970606 -0.005888903159739556
1741642441.233531 18.89659438579257 -18.69795339528908 58.74881753042534 0.23193418765548265 -0.34157819026206193 0.910770885779686 -0.005221699912124358
1741642442.433438 18.394543841033293 -18.35268794288248 57.901081656436304 0.24875466619444012 -0.3353473958544641 0.9086483647783649 -0.004624859535776846
1741642443.500286 18.00203103010261 -18.088991467759186 57.280953527932056 0.2505709122590225 -0.3398476500326441 0.9064853877698975 0.0014263437976647603
1741642444.433193 17.639398589599946 -17.833273471743077 56.71898398020533 0.23937420847715618 -0.3490435388379699 0.9059093176533906 0.014032266394621911
1741642445.233128 17.40810602909247 -17.574345697419524 56.126400088490094 0.15602397138765872 -0.34751017144658003 0.9243313804148482 0.02246553524786244
1741642446.366504 17.261541443137148 -17.187177353116315 55.22603928483081 0.06940373800446825 -0.3538383174910378 0.9322511178717445 0.02982313620331144
1741642447.099569 17.26055848043667 -16.854745658872265 54.45383446766576 -0.02102417826756669 -0.350556336357392 0.9356929461351553 0.033866643187214426
1741642448.032832 17.312750253950583 -16.48860102933791 53.60757817492903 -0.037454519367244005 -0.3529270531295275 0.9341865431484567 0.03653979677848781
1741642448.299511 17.343595811898105 -16.357424511043227 53.30478701339207 -0.051419629329538516 -0.354585255182795 0.9328522959482785 0.037575423757961385
1741642448.832964 17.428293184396022 -16.132762996547953 52.78709790236106 -0.07270586427897495 -0.3540059232787496 0.9316327728879961 0.03813187726864455
1741642449.566191 17.57719097555002 -15.78635433788505 51.949858066339026 -0.09248984477978162 -0.3505447474373759 0.9310075358810324 0.04229629758509027
1741642449.966166 17.6935416844988 -15.577403830741689 51.450610745080375 -0.11664078072315497 -0.35264961967336145 0.9273934712042458 0.04443561166751485
1741642450.767127 17.936516624745646 -15.236411665906548 50.628735483704496 -0.12982353255178064 -0.34497367504272713 0.9286950006765563 0.04079962795985744
1741642451.365854 18.140871687906067 -14.964176850502819 49.961888777613886 -0.1360912934910172 -0.34621521423568574 0.9273995445821134 0.03929720062000298
1741642452.232769 18.404688329343788 -14.614041668952561 49.059311030035445 -0.13973527438485492 -0.3419587140804644 0.9286834126877723 0.03294556048418523
1741642452.63253 18.537978964337185 -14.447664241060492 48.64853287187442 -0.14203519314940774 -0.33982844216642394 0.9292290280610642 0.029598094709657855
1741642453.032489 18.6727045085188 -14.273628479751393 48.20327112890563 -0.1464615634644627 -0.34228065106238054 0.9276179707569316 0.030296314374032674
1741642453.232474 18.764383988541432 -14.152559024082224 47.91467262912325 -0.14815734726568447 -0.34666672777860486 0.9257922683288017 0.027933066517697277
1741642453.898928 19.000381557599813 -13.861758000207782 47.17847957487777 -0.14524591391161346 -0.3433180009308533 0.9276353746008079 0.0229997069120826
1741642454.365694 19.092159502765117 -13.642356150549908 46.60440253897907 -0.09680080291718296 -0.34147483031670256 0.9346140381895885 0.022828588079821615
1741642455.232171 19.27514388206952 -13.277960196860176 45.734178495064135 -0.09890384269205858 -0.35337630064948505 0.9298790732929203 0.025848193204340137
1741642455.83231 19.400529320208268 -13.003197658959518 45.10702553986783 -0.0963089955772353 -0.3542965557276674 0.9297591016998459 0.027322898395150244
1741642456.698623 19.56651204441711 -12.651734911438474 44.26296937349793 -0.09828931156880198 -0.35423988628319447 0.9296665739248954 0.0239452609956029
1741642457.098583 19.644405173223156 -12.464500648825448 43.82329810425369 -0.09656567166400927 -0.357601650719865 0.928566602372275 0.023668447716652167
1741642457.965856 19.80198436179557 -12.103040407683668 42.96614797927194 -0.09076598210348717 -0.35629215592682456 0.9298128836388229 0.016292253897528884
1741642458.43195 19.89851023359832 -11.89179736379688 42.491877931160246 -0.0902980655917303 -0.35760534478210454 0.9294096644240784 0.01274175846521273
1741642458.965279 20.000945445835345 -11.648021049151124 41.94969415632095 -0.08855067374436149 -0.36230639431691064 0.9278067128514379 0.008219391967071856
1741642459.365 20.077930604435902 -11.47131665458361 41.54090211594806 -0.08950356853950032 -0.36174767056920565 0.9279269876479359 0.008901665634919823
1741642459.698336 20.14640274641217 -11.312447266474498 41.17186901445372 -0.0885191206319174 -0.3605433482064408 0.9285077652551305 0.006796264235955804
1741642460.498232 20.291187955952708 -10.938431371527383 40.32223348702259 -0.0882616894123178 -0.36109871891703427 0.9283300781581936 0.004566767495962644
1741642461.231501 20.43673433630363 -10.606853498565956 39.60866133588686 -0.08728923227398852 -0.3627928606732833 0.9277666759695967 0.003305319022216715
1741642462.298028 20.6168409343478 -10.177779841344465 38.64532654634603 -0.08772503559107382 -0.36552759774446314 0.926655926369552 0.0016393724087430935
1741642462.56469 20.666795016462242 -10.036203070126144 38.35095895328139 -0.08706451550575278 -0.37063459065360693 0.9246871455637427 0.00185827338127611
1741642463.23128 20.77322096969328 -9.746173214296888 37.72772491500285 -0.08743356902866685 -0.36961123472438073 0.925047892566418 0.005413190450837613
1741642463.764707 20.865835178208684 -9.513165687462369 37.19250672848672 -0.08448596770353901 -0.36027468868268825 0.9290063453394471 0.0033882554261339
1741642464.564629 21.0171189082064 -9.069371073456328 36.24229114737981 -0.08267147226727549 -0.36850965614625936 0.9259180575239394 0.006466200679037336
1741642464.897968 21.092346781940464 -8.802048836191862 35.683563808416835 -0.08051521736015281 -0.37136463742321535 0.9249233212768783 0.011065965982226318
1741642465.364562 21.208012485785858 -8.481514677438303 34.94256198787631 -0.0781546108248373 -0.3598088977220692 0.9296867224947861 0.010583569518377828
1741642465.831042 21.331705935199178 -8.111898285316016 34.153064389168335 -0.0749665609658212 -0.3663031934828627 0.9274043295306976 0.011099312993668606
1741642466.297646 21.423416733454445 -7.815686033989759 33.445371084289995 -0.07429663463161706 -0.35384981612297334 0.9322488773801986 0.013503641564904715
1741642467.032204 21.583501391016608 -7.359614154992757 32.38699603162071 -0.07302144637538238 -0.35782117602086194 0.9308504947082336 0.012216008420558368
1741642467.23092 21.63421301014066 -7.209781341064834 32.013469977826894 -0.07255186922147244 -0.35325980364436105 0.932649021079033 0.010466178000548264
1741642467.7643 21.736624939577307 -6.878181433921688 31.25369567063038 -0.07081312713503732 -0.35532470916264147 0.9320193180484142 0.008357204581099923
1741642468.764057 21.90551700052282 -6.42845123807706 30.19167051437487 -0.06463226999924658 -0.34849573928364874 0.935022699012607 0.010292798796591786
1741642469.231073 21.968362398539444 -6.202344208543238 29.662615592562958 -0.060734493939519796 -0.35648401643660427 0.9323040004261274 0.006302226636408702
1741642469.564171 22.021160220710943 -5.997269053385866 29.19286373812664 -0.06076076959290248 -0.3557822542641184 0.9325607406168797 0.0075882467881228
1741642469.897281 22.07286943135678 -5.802585588645709 28.70958610980128 -0.05823759948641315 -0.3507762978233694 0.9346257791651409 0.006246904140793323
1741642470.697335 22.19239227687258 -5.381966645420136 27.680690301639498 -0.058450992327663855 -0.3517182493717588 0.9342228639379305 0.010266209153714696
1741642471.230657 22.24624312836303 -5.120871911494695 27.042372426359094 -0.05252698120875769 -0.3482961990498722 0.9358242851764629 0.012789888446304281
1741642471.630431 22.282204527413537 -4.928551293762601 26.597769292865127 -0.04952640598071353 -0.3525534734933918 0.934321229589742 0.017234366141244666
1741642471.830593 22.295017573105095 -4.80818253511042 26.296025473949978 -0.050196166570210074 -0.34865945615085775 0.9357177421444346 0.01868784456177527
1741642472.563674 22.356362228428242 -4.478783266097764 25.462031806003445 -0.045281805571845204 -0.3425051638270429 0.9383114918776051 0.014536679345275645
1741642472.830493 22.38329042827876 -4.349387241545235 25.141872665273365 -0.05007224030242559 -0.3470317633202425 0.9363859653999821 0.01559005451828527
1741642473.430464 22.523446610567017 -4.060683605683816 24.396422709989587 -0.09554999202105549 -0.34208279107119777 0.9347045437405835 0.013303345008795552
1741642474.030748 22.721622457221844 -3.786659484022922 23.689726738412425 -0.1376102590652774 -0.3398747363243224 0.9302460486554802 0.013815540862574659
1741642474.563666 22.861699581567493 -3.5782065754513077 23.116584596039043 -0.12413918954986523 -0.33483164417667477 0.933998590562011 0.011129443113841403
1741642475.163389 22.983306496664675 -3.3135012928046192 22.442445700183868 -0.08216706484693595 -0.33925115228483665 0.9370324154284223 0.011290773411348222
1741642475.563356 23.049697791961517 -3.0860798797712565 21.826523361991622 -0.05364626761586255 -0.33678457866295797 0.940018435697352 0.007972834803521137
1741642476.363306 23.14360100870052 -2.7479688560417292 20.92715131213624 -0.062067726253547874 -0.33587681037111716 0.9398167390793675 0.008880459383572226
1741642476.696725 23.20716770624108 -2.594201412403815 20.51198718187945 -0.07968895437474888 -0.33375428384038713 0.9392373319595768 0.009538491615821989
1741642476.89669 23.27883886073947 -2.4667847123070583 20.175710368410048 -0.1010129824334532 -0.3342565596281673 0.9370085597537262 0.009159076028059904
1741642477.49668 23.517722055757424 -2.19584803374401 19.483509822908843 -0.14045512125834483 -0.3338100779375888 0.9320680729871753 0.009607189889772546
1741642478.096446 23.72354570296716 -1.958761025317456 18.88898261340988 -0.14524414391417403 -0.3382050519800514 0.9297349572792167 0.01069535819046801
1741642479.363019 23.943599246969324 -1.7214707066718062 18.235477277349577 -0.15047047010997794 -0.33090544777970765 0.931543617662985 0.009311855129460174
1741642480.829481 24.162022349979924 -1.4909713474168278 17.67070118369577 -0.14517435635538303 -0.3346636594896059 0.9310803184620058 0.003752578648790484
1741642481.82941 24.334703769525557 -1.231742350271916 16.965719651035823 -0.12028403048874317 -0.3339714947602626 0.9348697266379661 0.003658813036160033
1741642483.296111 24.496915688953486 -0.9458643362236046 16.212558738480926 -0.10646957996930452 -0.3334520617605549 0.9367301426827264 0.0032543568326251046
1741642484.429128 24.616476731764102 -0.782285496712865 15.862441207854616 -0.09771165298419053 -0.333347973416178 0.9377263352143534 -0.0009390079245878309
1741642486.162433 24.82245286433145 -0.5631497258891939 15.324044207005896 -0.09237875754642923 -0.32539388414965204 0.9410373533124771 -0.005803876534616817
1741642491.495091 25.003709492293357 -0.06333681072623759 14.208670215219168 -0.05239320326628906 -0.3242287229854344 0.9443589354491215 -0.017801361749422664
1741642493.094893 25.132607219351343 0.30382966873288675 13.115773452898798 -0.05332828681085999 -0.3170234932845626 0.9467690513629808 -0.016749982469034898
1741642494.028328 25.185405419516297 0.5518807680638946 12.382215926250915 -0.05498102863133156 -0.3121310749612135 0.9483628496104933 -0.01261681468766421
1741642494.694776 25.271824036656778 0.7355123558188544 11.876548475503679 -0.05345257427266612 -0.31188978456211797 0.9485652079453574 -0.009572401213994376
1741642495.62814 25.33757620826945 0.9467478866818717 11.228911681648416 -0.055292801417681996 -0.31206418722732454 0.9484416434824019 -0.0041349812496217775
1741642496.69454 25.413319349461002 1.231837035474038 10.43098110295852 -0.05175155493655507 -0.32304586211769415 0.9449606026362468 -0.003550633130270833
1741642497.294663 25.495461901691236 1.5506923720168662 9.458597592976881 -0.05054164427406112 -0.3216892558550089 0.9454713096103157 -0.006750375195471487
1741642498.561185 25.508990444184608 1.7286891083777032 8.95366874796915 -0.054906275695323685 -0.32112995926026777 0.945427303853611 -0.00529747891549495
1741642499.694238 25.547627975728975 1.8892965870463345 8.46528449068263 -0.07660287326172212 -0.31392808476984047 0.9463510423643883 -0.0009284485038148141
1741642500.694144 25.68964246088817 2.1366930632445404 7.750975039081885 -0.09807713273695776 -0.31846546944620346 0.9428244179205575 0.006537413652847777
1741642503.027239 25.794472466190804 2.3117180550183454 7.22958132462125 -0.10826240148330431 -0.3246947502044803 0.9395408888086947 0.010746621389344674
1741642504.827203 26.072613701199 2.5814108767683317 6.372656641853563 -0.14042026137728722 -0.31601247568069435 0.9382389010854567 0.011226303881846107
1741642505.293706 26.241314840788355 2.7275005558295904 5.908624742291417 -0.1426285618248408 -0.3106084334483732 0.9397688094937149 0.0037522160506820853
1741642506.226911 26.52309823857942 2.9914883108801003 5.115481350035303 -0.1533761115293841 -0.31744276272845745 0.9357149245960394 -0.011976672813371381
1741642506.893515 26.760666940637545 3.1948593560884575 4.535814876633414 -0.1563509622864354 -0.3176486632733115 0.9351908978438408 -0.008466870898692495
1741642507.826913 27.04434931851812 3.4759341958785344 3.7084986347765 -0.16250668821037628 -0.31780833766127986 0.9340407791942387 -0.012540319058499444
1741642508.426692 27.23921492814988 3.7074416483728334 2.9704493041550237 -0.11470247939177208 -0.3091471224972905 0.9439833223169474 -0.012918400074458493
1741642509.359963 27.401161217554208 3.9459375314384655 2.238198898220427 -0.1171925548197219 -0.3082773968937495 0.9439097318795286 -0.016290172569879902
1741642509.759894 27.509056496217347 4.091492908091003 1.768723328770491 -0.11679271755046808 -0.3063652162948643 0.94454891543794 -0.018087612246751025
1741642510.360229 27.715221330272225 4.354818956967546 1.0008033051432013 -0.1086875934621362 -0.3152882425716114 0.9424522426257748 -0.02375082089448568
1741642511.159737 27.89182500296614 4.605872424247396 0.22371410799036512 -0.10682554277166353 -0.3121763390098757 0.9436273339992756 -0.026489456456299625
1741642511.826321 28.05477917567115 4.845134107391191 -0.49804424455192414 -0.1075086016774579 -0.3129821096448355 0.9433571326369529 -0.023694301226506183
1741642512.492992 28.2108106708037 5.077266929165991 -1.232074645581645 -0.10374924099870995 -0.3088440687674892 0.9451689997474655 -0.022516618212103212
1741642513.359533 28.389428924993062 5.339680082080352 -2.0525802547834453 -0.1032640177868498 -0.30728052954225227 0.9457064851982965 -0.02354703056935935
1741642513.559703 28.442754959234588 5.428220458519939 -2.334266985214824 -0.10452484269526119 -0.3050094226452653 0.9463089641185207 -0.0233056599577275
1741642514.159703 28.57722643184134 5.653976300751939 -3.006185404693987 -0.10271881704500456 -0.3087523112856919 0.9452786525117741 -0.023856320046114286
1741642514.892701 28.76303106941194 5.921206641739487 -3.8018800839349063 -0.10345962298900568 -0.3099080369246496 0.9448439332810585 -0.022870435117445694
1741642515.426218 28.886432903101184 6.166456444125882 -4.517802156351392 -0.10104291614227273 -0.3189532372965305 0.9421242222023674 -0.021473505887792593
1741642515.959265 29.017036611602467 6.355278010666598 -5.123726922432365 -0.10486791612474716 -0.3046534916376265 0.946423247027592 -0.021725737879422266
1741642516.425897 29.14327064116333 6.529707001103663 -5.691338887463151 -0.10537976353135016 -0.3042249641688625 0.9464218167571397 -0.025060354758987737
1741642517.159282 29.33917934285922 6.826874797883521 -6.6031150995205445 -0.10268527963850235 -0.30744225384857 0.9456005555855269 -0.02783133432692321
1741642517.692428 29.455980322042368 7.0386828375551245 -7.247250460357419 -0.09968942058330311 -0.3108463907085626 0.9447884012087406 -0.02848539535721181
1741642518.492527 29.654151504264814 7.329533789177246 -8.179882981313934 -0.09608768020456072 -0.30124941762200363 0.9479470345492136 -0.037581455329214766
1741642518.82563 29.73442341058199 7.45297341324246 -8.597160762197865 -0.09824002965133381 -0.29461443974053964 0.9498501463747333 -0.03655034750000011
1741642519.158929 29.81800340752734 7.592217948713035 -9.028551459885081 -0.09987053164956212 -0.3034000661288253 0.9469908967474016 -0.03438776321034104
1741642520.025662 30.02764667705397 7.907469602545343 -10.055435728962589 -0.10376450439017508 -0.3007852358740016 0.9473415119185692 -0.03612795738375122
1741642520.425444 30.130342775926742 8.083653438391226 -10.576814514969673 -0.10313919539974743 -0.3138411366535833 0.9433028765035303 -0.03233775651533236
1741642521.492095 30.39627079525126 8.426985334754733 -11.693353432483514 -0.11442077230848544 -0.2972863036951251 0.947230940971731 -0.03580900676406483
1741642521.825328 30.50970844627153 8.562561734557637 -12.133994886607828 -0.11788632185954115 -0.3010272462677786 0.9456483289535987 -0.03513758771078813
1741642524.158573 30.78690213927251 8.890270519888054 -13.150915293023317 -0.12185266970109221 -0.2990826090004106 0.9457307769914894 -0.035983570296703904
1741642524.758379 30.882893684617915 9.004046782864293 -13.525846662496637 -0.12047251440416369 -0.300321056920018 0.9454406014425913 -0.03789070054053906
1741642526.424834 31.005963549271943 9.113622123860974 -13.864594556702713 -0.11304155180340059 -0.29614266322806065 0.9474486809573992 -0.04315237576489897
1741642529.358033 31.234577076352462 9.44335979739642 -14.99658866515701 -0.07525505869590357 -0.29256054838930234 0.952024723086835 -0.04892778656614112
1741642530.224453 31.318008034246223 9.637103386823114 -15.725473301120706 -0.011758780555017332 -0.2947025009170067 0.9543596986376616 -0.04700779349589184
1741642531.691022 31.12958960638528 9.865016631874056 -16.545134724467246 0.08113840303935081 -0.2915466846064709 0.9526741360241096 -0.028793763177382633
1741642533.624134 31.226462370481766 10.085091086046253 -17.363043673504418 -0.03550489989953854 -0.29347306275864504 0.955186583300361 -0.015216918254585354
1741642536.290505 31.458829150151416 10.429999755668263 -18.54149907924712 -0.09181295298661757 -0.29609464903488514 0.9506087440603077 -0.015535642660338024
1741642537.757065 31.579480446560517 10.628899312458387 -19.17906039245431 -0.10520760308739344 -0.30088566571868114 0.9477204314472207 -0.015005340220244853
1741642538.690456 31.681417209967986 10.755068657981454 -19.63716675776758 -0.11017916633557752 -0.2958057002438066 0.9487909917485285 -0.012457647679711855
1741642540.090155 31.823144488243827 10.93480992193859 -20.229527921928067 -0.11857079358670888 -0.2994559615381886 0.9465835406400828 -0.015706514468267173
1741642541.290149 31.973375842361087 11.094324697653953 -20.759673464922468 -0.12530951735384613 -0.2960117585315587 0.9467490122441757 -0.018462705280591574
1741642542.289927 32.10859760861335 11.22627594156207 -21.23648062639125 -0.1294509691444229 -0.2912278896101535 0.9475699099222955 -0.02323851782361979
1741642543.156489 32.25148255418359 11.363459044791597 -21.690468435584123 -0.13336371278870063 -0.2923230317059981 0.9466018360012105 -0.026576856935389834
1741642545.09039 32.49871229899704 11.637197372407034 -22.6853155247063 -0.12866400916098256 -0.2888702580413 0.9484418073122116 -0.0213935716541426
1741642546.090054 32.62995236951449 11.775035136794575 -23.155666118303735 -0.12890049143679194 -0.2900605348639267 0.9480485422257976 -0.021295797833055956
1741642547.022771 32.74346890689795 11.893139993623231 -23.591875085778376 -0.12937487806689532 -0.28654965758956896 0.9490922298599773 -0.01937456786337694
1741642547.75602 32.86674740401116 12.004915708944713 -23.979559224163804 -0.13257427099306246 -0.2879215984968357 0.9481905998514165 -0.021442997530563654
1741642549.489191 33.07333190056173 12.232769809523388 -24.80191089166263 -0.11847966291291029 -0.2895865355478248 0.9495997531743604 -0.0190398707097873
1741642550.155788 33.12829269526608 12.403359321295754 -25.397047739886457 -0.07284121514840636 -0.2950159134571379 0.9525939021776786 -0.014987518695812318
1741642552.222258 33.1579718880418 12.67034896033038 -26.41301052693349 -0.041198263660631125 -0.2867056647599421 0.9569344254188057 -0.019469728151389355
1741642554.155359 33.25512409537804 12.90890942105599 -27.32263952314769 -0.06496544122743149 -0.2846552135898699 0.9562703187989886 -0.017262045252853214
1741642556.022128 33.321016101786064 13.185667721466677 -28.281279181966433 -0.07068786466234685 -0.28713141591380326 0.9552252067278738 -0.010177436637148445
1741642557.621673 33.44472320316167 13.409090135290166 -29.099557752069384 -0.07748799397961088 -0.289221956307663 0.9540917735307924 -0.007426874137282988
1741642559.288228 33.57644535747417 13.641855618454699 -29.97091065189784 -0.08267422016004926 -0.2889893649459948 0.9537370795861025 -0.005975223143176952
1741642561.754602 33.77026105998861 13.964873031901119 -31.17897676042004 -0.08780167429952124 -0.2861211413172393 0.9541240314483864 -0.00853762813664756
1741642562.821428 33.857237457649425 14.10583625126089 -31.709346906254122 -0.0888420588780866 -0.28615533190463766 0.9539922898638444 -0.010996612077722788
1741642563.687733 33.9402222415016 14.231509484997545 -32.165017366301065 -0.08983927249486047 -0.2864056238957625 0.953823867579259 -0.010988783127243051
1741642564.687625 34.01599442172434 14.361348760184711 -32.64364763855443 -0.09141258476181138 -0.2864444059909323 0.9536445480767156 -0.012466657419824667
1741642566.754082 34.19232815571142 14.632946352696132 -33.64932020357014 -0.09619616736976938 -0.2887295192485575 0.9524683972012181 -0.013620368233154349
1741642568.687362 34.3686674373185 14.916234774687045 -34.665150415789725 -0.09708142028830008 -0.2891558257645578 0.9522418267609274 -0.014128327156284076
1741642570.153721 34.53435887568012 15.154216340301419 -35.50628986351869 -0.09443431356389974 -0.29327923753083524 0.9512039873455927 -0.016745856588795273
1741642571.753727 34.69254633927221 15.402388897503865 -36.343469210885935 -0.09469437641569362 -0.29313400518977034 0.951169077839332 -0.019565669907292756
1741642573.220092 34.8435064293925 15.629734790728296 -37.13839982319913 -0.09719100683970286 -0.29128299178777606 0.9514577342997788 -0.020887956476850513
1741642574.820064 35.01005858467759 15.871035793460921 -37.99193435655779 -0.09709052222313656 -0.2920853787682314 0.9511899111167742 -0.022300560394764902
1741642575.553162 35.0978839345331 15.988539191780765 -38.41143346788572 -0.09725004406512605 -0.29118589214813756 0.9514419211577636 -0.022615830890073785
1741642576.486433 35.191097568284476 16.122273564586994 -38.87336179409737 -0.09793155113590231 -0.29069213495648444 0.9515494192408429 -0.021475490890117434
1741642577.686337 35.31214830918938 16.302165746980382 -39.50155365165645 -0.10328806095301898 -0.2934805174687714 0.9501229674739428 -0.021612704813064883
1741642578.35291 35.4071230888259 16.422059052009146 -39.91285851625659 -0.10192829086916387 -0.2943526209369056 0.9499680633298465 -0.022974697417080067
1741642579.286314 35.50606506261676 16.57180444589766 -40.43720204088509 -0.10080105973330945 -0.2940846728850213 0.9501516971676561 -0.02377191410413947
1741642580.819562 35.67382621990775 16.80982935164924 -41.214742101795814 -0.10089763527742465 -0.29787086829949 0.9489479113096506 -0.024299683845333014
1741642582.752468 35.8467743673534 17.086120664194045 -42.11600825909849 -0.10227847810027034 -0.29644177085200285 0.9493214956710361 -0.021215260274816523
1741642583.619075 35.946879619578425 17.2183380443512 -42.55504192848864 -0.10266394642268856 -0.29457060410155483 0.9498562971610534 -0.021477617364530358
1741642585.819013 36.15269239612723 17.49893476805534 -43.53193949852168 -0.1052776534877752 -0.2969500817234864 0.9488715242498049 -0.01949602801532711
1741642587.685294 36.30847682459036 17.722140266329827 -44.25737273075337 -0.10464534925934682 -0.29773573857602004 0.9487271761857766 -0.017875290754094546
1741642589.018567 36.445577042549985 17.91380309310909 -44.872269428432865 -0.10409049447068892 -0.30186536204310416 0.9475039022774967 -0.016698123497842304
1741642590.685002 36.58655898097721 18.108825494855967 -45.53152370235884 -0.10159400041078413 -0.3014705460035566 0.9479189455027556 -0.015615432424208554
1741642591.618227 36.668187598516596 18.255833011082387 -45.99864248661872 -0.10122926928716558 -0.3056025843751844 0.9466359087059691 -0.01549683229627068
1741642592.618165 36.75482626375562 18.390368195418098 -46.43071236642253 -0.1019425006083923 -0.30591448735249094 0.9464784734918978 -0.01423208396608117
1741642594.417999 36.9873620568788 18.67704940672857 -47.37967710515699 -0.11542938420189035 -0.3063288866182257 0.9448038747841067 -0.013576033255287084
1741642596.617709 37.19176404246762 18.939210597207957 -48.17548970677965 -0.11933070660277549 -0.30958375954937833 0.9433033059267361 -0.009846385765635852
1741642597.884255 37.32637128673935 19.09942222663292 -48.66647986031504 -0.11830341723000183 -0.30932634825862765 0.9435220286625542 -0.009364463315345377
1741642599.35088 37.46698603761624 19.27976932821632 -49.22900724226787 -0.12013606387398575 -0.3100405545775274 0.9430471392028715 -0.010211460003576325
1741642600.817448 37.59748604345202 19.456539386354113 -49.77883219055446 -0.12390325398603881 -0.3103334650818669 0.9424880284025231 -0.007578945828909308
1741642602.283969 37.76365764925313 19.633574917184614 -50.3416394789758 -0.12584536992409046 -0.30815716903867035 0.9429314526293452 -0.009076215128251668
1741642603.017111 37.85788528738377 19.754342872610856 -50.70711486415658 -0.12703817267625983 -0.3086012169760657 0.942635169041971 -0.008095038553504744
1741642604.816901 38.067136149139294 20.01709679300096 -51.49313134051939 -0.127602865799118 -0.3101292853195714 0.9420487276248296 -0.009029385774446154
1741642606.416713 38.27654251683198 20.263655065371903 -52.23707457740494 -0.1285489587041257 -0.3145312218296571 0.9404758956816371 -0.007096855095777902
1741642607.816613 38.42819065471086 20.447604886751687 -52.810193371974336 -0.1301072296661909 -0.3099312917559052 0.9417995029470126 -0.005329111357912594
1741642609.950784 38.66644964911611 20.72098343043555 -53.619045334418615 -0.12893994866708894 -0.3123139849111034 0.941153588877363 -0.008024126739710286
1741642611.084283 38.792811703063556 20.86529075189396 -54.04350634202251 -0.13151429509248624 -0.3121630827441144 0.9408452450515692 -0.008271929754929234
1741642612.4161 38.941883036350056 21.045013193288444 -54.58780406844219 -0.1309437414195052 -0.3133085871474925 0.9405455901247749 -0.008090655075013298
1741642613.282721 39.04983591530895 21.17721384615365 -54.972711895553886 -0.12520977963774113 -0.31355341790664704 0.9412310873399918 -0.009529188155585152
1741642614.41594 39.15506747239527 21.317887278988707 -55.408422429461616 -0.11297894396393324 -0.3105689024119048 0.9437724458110825 -0.008734162995180397
1741642616.282393 39.275762253567684 21.57592966530313 -56.171512988340424 -0.09112368979667826 -0.3148222425030138 0.9446804399735685 -0.01273950998104125
1741642617.94886 39.31951449925666 21.78526306859544 -56.826283015031386 -0.07331219121479335 -0.30957253948012475 0.9480330693127056 -0.004844059108130598
1741642620.28216 39.40017957234155 22.094609704759787 -57.75911230108717 -0.06397360416283275 -0.31598030794801857 0.9465449234908477 -0.010794942019199035
1741642621.948474 39.47721289347108 22.3191177377028 -58.42553360774063 -0.07026052093702453 -0.313422692695366 0.946932443254466 -0.012191095659190857
1741642624.814992 39.65934336819005 22.5963855240881 -59.24549638485338 -0.10466331887597627 -0.312853325784438 0.9439672216531241 -0.009709308521409523
1741642627.548009 39.84247171640053 22.859547341692892 -60.0509426440284 -0.11105939772941958 -0.3117125428850919 0.943576036484504 -0.012859399530392885
1741642628.547828 39.91947869881981 22.958321734809076 -60.370487978330964 -0.11186635046054554 -0.3102170287495554 0.9439428005212507 -0.014943361487099497
1741642631.014344 40.10954927887553 23.193592005276564 -61.11325752186053 -0.10930977999308655 -0.30713595514093905 0.9452191152423914 -0.016724270923324895
1741642633.014201 40.271394374792706 23.40773383224783 -61.806396048067796 -0.10545901120361702 -0.30039588628412855 0.9477703042597636 -0.019291418374069856
1741642635.413864 40.4927474577948 23.68420555079595 -62.653958799909766 -0.10513535829742036 -0.3083780470596407 0.9452413195246264 -0.01919334235348709
1741642637.346966 40.626753913787425 23.900638260641184 -63.32287648975206 -0.10078911976102777 -0.30680158678774 0.9462065356498134 -0.020187411322415368
1741642639.813307 40.792084719482176 24.13134472235574 -64.0545706348534 -0.103943328422276 -0.30804757898517193 0.9454602180052097 -0.020185384004625134
1741642640.613585 40.855350233571954 24.229787794122092 -64.37037408956118 -0.1038823991625984 -0.3084645326101721 0.9453694113584196 -0.018296320221449645
1741642641.613173 40.985673538739206 24.42069984429949 -64.98036008176815 -0.10213205384797132 -0.3040387534450843 0.94702887182505 -0.016303248453219614
1741642643.279622 41.20104353878034 24.705940700727623 -65.88091449285959 -0.10237134993895379 -0.3052556368677711 0.946574311831677 -0.01833507710687587
1741642645.546113 41.35012927313562 24.951623582161286 -66.7100014565203 -0.09030066304856824 -0.30422145174872756 0.948072699676831 -0.02128977868299468
1741642646.812719 41.41679898840703 25.139274599052115 -67.35176552679773 -0.06334530153349824 -0.29843052355443594 0.9520936445397893 -0.021078126377760655
1741642648.612631 41.47942347711737 25.358464144879864 -68.11586913213526 -0.06501284546282224 -0.3002738107063744 0.9514634662366676 -0.01806214122426436
1741642651.612247 41.54231403505664 25.573439938504265 -68.825340393563 -0.07872268788861805 -0.29935828583904595 0.950766323708047 -0.015190550147523676
1741642654.21204 41.62825036254362 25.718260917317394 -69.34985062215902 -0.0860700737798899 -0.3017177182024533 0.9493916652329669 -0.014622821492557114
1741642656.811606 41.825310632048115 26.005778808386633 -70.31210461490099 -0.09728750260726109 -0.30133072167866687 0.9483686628472655 -0.018215854038323598
1741642658.478139 41.99808891592018 26.21738222844518 -70.97512801054063 -0.10325566706499122 -0.30213212466896877 0.9474463821092248 -0.01999498662463398
1741642659.611586 42.17761803653599 26.406049417437423 -71.57761996756952 -0.10234632823198071 -0.29473570060932053 0.9497207062028059 -0.026204505212049038
1741642661.278623 42.41120771764775 26.654952187001385 -72.45982200650904 -0.10772933693987885 -0.29564148802230505 0.9489230946364329 -0.023140029992778175
1741642662.544534 42.60726836197228 26.912341280193424 -73.32395754914594 -0.10749594079217296 -0.2958607661822773 0.9489739499319199 -0.018959749414261737
1741642663.011134 42.8153906513322 27.185024735892124 -74.29614608545059 -0.11003795697268835 -0.2990181861250916 0.9477318300579476 -0.0168567697602625
1741642663.61101 42.972013389596185 27.414921081737745 -75.08893947957029 -0.09886087525405761 -0.298588679394144 0.9490961836309119 -0.016963552072048575
1741642664.010982 43.068276818153905 27.579917614105415 -75.64885770251949 -0.07618083009733351 -0.2976626138202782 0.9514412221383224 -0.01878963212244149
1741642664.610783 43.0471420325709 27.78195353853286 -76.39925331568311 0.023159518479996248 -0.2924693542435667 0.9558948553990266 -0.013796338420020768
1741642665.277771 43.016482005806985 28.01659911886782 -77.22138010202023 -0.002004065115216266 -0.29855266660543384 0.9542855167255995 -0.014193010729025827
1741642666.01083 43.08919411935102 28.221095598347897 -77.94843112885813 -0.050929626533262606 -0.29895229289770636 0.9527829057437791 -0.015441315838604327
1741642667.143862 43.164269788983304 28.446347182339217 -78.71763341536746 -0.052542581169990714 -0.29893346200188353 0.9526986976756846 -0.015596599200397718
1741642668.277094 43.237772763038066 28.663679027663242 -79.50069872735848 -0.05238992845004591 -0.2965908629748137 0.9534145901496986 -0.017022769649402473
1741642669.210353 43.306436408501476 28.8774378166411 -80.19082524972163 -0.05325754473277393 -0.30114344406515287 0.9519032443517098 -0.01888050365598486
1741642670.010287 43.37286188481573 29.013144825685465 -80.73965277051673 -0.057384301083505354 -0.28676484949943526 0.955998961388776 -0.023215273082722174
1741642671.076803 43.45733411368044 29.221670582499133 -81.492717133663 -0.0608295679206084 -0.2924096371285153 0.9541269974850656 -0.020929415928209495
1741642671.810071 43.510068474395645 29.36078120558288 -81.9983795400443 -0.0640770366708054 -0.29033446857934936 0.9546384011004984 -0.01629579303130623
1741642673.076585 43.62253057709751 29.605560224040826 -82.8757959996403 -0.06799905335097993 -0.2915073456539249 0.9540375489010653 -0.014558552813424072
1741642674.276483 43.7412567260102 29.819767198743037 -83.67218878813044 -0.07058858883364039 -0.28620064306840376 0.9553915874380482 -0.018258085505162384
1741642675.543037 43.853600468339714 30.03235670106476 -84.50013393012196 -0.0728506896009622 -0.28261709243280814 0.9562364643094577 -0.020788949334614573
1741642676.743061 43.97264744817437 30.25495729281002 -85.32965587324226 -0.07369714431941933 -0.287980355751218 0.9545646571031272 -0.02103238051561965
1741642677.742952 44.083481644518024 30.422879045712072 -85.97987856137253 -0.07599952017458095 -0.2835684736442452 0.955637678001708 -0.02386675662528229
1741642678.609503 44.184943260211334 30.621733384863482 -86.80303191936744 -0.07211237033065386 -0.27524353513977723 0.9584110284694777 -0.022115671301837978
1741642679.342626 44.27408347607301 30.769270449275865 -87.39491832285651 -0.07890993243760153 -0.27795618374665304 0.9572020036067554 -0.01667053601126902
1741642680.542505 44.44146732874595 31.014962860803394 -88.32808633989347 -0.08846112623260753 -0.2759602026809824 0.957000566569044 -0.013057996341657207
1741642680.942468 44.557929804436284 31.13981892659777 -88.85999881055277 -0.0894701001085268 -0.2799501847758175 0.9557441919103604 -0.013267812938378958
1741642682.142383 44.73459978674565 31.3131083326437 -89.51013054020692 -0.09186562830720457 -0.27558148457287795 0.956767593888732 -0.0145369522492718
1741642683.608861 44.90147414919664 31.49181061617321 -90.25033133376205 -0.08701668619206968 -0.2669825237306133 0.9596912794138027 -0.011877565562090556
1741642685.74196 44.99546757106603 31.633991736806117 -90.89802921041192 -0.05478530902972364 -0.2693301216622814 0.9614482791031854 -0.008778501547633473
1741642689.408434 45.03940019899488 31.85433555371597 -91.8611821585319 -0.02696976775790154 -0.2679235828481916 0.9630263781055731 -0.008353469562699186
1741642695.607646 45.00570697432541 31.90649146189968 -92.31417094165485 -0.026972107014110232 -0.2647212456888826 0.9639457397947246 -0.0019437735842169643
1741642697.940738 45.052067855278146 32.07458845477339 -93.1554642660596 -0.026081631083848804 -0.2668874002648157 0.9633746513037759 -0.0003812154538413115
1741642699.873876 45.09183739831925 32.306831158614806 -94.20208595978548 -0.02607123178779498 -0.26232495879373907 0.9646248212353328 -0.0022047955987792513
1741642703.073708 45.1568100966779 32.4502747118162 -94.91522260490765 -0.028500160144706688 -0.2590612296549879 0.9654400294202501 -0.0007548207723444322
1741642705.140069 45.226472366429405 32.67114084931668 -96.0982975905144 -0.030880078276121145 -0.26159964253153806 0.9646789293310603 -0.0025712054977317703
1741642706.139917 45.25017657524521 32.812498319783934 -96.76253030053863 -0.033520826387323205 -0.26214934518890104 0.9644437536587293 -0.001523497292956338
1741642707.473149 45.25292651292122 32.95067479547579 -97.44737462818486 0.0025188292348014407 -0.2588647946920982 0.9659099150381675 -0.0008423771506097398
1741642709.139591 45.2114729535956 33.1519718177117 -98.3496617077101 0.015182382778194344 -0.2678818867707431 0.963330233063991 0.0019110358970504443
1741642711.539431 45.15064111675219 33.405515481232385 -99.4906784671286 0.01565261412410949 -0.26993448248856095 0.9627497448237217 -0.0018165011900115869
1741642712.739187 45.09628044377777 33.61255918264133 -100.31442907259134 0.016573305158970195 -0.27835793580053037 0.9603278049310439 -0.003562612706729529
1741642714.272824 45.07289798625296 33.78165375718801 -101.03803395031112 0.01741425686053015 -0.27501401233590667 0.961265814920704 -0.0056630152512638365
1741642716.472185 45.04427295731322 33.88299205912844 -101.48283148952373 0.01913910552395958 -0.2794124222334709 0.9599715764148794 -0.004118909673511822
1741642721.20511 44.98274118094395 34.09896964570284 -102.45386459618516 0.023310536839135528 -0.28175187498216236 0.9591888321172443 -0.0054114838874671665
1741642724.404727 44.944249616862564 34.32375914494803 -103.32115510671547 0.02700253537275149 -0.28774281923148476 0.9573081594364115 -0.006001744798835937
1741642727.27117 44.865236094178364 34.587213928386895 -104.3311710940155 0.026328258164054014 -0.2932316240147978 0.9556400596835852 -0.00860893882223324
1741642729.337538 44.795256138953484 34.784983476637315 -105.05079469169596 0.025178027468569668 -0.29249751452470474 0.9558686794500582 -0.01124004341913954
1741642731.337312 44.67793467598816 35.01664514088696 -105.9053951956586 0.057884944571290876 -0.2894619012524164 0.9554047271891265 -0.007933988907585095
1741642732.470717 44.61100713818424 35.19750956394381 -106.59180814973922 0.05546195609577696 -0.28687654040979055 0.9563421773341281 -0.005954984496954878
1741642734.003697 44.474697041635835 35.36927154223165 -107.24435233273871 0.06143502444941322 -0.2871811080865135 0.9558976260154138 0.003532351511175103
1741642734.670383 44.3804722146696 35.52501137233409 -107.8102908461845 0.062115010948080016 -0.2918708445803058 0.9544224975016443 0.005552635556432862
1741642735.137087 44.31530078506179 35.6362885124928 -108.1957010265814 0.0540551225778795 -0.29269113084420173 0.954651679049883 0.00707935982077963
1741642735.536903 44.287889121187874 35.80254057244965 -108.792278795129 0.010363359744121168 -0.2953416054521449 0.9553149762091286 0.006263632677260412
1741642737.53674 44.29460140332948 36.057377160185446 -109.72698650909655 -0.005232491042971879 -0.2885609894362344 0.9574455322862059 0.0017969747495200207
1741642738.669919 44.289839518767685 36.2559435903921 -110.47694724509957 -0.009170719581241445 -0.28620908233694087 0.9581172851315958 -0.003395146869985483
1741642740.136416 44.24011343902787 36.435293250043834 -111.19638442227092 0.03292953409673905 -0.2856713943068517 0.957755284030924 -0.003509440097058597
1741642741.069735 44.12207417074959 36.573154994058335 -111.74797237083459 0.09866223732750302 -0.281095273421312 0.9545944573483092 -0.0007951010102411302
1741642742.536216 43.881396818756386 36.7821721290762 -112.5772668089263 0.1224329961487035 -0.2796361161622084 0.9522669714931147 0.0011912158070458841
1741642743.602721 43.775191664310434 36.92528045183031 -113.13653906336309 0.09112065178504339 -0.2782126334440877 0.9561774022418187 -0.004419598676549587
1741642744.802626 43.73517671334398 37.10000171576468 -113.80938686070655 0.02896313762754221 -0.2828325765824639 0.9587066222397073 -0.006962955997574226
1741642746.269177 43.67057372142743 37.35277968428293 -114.76036336022878 0.019808603980023532 -0.2874767586809093 0.9575716804665868 -0.004605344186690872
1741642747.069058 43.64496617937952 37.510429379967356 -115.42912133228107 0.016346134407014518 -0.2775968042640722 0.9605190252859556 -0.00871895727940262
1741642748.135618 43.60860195689026 37.76912039033932 -116.43944534300326 0.010616958490709871 -0.2859713372762381 0.9581301986421115 -0.009705508687055438
1741642748.53565 43.58693751136264 37.901283731345664 -116.9239485161712 0.006916685751544747 -0.2871478604268986 0.9578203317409828 -0.00885877045996968
1741642749.268821 43.574257064454194 38.07964276989442 -117.59475771025284 0.004083917481739156 -0.29026802754406156 0.9568862533926298 -0.009823027633983055
1741642750.602198 43.50157329555947 38.2861363439421 -118.39450985139165 0.04561746219354496 -0.28496856768264306 0.9574119470423441 -0.00862126652592431
1741642751.935314 43.2925222797597 38.47849578922358 -119.16358794779588 0.10605692889659836 -0.28180922147834453 0.9535774538288714 -0.005052729167292723
1741642753.26843 43.07385604084825 38.705473601779126 -120.05482807797586 0.10396145980662941 -0.27892694728158235 0.9546666608636765 -0.0018274546369974913
1741642753.801925 42.98150860190909 38.80118869079072 -120.45542451863233 0.10010317270236525 -0.2763763040176219 0.9558217583378339 -0.0005095885112622332
1741642754.669983 42.89854121128453 38.924701498091075 -121.01986244810804 0.07022498984030175 -0.27040039525776943 0.9601831956385601 -0.0005548510559495995
1741642761.534288 42.71031065833653 39.127516670382334 -121.86226415990484 0.09766601959116901 -0.27059517747531076 0.9577096154419754 0.005647214738789683
1741642762.600864 42.49013530316188 39.319499527328716 -122.67973951040565 0.11965143896830181 -0.268961328302215 0.9556639964225034 0.007047196073068014
1741642763.467579 42.367379881108924 39.454173070522636 -123.26518431091068 0.0901244835638439 -0.27086289420868165 0.9583571094593494 0.007907006511179511
1741642765.067293 42.3098454671293 39.655091132613 -124.14103837062265 0.04474747759455795 -0.2708602970355113 0.9615631546156251 0.005353729952708201
1741642766.800398 42.248979010321825 39.88137473656665 -125.12841609293538 0.04135155155825754 -0.273677060684791 0.9609224988291066 0.0043436025006488264
1741642767.400372 42.20051651763236 40.00990948030221 -125.68090567250943 0.050417836246821605 -0.27436214408621407 0.9603019855884039 0.001884716311080214
1741642768.066917 42.11916993102006 40.146097748873395 -126.28589640865066 0.06185304415180667 -0.26906065432978776 0.96113444537475 -0.0010691748934861785
1741642768.466875 42.03488133186415 40.26545759439119 -126.7894922032417 0.07786297929964421 -0.2712966326462962 0.9593308682601283 -0.0044473332045208225
1741642769.066876 41.92678511478118 40.388816453984504 -127.28451228581766 0.08007357787640994 -0.27646654060729287 0.9576815691367654 -0.0006972707144737726
1741642769.600276 41.8172519392283 40.491579957925744 -127.7774978214637 0.07946437426603277 -0.26425286559939426 0.9611739905866252 0.0006293367924974437
1741642770.400555 41.66423967242046 40.63939496119081 -128.47688575961692 0.07887666464000598 -0.2618936827106798 0.9618413790169704 0.007164659254883886
1741642771.133407 41.543965633475864 40.76571244259138 -129.0906022515847 0.08420603973108158 -0.25834737691739645 0.962351682917187 0.0067241430060856165
1741642771.59988 41.45492016888725 40.86247744330406 -129.5481006574073 0.08594239619535142 -0.2600738215937484 0.9617228996588751 0.008035927423112925
1741642771.933193 41.390045404964546 40.93473146137525 -129.8795636629152 0.0873689258766891 -0.26136341086935155 0.9612536208187008 0.0068785690975318526
1741642772.66646 41.241904262407154 41.081505170232376 -130.57923529787882 0.09027112932373083 -0.261190254624718 0.9610280497962843 0.007474062111313293
1741642773.666336 41.124460737267775 41.268153872792894 -131.40659974691536 0.04806858489698757 -0.2658584016126303 0.9627969492499048 0.0055458049961072155
1741642774.53325 41.113511703739846 41.42411932997444 -132.1107828888808 0.02931979530256732 -0.264995770835982 0.9637872709718426 0.0056291522547695675
1741642775.666309 41.09491636455795 41.59952255020187 -132.94372827444894 0.025294674719643456 -0.26316197829908267 0.9644187863662962 0.0015352889958477388
1741642776.39954 41.07027495873544 41.72705116084511 -133.5463717121307 0.023817117626577875 -0.2644673722687299 0.9640989206221956 -0.0017393011102447631
1741642778.332725 41.00723097891151 42.00009848900365 -134.77990190049664 0.04900242529922188 -0.26768630427142176 0.9622553594193443 -0.0027254520819131444
1741642779.065988 40.96303246631934 42.10355988726476 -135.29604288757275 0.05783475839599319 -0.26278640501957823 0.9630903514933187 -0.007444522727426486
1741642779.599166 40.9232233861923 42.18677133221808 -135.65948278670848 0.06208538314811853 -0.2629279358024935 0.9627645708863134 -0.009934124021982953
1741642779.999117 40.88928180187598 42.241956006763495 -135.9221952319476 0.05758768250236717 -0.26122640847116024 0.9635029263828354 -0.010321491800000972
1741642781.065711 40.79432280417415 42.41090936698577 -136.72925585095572 0.059290924516261834 -0.26407929191676477 0.9626034706689122 -0.01188579433239423
1741642782.39911 40.665718605056306 42.61048485623659 -137.64016290542835 0.06657889014869638 -0.2617222183767325 0.9627913748340202 -0.010074737701149264
1741642783.065486 40.60953657015393 42.70835062327197 -138.08996188045046 0.06886863273666019 -0.2659084043316154 0.9614526770383668 -0.012592924463961088
1741642783.73222 40.53861553720448 42.801016431056674 -138.5397577597168 0.07207823076453784 -0.2632473238146049 0.9619778961802126 -0.01020305909983115
1741642785.198639 40.40811295638562 42.98744183656121 -139.34495796830177 0.07952221079250486 -0.267103837280411 0.9603445638408291 -0.008371188811627859
1741642786.131874 40.291061315636625 43.08974858933252 -139.82441576449054 0.08758110580358226 -0.26422120688053413 0.9604441111506186 -0.007988310016133999
1741642786.865156 40.202946240626595 43.17646011241942 -140.2667805068352 0.07438150912571044 -0.26361365228242517 0.9616696850336184 -0.012909311284640615
1741642787.198747 40.17863652060063 43.23483067496182 -140.53998494081603 0.0558211196134945 -0.2657018008891459 0.9622668522176083 -0.018140031217615732
1741642788.398327 40.11650757404036 43.365885489331426 -141.15154524738392 0.07948204716163826 -0.2650811917262885 0.9607271360104291 -0.02044348564125025
1741642789.598155 39.962264712972484 43.530467218097776 -141.86491604507856 0.0771478250975518 -0.2697956213141459 0.9596294579738911 -0.019231203580832537
1741642790.931426 39.864717455589904 43.68021042699542 -142.49902153782776 0.07037622074790584 -0.2712700817054103 0.9597815492451116 -0.01670652727037195
1741642792.597859 39.73979828985874 43.84394852379912 -143.25626708199442 0.08113617832045926 -0.27383159831665704 0.9581107380825467 -0.021377322138502887
1741642794.197735 39.603513326157895 44.006311939165656 -143.91550348028713 0.07646163398067606 -0.2742287697432994 0.9585523491045457 -0.011383953629501821
1741642795.197623 39.511990139039106 44.13963756361347 -144.50965131518177 0.08390367346618066 -0.2744174513504617 0.957847163099406 -0.013566433415504713
1741642795.730932 39.40148173428769 44.2375367667553 -144.96581456350037 0.0893619893077285 -0.27146168391681524 0.9581489892764794 -0.016537937612459936
1741642796.530928 39.24991589864083 44.379941028540244 -145.61634500070727 0.09328284844334843 -0.27222591593849804 0.9574801906117113 -0.020568069036792938
1741642799.197226 39.109355716062815 44.54013540070207 -146.30716638746688 0.08227647671867147 -0.27097438682561975 0.9586908296297273 -0.026746144527883917
1741642800.663705 39.02777102273305 44.67377825667598 -146.88076847989316 0.08011469434145448 -0.2735880336321518 0.9581610485670666 -0.025663760689492082
1741642803.130139 38.90933392614818 44.82747549645121 -147.57192917930254 0.07707337758931332 -0.2770321865949262 0.957299913435932 -0.029828472856753465
1741642805.196613 38.80637188285707 44.99583957492611 -148.23424579508833 0.07230924008284398 -0.2784993039822321 0.9572818999497471 -0.028650925092507117
1741642806.99625 38.69386314332157 45.15248260626705 -148.90298102432155 0.0705049110064681 -0.2749589962927167 0.9583717372996722 -0.030825655335776928
1741642807.929602 38.58464264811802 45.322271899884214 -149.6353858615977 0.07040265235921306 -0.2786506427632643 0.9572761104220567 -0.03193327799687421
1741642809.929613 38.43011328302178 45.56659523622537 -150.65912732277837 0.07139955253824129 -0.2810082652082689 0.9565755447309219 -0.029994766288777078
1741642811.262647 38.295257732991445 45.77905553155136 -151.53035848463932 0.0696585815593306 -0.2787537441501881 0.9573553770380089 -0.030244242324867807
1741642812.795835 38.18344355028446 45.971155878712004 -152.3147190183792 0.0681194097477443 -0.28207628095822046 0.9564555861238789 -0.0313915515517346
1741642814.462283 38.085674603456994 46.17536361810762 -153.123082857066 0.04977289686262675 -0.28034554705724435 0.9581698015994372 -0.02897696129638062
1741642815.395594 38.000327612241904 46.37530177750042 -153.91556455790158 0.048636045826038955 -0.28150109581139915 0.957979675560632 -0.025818778362564267
1741642816.728723 37.92221661926985 46.617736273116606 -154.80639607840772 0.04703090026858735 -0.29139132348317065 0.9550983270073397 -0.025814274470399298
1741642817.662016 37.87158445582215 46.780133612631 -155.44101634699717 0.04631151794976813 -0.28581664038403987 0.9566929157575043 -0.030045903617191907
1741642818.595228 37.80672753677889 46.9433230292485 -156.08698968966067 0.045108156384636736 -0.28383084662459834 0.9573190240905648 -0.030750460910881735
1741642819.928405 37.72817784622087 47.181914455168446 -157.0171227075266 0.04653426871752113 -0.2844735302643876 0.9570392692610634 -0.03138804718506716
1741642821.262225 37.63876239086014 47.401924041845525 -157.91146023267288 0.04428818423938967 -0.2823678597395402 0.957725677260893 -0.032687545610721264
1741642822.327988 37.590873433010245 47.59979557943982 -158.6650056188164 0.022581027470609107 -0.28861807729877437 0.9566542550968469 -0.0316597356247251
1741642823.128102 37.565656094715955 47.7384868810441 -159.2233052642967 0.018984466901794325 -0.28372225920265115 0.9582281328275978 -0.030661296566421293
1741642824.594718 37.529897850300515 47.99194117849863 -160.19599512391596 0.01111353392176369 -0.28656790681671374 0.9574974716803325 -0.0308855285243405
1741642825.127929 37.51823184813249 48.09540733373754 -160.60226924036002 0.008506905930214862 -0.2860671780807647 0.9576834115320199 -0.03058897600107492
1741642826.194422 37.4999595591895 48.29284793977335 -161.37052388280355 0.004138483732147499 -0.28598636846690084 0.9577520643044607 -0.03009407456721063
1741642827.727689 37.50414562150872 48.583735043225865 -162.44148420747962 -0.002803805216806244 -0.29105871779444265 0.9561427999921889 -0.03267885394652302
1741642828.060947 37.50977853316988 48.68054572215078 -162.81795989840862 -0.00367551129921945 -0.28858143249812745 0.9567934139204906 -0.0354063625975733
1741642828.594169 37.515600043930895 48.854822513895236 -163.49096268649097 -0.004265872735590635 -0.28558596794478813 0.957684809089273 -0.035528350404783006
1741642829.194122 37.53621015919375 49.067128089840004 -164.28733046521984 -0.02619653614415452 -0.28851948631975904 0.9564545837263703 -0.035565106166665215
1741642829.727425 37.723333278413115 49.251985821168766 -164.92009555704843 -0.1284370261488764 -0.2902757200609897 0.947363665890464 -0.041785418601329
1741642830.194013 37.88820400660438 49.41857080360649 -165.50697712510657 -0.13396364246865644 -0.28944128072574715 0.94673693131398 -0.0443471576829648
1741642830.79398 38.0320543650195 49.62892458684685 -166.28580942558233 -0.07834923085860247 -0.28425079202788434 0.9546709719809144 -0.040819364429175935
1741642831.528691 38.10788616932345 49.87360024467745 -167.21066672073454 -0.044390597431979574 -0.28434426815825453 0.9569858913423213 -0.036821404059617514
1741642832.327143 38.192974111305055 50.13016204035532 -168.19079508789142 -0.04216129390004452 -0.2844650392626928 0.9570053252728635 -0.03798518307615736
1741642832.660438 38.240090989102406 50.2660087745129 -168.66097960699145 -0.04165341674530705 -0.2860470095156662 0.9564286400258338 -0.04106528654375136
1741642833.460374 38.32883775251809 50.524334620241305 -169.6140073949647 -0.03609947135558488 -0.2867475466223791 0.9560530835708382 -0.04934748290020159
1741642833.793648 38.36685277366648 50.649696277606836 -170.075381087782 -0.03828236078748446 -0.28563442956772095 0.9564004182303737 -0.047388537715631625
1741642834.993537 38.43151458608841 50.821902177166365 -170.71101498241143 -0.03802874021861263 -0.2855816880075066 0.9565308215857421 -0.04522943453851279
1741642836.860073 38.51176596178723 51.15220758883168 -171.84668792162734 -0.03989948671602568 -0.2865436083735318 0.9561543088328271 -0.04549427612889526
1741642837.593106 38.59229695713912 51.385135483282795 -172.69612342916844 -0.04126381320791957 -0.28934204415056275 0.9554100606737466 -0.042072498971459704
1741642838.326517 38.64757216371245 51.61092246000033 -173.51489084699222 -0.041828172847704785 -0.28738233397938834 0.955948689352152 -0.04270715863510792
1741642838.926606 38.70317335977187 51.792111392118166 -174.16924446256922 -0.04098701191573793 -0.28916166198862364 0.9554517795749542 -0.042632088821087225
1741642839.393087 38.75343708011579 51.94726576987643 -174.75120230017578 -0.04308811803143439 -0.28781150314056203 0.9557973652128525 -0.04194459913562733
1741642839.926485 38.80755994335874 52.16921162332688 -175.56134747504078 -0.040974031861467086 -0.2881040445718542 0.9557479183069906 -0.043163698476946184
1741642840.592787 38.87882064526804 52.425477196886206 -176.514298273527 -0.04030083716173601 -0.2860973934245895 0.9563502008266689 -0.04379974176304135
1741642840.992919 38.882515124070345 52.53667730250024 -176.89807595454542 -0.042675416440544775 -0.29193166868227494 0.9545982257835897 -0.04119389497038763
1741642841.792867 38.86039907113452 52.62242692567175 -177.27388844946896 -0.04690453742118602 -0.28244700046675364 0.9573972902793505 -0.03760431973052437
1741642844.72588 38.69579699433882 52.897742142543045 -178.36096398687022 -0.04178591538068104 -0.28141415745358433 0.9577850912545809 -0.04132466855211357
1741642848.458854 38.76370329604585 53.099811372258635 -179.21695614251772 -0.03176273598118135 -0.2806381126185319 0.9582973175686581 -0.0435847391825672
1741642849.592073 38.88797597319336 53.27769988855272 -179.90017536865778 -0.03545488201226737 -0.2793676683043743 0.9583306324979743 -0.047948473007030555
1741642851.125203 39.09721248368797 53.569579481001874 -180.91852187428285 -0.0665659948464259 -0.280930118792737 0.9563886680774375 -0.04436160793151521
1741642851.725223 39.200396375197485 53.82211071300153 -181.93063546577113 -0.07253924577111888 -0.2785871257744285 0.9566058278956885 -0.04508393518432436
1741642852.991684 39.388804773285884 53.978863936300996 -182.48494663990869 -0.0819854088330278 -0.2753966574204838 0.9565555443209813 -0.04936156854170178
1741642853.791618 39.49931677278279 54.09096918256063 -182.9202714054442 -0.08449916307142973 -0.27879389869034965 0.9552187408399386 -0.05187495196552113
1741642854.791753 39.55611180352325 54.25262032784664 -183.5527229939707 -0.03493882919137145 -0.28261749601846686 0.9575902185107785 -0.04390447097355266
1741642856.65806 39.441721526874 54.37993769644408 -184.0975157855579 -0.03306969803828845 -0.2719740101657721 0.9607024924098324 -0.04457862653268639
1741642858.458023 39.495235517538404 54.595765185660575 -184.99854313316033 -0.01538332776304337 -0.27031681322159806 0.9617266326116027 -0.04211956602579989
1741642860.657591 39.52711533037322 54.86385274615868 -186.02531885410556 -0.010155710484841141 -0.2721752251314646 0.9616459696273258 -0.03247364267687039
1741642868.656811 39.5973264371634 54.94720506193548 -186.28432747560902 -0.008805497102399333 -0.2727489342502247 0.961494950941096 -0.032526011143785324
1741642876.522664 39.69832175270581 54.536114041835894 -184.64070388070974 -0.00014690825528625238 -0.27086599135884537 0.9614856297715312 -0.04665808489422176
1741642881.055494 39.922542209325265 54.441777462360996 -184.25848042029668 0.016146715143875993 -0.2807202781625623 0.9587513628357518 -0.04160809150856089
1741642885.921694 39.98333487346498 54.04879457875488 -182.56835240403421 -0.010804067300856451 -0.2759493097064699 0.9599745945031691 -0.04673359081814082
1741642887.721561 39.65860617495508 53.86390976582466 -181.9346450299869 0.013230369936490669 -0.2755792351263027 0.960056989627364 -0.04660063461144242
1741642889.521131 39.72821941990665 53.741502265884705 -181.4430089354418 0.327707242146228 -0.23926964526904432 0.9130731896054449 -0.04068600154203379
1741642890.587875 39.675910429100455 53.58464607682025 -181.0009144853663 0.6253173194472008 -0.1745303676467446 0.7601700234514085 -0.02566975290774219
1741642899.120314 38.13463979981531 53.53580709675259 -181.25809946504475 0.6283199194945638 -0.19351653766575533 0.7534303669780371 -0.010397621436831369
1741642900.320561 37.27535228142136 53.5377939915439 -181.483173635777 0.6014681637049711 -0.20995892617146897 0.7708076895719156 -0.002966996309235015
1741642901.386841 36.4719250581173 53.59685108858511 -181.65404623392024 0.6027761100144047 -0.22062230795866056 0.76676644496258 0.007481798336169722
1741642902.453287 35.93401937931525 53.42181952460737 -181.8738507730237 0.5925801502974359 -0.12971459562483198 0.7922079705658088 -0.0665538919024048
1741642903.786505 35.42995713748133 53.14886360414845 -182.173528917257 0.5829756529455932 -0.052799365130425595 0.7934846052825005 -0.16653466994640387
1741642905.586324 34.581472934865275 52.87322398264098 -182.48193866653213 0.6145483514657262 -0.07835214185440757 0.7714041353014847 -0.1453510427116154
1741642907.719313 33.75067068441675 52.587086971322435 -182.70670406073066 0.6098310546159259 -0.06324625217275048 0.7835535061296466 -0.10074670934609346
1741642914.118993 31.185472668459433 52.99224894522271 -182.82174925015175 0.6840103620669071 -0.19952090862936286 0.7004691112509074 0.04079529125004455
1741642915.252055 30.673545517066408 52.97415479678868 -182.7976263104577 0.7139274264019982 -0.18237980686234045 0.6752423409422157 0.03306080577891574
1741642920.251504 30.07205474841602 52.798656273605104 -182.74469575764422 0.6929918850117256 -0.1613866027073278 0.7026381215274919 0.004035089937024982
1741642934.583441 28.7641562137734 52.78907280647961 -182.8743516004119 0.6980639676066497 -0.15807531447870912 0.6983366589022815 -0.00669349795831429
1741642935.983253 28.20977325633343 52.77908478199121 -182.8736564714455 0.7038364741960413 -0.16098148389035638 0.691879424262962 -0.0014288867332739852
1741642938.049512 27.56917376815759 52.760508939156495 -182.886280577914 0.7040508313460511 -0.15746694633229616 0.6924557611091456 -0.0046482900587043385
1741642940.649502 27.059851271224808 52.69176042671066 -182.81442786232714 0.7104552823648929 -0.1608035975109979 0.6850700819613651 0.008630039906636706
1741642942.715911 26.306513160549585 52.66782305372648 -182.76705915486113 0.7102179375412366 -0.1539310183987653 0.6869123431184825 0.006866996495360843
1741642944.248878 25.740997751194847 52.625422194146914 -182.7333612515357 0.7041181084375105 -0.13870454216921166 0.6964039550599834 -0.000520316081049093
1741642945.582323 25.182305260258122 52.5888646972774 -182.7512750868357 0.6879927102379633 -0.1441542866590854 0.711255626834908 0.001002792557952081
1741642947.4486 24.5717137719706 52.5458731749875 -182.77825565589765 0.6879259772190862 -0.1375839348055025 0.7126206003050738 -0.0006251171383977336
1741642949.115277 24.02283524111183 52.4969787892306 -182.78969333172907 0.6964767018338155 -0.13481339070646114 0.7048013235636382 0.0008048551803791382
1741642950.98178 23.196068149206905 52.45130953281299 -182.82882749861662 0.7052945272896627 -0.1532030951491143 0.6921559950642079 -0.00291888825731182
1741642952.914856 22.48264243929607 52.428373422763585 -182.83341101655907 0.6930466495956716 -0.1638244736181809 0.7020008768269014 -0.006530869942208982
1741642954.58168 21.795720452880072 52.36786182715748 -182.8513582526118 0.6953566993476203 -0.1491434792429946 0.7028701631938531 -0.01445050045928798
1741642955.981212 21.083103479265354 52.294606242236696 -182.93948803962158 0.6879160328034719 -0.13709302980347512 0.7122223936532874 -0.026763687526527975
1741642957.114429 20.496323861604946 52.279106193586166 -183.05945860556682 0.6727090919926487 -0.1390006782543594 0.7265555143880386 -0.01607400098254125
1741642959.18091 19.63000102008064 52.31186019001533 -183.12772084089158 0.7247115812275987 -0.14378133103933272 0.6738079639973227 0.010143004137544343
1741642960.380777 19.03449390520424 52.25164578027747 -183.07568274238213 0.7599395371010716 -0.1467135737965965 0.6325033984403295 0.030107776003437146
1741642962.180611 18.29775132068774 52.18450191766383 -182.84071173378348 0.80754418825127 -0.13857094670184011 0.572708116604554 0.025997883125703718
1741642964.646989 17.52956268311193 52.131042524985986 -182.4983360464496 0.81951009025237 -0.13656207718326205 0.5562339961139384 0.018914349501488306
1741642966.780126 16.916649753306135 52.0386121704417 -182.26327573502616 0.8207488843232918 -0.10423694788725173 0.5611012705981414 0.025909297759170464
1741642968.446405 16.240341439887782 51.92461698399327 -182.0073812781691 0.8433713395473471 -0.07593971561594237 0.5315814663810259 0.019470177772202515
1741642970.513058 15.737078678357028 51.80845491713771 -181.58946002883238 0.8826451778891243 -0.046301636820603176 0.4669517198551538 0.027381375077283915
1741642972.77948 15.050667745999496 51.67751654450391 -181.08358481015281 0.9077637295271178 -0.04767337806823851 0.4157074412426165 0.02965777594657282
1741642975.245882 14.556065003852632 51.572643996051816 -180.68611469796855 0.9203316378305454 -0.0711230471869185 0.3841214696311364 0.019541881572903024
1741642977.445686 14.026371802388176 51.439573264545686 -180.24935804151545 0.9215347126920381 -0.07198043412784108 0.38125178550533395 0.015481164535170963
1741642978.9791 13.376575260072293 51.281072362141735 -179.64988390801798 0.9207918359803796 -0.06618664637883882 0.38408188332742343 0.015582988566499988
1741642980.512088 13.032159891702777 51.16903195315145 -179.25377185600485 0.9390280164986978 -0.04702739749141999 0.3396650225156671 0.02534720093297442
1741642982.445168 12.677811130567175 51.02921055708526 -178.74363202492333 0.9550038994204892 -0.031834482801902916 0.2937632217028084 0.025637616331909373
1741642985.111571 12.225150266855954 50.82646879829441 -178.00203235427205 0.961491349611291 -0.02370690268471731 0.2721077173607979 0.03049192582392461
1741642986.714058 11.882600648924422 50.6726305344251 -177.40695761786094 0.9651925250590189 -0.012529982162377329 0.2599465143579385 0.025965338248594025
1741642988.444556 11.533744460496706 50.53074895972259 -176.78600848339067 0.9669551173602261 0.010782729478766457 0.25333253901904046 0.026535983683023824
1741642991.044285 11.133183128075625 50.34866551501526 -176.18408862232133 0.9761088126528605 0.010757307120895747 0.21613929359858278 0.01948517302040812
1741642991.444244 11.061160318398587 50.299470508909636 -175.98031560690418 0.9820912742030667 0.017938606145068446 0.18641905624583838 0.02056382776089761
1741642993.577412 10.995324810301087 50.16257226912118 -175.3656974760175 0.9916665686390875 0.02016303585049557 0.12428794971067915 0.02726488924579018
1741642996.377082 10.806428429872144 50.00408107121485 -174.60818575291302 0.9792884986861309 0.0003395041123392095 0.20048596780987446 0.02827185507460448
1741642998.910002 10.523767562070667 49.827224298481134 -173.87654215820476 0.979588389007897 0.007926770482791685 0.19873967758874372 0.029091149557012305
1741643000.910843 10.301117238570441 49.67193465373085 -173.210690782889 0.9810135161820724 0.009499647812437789 0.1911820315623053 0.03117159872762332
1741643002.242994 10.175512324017909 49.57508902464003 -172.64532965668764 0.9838819885688045 0.020905841953420823 0.17406096240000832 0.03524144875705873
1741643003.576339 10.050989653714128 49.46537038302761 -172.13072531751757 0.9830266030894379 0.027754189403340124 0.17775639265282736 0.03593142719205818
1741643005.242654 9.81723082821859 49.367029222294406 -171.72452714258654 0.972941567825792 0.013706823767177684 0.22663500782910517 0.042818241500635665
1741643006.509699 9.571323829235228 49.22497055599719 -171.06845029628005 0.9748219731158456 0.03546309956963264 0.2145130179481724 0.04948388050881706
1741643008.37572 9.390256432748096 49.12096184802856 -170.54079736721607 0.9759990395959748 0.041096812016099174 0.20311453320506134 0.06694335777908161
1741643010.042419 9.161683073323603 48.96284690605327 -169.92815732161463 0.9778825128202628 0.04558114746423976 0.20189331644459754 0.03012040655724104
1741643011.57538 8.905328085030861 48.795449552700724 -169.321525492085 0.9784831045818624 0.0320297185831866 0.20012198467809283 0.038679483241416644
1741643013.242039 8.620950863510616 48.613722558743206 -168.53959209982537 0.9813668296513546 0.013472989653683366 0.1859331830394878 0.04654541496909545
1741643014.975266 8.423953054623494 48.492213451564375 -167.89820736492777 0.9767974422426169 -0.00615288659554291 0.20991892280237853 0.0419874346002836
1741643015.908416 8.18625135098086 48.37906945794317 -167.4001380768857 0.9666093575243159 -0.010886932557658194 0.2542305413119657 0.030243288679293153
1741643018.441516 7.81132764311399 48.228860800642316 -166.86285381834406 0.9526252394541777 -0.028027442288504848 0.30259123413293265 0.012576194159756292
1741643020.241188 7.5596574140721415 48.097726493992546 -166.45107343523426 0.9475698081882418 -0.0322379757958102 0.3176666469330014 0.012651994033807948
1741643023.975857 7.455701015671876 48.08597617357154 -165.87906755814868 0.9282632014294899 -0.08265431350145853 0.3624277169611414 -0.01190979889888162
1741643052.571358 6.35949998604119 47.95517043330171 -165.5606239153312 0.6222879016970514 -0.143499097546562 0.7658392725247969 -0.0752062834043329
1741643054.171212 5.789798970290081 47.92522455725729 -165.54563140373665 0.6478337192270117 -0.17283895792493945 0.7375875708851102 -0.08001713648788635
1741643055.504381 5.472739698678723 47.84086897915555 -165.45506130709546 0.6934900505862924 -0.1452398966901539 0.6966017108989807 -0.11279618131775533
1741643059.304006 4.153541794514413 47.36108409066685 -165.40257857036943 0.6565057183764395 -0.11130324996128366 0.733326987672181 -0.1372711092646091
1741643060.704255 3.5100279347462444 47.1134361684075 -165.51947433945745 0.6503920082117279 -0.11783052718080218 0.7418334279805089 -0.11309008643244198
1741643062.103723 2.6045231435788843 46.94060729809694 -165.86033048990174 0.5950966873389386 -0.15035645158291253 0.7843541239279529 -0.0896742909803604
1741643064.303656 1.5922426168315553 46.84874450429482 -166.32186590745073 0.513400450587286 -0.16653858172953484 0.8386107552916605 -0.07359945136641567
1741643066.703214 0.9997978006600281 46.910173472974954 -166.8966481579498 0.40127421806021135 -0.20263751548339884 0.891483218347448 -0.056344570667966665
1741643068.569732 0.5829999494510758 47.030628205654544 -167.54372884948077 0.2936844007269902 -0.2157652661702587 0.9297840487099607 -0.05192730927575212
1741643070.236378 0.25676832089602136 47.158769276228895 -168.24733711098665 0.2476242633830136 -0.22622227946041032 0.9402586886392587 -0.058474805669942995
1741643072.035859 -0.08476494613709205 47.347439393313024 -169.02887608421875 0.31288563336295216 -0.23158472849034678 0.9186261320116368 -0.06780209104780838
1741643073.569234 -0.46692953601714254 47.431744515464075 -169.53591494446277 0.31410176782026483 -0.23143151674385373 0.918392492098767 -0.06583891680791916
1741643074.835605 -0.7803391146310419 47.51348150867367 -170.04058944129855 0.30705772117548297 -0.2359477527968404 0.9192801497325715 -0.0704856022482694
1741643076.035605 -0.9169073053883624 47.62955489555379 -170.5321025836816 0.21819161822618946 -0.24721133288346142 0.9411077310493883 -0.07480115767079741
1741643078.035227 -1.0949646472023613 47.829607173901415 -171.37007847876484 0.12965019753750837 -0.2568499293487616 0.954850387009262 -0.07402485055901041
1741643080.03625 -1.4114549173311257 48.01262942859968 -172.18723484639844 0.1689012229746856 -0.25372084685696633 0.9497413450352974 -0.0713406355339201
1741643083.768171 -1.7156981357891834 48.351345591867485 -173.72203041734207 0.10943577133616685 -0.2592912244062902 0.9568392367739288 -0.0724606642795284
1741643086.367906 -2.03892912653586 48.54640541680286 -174.72458618144498 0.1639038397229331 -0.2493359920419766 0.9520697804478832 -0.06730696512577251
1741643087.967725 -2.2512690093298913 48.69736770079643 -175.29558146937342 0.1919499287393594 -0.24878559354946556 0.9472702493493828 -0.06276964231818777
1741643089.834214 -2.5092158040793344 48.865576094372585 -175.96677843072857 0.20522145087863983 -0.2514707708466171 0.9440452249335285 -0.058525385853301075
1741643091.300901 -2.6961606765481996 48.97579411925758 -176.52105346023785 0.2069240561074714 -0.2452399194618498 0.9452167384546483 -0.06004277018538212
1741643092.30064 -2.8071929891887484 49.08669504268176 -176.9804493256349 0.16493694605496706 -0.2532765883947008 0.9513230989779919 -0.06025889932708582
1741643095.300326 -2.9656817766567336 49.24340842585937 -177.696237431801 0.1609791386593775 -0.2527080271165398 0.9519043388199003 -0.0640507586465571
1741643098.566953 -3.193043986348218 49.513119252405254 -178.88609545090037 0.16172483744142122 -0.24632892998438355 0.9538066210978141 -0.05848131972917155
1741643105.965717 -3.8570116978096767 50.02987587956401 -181.53014675815484 0.16518847466681844 -0.23591717185926678 0.9559127915399375 -0.057328795814138786
1741643112.565225 -4.600239106046008 50.48274168945073 -183.81353031471522 0.16406118174345352 -0.23607466114232525 0.9561469149601637 -0.05599785731292945
1741643118.031342 -5.207051723398753 50.81620622908525 -185.69538599107537 0.16044615836986437 -0.2286004897292459 0.957855590367048 -0.06716780748613899
1741643120.097801 -5.443898553134911 50.94973322101003 -186.40917998110993 0.16021947229540173 -0.2250907076284317 0.958889047234224 -0.06477413936870982
1741643123.030905 -5.8001017469038745 51.12260367243874 -187.44024938768735 0.15689083418865557 -0.23044764239173843 0.9578069134088938 -0.0698932535356963
1741643125.497235 -6.084719553843208 51.279352470760955 -188.3292681654183 0.15867895452428252 -0.23079036997246768 0.9578866107295649 -0.06332484112952012
1741643127.763652 -6.269843910570317 51.45224636403064 -189.18298860936702 0.13812567160281378 -0.23654211829205235 0.9592425134548801 -0.06944728575649622
1741643129.963297 -6.6202235625932575 51.56548347504462 -189.96524853619994 0.1518381059724275 -0.22206709162014526 0.9609599773427243 -0.06470949188138221
1741643130.896671 -6.73543466093599 51.62377425426026 -190.3485622088846 0.15080651603473538 -0.2223446959700718 0.9609596705434992 -0.06615695340907664
1741643131.896736 -6.904686865813607 51.68446907991679 -190.7640472734251 0.15212694912858393 -0.23525299346526574 0.9580390551539903 -0.06061839006531081
1741643133.763065 -7.125598977716366 51.83140122446307 -191.51702184160925 0.15382402764237943 -0.23127611173858797 0.9588036042597524 -0.05954138995240887
1741643136.563066 -7.472118151860149 52.04466457905776 -192.6927713156143 0.15118108713521447 -0.2264790613323194 0.9603272937092144 -0.060191383335011145
1741643137.629353 -7.619946569866742 52.1252797690319 -193.15373849816808 0.15335143509072818 -0.22739197204397482 0.9596391208440559 -0.06220117483789114
1741643138.362588 -7.746189944782124 52.1852676717284 -193.4701995894552 0.15464426088503894 -0.22630545472455538 0.9597477938421676 -0.06127940887708146
1741643141.229232 -8.18537866634745 52.35347057081774 -194.54192302784634 0.1491313446529723 -0.22306435843387254 0.961593007555699 -0.05780157314872032
1741643142.162021 -8.339120523963556 52.433467371497976 -194.97686795561398 0.1485825933896155 -0.23179067793459027 0.9597153118168436 -0.05606081366282265
1741643144.361983 -8.623957032615055 52.62339964970927 -195.91557850286478 0.15219903135718602 -0.2348551380534801 0.9581050533184096 -0.060936243644833875
1741643146.82846 -8.926822996051104 52.79978738659526 -196.94983558813132 0.15477877405130663 -0.23136436266321964 0.958368511936269 -0.06359133684455728
1741643150.494696 -9.313976324459002 53.04335958359548 -198.33487006594652 0.14933580353222028 -0.2279402266653947 0.9601292968354579 -0.062400354240692193
1741643151.761219 -9.448392500409332 53.154297213469434 -198.8502859777141 0.15011863599935119 -0.22719960161294367 0.9599731568029758 -0.06554597142725947
1741643153.827492 -9.698441213173279 53.29565034414323 -199.62698927528436 0.14698147291886204 -0.2282287187971861 0.9603492680338536 -0.06354039598270123
1741643156.02745 -9.929669931387071 53.482485149171694 -200.51085167831803 0.1453126107044259 -0.23007379143933954 0.9602082208836882 -0.06285275022123915
1741643158.960524 -10.190391375887586 53.66788245875397 -201.64589906394383 0.142149733233345 -0.22819426343186536 0.9607629707064617 -0.06823009305117435
1741643161.360261 -10.41052513256568 53.8641413821965 -202.5985893184992 0.14135659784451546 -0.23050910996199328 0.9601617152088336 -0.07052193359221096
1741643166.626199 -10.84493745590634 54.193112412969334 -204.42695185753624 0.17079887162895066 -0.22580191500738792 0.9564429489692952 -0.07112050334602509
1741643170.892592 -11.398174696672177 54.47557915496629 -205.91679169664965 0.16650807818022392 -0.21934767015409304 0.9582160092515815 -0.0773546321345564
1741643174.825554 -11.914813291539513 54.658314798910496 -207.27682288102295 0.16510105832447092 -0.21505833132247051 0.959006919230235 -0.08244563989361546
1741643180.091678 -12.444948639751532 54.95062166287826 -209.1089499175584 0.16501730015590174 -0.21964922155675493 0.9573414804474248 -0.08955891878256182
1741643184.557701 -12.84418440409134 55.215823048200825 -210.5823076879127 0.14364222624006354 -0.22019511399722222 0.9609203366001862 -0.08667830940168117
1741643186.557793 -12.929407159260332 55.31285801811156 -211.19256054157302 0.1405606317996083 -0.21708605983645363 0.9620777618646764 -0.08673368168268626
1741643189.158279 -13.13119987317665 55.43853645255523 -211.98268682433596 0.13675573470862581 -0.2107846507642161 0.9633215214080215 -0.09423028397838072
1741643190.757068 -13.262064430687492 55.50003368667826 -212.47867114116116 0.15408223062871526 -0.20624207877851808 0.9619676898773053 -0.0913292657241671
1741643191.890443 -13.36137219081824 55.562164305964345 -212.8578413004094 0.1587969604179353 -0.20975124088620886 0.9604268327880428 -0.09147809119920054
1741643192.890387 -13.504816763819926 55.60724000488272 -213.2177543783077 0.1555080929284827 -0.2102597544915042 0.9613650539063483 -0.08593777866900536
1741643195.290124 -13.759721995853496 55.70945561227871 -213.99797787087553 0.15507920276548592 -0.19880758049529484 0.9644453313143406 -0.07919084361970141
1741643198.089817 -14.067512737897138 55.847098732030375 -214.99665008458115 0.15565886626158676 -0.20641201147307428 0.963154666072412 -0.07414504768855114
1741643200.489629 -14.314720771964932 55.95904085455985 -215.85917902057466 0.16107353801138322 -0.20321584041901733 0.9627217193665623 -0.07697745523968681
1741643203.689247 -14.706710744485212 56.092582744019616 -217.02839306359962 0.15637261719197226 -0.19765942724605048 0.9655254803670315 -0.06510685198432865
1741643208.222138 -14.95405874460846 56.34259837349179 -218.67141114547374 0.12288232305377617 -0.20578296746626043 0.9672236566681149 -0.08385525006371476
1741643210.088637 -15.061206532013491 56.45710726700852 -219.3737090451948 0.11197646869780575 -0.21167365023680312 0.9679186484597212 -0.07608565053479772
1741643212.022144 -15.17455938290269 56.54549675804312 -220.0613723889388 0.10340460894827189 -0.2084287805990044 0.9699765424289617 -0.07078444323312648
1741643214.487977 -15.331585525506872 56.671377572925344 -220.96728420582303 0.09340392959419544 -0.2113336898527928 0.970296167459582 -0.0716876898973104
1741643215.95465 -15.402747157086578 56.75536612694898 -221.55225866590342 0.09098179872063338 -0.2065553975959137 0.9710150808250053 -0.07865680413009685
1741643217.754301 -15.425757713223078 56.87177441258372 -222.2783785739969 0.08321798896435399 -0.2130730188117488 0.9701874933592488 -0.08006798796319428
1741643220.82067 -15.555713946956887 57.043720880397366 -223.52141684219401 0.07709405898008803 -0.2118316531565625 0.9717119151971291 -0.07042592317364285
1741643224.686976 -15.826148289991854 57.221920012739275 -224.94962412456474 0.07267536030686163 -0.20260522723686936 0.9737795929806324 -0.07363910778274084
1741643228.486738 -16.00963940047085 57.43127552244768 -226.38547325132006 0.07027814044698408 -0.210280068439844 0.9725495056224812 -0.07064513363081669
1741643230.553006 -16.13443477338562 57.54443817828032 -227.16467525188938 0.06468648694502106 -0.21210135324116566 0.9720755043027534 -0.07679771021668365
1741643232.486332 -16.21304617171452 57.66274446992347 -227.93965311052588 0.05983448057788157 -0.21472352694772678 0.972158735700057 -0.07225672640779349
1741643234.352775 -16.273686142293453 57.775738200528444 -228.68382343238179 0.052447517162913924 -0.21484829732866562 0.9715132151402126 -0.08515597387351045
1741643235.819152 -16.27939408615547 57.89565885669098 -229.2889225326132 0.0338343676027678 -0.21749842822280485 0.9724086290187903 -0.07727307098418544
1741643237.819119 -16.35755035415354 57.998448305706155 -230.14208170935703 0.024024650914723195 -0.21459843282042634 0.9739766585359673 -0.06884618657961016
1741643238.352531 -16.362062732739403 58.06184579433761 -230.5673041400301 0.02755418261214888 -0.21213700090070986 0.97391707682095 -0.07565835939249804
1741643239.352108 -16.36773120216831 58.20291649623746 -231.3318606358752 0.01981442718518591 -0.22158646634383242 0.9717668202309283 -0.07858799849116466
1741643240.285544 -16.390823427048556 58.33102984032504 -232.07527782019739 0.016974374787995142 -0.22048505948936448 0.9723032445156299 -0.07566115150397544
1741643241.285443 -16.375635027394626 58.4687294467497 -232.87025272171883 0.012172414872743812 -0.21281352692578512 0.9729409923490207 -0.08915189555178833
1741643241.618731 -16.30614319042632 58.52165020350998 -233.22276139885662 0.00758367674711832 -0.21638974289823515 0.9723466519014664 -0.08752117201820032
1741643242.218475 -16.30897720478065 58.6057014569809 -233.825336034173 0.0022154189527806424 -0.20114797488607083 0.9763564151158831 -0.07913744234025853
1741643242.818423 -16.316786865683294 58.72612365684585 -234.47283312710948 -0.0038594751668065766 -0.21926961338071824 0.972666360559919 -0.07632884208756716
1741643243.751843 -16.24319527412984 58.893741213514055 -235.3934525018979 -0.010650428198298423 -0.2125595100149568 0.9745603374232329 -0.07026501122826957
1741643244.151813 -16.273656251190065 58.967742679065566 -235.84549203428566 -0.015522559142515773 -0.21555839829691614 0.9739945534847537 -0.06803114627411783
1741643244.551806 -16.240006570702157 59.05002096648165 -236.2508458462886 -0.010803473846351507 -0.21201788517543618 0.9748201481066247 -0.06824500101813391
1741643245.551693 -16.252231686595092 59.23782828735353 -237.28356143378093 0.004608396579099764 -0.21378537984235305 0.9735779666842267 -0.08012812760596097
1741643246.151878 -16.252459860440347 59.33679173719123 -237.9155049746634 0.0035296564925585434 -0.21023108758156767 0.9751548111934215 -0.06973898153571166
1741643246.684967 -16.256767961135445 59.44326860838752 -238.47682540095965 0.005907082019085047 -0.21638568251031173 0.9740712423581065 -0.06578417436968793
1741643247.351463 -16.235338675846567 59.568761147351346 -239.1931092155101 0.009541897224614326 -0.21619132436251298 0.9734325532808169 -0.07482865547988443
1741643248.81781 -16.226435490072586 59.84176188674458 -240.70699224287037 0.003829529585382851 -0.22114259300380248 0.9725996445280258 -0.07163253259983801
1741643250.084533 -16.212381341032597 60.05098086754439 -241.90167324937522 -0.005186456831762199 -0.2172274142755263 0.973563962069035 -0.07041706407642799
1741643251.017578 -16.18600353225509 60.19069721661967 -242.78119005126675 -0.007839191264445036 -0.21856221818513238 0.9735233832671958 -0.06649305297778726
1741643251.684214 -16.170290016505657 60.29157207723539 -243.44746829398522 -0.009547766589595448 -0.21335832835070287 0.9749568047485191 -0.062018487171988636
1741643253.017754 -16.100563140553568 60.5107415331295 -244.69962526316237 -0.013816618206861937 -0.2207670932691378 0.9729821454123745 -0.06615690666555275
1741643254.750598 -16.077241656237955 60.663889002510444 -245.63542702866994 -0.018108431233093886 -0.21121068279264804 0.9747911086595517 -0.06960191571229879
1741643256.417228 -16.00048195261464 60.816010034208986 -246.37825824265258 -0.019461774556605582 -0.2205140244841182 0.972902556489391 -0.06674893192653401
1741643258.883606 -15.971969728564934 61.00032681776569 -247.43988910279828 -0.017598206739765532 -0.22599588154918818 0.9715905067706497 -0.0680297860903725
1741643262.683252 -15.847021284406711 61.30771806446899 -249.05442500169508 -0.014865591295863017 -0.2196298406155908 0.973452932564899 -0.06269876703247843
1741643264.416372 -15.826466539898327 61.46032478115151 -249.82435855836215 -0.0035822421072618568 -0.22230763250433602 0.9730103456721119 -0.061784717259523975
1741643266.482692 -15.820068029624549 61.62889437480528 -250.73221464628867 -0.004896310545928049 -0.22140862570368433 0.9734169356410151 -0.05842701442226645
1741643267.882702 -15.780385052858186 61.748089913648265 -251.36421106976974 -0.004312106476745777 -0.2258164525697892 0.9726510940354616 -0.054205025211219955
1741643269.549024 -15.82207458626297 61.86738622650393 -252.0734245893485 -0.0006875892083027398 -0.22115061141721282 0.9739113529920588 -0.050878392310007826
1741643271.282379 -15.771852835633705 61.991778519641706 -252.8264154411564 -0.011529290659913172 -0.22420905095505933 0.9730266194504246 -0.0530714119615214
1741643273.415469 -15.760737903825062 62.184028855273006 -253.76552735503216 -0.014743116708543818 -0.2275509694293989 0.972211181909024 -0.05299636395562941
1741643275.881765 -15.693269340492161 62.391555744579115 -254.8361328633959 -0.022375168657214048 -0.235016752283653 0.970218138413438 -0.054251653128435
1741643277.948519 -15.546982303940702 62.579786174188825 -255.76561060212222 -0.01948194961285775 -0.23369261749717066 0.9706244452971418 -0.05381821585874998
1741643280.681395 -15.531770817157055 62.77969055882216 -256.8821940840567 -0.02169058965946424 -0.23226230620005955 0.9714411684659557 -0.04342574867924651
1741643283.481792 -15.504911745005868 63.0075984899308 -258.0113300747112 -0.0008215874617698197 -0.21999703323595632 0.9742612040468299 -0.04915014395341752
1741643285.281132 -15.474700785037388 63.141616538403476 -258.7389388357924 -0.0016065792777600933 -0.22862285730738122 0.9722704555353797 -0.049185051719583935
1741643286.880769 -15.496388557196212 63.32472981126516 -259.680592629786 0.0024519922022528924 -0.22316711558477154 0.9736410613162123 -0.04704795399221097
1741643288.747454 -15.450223701713526 63.592958936569985 -261.00796649697133 -0.0019087986814552123 -0.23230906996901526 0.971827138565971 -0.03976009613169954
1741643291.013497 -15.412396696931584 63.864369966918495 -262.57295492532575 0.0011602412535256308 -0.22373890461359966 0.9735939374325122 -0.045325504930420236
1741643292.413553 -15.363369530296563 64.0542515734946 -263.51401555239505 -0.0013205625504620266 -0.22159032392972677 0.9741517247933889 -0.043868001291771055
1741643294.279895 -15.324748352647509 64.27317497678806 -264.7286494615982 -0.0010904937839582853 -0.22022262867268919 0.974689810507575 -0.03847827876225336
1741643295.546703 -15.267442271934279 64.4263232828834 -265.55895542261715 -0.0008324748698356099 -0.22089198737567578 0.9745112819372868 -0.039163736744101896
1741643296.612929 -15.315965929614409 64.5539064919707 -266.29236455007543 -0.0026039164097338557 -0.22153379668520173 0.9743193553224269 -0.040221765123639085
1741643297.479701 -15.328636792466762 64.65378596104814 -266.9415065491149 -0.0028759029482937717 -0.21469001414135502 0.9756510746341277 -0.044776194294385875
1741643298.612951 -15.254797492546963 64.81609221328185 -267.7302211532364 -0.04715597286343439 -0.21929627793312578 0.973290330263817 -0.04890183762324633
1741643299.945916 -15.114457270259882 65.00703423807184 -268.62030364028715 -0.037439090179687266 -0.224120853284672 0.972669364269875 -0.047775155261968454
1741643300.345893 -15.13680370522321 65.07462448892565 -268.9419438689612 -0.011505623539173743 -0.22951189064745167 0.9718367618818732 -0.05220364865947852
1741643301.479276 -15.074896693227622 65.25223501650002 -269.7405439400633 -0.02494323010052031 -0.2298075928386182 0.9716356043884647 -0.04990548898202694
1741643302.479014 -15.015426753832733 65.41071316914413 -270.4689119472641 -0.024680567312148443 -0.23850965796936008 0.9696837755098866 -0.04708915124931782
1741643303.61223 -14.985725782450075 65.5589473246188 -271.2548349653706 -0.019204378347382624 -0.22564842763061563 0.9728222351915556 -0.048279164005056024
1741643304.345631 -14.97166488509002 65.67051883131235 -271.832348065814 -0.016364299738833358 -0.22607401688241147 0.9726635968879828 -0.05048045041043622
1741643305.545376 -14.921096171997005 65.84530598376348 -272.69569843158274 -0.015071812021909173 -0.2322407040462101 0.9710226029706184 -0.054334154881270164
1741643306.145281 -14.888254177763795 65.93011840045371 -273.1384504676121 -0.015145702832630642 -0.2321893662605845 0.9710308661783293 -0.05438531796521216
1741643306.811907 -14.836721467064347 66.02098040745439 -273.5947957582938 -0.018964150780092892 -0.23061365433551884 0.9712801741852171 -0.05543037663540019
1741643307.345346 -14.820181070549635 66.11186703550396 -273.99627479944013 -0.019907543588446614 -0.2364987080812493 0.9699367643773199 -0.05380263835008105
1741643307.745311 -14.787023565768322 66.1731876719936 -274.24718226971237 -0.019624393834641003 -0.24342801844360595 0.9683897966248196 -0.05078272143340705
1741643308.878528 -14.785693389246171 66.26196553202921 -274.7726863384975 -0.019009758549748096 -0.2269340473241838 0.9724754724505495 -0.04930540261498568
1741643311.744745 -14.728205264561726 66.3940778714855 -275.3676057636487 -0.01690619053127792 -0.23081564722636105 0.9712487383178349 -0.05580507175167869
1741643314.077976 -14.684636688808776 66.56774331974466 -276.2703153210795 -0.025822094606892713 -0.23028490575893673 0.9716015690658036 -0.04787977233215306
1741643314.944412 -14.649878945260664 66.64760736078905 -276.6434683656425 -0.028842001519796115 -0.23304831454765806 0.9709963554182016 -0.0449744349536201
1741643316.0111 -14.632815377416037 66.73638380798855 -277.0805957096283 -0.030685246068495507 -0.23363949561428354 0.9709128179374318 -0.04241817685397105
1741643317.54428 -14.612172349365062 66.88665541041446 -277.7733408051321 -0.005666810671627739 -0.23093494846666615 0.9720289111023129 -0.04238788523578657
1741643319.210813 -14.590845539730886 67.0319787039043 -278.50178088742257 0.004812785832548831 -0.22721036997633248 0.9726985576959201 -0.04700851756889267
1741643320.943783 -14.526604243932509 67.20465873170788 -279.2706128338423 -0.003365492291371289 -0.23190789448331084 0.9718078594292276 -0.0423896955584366
1741643322.6771 -14.509192286914795 67.36256414981351 -279.9990345827948 -0.007759530782677196 -0.22567564888209812 0.9733827389792092 -0.03919610492139789
1741643324.077012 -14.510975525494963 67.48653433003346 -280.6258068302913 -0.010181856269970539 -0.2237519308071675 0.9737490347012374 -0.04054899112642276
1741643325.476868 -14.458508559919915 67.62730950283563 -281.2755859147325 -0.006324581012666099 -0.22846193740947066 0.9726158954949973 -0.0422310627452127
1741643327.076522 -14.432510729894696 67.7704275203351 -281.99116389243 -0.0077887112192891635 -0.22208090427905122 0.9739303606160687 -0.04559671701335249
1741643328.543395 -14.411014371551946 67.9294607700037 -282.7075201626647 -0.003935683997187228 -0.2292158637988456 0.9722072555719382 -0.04751473863658878
1741643330.009532 -14.392320788915509 68.06856440318379 -283.40229990206774 -0.002463818902150329 -0.2285296832305716 0.9722321865419463 -0.05032582767146559
1741643332.27615 -14.379914270728202 68.25570312904654 -284.40048740084853 -0.008630369924315352 -0.22866644321389484 0.9722219260957594 -0.0492107801353293
1741643333.809141 -14.37381677443761 68.38090023907924 -285.08627120459744 -0.013975895783653448 -0.22691939515281875 0.972658444403337 -0.0474111059922039
1741643335.142534 -14.314299405764405 68.51000391448434 -285.70111388393326 -0.01945037590856377 -0.22919194516139457 0.9720589567672937 -0.04684143164584761
1741643336.542193 -14.222598273313817 68.63668719669876 -286.31865021102374 -0.022488640560913663 -0.23074648143334303 0.9715013686549397 -0.04934990429000694
1741643337.942202 -14.188393528505934 68.75964215741254 -286.95708050099677 -0.02675885398305215 -0.22938430535516 0.9718261947209849 -0.04712378851890729
1741643339.409013 -14.1466203092574 68.88377826788462 -287.6073831215581 -0.027494041073492372 -0.23176006904708885 0.9712747335343022 -0.04644071595709898
1741643340.942868 -14.084929973216434 69.01801043316004 -288.3025580616042 -0.02144306558861884 -0.2277265177612881 0.972347607379538 -0.04712704605391211
1741643342.141773 -14.077771956829972 69.14214694024362 -288.89491046972597 -0.008149723568914056 -0.2323393420465812 0.9716954368435295 -0.041952236657590826
1741643343.608465 -14.036072001129142 69.25725738553403 -289.53960416353505 0.0049832387915715644 -0.22978879122655296 0.9722185566477741 -0.04430978297740497
1741643344.941343 -14.027106144019545 69.36391909937234 -290.1548951614795 0.007799524923861303 -0.22182351166312178 0.973849246309719 -0.04848858160840748
1741643346.807987 -14.08259122056486 69.53833853652621 -291.06584666844475 0.010459011734111678 -0.22738187696623424 0.9727703624484485 -0.043656763997943646
1741643348.341154 -14.117962534151104 69.6733228882716 -291.80642863698716 0.010570384003020508 -0.22059046509021552 0.9743375525349082 -0.04352525029906379
1741643349.474354 -14.095068522887807 69.79410383181398 -292.3850689469388 0.004710981719395654 -0.22877237619767657 0.9725117153287778 -0.04315055142621821
1741643351.207729 -14.06792280071066 69.9403055240802 -293.18920551278023 -0.00012558658428051886 -0.22218650007970345 0.9738686487395001 -0.04704251707383198
1741643352.473912 -14.051160581715896 70.05151678819645 -293.81997502745156 -0.004905557728480304 -0.2269978524597143 0.9729949837718092 -0.0415773019440543
1741643353.873917 -14.019120937370479 70.16699885602245 -294.48728084693107 -0.005536516995211312 -0.21760291487892083 0.9751122731346376 -0.04212330943739693
1741643355.740521 -14.025612040040578 70.33086353222771 -295.3641843220683 -0.007838291446662177 -0.21981128855758073 0.9747708884864698 -0.0379904404969379
1741643356.407149 -14.01591468242246 70.39162589221448 -295.70915830718815 -0.007338925308262071 -0.22353784872427043 0.9739587364687602 -0.03716651744811587
1741643358.006704 -14.004311401520107 70.52323522628812 -296.4691315587249 -0.004582446425357963 -0.2251517719203209 0.973548806434676 -0.03857981694508553
1741643360.406431 -14.037072724011423 70.71584805075751 -297.5910147682785 -0.010141555687333836 -0.22033294451164884 0.9746201782766385 -0.038289038993959565
1741643361.540153 -13.9862362959346 70.80619776857297 -298.06565784894406 -0.011160333984314126 -0.21869082752185454 0.9750042422581255 -0.03763637179409765
1741643362.273134 -13.972568901906184 70.85767648241426 -298.4067321698841 -0.012127107607729122 -0.2201227485315252 0.9747120470474238 -0.036542224626019255
1741643363.872774 -13.974555318872843 71.0043991107251 -299.1420232986931 -0.013613652182762852 -0.22234706132910084 0.9742476091058683 -0.03490055793334945
1741643365.339405 -13.931683585154735 71.13261105878995 -299.8388649537199 -0.013330586855683496 -0.21890210563065152 0.9750537034720027 -0.034270088270707176
1741643367.27239 -13.944943900925555 71.29759293868442 -300.7143525774234 -0.01665372905707669 -0.21753477337533605 0.97533175134037 -0.03360432276302149
1741643368.205801 -13.921156463540829 71.36135567543191 -301.15750678282546 -0.0181441790537411 -0.2249904495765403 0.9735604288055186 -0.0350738909992436
1741643368.939049 -13.905398457423587 71.40939002476138 -301.50470952998194 -0.01993994228415235 -0.2212578149442482 0.9744360728156389 -0.03349205911012643
1741643370.072123 -13.872246672452148 71.52798230762966 -302.03408256050034 -0.01781574167314832 -0.22356116199213516 0.9738855602429971 -0.03535423238518318
1741643371.20554 -13.815869478706544 71.62482167550816 -302.55326315004254 -0.012157071210414589 -0.21741959146106746 0.9751946192585677 -0.039703670329389165
1741643371.938818 -13.826274963189928 71.68747206271235 -302.9334522869642 -0.004012610866766172 -0.2181097668223448 0.9751884653059079 -0.037676062759295414
1741643372.472348 -13.786121298722687 71.73288090038021 -303.2054888444497 0.0016873976793576391 -0.2200579144500943 0.9747756958522373 -0.03720228155279369
1741643375.20506 -13.844117625436684 71.91490078360955 -304.4751560099709 0.01954955973397263 -0.21117086635261462 0.9766789044818038 -0.03351115423732233
1741643377.138196 -13.906772778491758 72.07404692074384 -305.3285256063252 0.023260147349586528 -0.2159174722977875 0.9758349097224457 -0.024183458578048548
1741643377.871488 -13.89598059067219 72.13359405736931 -305.66859376545824 0.0167462413686134 -0.21652150427732886 0.9757667156218032 -0.026782798026826628
1741643379.13786 -13.87682190392115 72.22355571233665 -306.25972628978576 -0.009621272061767064 -0.22011286473686517 0.9749176703049789 -0.03151656752180237
1741643380.271243 -13.823475559813076 72.34249736712023 -306.80015833721694 -0.036063917404225335 -0.22619336262409112 0.972857028570741 -0.032941744440393585
1741643381.870949 -13.756969826384523 72.47658862873944 -307.5444830486838 -0.03899877368503665 -0.22459859282685815 0.9730597956452312 -0.03448480607629516
1741643383.337563 -13.744351172428132 72.60127243309212 -308.24920238959976 0.014662506313980207 -0.2176313906733385 0.9753837708211247 -0.032374192205286804
1741643384.3373 -13.825430803247727 72.67160686386713 -308.75748841542475 0.05492504957324235 -0.21358371918541338 0.9749756806380466 -0.028065209649691936
1741643385.670542 -13.844718843443053 72.76417795217512 -309.37986142902696 0.043571473584524054 -0.21326429678413789 0.9755982119773416 -0.028774905620251468
1741643387.137609 -13.891469621942703 72.87304362806722 -310.07676264460645 0.022671079425752565 -0.2137022523551284 0.9761785110960537 -0.029881164139101257
1741643388.603724 -13.898084328821549 72.9927909020553 -310.80330057072456 0.006427291336059871 -0.21366837632659103 0.9763424317111947 -0.03255719466279062
1741643389.870239 -13.947719415462897 73.1113739580173 -311.43726561649635 0.0071176083843939135 -0.2184259396045869 0.9751828027427056 -0.03546758793068596
1741643391.469922 -13.915388392463921 73.24059341222097 -312.17856873099305 -0.001295337074145793 -0.21298764151248545 0.9763191115539085 -0.03788903640105114
1741643393.669728 -13.880405030163145 73.3858452347033 -313.1619452031139 -0.004060010825197324 -0.21192449926221701 0.9762843019668901 -0.044050932539275583
1741643394.66971 -13.870927105694376 73.46552036795978 -313.6516516220389 -0.008325516276484465 -0.21536086230014656 0.9756581424041194 -0.040516341500810155
1741643395.403014 -13.849460725103457 73.5351827690667 -314.00324142908994 -0.008560528967612748 -0.21131294129549041 0.9766008970880607 -0.03904159309810746
1741643397.002676 -13.829540069561236 73.66295072248451 -314.77651260137657 -0.014128390061728077 -0.21877559127680674 0.9748104277519392 -0.041015353245202404
1741643398.736015 -13.861413419726897 73.79708867296442 -315.6253274328575 0.010900280414294805 -0.21595316367650358 0.9755360583721213 -0.039683923707014235
1741643400.402362 -13.859061533534234 73.92247388645755 -316.4142220008229 0.05727738977998336 -0.20516997901463174 0.9762903606903723 -0.038493011757852795
1741643402.33564 -14.044836469878575 74.03927030844001 -317.2677026998925 0.09966917335810324 -0.20414158593817494 0.973288019762375 -0.033206917348554535
1741643404.068644 -14.130075087022497 74.13881209850545 -318.0535915069023 0.072806234094791 -0.20064899428337896 0.9763700287071633 -0.033775737036754655
1741643404.869182 -14.14650420757918 74.2017834729693 -318.4591300864279 0.03685706626323189 -0.20605417406496712 0.9772647407630269 -0.03371736167385838
1741643407.135023 -14.007062816023282 74.35353038183246 -319.4359294382361 -0.03265533088717739 -0.19787047708147354 0.978809025739924 -0.041398004713513334
1741643409.468103 -13.970456533993527 74.49548135266389 -320.4242046919403 -0.005941782924929037 -0.1979525330161036 0.9787982279030926 -0.05228306553700959
1741643410.468128 -13.975197778604942 74.57460918600502 -320.9027709349089 0.010411545792656476 -0.20810849533957787 0.9762913691692845 -0.05863118937279213
1741643411.934506 -13.982588009952092 74.67034129393816 -321.6070109673539 0.06078228143032367 -0.21282994378267966 0.9734989660904098 -0.057521233596729504
1741643413.267713 -14.038166477900617 74.79092464692422 -322.18156905195906 0.04307805288665921 -0.21813505850802548 0.9733068995268318 -0.056877560976719456
1741643414.467749 -13.9244805620401 74.90513045541263 -322.78329287701865 -0.01537117603871345 -0.2240845519530695 0.9726744063281009 -0.05877363182121415
1741643416.667493 -13.85306057332557 75.09436574516297 -323.84517254260163 -0.010159698345630047 -0.2196218422407687 0.974212411211372 -0.05072676593299971
1741643417.267524 -13.880852130489696 75.15454682980779 -324.186538194728 -0.007066306633363344 -0.2110723845725602 0.9761472310241986 -0.05034976807500103
1741643420.600445 -13.856521461740336 75.41895215906555 -325.7630211952503 -0.009133578693575894 -0.21559091892982704 0.9749751534482326 -0.0534844236562039
1741643421.533543 -13.85092353108674 75.49426768583157 -326.26729160378744 -0.005325309750875371 -0.21237456075299493 0.975482490220689 -0.05746823726088221
1741643422.466762 -13.857437723473721 75.58236561243699 -326.79516049845995 -0.0065016648445165625 -0.21544103282237853 0.9748891055138407 -0.05598322678356305
1741643423.133512 -13.857870303394876 75.6531598064679 -327.2829492627297 -0.006480493417795138 -0.21565982090809932 0.9748706464974928 -0.05546230655597418
1741643423.600164 -13.862814369640262 75.72023308097094 -327.72043899505945 -0.00708382937537922 -0.21433646866560124 0.9753704370697678 -0.05159658953526259
1741643424.333254 -13.860699390030621 75.8240408819237 -328.3261638186886 -0.00614764940020321 -0.21924593314927254 0.9742521319359668 -0.0522131269182397
1741643425.466486 -13.869788257612257 75.98538044885325 -329.15277339931544 -0.009119659368000584 -0.2290322706711789 0.9723023458525996 -0.045707757041310866
1741643437.998732 -13.78435546285513 76.14315614984338 -329.984481430765 -0.04852288849529128 -0.23207412740313507 0.9705285951070344 -0.04314365262368469
1741643440.198316 -13.665215771716575 76.29157989704599 -330.95098732959576 -0.04675994070916501 -0.21541850054418082 0.9739056055016951 -0.05400230680766155
1741643440.931712 -13.611963994598323 76.38133470526037 -331.4684883696858 -0.04353364688081649 -0.2169126486512605 0.9733333284612622 -0.0606296639515001
1741643441.331668 -13.576015099051927 76.43189158973799 -331.7756913433855 -0.04475133559963237 -0.21455022715228209 0.9734333683783548 -0.06627967500315154
1741643442.3314 -13.505747560231484 76.52554049688457 -332.4132430437774 -0.05081127256963031 -0.20685389796767067 0.9746047227175251 -0.069103646301271
1741643445.731086 -13.444795807194696 76.64164455596706 -333.06712467222746 -0.04896851400123024 -0.21251229201640515 0.9735846949649957 -0.06762730298009698
1741643447.997463 -13.392621183382225 76.67439003180014 -333.4481261437052 -0.06901974614565404 -0.19519532194599537 0.9762355769968012 -0.06402467600942166
1741643452.397033 -13.251224278178055 76.84284968808856 -334.35811503546125 -0.08558021609994734 -0.22515035472357933 0.9688087493733857 -0.05824904735451991
1741643453.863707 -13.07208437581637 77.29865952915505 -335.17513397121456 -0.07946176641628663 -0.35526468521292753 0.9252500318265572 -0.10670149822527256
1741643456.596819 -12.89040945351791 77.61775459005369 -335.90894105285423 -0.12282401503801402 -0.34206737231137163 0.9277161629261991 -0.08512869771954253
1741643459.200059 -12.878807056260111 77.58533548446681 -336.5409802341381 -0.08740974844030376 -0.2070388820760459 0.9741487243325249 -0.022993478806359977
1741643462.462823 -12.768105213640785 77.527295199749 -337.4315178191457 -0.061777210741530905 -0.1418876752245874 0.9875693760987916 -0.027535272727936728
1741643466.262442 -12.459344391785427 77.79561156505027 -338.36646563924296 -0.19731542818985084 -0.23746443797622854 0.9502342147627199 -0.04161970193510395
1741643470.261888 -11.762013388903517 78.092737788665 -339.17718794911485 -0.3118849037869173 -0.26843433633615993 0.9071609471773084 -0.08791945053262988
1741643471.79521 -11.258529356964807 78.2774984397087 -339.7623080817614 -0.35391583301955076 -0.25547139475902486 0.8968958231119698 -0.07110437456484979
1741643473.328256 -10.713866794022953 78.3642978790591 -340.21417577387336 -0.41961140588636997 -0.21015757899823576 0.8814652833321632 -0.052716357232017154
1741643474.594931 -10.205323501800939 78.34219440529603 -340.50996310106177 -0.47122185823335017 -0.1487080624022891 0.8683830891628455 -0.0417933362590156
1741643476.39476 -9.550252628812123 78.26536788045956 -340.88458868169755 -0.4975231929990838 -0.09925355105124356 0.8615872936291901 -0.016933413372463013
1741643481.060928 -8.674638829662204 78.31003294651877 -341.45811922594055 -0.48685695826766556 -0.16623235461057115 0.856711305130488 -0.03718663911403883
1741643486.260301 -7.277703540937549 78.97350826824953 -342.28158328812856 -0.48389413802648357 -0.3579257936002085 0.7852911812388534 -0.14509772612881947
1741643488.793362 -6.634991659153547 79.38344417603413 -342.79186903963733 -0.507082445840558 -0.37581865758925526 0.7517918700173932 -0.19088403260597478
1741643492.593101 -6.234786876633036 79.5047663529677 -342.93825079390876 -0.5097561462493266 -0.31536465076261827 0.7830943120858522 -0.16570186115186747
1741643495.726127 -5.448121471105925 79.58238620039162 -343.05171532377244 -0.6575981892204034 -0.21314375883747713 0.7158340669249753 -0.09856950964841121
1741643498.259186 -4.83264642406384 79.55433724541034 -342.4454987573931 0.8620997566786877 0.16660772069729657 -0.46670233659137095 0.10589998091951522
1741643500.125481 -4.328713972707647 79.47615960900909 -341.7231749697349 0.9421765301542776 0.13032331367312458 -0.29238738049531193 0.09914050467287092
1741643501.7257 -3.692906476481297 79.39339285737414 -340.73120696138676 0.9581790249866037 0.12756910498660115 -0.2365838807140984 0.09821989062759359
1741643502.925218 -3.3109561547208703 79.31312315337075 -339.99348150581415 0.9662363526582685 0.12333773786682914 -0.20665415056396783 0.09202812219221082
1741643503.925112 -2.890817533312627 79.21553777120104 -339.1414058027379 0.9709470603343412 0.11935232974552322 -0.18947081587302836 0.08436609120272205
1741643504.191784 -2.701006227628266 79.17014649676538 -338.71081402860005 0.9718136012430222 0.1154882201358832 -0.18439690482721027 0.09076660696015329
1741643504.725165 -2.358154527271582 79.07111988428566 -337.885565307374 0.9743137524294081 0.11037962325212397 -0.1728732764137002 0.09297247388145291
1741643505.125179 -2.1128175163107423 78.99394280255073 -337.2408675261469 0.9758826600923163 0.10684586710580943 -0.16587959352094608 0.0933860528498675
1741643505.458457 -1.8979462343483608 78.9362596424956 -336.6830494248621 0.9768249953510406 0.10753626604465191 -0.15813218085946223 0.09614100747986533
1741643505.858226 -1.6452604987379746 78.86343162367228 -336.0323837534734 0.9777834250496891 0.10406475560010878 -0.15785285129828733 0.09051285918028186
1741643506.258218 -1.4018678742751398 78.79825136509447 -335.37964104366256 0.9788374245923606 0.10244983996935089 -0.15142699417038008 0.09193036464723173
1741643506.524845 -1.2251701414773035 78.74920935800485 -334.89386051737813 0.9799064243840744 0.09975006881353954 -0.14462143835200142 0.09443496593693973
1741643506.791641 -1.0568132512153723 78.69722688384564 -334.4080151449667 0.9806080793999923 0.09856283108843794 -0.1386231762438594 0.0973487439639272
1741643506.991626 -0.9238424422247848 78.64928484996604 -334.0079169558519 0.9817502318301828 0.09304804929056329 -0.13683034228292287 0.09373366660566024
1741643507.524783 -0.6474497411549781 78.56140939787983 -333.12566548636437 0.9831794965432126 0.09044404952450695 -0.12818342276533043 0.09352519238583858
1741643507.858341 -0.4668138513012401 78.49393733852854 -332.5331470569126 0.9841008644336079 0.08945074213479298 -0.12343168080439289 0.09115192552197038
1741643508.191718 -0.2944972479307445 78.41539380221663 -331.93151423984517 0.9847542147976567 0.08718164664426734 -0.11855695462700712 0.09275098617381075
1741643508.45814 -0.15688394188499627 78.36633957209384 -331.44551290927546 0.9850584027969101 0.08194146850238397 -0.11790535311009083 0.09509924566923647
1741643508.791251 0.037798315547121424 78.3091256397016 -330.90431563241384 0.9794330463630874 0.08795631557210844 -0.15260833294128137 0.09841387584982576
1741643508.991244 0.1864399986847143 78.27415223632755 -330.6089101282138 0.9710635854251909 0.09494729386269807 -0.1965073644297109 0.0969813393092313
1741643509.324668 0.4663132150626322 78.24756303959491 -330.21498898292737 0.946573453648812 0.11384794381500517 -0.2841844849071639 0.10137317729313627
1741643510.324463 1.1754875630935702 78.17869503047359 -329.2418823682942 0.9542984801379943 0.11402655912610814 -0.2578841267348876 0.09903601263357988
1741643510.724449 1.4498551358996814 78.13948119457017 -328.76481191671166 0.961211659370614 0.10850097880282378 -0.23370852613433965 0.09838703319510352
1741643511.124537 1.695181601183417 78.09334063893735 -328.2788421988458 0.9656606570682854 0.10436963665472512 -0.2168671262959971 0.09785256188329429
1741643511.458297 1.852172709324898 78.05358283408812 -327.8504042080987 0.9767977810194448 0.09582834156543768 -0.16321967901204062 0.10021157783167034
1741643511.657839 1.9509925097803833 78.01737932407843 -327.534914687627 0.9832598999946429 0.08640069149884341 -0.1265742536486542 0.09855885492604215
1741643512.257608 2.2170236620606403 77.9432533220175 -326.8743038363103 0.9746717802090162 0.09463966050801761 -0.17746070416682075 0.09780569512932472
1741643512.524253 2.4016666855575184 77.92257317190175 -326.61789236142323 0.9570502266927263 0.10829075146324757 -0.2504085787212469 0.09809954351438697
1741643513.457491 3.029625594210441 77.9118788597327 -326.12728568100704 0.938353042884803 0.125875381094745 -0.3078129527915799 0.09434056093119418
1741643514.257685 3.6116859313378926 77.91243150297207 -325.6658587572806 0.9401467221669932 0.13200994832196275 -0.2977697699782213 0.10015327468339912
1741643515.057286 4.224692150113731 77.87031271495083 -324.9398046039022 0.9414834824946443 0.13419568114029296 -0.29571546865142984 0.09029248558609373
1741643515.657246 4.69169619518621 77.81822416682012 -324.29496778868463 0.9386640357299464 0.139956291954636 -0.30081447421559954 0.09398253280195724
1741643516.390672 5.255696279481351 77.788490726751 -323.65806159601715 0.9399199323726746 0.14119795616751413 -0.2965175944388739 0.09322539402355665
1741643517.323918 5.7931284118777535 77.7497065688877 -323.0228624825111 0.9419599041705802 0.13762977523888623 -0.2928495961569693 0.08949132881651181
1741643518.123657 6.257311303645427 77.72306727018538 -322.44933706117666 0.9398499788236893 0.13697116787282448 -0.2981712052349768 0.09494655783853716
1741643518.790259 6.726704187118268 77.68697243562487 -321.9098939987438 0.9418093920282168 0.14021666881203498 -0.2912559322014389 0.09221896134834533
1741643519.65704 7.212124491985752 77.65776372402594 -321.29612036364045 0.9541995909220854 0.14000349666602213 -0.24786997663920585 0.09199258821389533
1741643519.990272 7.579355173723733 77.61584539581035 -320.7377302782158 0.9635740503627799 0.1362308410677766 -0.21287253466020914 0.08747280375506096
1741643520.723575 8.033642883864536 77.53521186343393 -319.9910419123751 0.9562412557793892 0.143934813943842 -0.24101409436410326 0.082447779826139
1741643520.923367 8.251664409883224 77.51508220789901 -319.69839680161346 0.9494892456008468 0.14831760118536766 -0.2634559466083655 0.08404181021160197
1741643522.123247 9.098504475518219 77.44979260078696 -318.5962447147719 0.951629417129849 0.15828113538586683 -0.2510878786270047 0.07939402899875514
1741643522.523212 9.45030086868384 77.39622304101917 -318.0569426284536 0.9542224899926893 0.15600143719773882 -0.2427159369916125 0.07881602067267503
1741643522.989984 9.785918538755112 77.35844715329615 -317.5416891695946 0.9564041590753404 0.1555500053237824 -0.23355594614098288 0.08091291843304439
1741643523.723258 10.225503637582655 77.29739515855029 -316.805700297265 0.957023775453583 0.15711873887863725 -0.2278476158495987 0.08662943530584957
1741643524.456527 10.59612730569908 77.25579276767023 -316.1900971036835 0.9576536498533945 0.1561564220370858 -0.22695832147692258 0.08369336348495895
1741643524.98962 10.945422833947351 77.19613969167142 -315.60813969249284 0.958742530857548 0.1524739722009166 -0.22598079759950845 0.08060475446540223
1741643525.522908 11.24444142013638 77.15111992574911 -315.092159162432 0.9596204073329803 0.15134752207492116 -0.22240470253808653 0.08221161524268679
1741643526.056324 11.502983865171576 77.10836821615413 -314.64140656413787 0.9595691946559147 0.1521540846716506 -0.2223701577122189 0.08141012310624701
1741643526.523008 11.744221869370646 77.06895520911951 -314.2457605910232 0.9595138314405643 0.15081694155925449 -0.22361832788361993 0.0811313801651039
1741643526.922757 11.937876556635693 77.03360422169331 -313.8806757544893 0.9599376068228532 0.14997842513232953 -0.22133550955539694 0.08388596552399208
1741643527.855992 12.392902471432544 76.95707217784873 -313.11797486510056 0.959820663046326 0.15044675379878142 -0.22192461216987225 0.08282231326141554
1741643528.589454 12.746961173029279 76.89655378779148 -312.50649225910655 0.9600431688224479 0.1520965767968374 -0.22033254516712467 0.08146971746737278
1741643529.589306 13.155597563289176 76.82165329630602 -311.82499546076275 0.9616568681413583 0.15603460445228653 -0.2124556354312392 0.07570913513890642
1741643530.468438 13.552094280444651 76.74737515590859 -311.10724160988485 0.9611772199858737 0.15641206791659595 -0.21178948307673678 0.0825762172079245
1741643531.922411 13.88096273616156 76.69320044718673 -310.5360624883337 0.9623384076518049 0.1587929361754461 -0.20772460731483547 0.07443171430826223
1741643533.188797 14.216312932420987 76.62923165433291 -309.9063930833878 0.9586920507465279 0.16334771783318333 -0.22121374922423084 0.0727430551205168
1741643535.388742 14.601937257256585 76.59969409599667 -309.32486365673054 0.9571169105896904 0.16319049095716648 -0.2270676499111076 0.07573879777400833
1741643536.455102 15.158310710167804 76.50270132841085 -308.37207292372415 0.9553064088750369 0.16416837707945284 -0.23358850166973355 0.07664738101897696
1741643537.255059 15.584837845583225 76.42932007387391 -307.716598708596 0.9560972948910322 0.1618363292534832 -0.2353672363050514 0.06549220800928064
1741643538.321777 16.048500733022525 76.35893785078355 -307.0151130439557 0.9547926188407653 0.16261624341526876 -0.2374444304553366 0.07447922415304781
1741643538.855025 16.305960693987487 76.3157395278669 -306.616856364134 0.955571871285337 0.15944043486167297 -0.2373678488088478 0.07153775850010922
1741643539.659469 16.48877445738652 76.30045330687666 -306.3647991592846 0.9552749946507167 0.15671758792305926 -0.2373670031307757 0.08090851658117022
1741643540.988017 16.895788996948095 76.24075068466288 -305.7583168986628 0.956851573316192 0.14826752164222395 -0.23881558363038213 0.07361335261812625
1741643542.58805 17.23538846997334 76.15199452514989 -305.13419921501776 0.9628649007483074 0.14323534122468326 -0.21751696004263937 0.07114205524870307
1741643543.922696 17.588768684263535 76.06326277637672 -304.4695124469816 0.9636301858519518 0.14445731139873846 -0.21269126460282653 0.07287918811314587
1741643545.254366 17.886969707571346 75.98111591919061 -303.88511702476006 0.9637894088117596 0.14505393883988216 -0.2122139495521334 0.07095470319012913
1741643546.12402 18.148385866259492 75.91420704057248 -303.37349424986917 0.9645289494345758 0.14890137006257084 -0.20478269221050438 0.07467487306410764
1741643548.121016 18.62152021111832 75.80002061026268 -302.51169933100505 0.9589881744922523 0.15871303014649166 -0.22382497234672044 0.07109315719340567
1741643549.590136 19.01611399087294 75.71917086284549 -301.86376187903164 0.9577673616497641 0.15879473983674391 -0.23034161135234155 0.0663976930189442
1741643551.120275 19.40748119909543 75.64874014002075 -301.25567863002294 0.9563867442502191 0.1595094798576044 -0.23505942581124184 0.06803078417386978
1741643552.586836 19.917251065197004 75.56345087655612 -300.50992235270826 0.9535575831163194 0.15862836485098672 -0.24704457001506305 0.06733467139697205
1741643552.853811 20.082950163352706 75.53168208228064 -300.26469055899173 0.9541614823053377 0.15725263761106278 -0.245651770181418 0.06710202274134842
1741643553.58776 20.40905275248912 75.4772230022996 -299.7779034193826 0.9565458903369719 0.1547255272179322 -0.2375679913543024 0.06812797069093486
1741643554.586747 20.781836051050373 75.3705565481622 -299.0785947497757 0.9677580410493212 0.14276788856563588 -0.19808841864067156 0.06182784469257162
1741643555.853187 21.18279213833873 75.26257968006905 -298.3456759401264 0.9584966173890319 0.15505967388773814 -0.22992659918721878 0.06613993478838676
1741643556.51989 21.51052557409867 75.1559050553076 -297.7231839202965 0.9676889287157853 0.14523980477028103 -0.19622893200673594 0.06306934750480939
1741643557.853104 21.962656992818726 75.01847610826586 -296.8232284754086 0.9664032712033633 0.14863543257833006 -0.20037357051674468 0.06182764614687014
1741643558.58621 22.259740150384726 74.92742571122702 -296.221706219945 0.9652015434250804 0.14849199723812678 -0.20568430361161347 0.06348286834950392
1741643559.586238 22.769170762178472 74.81167581779322 -295.44745177713276 0.9526489015000248 0.15497616385429533 -0.2549094737959173 0.058852521414901056
1741643560.386176 23.131822114451946 74.72647804438958 -294.86198888310304 0.9579909788262546 0.14977005288956466 -0.23564747870986266 0.0655170323095937
1741643561.185919 23.581005924717502 74.62800648046723 -294.1631569899339 0.9577196986593445 0.15104042230372808 -0.23673101140593994 0.06259550997385216
1741643562.054434 23.993511239841393 74.54737165623573 -293.50298962411233 0.9593425979276169 0.14921779352216852 -0.22980774853101268 0.0677069317941147
1741643562.519309 24.4247093410918 74.4555282750614 -292.797300617368 0.9594409498902239 0.14834828157479465 -0.2299608590005226 0.06770416793146546
1741643563.788341 25.008691816913068 74.32241613241094 -291.8146508340239 0.9599107751334695 0.1495031958168794 -0.22676741253341584 0.06925777094378127
1741643564.252729 25.23190288224815 74.26497058555968 -291.4444017998135 0.9607533908559147 0.14772610744787257 -0.22665252269964212 0.06130703949017325
1741643564.586513 25.419282796917457 74.22640221337902 -291.1402177911268 0.960534252883721 0.1495597646363759 -0.22557769477275516 0.0641913503521589
1741643565.452602 25.852729335148577 74.12405523061848 -290.4090202188272 0.96096004417165 0.14752246648482784 -0.2252158554516923 0.06380230278771779
1741643566.252233 26.28240253380959 74.01602167905443 -289.6597815885009 0.960651091371503 0.14815627481176932 -0.22691160326367746 0.06091242225480144
1741643567.385338 26.74305462756657 73.9084622587871 -288.86084994512623 0.9604717363882654 0.14885785051750514 -0.2263298906854895 0.0641105648151145
1741643567.98675 27.002436135624247 73.85121697404891 -288.45403643274284 0.9599060737310577 0.1503859715300205 -0.22914675711863816 0.058789054110511586
1741643569.185276 27.38431343061617 73.77688580095163 -287.90779633654597 0.9582830297189389 0.15669113307608 -0.2308693742396651 0.06197463841129665
1741643570.11853 27.78437781753066 73.69521247566594 -287.27060320667255 0.9575125580880433 0.1602142950480526 -0.23361311903005874 0.054092433694509265
1741643571.385328 28.137691747353056 73.63006376654504 -286.77332408447984 0.9561476381898256 0.16725301173071255 -0.2332075903880678 0.05850080201515021
1741643572.251626 28.512938354866147 73.56461395496366 -286.24089644923856 0.9557517645165652 0.16903951295161554 -0.23381582966905343 0.05739656331806727
1741643574.118011 28.993892368852464 73.49130097284332 -285.6149878343123 0.9547228697355055 0.16793904994849138 -0.23980809457264324 0.05284690420296593
1741643575.18565 29.269472291080152 73.39511683231603 -285.05812132619656 0.9737912744263757 0.14789142212417172 -0.1661998685517574 0.0472893730823723
1741643577.451135 29.56032411922165 73.23123674562859 -284.1782893989779 0.978190374372062 0.1441809376884818 -0.1426998816375493 0.04463398339544356
1741643578.45094 29.751231825436616 73.10868092175457 -283.57480446484914 0.9861072021821591 0.12710843619339096 -0.09846179652735772 0.041728957302456585
1741643579.917363 29.98995091417354 72.92359557392845 -282.6531652464938 0.9925970889385217 0.10326622029076676 -0.047546261364565655 0.04273710107018854
1741643581.117383 30.19617922041394 72.73674821735553 -281.86567438625605 0.9913328505955231 0.10708191782740135 -0.06459966022480301 0.040243336136554876
1741643583.050854 30.587133246120587 72.59114492103386 -281.00171076225337 0.9750069398388977 0.13022529899538554 -0.17119805831480675 0.05562430760728976
1741643584.317051 30.913867201899777 72.51100679435372 -280.4610898365827 0.9636737372068045 0.14092205597529153 -0.21965416640196883 0.05679744307470003
1741643586.650203 31.490355383476647 72.36323792285562 -279.5006603426155 0.9631457054180592 0.13962670136558064 -0.22172959888862093 0.06075129115671027
1741643588.183194 31.863762102084877 72.2510593948704 -278.84389528093175 0.9641174401188806 0.13831702753292835 -0.21933155899483545 0.05691773697158791
1741643590.116467 32.2880584574939 72.13614193989137 -278.0918630537332 0.9637919836359733 0.140826093683179 -0.21850487979731142 0.059402366297436435
1741643593.249538 32.64032699060631 72.05842972257499 -277.52960487273225 0.962760779776585 0.1371742236372885 -0.22618103809601886 0.055830558830236236
1741643594.38728 32.890730626258915 71.98169895352373 -277.0805601466121 0.9639963912007219 0.13679374482413326 -0.21960053901300805 0.061433153868013235
1741643595.582439 33.15663608277955 71.90761880239671 -276.6244303105514 0.9646365221710261 0.13604855593357604 -0.2177124389979626 0.05973662551345318
1741643596.383382 33.33876512865185 71.86112084449728 -276.3036852788511 0.964988074125859 0.1358861953184722 -0.21650730550915012 0.05880089606378067
1741643598.782106 33.82117079402912 71.72618824895355 -275.4648105152811 0.9659475605355606 0.13324701831635627 -0.21306862902607607 0.061581667159540214
1741643599.982062 34.08895590591459 71.65778984806875 -275.00234434809386 0.9662124178338383 0.13426246771880201 -0.21103084843101752 0.062234511295832226
1741643601.51613 34.432775807056615 71.55187057999406 -274.35716224529165 0.9662349442293571 0.13045693989778004 -0.213110056430918 0.06288977047667854
1741643603.048338 34.75976255423536 71.46246815960895 -273.74670829421717 0.9672672479151901 0.12941116426801838 -0.2087942920071496 0.06365347829147372
1741643604.248417 35.05468194582131 71.372294378445 -273.18617603959314 0.9685093748503414 0.1271457137775696 -0.20563685052161784 0.05947305274276042
1741643605.781381 35.388976939123985 71.25448712733505 -272.53495935575165 0.9697890629763558 0.1228037663802132 -0.20432367079901023 0.05177109082773583
1741643606.18135 35.535476812939166 71.20711531356083 -272.24892615919276 0.9699872179080811 0.12030329608560407 -0.20424372048247 0.05418871367138276
1741643606.848197 35.829902777523785 71.1113207721115 -271.67170161666417 0.9702593654403886 0.12181730527718106 -0.19989143512748953 0.06164999653603701
1741643607.714543 36.13573696973619 71.00894086105032 -271.0322388838526 0.9712379774792114 0.11645566942287497 -0.19791332570353934 0.06296970438493196
1741643608.51474 36.4468931434427 70.8922776151503 -270.38974869587196 0.9733121304648924 0.11570001212976087 -0.19120526987797715 0.052130112736836716
1741643609.581156 36.89096056410632 70.74731459921884 -269.55734986722 0.9660123211495595 0.12626266768203095 -0.21937548125732886 0.05246267587697811
1741643609.980948 37.096775720327706 70.69404581468619 -269.22679050381765 0.9638546098168773 0.13001780079105044 -0.22617407300148842 0.054082819029071146
1741643610.380933 37.31617112602473 70.62292709815424 -268.8516996827428 0.9648130844589528 0.12927899070780094 -0.22383520937466747 0.04817108741322708
1741643611.314297 37.80295782262971 70.46579413808567 -268.0039111252042 0.9652309401459445 0.1306084081936647 -0.22085863567158176 0.0499213275402497
1741643611.785762 38.04099816368029 70.39270614414377 -267.6097216224071 0.9656485479583578 0.1295842767911443 -0.21990429363091993 0.04871240783535069
1741643612.314211 38.2771180980811 70.32408651817855 -267.19592993786495 0.9657434071280818 0.1291307349753446 -0.2185191001984331 0.05398451372234795
1741643612.780684 38.50149834604995 70.25378688001051 -266.78981997396255 0.9670931071288277 0.1278690174617394 -0.21331423280446066 0.05364209727745124
1741643613.048733 38.662879279617115 70.19932005981576 -266.499317282595 0.9674760162117546 0.13004021425726653 -0.210336075513405 0.05327697503214747
1741643613.647271 38.98547377670374 70.0917508121717 -265.92520681694515 0.9684934084718111 0.12978134921354398 -0.20686603598558706 0.04882378824482558
1741643614.513991 39.296183119728596 69.9731244842105 -265.29086204677276 0.97020886855948 0.13362169732146242 -0.19730384626356853 0.04371710904288485
1741643615.447046 39.68422641622045 69.83180179541854 -264.510746669887 0.9712310040105651 0.12672582467959173 -0.19682253382405715 0.04372404815413461
1741643616.380319 40.00896467987182 69.69250941126018 -263.8352909017202 0.9728006063525111 0.12337091487808062 -0.19163368522221652 0.0414141078677881
1741643617.113593 40.325875851537006 69.55131583956371 -263.1363970850888 0.9737814947340171 0.12221981936549414 -0.1877734600641298 0.03940867878264888
1741643617.846923 40.5966948820393 69.4106917533324 -262.5178020246894 0.9752424646380637 0.11831671347787887 -0.18226628541998732 0.04101574914186339
1741643618.646749 40.84488519463656 69.27828554805214 -261.91389541397484 0.9772362893435188 0.11138212890977964 -0.1763637695211088 0.03871791510323134
1741643619.380048 41.13317833367418 69.13647319961501 -261.24829900802746 0.9784488336806255 0.10886705205308027 -0.17181414813323684 0.03557728696156812
1741643620.513363 41.564191049351365 68.98310118286766 -260.4996630968425 0.969069729676553 0.1209740502558492 -0.21091441842812444 0.04224033958710443
1741643620.979997 41.73816965413554 68.90860261443824 -260.1540729758854 0.9693615714319276 0.1178283431255816 -0.2122368910396787 0.037551663999292814
1741643621.648464 41.993045112074455 68.81102050711037 -259.70477511161965 0.9710769294129097 0.1151612425277665 -0.20537062260674147 0.03962818128018668
1741643621.97974 42.12904805972529 68.7443066634284 -259.42431125643856 0.9719935170730931 0.11180330255218719 -0.20394854720322456 0.0336691906644182
1741643622.646357 42.39183558114916 68.63337279418815 -258.90995139330454 0.9723982563996093 0.11262809944192644 -0.20106887306690885 0.036439682362809575
1741643623.579702 42.67317941506668 68.50293259672833 -258.3694340004625 0.9739385408313942 0.1050853831328302 -0.19827023753173684 0.033010511116151844
1741643623.912839 42.81485114543 68.44154138468984 -258.09426061993827 0.9742264432332929 0.10796885757011716 -0.19402888395348888 0.03972851987898374
1741643624.582445 43.04771792129232 68.34368916222245 -257.65488105707175 0.9743695033292896 0.10730063755266081 -0.19486459936182524 0.03344296754448444
1741643625.579694 43.354894550045444 68.20399970386353 -257.070212399192 0.9756263131373999 0.1083298359725246 -0.18812104359457507 0.032068936823320286
1741643626.046014 43.54388196455411 68.12271227843802 -256.72792530129135 0.976218072155724 0.10552910669383445 -0.18739884021173658 0.027268258548336394
1741643626.379414 43.65583438722187 68.05307182392593 -256.4649142874 0.977123960902577 0.1026421856153925 -0.18506556829279186 0.021073257807481528
1741643627.046281 43.849289400939455 67.93754058721849 -256.03468813327856 0.9781099261333351 0.10388565902651935 -0.1784532491308801 0.02575228383463158
1741643627.845951 44.0554477118872 67.81999047034161 -255.5663505573081 0.9787944467273466 0.10038182660422451 -0.17609218676942898 0.029605095880058392
1741643629.179388 44.396251668622874 67.65201117726834 -254.86843214978148 0.9743018466103761 0.10062939384186911 -0.1991345676120168 0.030904057478013204
1741643631.045656 44.80425735104791 67.56031716967671 -254.35767192059626 0.9786253179792357 0.0945651269850133 -0.18019018346033566 0.029688744548713498
1741643632.845425 45.02618692725168 67.42385242076658 -253.80740578044558 0.9825432124293632 0.08818186661349953 -0.16231541044379402 0.022056782222453455
1741643634.178505 45.242977885276964 67.23838871346686 -253.16199466277274 0.9830508448194183 0.08278899806027193 -0.16220987229335632 0.02109444549110719
1741643635.245084 45.74791250373485 67.01613769526874 -252.35875317103086 0.9685909747985318 0.10234988081319145 -0.2255749285992811 0.021725032192943708
1741643636.311604 46.21663056306547 66.76649805379145 -251.51813959507507 0.9729082838800137 0.09969407238532971 -0.20724907230532041 0.023630173877044035
1741643636.978388 46.49329346143141 66.5923465887381 -250.89918680432118 0.9813727173874495 0.0956636165374982 -0.1655033582937092 0.019097131513499507
1741643637.844862 46.725776570880086 66.44196178733881 -250.331308823587 0.986032802406072 0.0866695128961343 -0.14084102902624726 0.019786678761295046
1741643638.111453 46.849399097639164 66.35610965765525 -250.0265396676158 0.9860731585428453 0.08614227890464331 -0.14151513260590565 0.014584273378683411
1741643638.844977 47.0736891717169 66.18531692683389 -249.4434336653932 0.988072921084529 0.07949590117488836 -0.1313406135589942 0.011914174156251529
1741643639.912033 47.32228209524896 65.98311675768569 -248.76626198710863 0.9884596686733026 0.0805852431089985 -0.12749633476415012 0.01407787700742362
1741643641.377811 47.56978946042754 65.75941162992922 -248.01426726379555 0.9892225210436243 0.07797498682392774 -0.1233629800788018 0.011844004220777452
1741643642.586441 47.722974677936094 65.63858679730747 -247.55853345551506 0.9890515084112641 0.08399073435277227 -0.1199697834871127 0.018163735913644924
1741643643.444282 47.90533527157093 65.47333962873728 -246.98038431897336 0.9888346240086309 0.08318241967024217 -0.1222456476497379 0.018514131095179385
1741643644.644233 48.150068922826264 65.23396812128452 -246.20362332279413 0.9892861258349875 0.08245044459312434 -0.12002676760976841 0.0104144358439522
1741643645.577325 48.32031564011111 65.07175757431081 -245.64211880512923 0.989342955114251 0.08496927424650427 -0.11705610557330184 0.01669154719717203
1741643646.443934 48.4940057341912 64.90431847074915 -245.07347274800026 0.9898026808169333 0.08382658608658965 -0.114489251903573 0.012488703345016
1741643647.510597 48.70145749694231 64.70706252951767 -244.38219231147383 0.9896925305817792 0.08591799106398984 -0.11367589541631391 0.014303304634294805
1741643648.378829 48.89277951435397 64.52686975806162 -243.78190127426046 0.9897941011240851 0.08846176004068469 -0.11116913551351257 0.011116550708154187
1741643649.778073 49.18414654387354 64.26070312465957 -242.8498855925179 0.9898573247792086 0.08980217655518358 -0.10964033849731687 0.009850981732485388
1741643650.510246 49.33606878485674 64.11309079072419 -242.3534668485174 0.9902726956345235 0.09012368274530339 -0.1057372981769187 0.007571912796889241
1741643651.576711 49.55098124750004 63.91033251896051 -241.63383016131132 0.9905179758720722 0.09170527609074035 -0.10155803387176347 0.012257551448631034
1741643652.843418 49.79730306766873 63.64571978781005 -240.80882143028506 0.9905445136606186 0.09742188021803573 -0.09657419789877904 0.001991986907258226
1741643653.977135 50.00181476876625 63.40896112949083 -240.07189077277877 0.9907662623903645 0.09640999230450657 -0.09530014652914459 -0.002282271762050672
1741643654.909768 50.176193139081455 63.205556513229894 -239.4550662773387 0.9907928408666966 0.09809363339795847 -0.0931601645481408 -0.005326285333210842
1741643656.110001 50.39122367451116 62.96549968306286 -238.70809118445877 0.9904109221873909 0.10088788424156094 -0.09423648193308959 -0.005227379655045842
1741643657.642819 50.669801183318754 62.64442072968088 -237.7188563153675 0.990762797796762 0.09942115071160226 -0.09209910119792067 -0.0047189884137043316
1741643658.44281 50.81386227135898 62.471469357151115 -237.18847430887837 0.9909289234557469 0.09892562832554222 -0.09093243055329366 -0.0022094779703897226
1741643659.242709 50.9573249308878 62.302623067326664 -236.6477446361201 0.9910357174655138 0.09818569154833326 -0.09059591952622509 -0.0003950290971260872
1741643660.176001 51.12044465381778 62.11313325565506 -236.03058519325762 0.9910641432453321 0.09886930257440084 -0.08953581113614802 0.000252004046479558
1741643660.844244 51.24163843126788 61.9663442838731 -235.5651894943207 0.9915649208673782 0.09703070909614539 -0.0859304779259619 4.6486392794461496e-05
1741643661.309229 51.31554065314218 61.85723417912618 -235.2180348373603 0.9930909566824725 0.09191116766374283 -0.07295156176688727 0.000871005138400476
1741643662.975741 51.56270509569895 61.533849472702194 -234.1280693352998 0.9933752136982928 0.09227079828911122 -0.06815796489053998 0.006802677042235406
1741643663.575636 51.65198195581194 61.38602798995786 -233.67883100639892 0.9937018563691032 0.08861772975040007 -0.0685149932090656 0.0030355111669694837
1741643663.908953 51.700153273133026 61.3089799392689 -233.42963440130993 0.9939453753362886 0.08886992000981626 -0.06461210617507895 6.245537298205451e-05
1741643665.242027 51.85539733915092 61.030948017961755 -232.54766496540032 0.99474704383463 0.0847769502542054 -0.05734837492332623 0.0015334215058353878
1741643665.975372 51.943281864833956 60.86409277433661 -232.0486431643565 0.9949979614117973 0.08210119227867474 -0.05690567907678337 -0.00044125003995097945
1741643666.575396 52.013236954887276 60.73086332591255 -231.61815014632296 0.9952999094736107 0.07971433820324635 -0.05498552136241393 0.0005540100579745255
1741643667.776571 52.152117745946164 60.47174791526976 -230.80725741663315 0.9955370871170733 0.0795969584510489 -0.05069162826771776 -0.0007688974977312745
1741643668.375169 52.22765734447754 60.3298985218663 -230.36709824261877 0.9955258194509058 0.08054235698882528 -0.049387358029519685 -0.0014698313342175289
1741643668.84196 52.28533043422444 60.21843193551476 -230.028756263068 0.995670623880789 0.0786667683465156 -0.04936916429491829 -0.0037727861823260724
1741643670.241492 52.4456536408308 59.91471851922269 -229.10054845830206 0.9957283413862297 0.07982237112144337 -0.04638321080584184 -0.001434218992921029
1741643670.908097 52.521423936546775 59.75548146291694 -228.62361017507226 0.9958857071642067 0.07855240352045992 -0.04514805972318145 -0.0016825190753023828
1741643671.775892 52.60830067016942 59.556040186844626 -228.02556861006622 0.9961078416621147 0.07594992120166442 -0.044715777110653616 0.0011298345429801846
1741643672.507962 52.692325953667996 59.38539076176963 -227.51244342772694 0.9960977298195245 0.07477237031616543 -0.04688711583887661 6.044835311723572e-05
1741643673.107853 52.75808641463451 59.246232843936895 -227.08743370460866 0.9962481615870513 0.07381594747941002 -0.04517239595690437 0.0005109556245217043
1741643673.774609 52.83355575299595 59.09498332009827 -226.6249614549584 0.9963442408038532 0.07345215639597284 -0.04360263152542946 0.001321007885145993
1741643676.240882 52.98256163051318 58.81165170197227 -225.76732487317216 0.9964851522024973 0.0738150999578331 -0.03957296484934134 -0.0016287759863201072
1741643677.041515 53.04803088876182 58.65302395230281 -225.27233386456902 0.9965107808110893 0.07377151064048575 -0.03895143283924994 -0.0026103304126873423
1741643679.17396 53.20484971349835 58.3414416679694 -224.33782760747937 0.996806421689807 0.07202352315049214 -0.03439998515208141 -0.002492150173969617
1741643681.107162 53.28160496921401 58.1756526687539 -223.81988204621226 0.9969575691065304 0.07089672762169627 -0.032359289861513575 -0.0014614285446613935
1741643683.040245 53.38867207161288 58.00435158014778 -223.26826375126598 0.9969094673001001 0.07271453691613351 -0.02971636062187571 -0.001023738195834413
1741643684.107149 53.47079295588866 57.835740412461746 -222.74127155832446 0.9970756717953859 0.07120222774919857 -0.027683407549262424 -0.001994097237484459
1741643685.308664 53.57599967088946 57.5418826254524 -221.86709639966017 0.9971421120859135 0.06961901976092444 -0.028880809942196977 -0.00516712777606501
1741643687.306551 53.74917160282094 57.12262496619998 -220.65292993802976 0.9976893437718786 0.0662525469816901 -0.014865461357425544 -0.002364614367719138
1741643688.239649 53.78066132438512 56.87734122470297 -219.94041954665582 0.9981694987914579 0.05698829305968144 0.018158687282559274 -0.00895813667721299
1741643689.439615 53.70169125486742 56.569071707538534 -219.09248967613485 0.9965739276542273 0.039021011994248074 0.07218451266915789 -0.010351979206303936
1741643690.506061 53.637678682176414 56.29952514537495 -218.34805931592717 0.996394474117784 0.04103832768865026 0.07325785744476367 -0.012132350582898696
1741643691.905957 53.542976968757124 55.97116931757952 -217.45712207470226 0.9962703798250313 0.04170005481616968 0.07455990029454261 -0.012134948688979966
1741643692.439295 53.502337378659924 55.82176572209981 -217.04841558352345 0.9961323852412907 0.04124632525094021 0.07645283727167208 -0.013189973461002409
1741643693.439237 53.414180886501335 55.58553167257925 -216.38343850525925 0.9957589489188364 0.03908988219879576 0.0826971554431033 -0.009862922455213695
1741643694.572628 53.30318054038548 55.31650991721259 -215.65249181985158 0.9952687548955986 0.03583483315292896 0.08955799395672193 -0.011633399327546288
1741643695.5778 53.25199712770336 55.07739633319359 -214.99144943305714 0.9972154932424327 0.04189940968653484 0.06044904800862171 -0.012313086535176817
1741643696.505603 53.24945584008121 54.85998511965262 -214.39265520888668 0.9980709341603717 0.04929451245742485 0.03473202975824796 -0.014769818370582024
1741643698.038656 53.30703681682682 54.519178068504395 -213.4345397986603 0.9980705779164883 0.060940551040273364 -0.003325195116069018 -0.011415507601279877
1741643698.438795 53.324049594133825 54.40402973752302 -213.12635646844262 0.9979732112636543 0.06200031615339787 -0.004587380633835227 -0.013578893029572154
1741643700.238444 53.455614501674596 54.230934158901704 -212.61515358264614 0.9976699094937853 0.06687742353244587 -0.00626112625924454 -0.011956596935990953
1741643700.77186 53.46558232528961 54.04629986610809 -212.09513138361055 0.9975392544021635 0.06722224720487169 -0.013691454635913047 -0.014462001156670736
1741643701.30498 53.497759696681605 53.809398873651276 -211.40539157846933 0.9973851942102839 0.06881357996828973 -0.018095266680518626 -0.012650174141996791
1741643703.638255 53.60470186694983 53.31626022574302 -210.06288892876128 0.9975686427474431 0.06797873402849583 0.0037871102415387116 -0.014877920651951594
1741643704.038041 53.619919405929686 53.16809166623516 -209.65794226392907 0.9976264087304716 0.0657438892722231 0.009214143849465437 -0.018286311274422973
1741643704.504725 53.62401588970908 53.05013469872966 -209.31082918264627 0.997846858888406 0.06294538564404781 0.01254726297717024 -0.01349410332128521
