1732217208.636616 0.0 0.0 0.0 1.0 0.0 0.0 0.0
1732217212.567755 0.0 0.0 0.0 1.0 0.0 0.0 0.0
1732217212.767838 0.0 0.0 0.0 1.0 0.0 0.0 0.0
1732217212.967582 -0.0079105948101735 -0.17093082431236462 0.4751429420981382 0.9999619926410048 -0.003976140701385193 0.007109604622835739 -0.003107587595017763
1732217213.633884 0.04585889382735408 -0.4057801048448118 1.1718056405173412 0.9999043532005579 0.004203387650001467 -0.013136086002677086 -0.0010291877224728198
1732217214.367072 0.08015851852725922 -0.6800543812239073 1.9910691053192708 0.9999005062019615 0.0023452762659947994 -0.013872078430581419 -0.0010211837804279663
1732217214.966698 0.1312206559183919 -0.9039426109113851 2.6608725437951097 0.9997625051122595 0.005984149584898124 -0.0208941145471456 -0.0015997820774976458
1732217215.566207 0.19535534552534556 -1.133966873017428 3.334067882898564 0.9996836668706485 0.0054102904052338125 -0.024482101328713608 -0.0019803192459304174
1732217216.165915 0.25556066671151406 -1.3669693675372505 4.010396843056791 0.9995595306883759 0.008276419732985343 -0.02825750099033152 -0.0037093293489059743
1732217216.765796 0.31650325806199675 -1.5827289016397341 4.660891409654047 0.999454086066033 0.008160714503554102 -0.03173862590789852 -0.0041943068772717
1732217217.365475 0.3943608890376071 -1.8101909791838522 5.333321091127327 0.9993410292460793 0.01109376425349867 -0.034252410476803094 -0.004605218409939667
1732217217.965152 0.4686442990521822 -2.042005472995689 5.9961918969341985 0.99922112754057 0.0121293857302602 -0.037201105857089634 -0.005108228789723287
1732217218.564693 0.5460942067557712 -2.263310057033743 6.650045684463134 0.9990890651754902 0.01687056646830865 -0.03882959546661968 -0.005355963937719104
1732217219.031505 0.6087750058373437 -2.4472117579455057 7.178148503059891 0.9989892035919452 0.016523867500797138 -0.0415218873599978 -0.004844149007912441
1732217219.76421 0.7130786587984426 -2.7271811597484272 7.988780071136837 0.9988174216790726 0.01935992205480828 -0.04442282452638302 -0.003945152658557936
1732217220.363911 0.8070513049949622 -2.9498976788019857 8.63606088639562 0.9986719030047729 0.018774070845351994 -0.047693418009262724 -0.005225159453329485
1732217221.096717 0.9166764689201198 -3.2118320393185575 9.393782938262616 0.9986028496859267 0.019643501276682747 -0.04896340353399466 -0.0030110747427793344
1732217221.896303 0.9954047698807023 -3.4981570947058884 10.26945946110058 0.9991017544099483 0.01343713670001293 -0.03992449209164064 -0.004600285153464257
1732217222.496454 1.049352099084711 -3.7157266583812785 10.881952779479725 0.9993669618407849 0.009813864939029525 -0.0339323848767664 -0.004237557392272634
1732217223.02934 1.0646577141977074 -3.9004103925475806 11.451925597893483 0.9998451158801513 0.0026510497558963828 -0.016546874831405194 -0.005377464003805626
1732217223.695374 1.102611179271077 -4.137458305715602 12.15973402844769 0.9999025288602742 0.002742774805769466 -0.012650422707148796 -0.005232281579187987
1732217224.295232 1.1308805141066434 -4.366955927389086 12.804044326452543 0.9999180734927987 0.00011982883351335678 -0.011310793540310947 -0.0059914850403791015
1732217224.828127 1.1560679294696175 -4.558675182299254 13.358107385076636 0.9999399250999115 0.00034023941785847226 -0.008471087103419319 -0.006947741475349178
1732217225.494608 1.1780006694477267 -4.822813235856482 14.085200584961632 0.9999488123891551 -0.0016938706610756067 -0.006722053598836506 -0.007370033861260958
1732217226.094297 1.192649624422463 -5.055691168438495 14.759479845136378 0.9999681823961308 -0.0007044194416270134 -0.003012214302328283 -0.007352860234332449
1732217226.693801 1.2076863564701097 -5.291860497497942 15.413748224837432 0.9999614613757231 -0.0018742231712926929 -0.0011766671268376389 -0.00849579338879655
1732217227.293513 1.2232011781190004 -5.521136107836735 16.05616945712235 0.9999837483409639 -0.001139127226335812 0.0007785123812144521 -0.005531668969698257
1732217227.893227 1.2213950446640054 -5.741374180666052 16.692751361352364 0.9999667097476952 -0.0028448874017287695 0.003594447030631709 -0.006750256482833336
1732217228.493156 1.2239239837571496 -5.978093775414461 17.36486381496387 0.9999650549943139 -0.002970874715789177 0.005836599880100099 -0.005195844058631994
1732217229.092995 1.2242213729292446 -6.185767922263535 18.001942868382397 0.9999462735357605 -0.00535346942673103 0.007822857525944735 -0.00419443764667432
1732217229.692443 1.223087023070161 -6.419474010725181 18.67019521856226 0.9999333995284222 -0.005151779752807819 0.008817593658169767 -0.005376403536804862
1732217230.158883 1.2213370593245187 -6.58967925329179 19.1853286354692 0.9999327258664605 -0.0063225102869721266 0.008975408611423326 -0.003743213218488385
1732217230.75995 1.2122364236113108 -6.810785615609413 19.812530402167887 0.9999008779321311 -0.006294802209355252 0.011023733495726789 -0.006089915887245816
1732217231.691431 1.200058907751985 -7.1461270785352395 20.786563417493806 0.99989057003383 -0.006407319678478929 0.012630983486749806 -0.0042722907342355645
1732217232.290926 1.1971164472528377 -7.375535501045664 21.454181014817753 0.9998877862326454 -0.006327040631298859 0.01247541167937897 -0.005361679126877025
1732217232.890622 1.1846838638141501 -7.608882579388383 22.137328210755975 0.9998824230779486 -0.00748770982586532 0.012984198043306134 -0.0032380275641234195
1732217233.490502 1.1747671943018207 -7.8414529461661955 22.80690994341283 0.9998923239645375 -0.0060637143370383725 0.012955940711526772 -0.0032734455111450038
1732217234.090175 1.1572697375402519 -8.061602086149083 23.449115363083266 0.9998713394133214 -0.008135257499067017 0.013318305248013083 -0.003707418314072219
1732217234.689866 1.1550401021065644 -8.28725603677193 24.09980386107223 0.9998672426697898 -0.005269899707945018 0.014670467788091513 -0.004743687158563158
1732217235.289408 1.1546596023082623 -8.511478346772227 24.758365245294858 0.9998732373179394 -0.007278565500296812 0.014003010889481127 -0.002108901522272796
1732217235.889237 1.1366202302603141 -8.73134620457858 25.395463223229395 0.9998530756283099 -0.006951411727857793 0.015237453410061665 -0.003650348637462246
1732217236.356186 1.1188085116174153 -8.899582737644357 25.891314010687026 0.9998716646666901 -0.006806066275207362 0.0139566026709475 -0.003942702170436806
1732217236.955347 1.1001998080994115 -9.12783101298782 26.546053912963902 0.9998591336404543 -0.007617467380317712 0.014219664592167117 -0.004635537224121251
1732217237.688147 1.088719902138287 -9.408004901705246 27.35248116338416 0.9998850316799801 -0.007891962836931776 0.012512442023098338 -0.0033285341404946382
1732217238.154575 1.0717781349090967 -9.573199786363414 27.850048431784305 0.9998706399459627 -0.008121110315995888 0.013009734529455471 -0.004847447654117611
1732217238.887696 1.0614469045458306 -9.84173640852818 28.629869063574024 0.9998880279613362 -0.00850283282723575 0.011659167068191898 -0.003961968800745256
1732217239.48739 1.053548935157098 -10.057228820273588 29.272862185373818 0.9998665457765795 -0.010398861338215815 0.012156387073369546 -0.0033130911551267164
1732217240.087144 1.0546702854226824 -10.276967342087142 29.91252072160701 0.9998831673731724 -0.009997875950455872 0.011157243162403001 -0.0030347990521531285
1732217240.686586 1.044618060347302 -10.498172930735468 30.56644980136662 0.9998669328744558 -0.011840134989382342 0.010583962331496137 -0.003729274597982734
1732217241.286478 1.030452658356156 -10.720635879014038 31.228164332997725 0.9998808490933406 -0.011240429231200845 0.009910509909500714 -0.0037043434522486163
1732217241.885995 1.051508768408814 -10.943371492746639 31.881981392695184 0.9999544441170967 -0.00838944580260547 -0.001955168519493184 -0.004111472443512249
1732217242.48584 1.0963387790064851 -11.17107178741826 32.545924110925085 0.9998842852448961 -0.0029436688002642277 -0.01432872982101952 -0.0041759353459802345
1732217243.085537 1.1509845145929205 -11.399564570313633 33.19509785977769 0.9995786244681312 0.00199805345110804 -0.028523269337998692 -0.0050004394884157945
1732217243.818324 1.2531092157684358 -11.674836666740754 33.97461548647543 0.9988297839372641 0.01042295093667005 -0.046710543450815975 -0.006967778996193051
1732217244.418213 1.330249481588929 -11.915397658089393 34.64896348132997 0.9986773126088343 0.010835000952689989 -0.0496308832822545 -0.00793747185034248
1732217245.017856 1.4366717121992185 -12.136646238203337 35.27590299330527 0.9984804570411748 0.015022815473798566 -0.05239744205593984 -0.008099381956752014
1732217245.817483 1.5742414609294006 -12.425866675252637 36.091991462036255 0.9979435614694713 0.016867678296713953 -0.061243413732391255 -0.008565852258192334
1732217246.350349 1.6725224615180971 -12.623154781725557 36.63319853502817 0.9975827607256684 0.020325795368069558 -0.06594561964569054 -0.008165341092391013
1732217246.883435 1.7807675580562876 -12.819942787578862 37.1787862682881 0.9976130453666581 0.019730101052461622 -0.06557262902995546 -0.008897479914093748
1732217247.493765 1.8634632493048515 -13.024935858499145 37.7600558172429 0.9982565195071119 0.018411516320049236 -0.05546585222443738 -0.008275056819179148
1732217248.216218 1.89031907679625 -13.288255119650954 38.511772052478676 0.99982451957573 0.0020633645766648923 -0.01733951139191664 -0.006783356578720241
1732217248.88238 1.9132915619283282 -13.528344299167465 39.19183020594235 0.9998441567306229 0.00371299553993186 -0.014598424010167048 -0.00920662436342615
1732217249.482061 1.9409361023664837 -13.757464193054275 39.85215743451317 0.9998767974958487 0.0022422755143737313 -0.011616742241848312 -0.010315683673401969
1732217250.215428 1.964552965635354 -14.028930883361799 40.62524150167661 0.9999316387798172 0.0009984893880624706 -0.006145649255883387 -0.009897059223567723
1732217250.814878 1.978673841844798 -14.255550036841143 41.24871855609795 0.9999030684652901 0.00036944667403329733 -0.0028353589817221025 -0.013626368639410526
1732217251.481231 1.9974598038466667 -14.509869965438634 41.95437030636201 0.9998946647507587 0.0011197758481672068 -0.0031980236505799045 -0.014113048917511743
1732217252.214002 2.0158090362889007 -14.805670553969515 42.78341432193638 0.9998905559040572 -0.0006847860398710677 0.0007893467946669647 -0.014757513801208044
1732217252.813687 2.0360038919502816 -15.052462283274489 43.41271991436711 0.9998916968600017 -0.0015881606136396032 0.0023495463157086807 -0.0144413270997594
1732217253.413531 2.035994415956416 -15.263284197672691 44.0369911798447 0.9998908380771399 -0.002989008534524348 0.004053806539751125 -0.013890443114377014
1732217254.21314 2.0380517067022934 -15.58647399370169 44.92210631136996 0.9998963286033536 -0.004966149055869382 0.0053953461855378295 -0.012391918682253734
1732217254.812643 2.0337866044312296 -15.813018449469588 45.53460058651663 0.9998507062051128 -0.003997496847291517 0.007668860860814812 -0.014959073941614498
1732217255.412343 2.0233543381578234 -16.04617916470609 46.188164539267014 0.9998792778616903 -0.005538125007294572 0.007304077457286198 -0.012546287366639377
1732217256.01208 2.008440752138352 -16.27646176578844 46.850466591281204 0.9998674807052826 -0.00655589404607296 0.008728965656706694 -0.01207668993938127
1732217256.745163 2.0018753219549965 -16.569463053596447 47.65367399927041 0.9998447079774451 -0.007605733636561032 0.009906767309545086 -0.0124325663811577
1732217257.411323 1.9997580059580518 -16.82667263767958 48.344931530828426 0.9998249578602803 -0.007483340905275713 0.011168671692954294 -0.013012072133191702
1732217258.144291 1.9842596276373614 -17.11426152385628 49.13973058066059 0.9998395690555636 -0.010838815564663776 0.009712019596777298 -0.010441882171905862
1732217258.743968 1.9854070096248284 -17.368061733768442 49.82500730823832 0.9997894058981174 -0.01114164001277666 0.009897122983101738 -0.014108673515695327
1732217259.343805 1.9686885627640978 -17.611614316039724 50.492201298677 0.9997437843851604 -0.013626373710352762 0.010755655622055023 -0.01452595590257588
1732217259.943542 1.9581507801404046 -17.849334543160538 51.126099106819275 0.9996764698194687 -0.012329388653301878 0.012039552702348721 -0.01870804734461404
1732217260.543026 1.9500831108225127 -18.078024799542305 51.746059606285016 0.9996516054946183 -0.022031918598991892 0.003315463446695597 -0.01415167470700377
1732217261.142741 1.9583584881138465 -18.32384266302586 52.425072910172695 0.9997511509718006 -0.017490436440798767 0.00615923562710672 -0.012400991095887057
1732217261.742429 1.9649562395174978 -18.564225171103367 53.08696458789228 0.9998080623198011 -0.014452384629800249 0.0017490805870441406 -0.013111362093124444
1732217262.342267 1.9638787413389425 -18.810174691627573 53.760474355107405 0.9997900091969443 -0.012441592987439158 0.0030221470460717733 -0.016000340657025647
1732217262.94196 1.986182446818128 -19.052566265238745 54.40697004095486 0.9997995648281589 -0.01046480346632138 0.00039124729812390426 -0.01706355717273219
1732217263.541494 1.9938355911324352 -19.269569322863376 55.12814865770724 0.9999269286998855 -0.0060190714479608776 -0.0019739344769945507 0.010296194559106327
1732217264.141179 2.018150586147974 -19.508965023676442 55.77001953249797 0.9999024396734202 -0.004058689619040156 -0.006148320798618805 -0.011867448128212978
1732217264.741732 2.051429068159132 -19.749176626760114 56.42402667939003 0.9997108009979024 -0.003537741499384655 -0.018069367905209598 -0.0154692177152546
1732217265.340712 2.0973753492581877 -19.98789259423633 57.12061141959949 0.999611944119422 -0.0006813870657269788 -0.026887380652007315 -0.007250217040202644
1732217265.940235 2.1679661605016447 -20.224245985701135 57.78819129497723 0.9993696543898036 0.005282540528872445 -0.0345837398196182 -0.006029393871205534
1732217266.539993 2.2554794212624523 -20.466290480649153 58.45526571284556 0.9990132384422491 0.008449114375529237 -0.04207865371772001 -0.011425794707743719
1732217267.139638 2.326045625111772 -20.700080256942762 59.133555386118964 0.9987824214912128 0.0071740295488864425 -0.04813324898065181 -0.008086913054291964
1732217267.739479 2.420560753803062 -20.93519507499329 59.808263393067634 0.9985359069478233 0.008062116125407604 -0.05256278371935953 -0.00990952002572622
1732217268.339195 2.510724540686619 -21.15675791248461 60.49540063933022 0.9982547564161371 0.004219240639931256 -0.05888028348303575 -0.001658770007742343
1732217268.938703 2.6001970794667897 -21.40530701630713 61.127299492732966 0.9981391336808335 0.0038013676933090087 -0.05811384342551691 -0.018072095087457125
1732217269.538431 2.702519225842315 -21.634368566177862 61.7888583413102 0.998303566285167 0.009129363102531266 -0.05667997106797716 -0.009696656712097514
1732217270.13829 2.7981735862015307 -21.869131732670237 62.46224649478097 0.9985836106222199 0.004010400717958256 -0.05280102394644036 -0.005171184871927094
1732217270.738028 2.802250020621819 -22.105272965572926 63.08628338992006 0.9996690700526739 -0.014209132486947978 -0.010765780351952177 -0.018545859575768705
1732217271.337671 2.8299716482569175 -22.338746790134984 63.736283391556164 0.999856002792377 -0.0075403913659991915 -0.0061092843850180205 -0.013920949048139107
1732217271.937146 2.849548345531518 -22.583791516714154 64.41371063504616 0.999853544120151 -0.008849524704764564 -0.0049719431667528055 -0.013778824478865073
1732217272.536871 2.8692320668620743 -22.81185109296171 65.07594645342864 0.9999256195877833 -0.006703673104182982 -0.004521717271959323 -0.009130724605002952
1732217273.136683 2.8966829172505073 -23.0594898586972 65.76468548438962 0.9998797788338162 -0.006434531042194354 -0.005062289706988171 -0.013168064110886878
1732217273.736387 2.91695380011629 -23.297896433884585 66.42811163647194 0.9998798915281599 -0.006927905103158007 -0.004853721217579821 -0.01298645597761551
1732217274.335905 2.9265488426280934 -23.537762681803688 67.09164223474723 0.9998610862608611 -0.008187794861709863 -0.0074157310841831865 -0.01248099070748285
1732217274.93561 2.949634603210521 -23.78363766426504 67.7677498811858 0.9997981397256629 -0.00827548385050003 -0.007105957481918605 -0.016873100971935447
1732217275.468831 2.9713173471191388 -23.996678343650103 68.34710276439313 0.9998064020921872 -0.007108445730588409 -0.007880169882338063 -0.0165689848028379
1732217276.135315 2.9884779835621336 -24.256361035278832 69.08414386417108 0.9998516359634844 -0.007606532338832675 -0.008836722052313431 -0.012679080025483023
1732217276.668215 3.0063506088079843 -24.47617669815194 69.66762104474202 0.9998031261539729 -0.008713198828293677 -0.01054692082418965 -0.014371901754814695
1732217277.267739 3.034270701594251 -24.70996235318478 70.30095599042254 0.9997903071505221 -0.007469328599023858 -0.009919972802010197 -0.01628327355761006
1732217277.867434 3.06161745995874 -24.948158241475777 70.95313654945464 0.9998485781536365 -0.003766494472173088 -0.009312763567536268 -0.014209388385070684
1732217278.467129 3.084291387386823 -25.18409878645388 71.59395674240015 0.9998233084140693 -0.0062694725962395914 -0.008754644747285727 -0.015407850617740927
1732217279.06696 3.105397130389667 -25.425609337314228 72.25261298215379 0.9998080424783357 -0.006327031187092623 -0.010703729190074566 -0.015141897286063447
1732217279.666666 3.1313431917514642 -25.662165288720953 72.90847188944514 0.9998227152893753 -0.006710596579492053 -0.010779679885838606 -0.013903394782824652
1732217280.266337 3.147176155192267 -25.904537055109742 73.5585641054482 0.9997432611543556 -0.006474222143081513 -0.014513221057068766 -0.016151242634692798
1732217280.865886 3.184462287098636 -26.152559153850927 74.24255749203391 0.9998463328013727 -0.003014255401976453 -0.011480188417347041 -0.012900787647292236
1732217281.465585 3.2191643594221953 -26.39612602000464 74.8778515894005 0.9996959988994389 -0.0005056189750730661 -0.012673583592269482 -0.021143188331818406
1732217282.065437 3.243132371413449 -26.641262823465585 75.54560962220748 0.9997819620200264 -0.0026119598078057273 -0.014278601795207988 -0.015010916565043293
1732217282.665124 3.272819712701986 -26.873447851869912 76.19629306366622 0.9996890006394018 -0.003726119484934269 -0.016812489594197164 -0.018037689093200276
1732217283.264796 3.301816054985052 -27.115620933382687 76.85269929915424 0.9996340124695731 -0.005575772224007549 -0.018796956642245274 -0.018639374964757427
1732217283.864344 3.3390031692452813 -27.358142759020787 77.49844508972542 0.999597328583041 -0.002413170687413388 -0.019113876261375902 -0.020833075412580993
1732217284.464206 3.3810248356665706 -27.59726875927275 78.16002484544383 0.9996351374059845 -0.00234633250474395 -0.02180151349624951 -0.015772786575888043
1732217285.06389 3.4174756186939503 -27.8392487305106 78.80708650201534 0.999562380038596 -0.0033544948838636775 -0.02358787268670119 -0.01753305557418422
1732217285.663404 3.4684247772181984 -28.089614251716434 79.4778558706806 0.999447877019544 -0.0021995752641139755 -0.026525317184585766 -0.019887446745150444
1732217286.263097 3.5262454602417526 -28.337467432083315 80.12133393995836 0.9993256299773556 0.0033335397257539473 -0.02773612563698554 -0.023830235372471295
1732217286.862996 3.5821629074773194 -28.579975635550674 80.75747316157515 0.9992955082700538 0.004701718292609653 -0.031504371348019304 -0.01984579508001925
1732217287.46269 3.64611400939659 -28.82175341322815 81.4026185851454 0.9991796313123382 0.006354098396757972 -0.03272974215690876 -0.022988122638583863
1732217287.995911 3.711534126982966 -29.04193749800542 82.00675882403706 0.9991875234807348 0.007309280849472705 -0.036238812672127224 -0.01605041401378493
1732217288.59522 3.7856917410818687 -29.28597951646607 82.6241365219177 0.9988572154566532 0.008725311740867917 -0.0390112629552171 -0.02619643922072078
1732217289.194919 3.856545275854737 -29.531097628203707 83.26510486784812 0.9987268952032388 0.00827146960253531 -0.04444299439432489 -0.02238284694982598
1732217289.794632 3.9396659160651115 -29.78036655114672 83.91046604709994 0.9985206666412738 0.009473386732239401 -0.047219796793655164 -0.02523933487343626
1732217290.394494 4.031315820321097 -30.029553318633447 84.56220019458807 0.9984127068398184 0.010357061483590117 -0.05129862333852218 -0.020814642485143975
1732217290.994319 4.129506915587573 -30.287465318144577 85.2447099542083 0.9983352554806039 0.013538472902605693 -0.05267432948388464 -0.019205270874580863
1732217291.593683 4.235883716572217 -30.532538143836568 85.89459144855007 0.9980291278850628 0.01432466807983545 -0.05806402949742659 -0.01900611101475961
1732217292.193548 4.270733958841426 -30.786884790301666 86.54047266264632 0.9994595940222482 0.0004321813302775509 -0.020512577748382842 -0.025682042175359347
1732217292.793301 4.256925658339039 -31.024952857325395 87.19427285041148 0.9996862286486451 -0.007777071920448096 0.014554461091669264 -0.01884486839763262
1732217293.392948 4.248775662172301 -31.263752572037124 87.83221955882766 0.9995233492713962 -0.009829239994673581 0.01992007546403378 -0.021439470514096035
1732217293.859728 4.234057170561944 -31.464976544683672 88.35624293566154 0.9994353686376358 -0.010212960365896072 0.021234413085684706 -0.023952850720203037
1732217294.592131 4.2006884729856555 -31.756266807853933 89.14022958093959 0.9994109035755133 -0.01320041269023827 0.02352288171610797 -0.021219541817705346
1732217295.191843 4.1749348245980995 -32.00696609294605 89.79449242885156 0.9993075114266786 -0.015393835503972973 0.023048245838692052 -0.024825507013043327
1732217295.791737 4.151900562205088 -32.270143919756435 90.46893234387119 0.9992696290569417 -0.015801822209546665 0.025435716879646544 -0.02373889563729479
1732217296.391561 4.120680763599906 -32.51141425079538 91.12933072930139 0.9992969059705027 -0.01732963224320951 0.0272322132484763 -0.0190731257450139
1732217296.990912 4.109265934730696 -32.76130355871153 91.77439420548362 0.9994713657894551 -0.013341377752433508 0.016127590019165753 -0.02487764954335276
1732217297.590768 4.113611719456294 -33.0138973628898 92.44813911850159 0.9996359586241743 -0.0111442583471812 0.0042348174454972295 -0.024203761125551292
1732217298.190319 4.118763000041197 -33.26337966482323 93.07187760799852 0.9995656586087314 -0.012296226778094048 0.0025811535245725947 -0.02665773027842369
1732217298.790131 4.112264512015083 -33.51312282533168 93.71854820743599 0.9995198788531112 -0.014928730160144062 0.0007329652538088972 -0.027140515013612226
1732217299.389888 4.113396653589102 -33.764119743408756 94.35697520296227 0.9994819433803723 -0.017101454078385456 -0.0011579557634228501 -0.02724048941280386
1732217299.989346 4.119121099834609 -34.01649457675585 95.00062715047257 0.9993430125839889 -0.01763831488435709 -0.0031555713741816985 -0.031503577842843675
1732217300.58905 4.142835230945878 -34.280330000676415 95.66314904066672 0.9994039438980963 -0.01585170703052344 -0.013817302856453443 -0.0273781381200825
1732217301.188767 4.161656696793651 -34.534333322541876 96.32969407992123 0.9994115634523965 -0.01685323160795644 -0.014754876206601123 -0.025976702064217344
1732217301.788599 4.195944181548347 -34.78136648794079 96.9717022667911 0.9993821887029061 -0.01741670718794985 -0.01792004236145522 -0.024713787566495577
1732217302.388296 4.222752997987882 -35.03094425783887 97.61688974267057 0.9993048950556719 -0.01637657827604542 -0.019150380850336938 -0.027473574849810983
1732217302.987804 4.252404348314631 -35.28093383577033 98.25934324318202 0.9992671587533353 -0.017423221804156258 -0.022875878910923325 -0.025264024680413864
1732217303.587534 4.2813676230240345 -35.526796609679984 98.91015416098429 0.9991306657583697 -0.02101026846912224 -0.02660241162942226 -0.02426505832655778
1732217304.187353 4.311642475659569 -35.786113033838326 99.55038065419893 0.998769185469155 -0.022874790299755046 -0.029527962940463885 -0.03263368705202277
1732217304.787063 4.349635689005439 -36.03650832456336 100.17645914386333 0.9988412504817566 -0.02266824859577624 -0.03142548056657733 -0.02854375610882969
1732217305.386558 4.3912848932058 -36.299460803580395 100.81311433888584 0.9987138561912524 -0.02216218717757074 -0.031032722626561465 -0.03341318658086307
1732217305.986427 4.432868778700536 -36.556808623187244 101.4406104762828 0.9987191174716454 -0.01977242757802025 -0.032312427404834164 -0.03354225006669868
1732217306.585962 4.480483800107304 -36.818574822330156 102.07758389293845 0.9987357317060624 -0.01713951026000456 -0.03298456416738189 -0.03384071406296417
1732217307.185803 4.526956448297375 -37.087549598246305 102.75065655146379 0.9987342620230384 -0.0161637984740833 -0.035611779434028185 -0.031629205581680406
1732217307.718867 4.577186284481753 -37.31537307779226 103.31089450545491 0.9986445963669174 -0.014480250974414284 -0.03603614515816257 -0.03465095555701698
1732217308.518326 4.646637201925003 -37.666416247413984 104.15872579440088 0.9985330059141948 -0.013111137091087037 -0.039122319587310786 -0.035062491272721624
1732217309.11798 4.713218866893763 -37.92892527782719 104.80468854008947 0.9985203322222174 -0.011116833481630966 -0.04042650305342908 -0.03463033356821053
1732217309.71768 4.7833027102987975 -38.20298895184113 105.45600253306273 0.9984140396022002 -0.010638440959053093 -0.04151780158241337 -0.03650344163144239
1732217310.38419 4.852296641434488 -38.499595370488784 106.1671895664853 0.9985528701527886 -0.0074525062532966755 -0.04019837524758514 -0.03493875051611032
1732217310.983666 4.931879966137134 -38.761365160166804 106.81404282489021 0.9985401474582971 -0.006891694386583409 -0.042109591790037926 -0.033118887990401864
1732217311.583378 5.000551008169168 -39.03697795978561 107.48810897703295 0.9985054837896019 -0.0053164214462987835 -0.04410974728436532 -0.0318255353389059
1732217312.316339 5.088886623704161 -39.358068992616836 108.24701624907199 0.998298498824956 -0.004295386048686996 -0.04534440635785861 -0.03640798970810593
1732217312.91631 5.159663751483811 -39.628560543638656 108.88915669297299 0.9983099626109193 -0.004007014416695442 -0.04577027227829026 -0.03558433029888804
1732217313.515922 5.235680791421953 -39.88289819626335 109.54158174026172 0.9983455420210318 -0.0018937187044477774 -0.048549077828451956 -0.030750278018377472
1732217314.115422 5.320894707216826 -40.149816068699266 110.15980071003213 0.9981398946849569 0.0011167524652179765 -0.049329288718095395 -0.03580676998559546
1732217314.715127 5.412717479008762 -40.41335423686514 110.81867896987194 0.998162378642944 0.0027255310865266858 -0.05139583669449682 -0.031982890936077084
1732217315.314969 5.448204361408635 -40.67005225738317 111.45322537834325 0.9992180359435019 -0.008375268635640276 -0.02235961945886695 -0.03151537621774538
1732217315.914658 5.4591706360494205 -40.92133302119531 112.06646464911341 0.9993215842826467 -0.011954792332478944 -0.00443776133686333 -0.03455083792652928
1732217316.514338 5.471411102928446 -41.193825678152905 112.73226335948756 0.9992785898241139 -0.015276689761838737 -0.0036293528259961137 -0.03457962502855478
1732217317.113848 5.485494236728035 -41.446852229086666 113.34495166875826 0.9992144135545293 -0.016090335369054874 -0.002484947915565065 -0.03613145286930039
1732217317.71355 5.4882347153372555 -41.7050167111907 113.97054541921648 0.9992295401877332 -0.016498265725595825 -0.0008325808775148159 -0.03560112432692754
1732217318.313252 5.492239846682912 -41.97607824470235 114.62165585010302 0.9992686832192034 -0.015513643191145225 -0.0022139901543304376 -0.034878702095889426
1732217318.913122 5.5119693677342445 -42.23699424218858 115.27126380593987 0.9992153300555416 -0.013645970606790332 -0.00877022951611466 -0.03613301457708812
1732217319.51261 5.557371206723545 -42.50722837037202 115.92630329729843 0.9990504850802236 -0.009548707379976415 -0.023293580085542134 -0.03555783423016376
1732217320.112307 5.59327650156218 -42.780234880905596 116.58938596381547 0.9990987000763224 -0.009135899196107857 -0.023610492240331703 -0.03407150580544663
1732217320.712009 5.643620280321987 -43.04938422611431 117.23517226155286 0.9989827023304965 -0.0037032059737979552 -0.023956532483892987 -0.03802540284234226
1732217321.311907 5.695878090862638 -43.323365616375476 117.86111953797959 0.9986784828948786 -0.0013519174455620792 -0.027418277313049043 -0.0434476488568583
1732217321.91155 5.741732241511013 -43.60153512438074 118.50574111387152 0.9985789420526436 -0.004576499931336951 -0.03186600207441538 -0.04247010771347992
1732217322.51108 5.7927988068003495 -43.86001997916235 119.17529427821813 0.9988570691974488 -0.007077897729064468 -0.03420017282576964 -0.03263137840648963
1732217323.110774 5.841792433341934 -44.15213140364964 119.79390341566271 0.9981558281065233 -0.008004045987094987 -0.034824083910826115 -0.049073019517745765
1732217323.710471 5.902507735220514 -44.4164354992295 120.37243270694601 0.9978647174730937 -0.003486338823740893 -0.03595908066190207 -0.054413193086786785
1732217324.510205 5.974879823889822 -44.783462166102524 121.15713940242082 0.997875753237193 -0.002775646790300069 -0.03958312978992753 -0.05166674677424337
1732217325.109721 6.033598610207909 -45.06515294530722 121.86086652729324 0.9984260960326431 -0.004895811049016019 -0.04051405257492837 -0.0384704216137992
1732217325.709439 6.107790563080151 -45.330181287478666 122.52170653804696 0.9985921084871219 -0.003763879537006983 -0.0422197977518831 -0.0318923620301975
1732217326.309303 6.176516811712324 -45.603188362026955 123.19283506467988 0.9985820109026586 -0.003747237642856189 -0.04258291937239818 -0.031727286196180156
1732217326.842372 6.241223431244298 -45.84323620906475 123.76960382773868 0.998670812575277 -0.0021046076538460538 -0.04134254262589152 -0.030707863912778046
1732217327.44204 6.296589628679841 -46.10404762266363 124.4035785732279 0.9986435057031005 -0.0011490156933140854 -0.04027747663962681 -0.03297807082748139
1732217328.241468 6.392313063442768 -46.45439363393332 125.2465837719231 0.9986194629468529 0.0006527771835432904 -0.039537011235869134 -0.03457696991094789
1732217328.841147 6.463578138637806 -46.71578916865231 125.88403464479316 0.9985117875455239 0.002126566825039784 -0.039762914034061694 -0.03726390362939596
1732217329.441034 6.542551129458061 -46.99043153016091 126.52516887734268 0.998550146411552 0.004530683488423642 -0.03991444288141245 -0.03583176325638976
1732217330.040724 6.6180189795015485 -47.25855959552012 127.1630214807395 0.9984085326198399 0.007241916673284042 -0.03917499912495381 -0.03991586249043252
1732217330.640387 6.700364172957579 -47.5352644462 127.78208213716894 0.9982829391044661 0.010428233377253838 -0.04009913054217744 -0.04140634216324418
1732217331.240248 6.76856218034906 -47.79329196631814 128.4188980234782 0.9984470535896978 0.011520500701307581 -0.04055496537666896 -0.03641502471424841
1732217331.839806 6.84363545444853 -48.05332840887876 129.03743456440395 0.9983490593431652 0.013270790261709612 -0.04103937444008589 -0.03793166988168574
1732217332.439311 6.926429773798376 -48.31896645496234 129.66160448942983 0.9982950126090651 0.014557623479346977 -0.042383326891795144 -0.03740049465025186
1732217332.905888 6.981340672978942 -48.52607127104151 130.16505799336258 0.998203619007694 0.014676860295343085 -0.044676984866219384 -0.037122658782435036
1732217333.638887 7.085149011895618 -48.850023198578086 130.94005003139583 0.998125209410014 0.01714018756190594 -0.04459782379418474 -0.03825329297434742
1732217334.238373 7.1660236227365255 -49.12100409375523 131.58897479995784 0.9980896305760119 0.017577194825793663 -0.04595379717172085 -0.037368169398519994
1732217334.838236 7.244264623984076 -49.37068739882661 132.18598017289352 0.9979348230918031 0.019661912789618374 -0.04663107194195992 -0.039560601306461274
1732217335.437896 7.346237148843581 -49.64690720314533 132.83104103137194 0.9979800369742622 0.01972024982840744 -0.047498036942980854 -0.03729469176864947
1732217336.037623 7.427429666750229 -49.90737929466535 133.44499660092217 0.9978586746422532 0.02072056633759985 -0.049065837303680984 -0.03796402483330508
1732217336.637114 7.516381064257235 -50.17824202538766 134.08830701120954 0.9976496360491064 0.019632353717536296 -0.04995594750489911 -0.04259316479768781
1732217337.237001 7.617112150305341 -50.448748025502354 134.7247463653809 0.997679782647913 0.023297080594845546 -0.049052517688602394 -0.04106273054461607
1732217337.836519 7.716997482471638 -50.71389055072382 135.346316602173 0.9976950297693057 0.02399416728611026 -0.05013045819639173 -0.03893384993665658
1732217338.436355 7.794502419903115 -50.98332826008584 135.98769385227368 0.9981444549713308 0.02159709799751766 -0.04213105414254615 -0.038290816717700564
1732217339.036096 7.837105012356644 -51.26156475596706 136.63107602014878 0.9988179151414194 0.012589111283109904 -0.024788436177750436 -0.039872548219435325
1732217339.635585 7.873538421188656 -51.53654227489231 137.27569062270086 0.9990167512137346 0.009780169944725591 -0.018294441480411268 -0.0391815323989148
1732217340.235275 7.901305141308966 -51.804919032128225 137.91092968945443 0.999192680082586 0.00512774691355659 -0.010616585207293222 -0.0384054995997425
1732217340.835 7.914955873929501 -52.07553785992555 138.53873515345154 0.998979868459467 0.0034905262605399935 -0.004898003951179602 -0.04475542644668647
1732217341.435853 7.927232761838563 -52.35412190742575 139.16925121605877 0.999052700108704 0.0007776486893017932 -0.0021145242527333794 -0.04345833010147302
1732217342.034929 7.934703157341086 -52.6265707107941 139.79367613246973 0.9989898437158894 -0.0017397589474308934 0.0015854199523624426 -0.04487484634940043
1732217342.634094 7.93524459791687 -52.91302015885444 140.4419125629584 0.9988994812463035 -0.005949815397070244 0.0034845127539555186 -0.04639271746162385
1732217343.233732 7.931862314621797 -53.19669019124402 141.06753627078447 0.9987895452533458 -0.007147918934148982 0.008649246219650212 -0.0478909395121612
1732217343.833589 7.923795178431982 -53.46901906419782 141.73659821423928 0.9991099051953298 -0.008549210367189914 0.009786191908797433 -0.04013151866800773
1732217344.366636 7.901881870486257 -53.69600745628944 142.3637197886483 0.9997024380918776 -0.012115705779179758 0.01106172065011213 -0.018052237614398007
1732217345.032784 7.884272946304794 -54.0036786588897 143.03740983077032 0.998776796797987 -0.015358112788672652 0.013116132362975952 -0.04513319866085186
1732217345.63266 7.861222148368209 -54.27734789936909 143.63790081559455 0.9986763563992442 -0.01778225835325577 0.013919614511718413 -0.04621223635394295
1732217346.2322 7.845525530031286 -54.547176458343934 144.2805320302381 0.9988148814658601 -0.019466495854405037 0.016942585749218815 -0.041265444255703984
1732217346.832076 7.818242494746849 -54.821928817084974 144.92548688091418 0.9987061333501558 -0.022000872281167247 0.017731123222560864 -0.04228035119195429
1732217347.431723 7.800156579969515 -55.09946506411624 145.5814896117692 0.9987835554770916 -0.019780742716664447 0.012517861046438436 -0.04339855620799729
1732217348.164531 7.845392909942788 -55.4309222239617 146.34947424107216 0.9988409823815713 -0.011853283656273061 -0.01579378720936577 -0.04389473621252033
1732217348.764211 7.87299156815481 -55.694872228476775 146.97246161853732 0.9987956819010085 -0.012546820487529586 -0.017063388494148415 -0.044256116917898915
1732217349.430712 7.904145178456034 -56.002156029011715 147.67811703543902 0.9987113749170055 -0.014698286943132539 -0.02136468573280178 -0.04362453639708492
1732217350.030383 7.948311337447998 -56.263011596409186 148.27658621905547 0.9986371784882241 -0.013230527615717254 -0.02374691697222978 -0.04455135030953137
1732217350.629905 7.985772876718809 -56.5424967223486 148.91176756357137 0.9985573730121358 -0.013284770562052711 -0.026864418335668286 -0.044553234469589524
1732217351.363054 8.05245343167962 -56.87443074124358 149.6776132318752 0.998455471413383 -0.009912747955018885 -0.03086915073750283 -0.04511656641860837
1732217351.962583 8.110700164839567 -57.16096203243309 150.32568208911735 0.9983365750510985 -0.009482592347311672 -0.033359162969048436 -0.04605789404240471
1732217352.562415 8.17606954320284 -57.436716685559915 150.96927740584525 0.9983965578197117 -0.007365722027290282 -0.036990135946258836 -0.04221124631475471
1732217353.162124 8.23111243292945 -57.7159737103809 151.60693863616734 0.9981742380757902 -0.00801489306251341 -0.038953609294322705 -0.045459523248241686
1732217353.762111 8.294599876238188 -58.00047319380346 152.25520265860854 0.9980352714627189 -0.006596976302892532 -0.04077898059483693 -0.04710787154650396
1732217354.361449 8.364474164074839 -58.27250833807808 152.8833464732735 0.99812109141308 -0.0054813193603977794 -0.04185259251049841 -0.04441399007724203
1732217354.961026 8.434443668117305 -58.55055116256429 153.5186184339062 0.9980493953706576 -0.0024273005982175574 -0.04298852175337245 -0.04520508389031699
1732217355.560899 8.50860602340236 -58.821767896462326 154.1340550396572 0.9980518637262893 -0.0018473064658230405 -0.04427351722456288 -0.04391947681687578
1732217356.160735 8.597095852470273 -59.107558536788545 154.78600714164318 0.9977850038453694 0.0009442509899208292 -0.047221590427176746 -0.04684352558136856
1732217356.760179 8.681597217758894 -59.39026202008245 155.4362531548556 0.9976806881893778 0.0002974910724197158 -0.051764346083875236 -0.044199642391540055
1732217357.359793 8.77685802422063 -59.6682937179274 156.06895474575467 0.9975917034897962 0.003328841078025748 -0.0538414774796019 -0.043598248224181624
1732217357.959484 8.867349089921232 -59.9497663827621 156.70192636399236 0.9973008545941935 0.004439016565141453 -0.05622687105396607 -0.04700893031229872
1732217358.559341 8.974132819739085 -60.227238973558116 157.3442142442968 0.9970970318785795 0.00811152501474814 -0.058565948903195705 -0.047976471420170023
1732217359.158837 9.08276432808593 -60.51320761983052 157.9763612703555 0.9969591339569559 0.010784812099803986 -0.060394353202580166 -0.04804888291115943
1732217359.758535 9.190230975872351 -60.78672968461733 158.60282761645206 0.9969391326255339 0.015610105509903202 -0.060924974112285625 -0.0464417697254858
1732217360.358255 9.308999896839913 -61.067359950007344 159.23829197380837 0.9967717670733707 0.01909152601871785 -0.06091607796785652 -0.04869075317471188
1732217360.958065 9.298370836584105 -61.34116625998895 159.85441850678924 0.9987233034906587 -0.006522348455467797 0.005157020747178346 -0.049825968855047066
1732217361.557788 9.290225277436637 -61.61505743551876 160.48223554856116 0.9986313819016936 -0.011458113130796643 0.008155079752481337 -0.05037429303549806
1732217362.157299 9.278103248703932 -61.92614798304844 161.1664202244904 0.9981150526607837 -0.01207878491456352 0.01257430803513914 -0.05884157870405985
1732217362.557125 9.2538767243824 -62.23313723502908 161.91408944129472 0.9989649071269912 -0.017185637751260946 0.011289408446144867 -0.040574837532397844
1732217362.956895 9.243021730421177 -62.46698177227127 162.37664843940544 0.9982226913490716 -0.018038593704597188 0.013032251895585099 -0.055283162206105664
1732217363.556621 9.228178867700018 -62.74442198585548 162.98776037367705 0.998406800688738 -0.01734938343317391 0.015150676979822345 -0.05151035061053796
1732217364.156715 9.201304267728752 -63.03145459732868 163.63274102956794 0.9983861582590169 -0.0217186943580282 0.013534695656162077 -0.050697034683290246
1732217364.75637 9.209761184479357 -63.33596084039319 164.27766771338892 0.9981178147807327 -0.01884131897969708 -0.004609754822074498 -0.05817716628472573
1732217365.355799 9.214690948956878 -63.634788860911684 164.90971177525603 0.9979553249184113 -0.022227779882427925 -0.007717662501999068 -0.05942670236511261
1732217365.955502 9.23105634209169 -63.920507008469926 165.5448785489534 0.998194213918999 -0.019001612368121378 -0.007665500015926112 -0.05646671706013471
1732217366.490448 9.247039290623949 -64.18646567457456 166.12336986986438 0.998165887612554 -0.017669111981594068 -0.005527168083380553 -0.05763778015678904
1732217367.288201 9.26499280948145 -64.59344180468887 166.91300868687992 0.9970794696184256 -0.011830352658107897 -0.004926246064432618 -0.07528815392302084
1732217367.887667 9.332358738765839 -64.89055492110954 167.61360788414783 0.9982987993981299 -0.0002507036049744545 -0.023953165705175167 -0.053157220776253226
1732217368.487378 9.382953272336819 -65.19510902073016 168.27320154323945 0.9981773898226307 0.0024565807928889306 -0.02698372091003068 -0.053923487123306545
1732217369.087232 9.438326168454747 -65.49278966363384 168.91265296065455 0.9979740322662648 0.003098491238759416 -0.030703384335593335 -0.055637509511088555
1732217369.686934 9.510200554206415 -65.78921659289392 169.54495646161683 0.9977441684796976 0.005542757793336468 -0.035132606951656216 -0.056934629440979136
1732217370.286626 9.574054948168044 -66.08148359093295 170.16427815114852 0.9974960431802518 0.006364458079160371 -0.039094443372839766 -0.05858977735465345
1732217370.886134 9.65834754466592 -66.37943705505175 170.80104015720835 0.9973059848224272 0.008769258583949422 -0.042313550539372 -0.0592742455203669
1732217371.485826 9.738129257756915 -66.67988640405953 171.41369539447984 0.9972149205910898 0.008874175875337799 -0.04522875392888916 -0.05863455441188241
1732217372.152171 9.84072898885289 -67.01093482543011 172.14277534728967 0.9970398305919168 0.010490064257392018 -0.049355285920038634 -0.05801370973200097
1732217372.685366 9.914013868556795 -67.27387330626203 172.70373198444923 0.9970095790762888 0.008772128583623494 -0.052532890898445775 -0.05599325284429949
1732217373.284909 9.996329253684937 -67.56580004632235 173.34112247522276 0.9968684504846745 0.006995850564892031 -0.05693233249667108 -0.05443399691044247
1732217373.884586 10.094019404956574 -67.87726050700873 173.9490622910555 0.9959231811279843 0.005198532350145532 -0.057623243061861326 -0.06920660671030045
1732217374.48445 10.200673010995764 -68.18715571815866 174.5680041513964 0.9958895401267335 0.011360060196799162 -0.059091307530035796 -0.06769926345891268
1732217375.084125 10.298607985409374 -68.47833197861698 175.18800686133824 0.9963046195015672 0.010938822263608759 -0.05911101274568672 -0.06134603083738837
1732217375.683951 10.331613722427306 -68.78305093826718 175.7996397936692 0.9976670828118537 -0.002355059861968359 -0.024007035626489415 -0.06386319602995925
1732217376.283506 10.374005350440605 -69.08211315597404 176.42853496407318 0.9976152417002121 -0.004022165762164396 -0.02271334880536001 -0.06505194459856774
1732217376.816404 10.399769983941693 -69.35915942421771 176.98470041887248 0.9977060883793927 -0.005144105312678969 -0.0183729457577633 -0.06495024445993837
1732217377.482747 10.398737788795058 -69.70959836719037 177.71384972472214 0.9977252695717406 -0.016081530943055266 0.00547445437415206 -0.06523573537433669
1732217378.015986 10.365782720663658 -69.97304307956423 178.2593201725806 0.9972723951442191 -0.021262690913133032 0.0240574112097895 -0.06645982865106054
1732217378.682285 10.307964459657024 -70.31135327711473 178.95654593232965 0.9969495716870507 -0.027020951352134503 0.03692560944876387 -0.06322909985022057
1732217379.216429 10.233314325461368 -70.57848823689243 179.50069168612185 0.9961190952398763 -0.033449054487484954 0.050270672122543276 -0.0640372421074734
1732217379.814866 10.154658604178103 -70.87552928423531 180.1232407027626 0.995872650554774 -0.035887019063643465 0.05485810898096527 -0.0627723953562975
1732217380.414578 10.06887803091907 -71.17719332382006 180.75167719224282 0.9958882026431815 -0.036179534935843916 0.05143433473086133 -0.0652091887601229
1732217381.014452 10.023956177165413 -71.48569168026253 181.4185150604375 0.9969910751613273 -0.029886738873697027 0.0329533525238746 -0.06347956715033064
1732217381.61411 10.026339351228486 -71.80114215290341 182.0854120324853 0.9978644127977604 -0.018487713243228423 0.0036349256380395923 -0.0625428288968679
1732217382.213798 10.096036708935085 -72.10985646346641 182.73508593224278 0.9975325440258603 -0.0033244483897304925 -0.027867391833339913 -0.06435200171405762
1732217382.813323 10.134476541298664 -72.41418752636726 183.36200491379603 0.9974950041134466 -0.005720979459143405 -0.025912592094582947 -0.06557076127118687
1732217383.413022 10.192177485974632 -72.71845534439252 183.9849569103387 0.9974301420722804 -0.002461545564597502 -0.03123363281456443 -0.06443223308491527
1732217384.01288 10.249605472738429 -73.02581996234719 184.63024554471093 0.9973583405175471 -0.000686558808223156 -0.03639397247185202 -0.06285974868550934
1732217384.612578 10.322623216603443 -73.33642099283739 185.2471350509756 0.996918924740367 0.003923199633363264 -0.04045125763532148 -0.06708920743955953
1732217385.21213 10.396300617812452 -73.64113246791258 185.87633965347197 0.9967503754581528 0.0023415736408835593 -0.04634117803808695 -0.06584604221179982
1732217385.811794 10.479537863149773 -73.95168400857665 186.5065199504263 0.99640208291438 0.005638035725897698 -0.04937373619112735 -0.06865373909385694
1732217386.411508 10.565937330890769 -74.25839678905926 187.1381859838164 0.9962228091536236 0.005637690253648537 -0.05428288118715409 -0.06754035668167566
1732217387.011323 10.658220984793923 -74.56742045330539 187.74974854038027 0.9958550574784677 0.008320972524627285 -0.05855627127025766 -0.06909869033292909
1732217387.611012 10.754867873975401 -74.86156286355967 188.35823220316365 0.9956980189060765 0.01187941856722123 -0.06452808067593653 -0.06542523492735225
1732217388.210557 10.868201074703563 -75.17306608595507 188.97086579285633 0.995265925984428 0.016022329591245037 -0.06682782387136037 -0.06872454791009522
1732217388.810295 11.004419301707921 -75.48214132747383 189.6026618547579 0.9950937069016669 0.01983784958893174 -0.07264075019651148 -0.06417394813531863
1732217389.410069 11.13004306845765 -75.79207499575492 190.17391024733936 0.9939106614471677 0.023889780692195998 -0.07667699213465895 -0.07544212561502842
1732217390.00977 11.242278118719877 -76.09326980085697 190.77575068665396 0.9947447968972143 0.021046793494926188 -0.069942989806545 -0.07174816866250668
1732217390.609288 11.331190843833282 -76.40816857751483 191.38909040500062 0.9958736988647432 0.014804966929949323 -0.05371609803430932 -0.07163078720512761
1732217391.209028 11.386446209664376 -76.70538063930425 191.99760493897614 0.9971064431271819 0.008733892380686933 -0.03815419782944058 -0.06516684268962758
1732217391.808702 11.460091413583378 -77.02141484064418 192.6070824023493 0.9966283927404558 0.008738929832671572 -0.039788315153516746 -0.07122055789026172
1732217392.40853 11.537920690873987 -77.33553385108165 193.22412143851153 0.9964568174821887 0.010175423892512685 -0.04059918677369926 -0.07295188602901147
1732217393.008247 11.610879521386781 -77.64552799818645 193.81322391015473 0.9961906504224473 0.009907808411159581 -0.03964212639068114 -0.0770358692987522
1732217393.807838 11.695755161050574 -78.02658666507821 194.63293252609864 0.9967956116762436 0.010105382823272316 -0.037076958155562674 -0.07015475005236087
1732217394.407348 11.76445075682908 -78.32933539759814 195.22311303221943 0.9967471495316185 0.00997749736743276 -0.03628141948540615 -0.07126870313819549
1732217395.007179 11.838035972756638 -78.61141658077717 195.75842988814438 0.9967469173006784 0.010225742005301231 -0.035923975580616704 -0.07141768009756899
1732217395.940092 11.930791965302074 -79.05067446704047 196.6360013416675 0.9968210253164257 0.011375342334352162 -0.034805579381590554 -0.07076027641126094
1732217396.4063 11.988043908021266 -79.27191467733485 197.07471542356313 0.9968082155609925 0.009779103296620406 -0.03507622812804322 -0.07104511770089161
1732217397.339374 12.077429530911347 -79.71791519316888 197.96412280962377 0.9967581584447242 0.009680542345990955 -0.03564598076376584 -0.07147604304351877
1732217397.805642 12.119506184936316 -79.92836771740535 198.40544486637657 0.99683086096795 0.00803281489204099 -0.035713934293197316 -0.07062735591898467
1732217398.605802 12.211170390644027 -80.2919626957032 199.1019234664657 0.9967573794389049 0.008480317899728109 -0.03547611480965397 -0.07172346910474285
1732217399.538227 12.318855853246665 -80.7343537928557 199.96647138369298 0.9967539099527307 0.008742270283429776 -0.03400991581706718 -0.0724468172548047
1732217400.004461 12.360151304638071 -80.95531881763021 200.3953125993468 0.9966826501872303 0.007889807733608117 -0.036083558507026804 -0.07252187639020176
1732217400.737711 12.435696878462295 -81.31641924241363 201.11129815772588 0.9965859062456719 0.007354383853454312 -0.03596015807012547 -0.07395479390952528
1732217401.337264 12.499262580750456 -81.60308618107729 201.67657241141814 0.9966466484143521 0.00854346626692964 -0.03600819429593591 -0.07297860872975424
1732217402.003413 12.565319129126971 -81.93124326493198 202.3275311256255 0.9966183403832036 0.007664838423558818 -0.0363743771354591 -0.0732805468850844
1732217402.736384 12.64535805123588 -82.29296416313787 203.036423384424 0.996611758264125 0.007648488394383438 -0.037094273595417775 -0.0730104018712309
1732217403.536167 12.724211363094948 -82.67937988015677 203.8057870849285 0.996761136781046 0.00615726772322494 -0.032894688960045694 -0.07312498680590013
1732217404.135854 12.754819714746157 -82.96611313601345 204.38580098654978 0.9969530185638364 0.0027601487649765483 -0.02888271635465327 -0.07240752068139493
1732217404.602123 12.782377970904289 -83.19873842719258 204.85554473611413 0.996952997129858 0.00234199396006025 -0.024963191935298785 -0.07386525317418186
1732217405.20195 12.821799233497828 -83.48796707741175 205.43443219923392 0.9970981691785377 0.002521207075753702 -0.026575793696794872 -0.07129243806375885
1732217405.934752 12.883445474871092 -83.84398150496106 206.11976142332767 0.9968881531888969 0.0022543272397424928 -0.02571009703975347 -0.07448435372971444
1732217406.734547 12.951699074612126 -84.25463254712731 206.9302637989948 0.996884343416461 0.0007283107099999694 -0.025315119934859364 -0.07470087092748547
1732217407.334212 12.989977895602973 -84.56336299155572 207.53789179658614 0.9969359637905677 0.0007209889462858687 -0.024695468366285785 -0.07421790968547219
1732217407.867056 13.030898218237187 -84.84897149460002 208.10415782862393 0.9969911166547203 0.0002155025343063793 -0.024174443386260885 -0.07364959712853925
1732217408.600223 13.095176387154781 -85.20986190028466 208.81196223133392 0.996974127945393 -0.0009375061028405807 -0.023096793700708735 -0.0742175680723724
1732217409.266496 13.12787834001501 -85.56086784797003 209.5018822246277 0.9968966618149698 -0.002552546583738401 -0.02368478096013234 -0.07503040263105493
1732217409.866213 13.172976001862438 -85.87878591598894 210.11801724455253 0.996908852493922 -0.001747854896531897 -0.023298703813480152 -0.07501236713451932
1732217410.465723 13.213601432732393 -86.20404608026234 210.76266566884354 0.9968223403661426 -0.00221269048551758 -0.024006301559482125 -0.0759211645933901
1732217410.998803 13.248934584242416 -86.48453097343781 211.30832352475304 0.996779332540386 -0.0010631421516606103 -0.023855834010166308 -0.07655541217175674
1732217411.665118 13.291558968072234 -86.84629271287048 212.01921410188552 0.9967949080268483 -0.001063132741937803 -0.026039918074428632 -0.07563533398615499
1732217412.465389 13.360726144200378 -87.26371856473781 212.83452577001162 0.9967898854523501 0.0002736056047864151 -0.025173991093987703 -0.07600078665555818
1732217413.064551 13.388420334369156 -87.57851291167535 213.44828593314645 0.9967791957601898 -0.0005677205825850304 -0.025357211160292128 -0.07607840978347208
1732217413.664121 13.440360723126924 -87.88780227224359 214.05914200361397 0.9968242039889978 0.0010861075191210285 -0.0261943392972102 -0.0751943036468886
1732217414.263778 13.493754072383231 -88.21176235068974 214.6844376373825 0.9968596465411195 0.0007812644872103609 -0.025792862621139546 -0.07486630057323798
1732217414.863519 13.546858369714768 -88.53398252514452 215.31462077009968 0.9966149658957011 0.0013933294311955363 -0.027236628547154987 -0.07755536378092175
1732217415.463308 13.591567301081774 -88.84203768875689 215.919586834332 0.9965984894070266 0.0014038825277275608 -0.02937333679779833 -0.0769849797742667
1732217416.062857 13.648950573932503 -89.16472181846201 216.53774390750556 0.9965997772334068 0.002985427573220882 -0.029515843358643438 -0.0768686296961053
1732217416.662533 13.700476209447118 -89.48506380307542 217.18319784680426 0.9966234459099264 0.0028358739068530064 -0.0297239738844576 -0.07648627496698121
1732217417.262411 13.757696812328987 -89.8162176113024 217.82260729568384 0.9965804863695034 0.004477345336492025 -0.030013330561697745 -0.07685367626116575
1732217417.862101 13.820904957468093 -90.1356376643726 218.45138069314103 0.9966369150496344 0.005424811297811936 -0.030428161432988148 -0.07589175168975285
1732217418.461783 13.879145956332122 -90.45036792831215 219.05820100236159 0.9965871707765893 0.006513147703302264 -0.03097992991238248 -0.07623538478378632
1732217419.061287 13.936170265061294 -90.77933287275052 219.70387919907412 0.9965966847508245 0.007116898322638745 -0.032385179546907804 -0.07546918475540496
1732217419.660993 13.997882229645825 -91.08351746977858 220.30633908556626 0.9965948111792106 0.006789285975949434 -0.03223100370945982 -0.07559001472741737
1732217420.260697 14.063108964858094 -91.39825923389905 220.9231971159574 0.9965190101501493 0.007529568669067352 -0.034021234008254735 -0.07573456041715498
1732217420.86052 14.115344813460569 -91.70945611747256 221.53884706499502 0.9963733955981157 0.008520488883010475 -0.0347772734605393 -0.07718807591931752
1732217421.46048 14.188144130100339 -92.03209292414346 222.15619547462154 0.9964085281103631 0.00858201310190363 -0.03591406094946994 -0.07620088179395604
1732217422.059754 14.253096649240295 -92.33070565229754 222.73996977088578 0.9961964110692179 0.01034095875460171 -0.036366563462270116 -0.0785063577475761
1732217422.659442 14.323198867282693 -92.65410890958015 223.36305727144466 0.9962218098883228 0.010528304921782188 -0.03824727721518848 -0.077255459897234
1732217423.259158 14.391023683228617 -92.97060295369583 223.9761496990509 0.9961059755184244 0.01125202361186716 -0.037558076766061564 -0.07896624830116296
1732217423.85902 14.461164756144552 -93.28437043458536 224.58457354246437 0.9961027350890083 0.011889570211092259 -0.03902071654809308 -0.07820078611155955
1732217424.458685 14.534985991629322 -93.59041532295934 225.17538428348342 0.9960218486517388 0.012194932417796778 -0.03959254238886901 -0.07889354358173861
1732217425.058195 14.614270782977615 -93.89844890413764 225.76772487082692 0.9960067235957486 0.012646454107142335 -0.0410918940583332 -0.0782440412637079
1732217425.524634 14.673812419574558 -94.14482385455634 226.24855387015825 0.9960280459508994 0.012508320757302053 -0.042212478108011445 -0.0773936708203309
1732217426.12562 14.74556624539571 -94.44529219452849 226.83252778887427 0.995869242685564 0.013719235979207161 -0.04243015716123017 -0.07909434746112637
1732217426.724224 14.817805529096077 -94.76196715821006 227.43488139529467 0.9959260151979658 0.01382065719648772 -0.043855794975391806 -0.07756952322681183
1732217427.323869 14.901706613179698 -95.06527494083554 228.01858834054642 0.9956955704170264 0.015751147294398134 -0.04726080305579089 -0.07815784608946454
1732217428.056669 15.038570654029767 -95.45802625340885 228.77880885915056 0.9950407107451823 0.01993013165338837 -0.058543488148212676 -0.07790657101580736
1732217428.656369 15.147216662112474 -95.77588880106676 229.37922752604092 0.9948405585438429 0.021136092537635116 -0.05968952916121536 -0.07926341386117444
1732217429.256249 15.26705388689257 -96.08667586235981 229.98226297963717 0.9946092852045646 0.022942189358541674 -0.06505461319644525 -0.07742043034085228
1732217429.855894 15.386548053025264 -96.39884663794479 230.58512068758463 0.9939195169221839 0.026836186819994064 -0.07201417091409826 -0.0788528512210541
1732217430.25551 15.494696743588129 -96.61016248712613 230.9778235038181 0.9929039957629389 0.03271076437460241 -0.0834096760488376 -0.07819518548764413
1732217431.055142 15.687007652818263 -97.02289808254977 231.77898517660088 0.9920040564942989 0.034910647183110405 -0.09231702246689973 -0.078655997704931
1732217431.521557 15.815436365746375 -97.2569691916778 232.23843742595412 0.9916089063984004 0.03682306075374689 -0.09680177650486392 -0.07736442989899689
1732217432.188017 16.031659902178383 -97.60344529050522 232.88969303967633 0.9874541121729496 0.0504494009270894 -0.12821344977097643 -0.0771397795994692
1732217432.854366 16.304909474649236 -97.93004354355477 233.50900298018857 0.9816077376785612 0.06355676789545259 -0.1627342507509368 -0.07696980068047259
1732217433.453872 16.583837463955046 -98.23556534243386 234.07877385197384 0.9799474005752998 0.06687922115336062 -0.17091344513256596 -0.07758128741230173
1732217434.186854 16.887859286938056 -98.55237037064381 234.68436195976977 0.9774374873444581 0.07088001201722514 -0.1838225965444849 -0.0761658403080664
1732217434.986567 17.176514452257262 -98.84439356796146 235.2178985692762 0.975389077091986 0.0747578229105348 -0.19244340333105692 -0.07741416354699666
1732217435.786186 17.522135382893417 -99.15497265671759 235.80225825311837 0.9729692115740796 0.07868527395727878 -0.2030523298738402 -0.07687192155779281
1732217436.585592 17.888856389491337 -99.47486107624175 236.4026411151467 0.9704481516384335 0.08533583936992367 -0.2113685213408302 -0.07919297750918068
1732217437.385194 18.252745321661315 -99.77750158815515 236.9840029917472 0.967811814406152 0.09057729054016779 -0.2223044030429802 -0.07560951475825049
1732217438.384828 18.7015907406045 -100.03432224084153 237.46252260399635 0.9491408064478172 0.11841581256432832 -0.2812361951092078 -0.07756047595787788
1732217439.450962 19.269509673804155 -100.28658136357252 237.93784769503964 0.9250420060121696 0.1469599466727965 -0.3420986212206093 -0.07529006937085485
1732217440.650351 19.969625546296868 -100.46844734369373 238.2551174140758 0.8806085696672263 0.18288851013012786 -0.4308050030699988 -0.07407691422354443
1732217441.982812 20.531869253333475 -100.6217946769334 238.49685162230588 0.8634151736810536 0.18872755966540128 -0.4606763042021608 -0.08169142443792278
1732217443.382308 21.238555715568687 -100.75360358864565 238.68185924716832 0.8181366584375004 0.21260674914522515 -0.5279866240084923 -0.08173679224642512
1732217444.781658 21.97055892544119 -100.84022266406751 238.74234903431827 0.7647217727764962 0.23367553449371187 -0.5957015789027448 -0.07573627739351804
1732217445.914138 22.64541480409271 -100.88598426323992 238.73163922920656 0.7204934486681959 0.24030728069603127 -0.6462959884836866 -0.07377734435843215
1732217446.913769 23.237055914251876 -100.8427770196713 238.5686125609438 -0.6178434127760388 -0.2773750200373828 0.7326848297563865 0.06712343699017394
1732217448.314066 24.045402227474025 -100.66228865856559 238.10772773804155 -0.5271262209633333 -0.3118423930102943 0.7878643396733707 0.06451396256293569
1732217450.112257 24.639541792554397 -100.5173942167773 237.73380152260805 -0.49245393223793177 -0.32224979042228213 0.805879852125064 0.06482176436258705
1732217451.511264 25.39885462191862 -100.28891656898654 237.20033361054664 -0.4605481870902298 -0.3330692262911136 0.8199285969142431 0.06839118238473636
1732217452.377642 25.86172459045724 -100.13400079550489 236.84144997318003 -0.44922123697038596 -0.33826541399953886 0.8239880548370464 0.06942964375810523
1732217453.576836 26.555358943945663 -99.9908411406892 236.4713948406072 -0.5020432294320206 -0.3273623560328642 0.7970190115985988 0.07447938496303902
1732217454.509725 27.16272156295862 -99.85380923019856 236.14095588531416 -0.5041276752350625 -0.32721245786599135 0.795424188283518 0.07802342707735002
1732217455.3761 27.707866905697234 -99.74270019045616 235.8320674746984 -0.5077577102135935 -0.32560042843944187 0.7933091577156093 0.08262595841048301
1732217456.109033 28.284075798520036 -99.62867780502926 235.5653023630987 -0.5323842364183567 -0.32518408241177177 0.7773748052588193 0.08068921556236634
1732217456.908469 29.02678844464423 -99.52648439011834 235.28735417267166 -0.5657705287231158 -0.3167312267634429 0.7566465431796271 0.08408952084303638
1732217457.708084 29.714375263066337 -99.4733668975514 235.0409633747342 -0.5902287944101743 -0.3031776257500851 0.7423165727672211 0.09316331514486162
1732217458.707687 30.507110957028917 -99.55354004260468 235.0671944245342 0.7269953553075381 0.2506342942793372 -0.6309940949031698 -0.10250198090619661
1732217459.507161 31.21782781336836 -99.65170270711951 235.12584288158038 0.7536010714685444 0.2360460860921977 -0.6050452685405466 -0.10142925287467339
1732217460.30671 31.866446123898506 -99.7750124384348 235.2158278333865 0.7744930211571033 0.22090443679663851 -0.5835900027939799 -0.10384844063068704
1732217461.106445 32.572528813833635 -99.93799669892739 235.40734262298892 0.8106607312063666 0.20114860242173763 -0.5409547562775995 -0.09867304740598404
1732217461.905864 33.24409075763596 -100.13186576597181 235.6311819336837 0.8343273912162055 0.1859926328929871 -0.5099631826746417 -0.09613582626807403
1732217462.705467 33.876233139422816 -100.33121405070791 235.9046857632189 0.8540123681656311 0.17016650114867768 -0.4820996992620867 -0.09636450009392987
1732217463.505198 34.502153359857914 -100.53520627325234 236.21678720156024 0.8704673240402323 0.16361578533064142 -0.4562719548737846 -0.0856295262425853
1732217464.304841 35.17628570214547 -100.7730850258712 236.58681426777213 0.8816257418490154 0.15688245531069991 -0.4367079585041099 -0.08608196968025177
1732217465.104233 35.808583739332846 -101.01274154701989 236.97731231599192 0.8918477119363476 0.14930039347153548 -0.41906886458971043 -0.08184337453109444
1732217465.837208 36.392039529121114 -101.27781072132487 237.4678814988548 0.916839655319264 0.1290348464729599 -0.3702926620012071 -0.07508927551796363
1732217466.636927 36.94509706890391 -101.62110193919673 238.09842841473588 0.9459721809680539 0.09815397617478369 -0.30087899422553976 -0.07052843844472216
1732217467.236791 37.28563140119322 -101.90034796203523 238.61967793504056 0.9626827603045196 0.08202709533450338 -0.24796282554660576 -0.07090765678259824
1732217467.83634 37.605789918870464 -102.19274351603904 239.17488362268995 0.9723420142170015 0.068485184551502 -0.21104443464018663 -0.07294541447394155
1732217468.436024 37.87757962458629 -102.48648645809214 239.7729537009993 0.9785687993379221 0.0549349453501682 -0.19032246010446868 -0.05623715783620671
1732217469.03555 38.106240321835685 -102.7690768598659 240.37213956948258 0.9822031963842479 0.03360253033056222 -0.17661972956899155 -0.054343556149064574
1732217469.635439 38.32305587508306 -103.07904471481952 240.93634755400728 0.9829283448819764 0.016163734968386616 -0.16945490964949558 -0.06982575524211397
1732217470.234901 38.60956872112709 -103.3421364945564 241.42290545944851 0.9698874737394231 0.038569437000456015 -0.22911106954828864 -0.07306712409330945
1732217471.034507 39.106642864815 -103.63599666753755 241.8950351084503 0.9440562386456955 0.07617197921735255 -0.3098942330634809 -0.083193822909214
1732217471.900749 39.581928851688254 -103.96206387448133 242.42462245799643 0.9445549786711073 0.07805133814750732 -0.30596030616909214 -0.09006759644801848
1732217472.70052 40.10233218018265 -104.34045202508274 243.05118073566848 0.9455454162775699 0.07546394501659763 -0.30469978511624396 -0.08606450899832924
1732217473.433268 40.61486430865364 -104.66077704593118 243.59918466256659 0.9453623008179639 0.07841227209560842 -0.305036663422351 -0.08422748806137596
1732217474.033123 41.01941879335606 -104.92472055024497 244.0380023966955 0.9456139973202781 0.08307267875050794 -0.30328149149536915 -0.08326725066630013
1732217474.632671 41.4455215794165 -105.20417468809853 244.5059725080625 0.9510764040277934 0.08551750355287843 -0.2844542969085633 -0.08500696005563219
1732217475.232503 41.82748865941319 -105.49418764977315 245.03010949055655 0.9589850297307961 0.08070179052595262 -0.25904453906168523 -0.08204182189864247
1732217475.83238 42.15104766863346 -105.79730476811872 245.59491081637245 0.9728919165023234 0.06636011530490543 -0.20722377081660356 -0.07833238608458047
1732217476.431875 42.368730889091076 -106.10048232917825 246.1763016573924 0.9846876503919061 0.0466695709057133 -0.15004205161666628 -0.07549546386244367
1732217477.03142 42.511980839747395 -106.41070982143624 246.78539246273107 0.9916779800725701 0.028835354196566555 -0.10112527971548677 -0.07427640264586273
1732217477.631115 42.61979406498235 -106.71436593598152 247.3878562411745 0.9950970462708418 0.016511088322464427 -0.06516605649281314 -0.072544038670516
1732217478.230979 42.685578368685306 -107.03053498202193 248.03154714013888 0.9968714114791069 0.008506534955162338 -0.03643044919780909 -0.06962650508215788
1732217478.830472 42.67477142028876 -107.33162196393879 248.63905620063517 0.9973999999470472 -0.006959332767412475 0.0038157031529686683 -0.07162575097345293
1732217479.43018 42.5140383034766 -107.62696568380488 249.22919385601608 0.9910194042759566 -0.04890615377086334 0.10603404538720904 -0.0651575758503354
1732217480.029869 42.308102014624964 -107.91841517289757 249.81550992091405 0.9866930986475557 -0.06265582614244244 0.13310858115628807 -0.06923208905018595
1732217480.629576 42.08273562290182 -108.1990692127777 250.43855973081125 0.9847508094040708 -0.07050095513730646 0.14651337297491726 -0.06188125921688982
1732217481.22945 41.82984290730717 -108.48283998201958 251.04287507152878 0.9818716336856473 -0.07999171550978029 0.15981971195672723 -0.06314332968215272
1732217482.028834 41.52991278184915 -108.84780681611458 251.83863750163485 0.9861592519832076 -0.07526843150131769 0.13553248166387719 -0.05878383588438818
1732217482.42863 41.42229941900834 -109.05299456081323 252.264906415537 0.9887319193846293 -0.06802710061399982 0.11629736495739172 -0.0652413065167055
1732217483.095184 41.27063523423782 -109.37712255245644 252.9312668589081 0.9913842420421324 -0.0617211072642142 0.09525163396531337 -0.06538284006957698
1732217483.69486 41.154630427281745 -109.68409437004762 253.574316227764 0.9936640645852153 -0.054453524067163674 0.07640980478784808 -0.06187149748421046
1732217484.294495 41.051684853948835 -109.96605677216891 254.15180847266836 0.9942965138064259 -0.05179169954146098 0.06888948124979795 -0.06281959777114643
1732217484.694132 40.99000806914288 -110.17476482202385 254.59216340672708 0.994780201196174 -0.05134039159331318 0.061849733112745706 -0.06285798289021902
1732217485.293827 40.99839334886565 -110.48182015568702 255.24215696195532 0.9977153259262377 -0.02579686968772598 -0.001163757816497388 -0.062428323651691806
1732217485.960323 41.04077353817353 -110.81250407152993 255.92579973911424 0.9972101156199739 -0.019949140109743684 -0.02609749464280187 -0.06702938077775551
1732217486.56002 41.079784719409034 -111.11529522345447 256.55187401526547 0.9972705181968281 -0.018845314777147484 -0.026616655393676966 -0.06624138662523806
1732217487.159686 41.130296827341525 -111.44577075497955 257.2269723488518 0.9971596786650498 -0.01723926483504746 -0.031905024116095776 -0.06601100233077072
1732217487.692764 41.195509697409854 -111.7658077128506 257.89362567574767 0.996947883016524 -0.015003803197183608 -0.03906841709002472 -0.06590495599400037
1732217488.292276 41.27226471677516 -112.16781022939769 258.7119370317088 0.9966535712941996 -0.014078670385743026 -0.04673383825325161 -0.0655697966201367
1732217488.692133 41.34308696730159 -112.43239294207847 259.2575074255265 0.9966183717615292 -0.01100975282085747 -0.049814078787128006 -0.06441400441528099
1732217489.09189 41.413308028253866 -112.6988023600822 259.8086613940968 0.9965093862807036 -0.009645781960882727 -0.05165445936028387 -0.06486770207904277
1732217489.491823 41.48852560643107 -112.97859061573836 260.378290360641 0.996474376948803 -0.007769721499009106 -0.05308676686714368 -0.06449994337917078
1732217489.891617 41.57673834068513 -113.28020468330098 261.0069123347896 0.996479054424992 -0.0038164722193199776 -0.05322965822157764 -0.06466476720507883
1732217490.291246 41.659655779607455 -113.5978877206752 261.64353891897946 0.9966774274123317 -0.0018373014767553736 -0.04828580319318714 -0.06556837057612781
1732217490.691548 41.72919987814904 -113.89329265328578 262.2902160890167 0.9975589433960204 -0.003650624072377233 -0.04056741897587874 -0.05671959019715444
1732217491.090853 41.773775484987794 -114.20831213367319 262.91964062601534 0.9974132992777955 -0.00561221095809088 -0.03001768579676091 -0.06507036231151313
1732217491.490636 41.81348785731627 -114.50826495443464 263.5778722649263 0.998176329940084 -0.006045702084387127 -0.015928611018356773 -0.05791151167667286
1732217491.890594 41.82443438807467 -114.80846549849011 264.21132651212537 0.9980663658843161 -0.00891608212737637 -0.0016884940448046197 -0.061491314491015865
1732217492.290407 41.816525687454785 -115.10857030612864 264.8295060253935 0.9977944481072144 -0.013590835137655405 0.009954892423363447 -0.06420614178970527
1732217492.690185 41.77656183974642 -115.38958133603786 265.4582592193696 0.9981414768974292 -0.019572271691891553 0.02309870458569209 -0.05288636992931819
1732217493.090623 41.73016356815569 -115.69979858406974 266.0874698186554 0.9970417012527524 -0.02242889439260292 0.03864800553549071 -0.06253896647268369
1732217493.489609 41.65170816992458 -115.99868342816283 266.7276018005969 0.9962892569616402 -0.03088284667957664 0.05344901626433991 -0.05997640289449623
1732217493.889414 41.55869568583877 -116.28903750775525 267.3592295889417 0.9953513436194025 -0.03864713780788049 0.06678383192642648 -0.05763697847329911
1732217494.289532 41.42927624820244 -116.5867298305389 267.98032481855023 0.9939321361320326 -0.04892254898493913 0.07999432948806626 -0.05750130619895175
1732217494.688992 41.2877794362198 -116.86816934036636 268.57897848000226 0.992123366070397 -0.05710601781038283 0.09268341031470777 -0.06196704510803132
1732217495.088969 41.11788271380336 -117.14546102810536 269.2042562675095 0.9907974904005105 -0.06949579419240748 0.10426475780209174 -0.051181323606255824
1732217495.488736 40.93276041780485 -117.40564433765859 269.7754774073344 0.9886554247559429 -0.07899495773879044 0.11590143766177194 -0.0537317829634136
1732217495.888343 40.784424102901674 -117.60356392833167 270.1895222559874 0.9872558074432918 -0.08591381715796184 0.12168995217900805 -0.05600305553729137
1732217496.488194 40.568626331181314 -117.86394692560287 270.800736315008 0.9856357669155041 -0.09397154391685437 0.13085371381588615 -0.050683226923301246
1732217497.087921 40.33998348969316 -118.13560042338769 271.405545377812 0.9837110732403157 -0.09592902334385464 0.14281757071487894 -0.05208923458624779
1732217497.687448 40.098932426250286 -118.39806266015354 272.00006517685534 0.9816463819702494 -0.09770300620091622 0.15479687769217326 -0.05350168222380558
1732217498.287276 39.84316327191005 -118.65838529455442 272.59647186119014 0.9798611352063465 -0.1015756746470617 0.16376378545733267 -0.052306410742938514
1732217498.886819 39.56409568189893 -118.91397561024229 273.17010642871173 0.9758882888262294 -0.1077273966737774 0.182218167261763 -0.05322964641502486
1732217499.486513 39.26756704918008 -119.16841772031857 273.7565160982957 0.9738912762021871 -0.10758440568170488 0.19245558466452972 -0.05405761484586414
1732217500.086228 38.96171034614044 -119.41960137352355 274.3406720932793 0.9723750251678978 -0.1104596313425442 0.19953062655723777 -0.049729360935726136
1732217500.686058 38.635001304442 -119.66338958710433 274.92011725322715 0.9702332430289242 -0.1169301469920662 0.20643919089625143 -0.04855569284946269
1732217501.419233 38.27436998297827 -119.97240205908915 275.64304961158393 0.9746160321509434 -0.10714444134359502 0.1902191090311002 -0.049601906444555456
1732217502.018526 38.03593412805839 -120.23548571188479 276.18574537810207 0.9771373412827622 -0.09545400876343495 0.17996423205928877 -0.060860690606952914
1732217502.61822 37.77690283420021 -120.49378518976762 276.7319081637612 0.9765683415085592 -0.09583161453480209 0.18123263847536467 -0.06546225454514285
1732217503.217947 37.50923229178317 -120.7707751088331 277.3008225756448 0.9761035779642989 -0.09661079097131381 0.1829912353243762 -0.06635034248328943
1732217503.81782 37.24774520610972 -121.06498189759878 277.85117057361487 0.974450011622062 -0.09187060777858619 0.1896003522554946 -0.07783747619719464
1732217504.417472 36.979304991223266 -121.33795648457523 278.40846890434767 0.974934900887514 -0.08800944496927203 0.19031913411903603 -0.07439693418303227
1732217505.016979 36.695129714476245 -121.60806164698053 279.00144939890515 0.9762569931283733 -0.0904938699481739 0.186871804484156 -0.061741975661503794
1732217505.616911 36.40402796571411 -121.8679448127248 279.57058803862884 0.9739819525542724 -0.09601484590536284 0.19619744244106513 -0.06038931233191429
1732217506.216384 36.087281784722485 -122.15312657158044 280.1246968921557 0.9688824370405814 -0.09555232637918495 0.21693578417703485 -0.0712421340312348
1732217506.816199 35.75741676668236 -122.42469297698396 280.68396033781596 0.9645792218595516 -0.09662572415131564 0.2370293881311501 -0.06377666776516468
1732217507.415735 35.38217379996962 -122.67348381950062 281.21244243342494 0.9561223163440917 -0.10640146251981594 0.2660631342867578 -0.060985683040853236
1732217508.015434 34.96579020335364 -122.91263423388709 281.71451883284124 0.9438933225892697 -0.11781464633888886 0.30301173969526046 -0.05804300376688921
1732217508.615147 34.51336237162559 -123.13846947981365 282.1734145969783 0.9307611429196195 -0.12828928839455117 0.33719827340769487 -0.05935383496500194
1732217509.214971 34.01134885437975 -123.33808442700338 282.6236285538959 0.9187400187099755 -0.14271116017602414 0.3645641146612572 -0.05141312170313133
1732217509.815054 33.50426224803535 -123.51522370329884 283.00094134496726 0.9033352537650492 -0.15612620127928992 0.3962732614139541 -0.050769389081226225
1732217510.414204 32.94999579270994 -123.69127352599848 283.3631985798478 0.8923171386791757 -0.1639245829218363 0.4167718117599163 -0.05656953292778278
1732217511.014066 32.41690082537807 -123.87559237681972 283.7211220961174 0.8858874672586526 -0.16793860165894273 0.42787022723805374 -0.06266649878639338
1732217511.613592 31.845174817892683 -124.04722614811394 284.09353746218443 0.8815769692851975 -0.17491285472517534 0.4346269433817028 -0.057679810718255245
1732217512.213379 31.28521488405443 -124.21592140108314 284.41225213387065 0.8759217460478108 -0.1768425622728278 0.44440264471542573 -0.0631988317872304
1732217512.81312 30.71604238516407 -124.38936526530041 284.73484970143824 0.8717650469457021 -0.17815662575961103 0.45145414590991256 -0.06689599212552935
1732217513.412644 30.139118253082138 -124.54724979866644 285.0681274707272 0.8685761583609335 -0.1809029979139937 0.4574311037372588 -0.06005287508858816
1732217514.012349 29.551014211324045 -124.72370842596185 285.38831809215003 0.865496569566613 -0.17716865653263786 0.46423723523911214 -0.06333043998260675
1732217514.612067 28.998001246068274 -124.88985242648721 285.6780283975378 0.8625116831917086 -0.17730812497350534 0.46883439406750854 -0.06949630289114522
1732217515.211882 28.43171302115856 -125.06424776931864 285.96945262822527 0.8596981087788228 -0.17599690066587145 0.4737474843842001 -0.07421302956869986
1732217515.8116 27.853950234879683 -125.23392068637668 286.2578297820894 0.8582842173953572 -0.1791620689391671 0.4753228892456294 -0.0729198613730405
1732217516.411388 27.252427674647947 -125.39727202905206 286.54414078752626 0.8567474266115144 -0.18275849274078826 0.47654907345922615 -0.07405512076025587
1732217517.010836 26.64659398044044 -125.56303538904812 286.8424151087316 0.8550781880960608 -0.18442965347896087 0.479966890578959 -0.06677409009454033
1732217517.610532 26.07497494947257 -125.73480014883359 287.1168632936626 0.8536337422972832 -0.1781538784798296 0.4840104253426534 -0.0728322576455888
1732217518.21066 25.43099277890521 -125.86702452870746 287.3694963475956 0.8342095270460462 -0.19883027063590933 0.5099978932206086 -0.06680671654110662
1732217518.809878 24.708964078064025 -125.94896522017591 287.5374579180698 0.7855234891465946 -0.2318638973488046 0.5709503293956381 -0.056636582419804286
1732217520.209165 24.198576679151028 -125.85525505276884 287.3749969344949 0.6419259054635511 -0.2932369294444781 0.7071150260262989 -0.04394968796932231
1732217521.408697 23.59325968160561 -125.63136998200169 286.9457110366723 0.4276266295722696 -0.3500528443344606 0.8331782591604294 -0.020309119045672737
1732217522.607916 23.376836832543557 -125.30270987283124 286.2782233371461 0.2112494046849066 -0.37550827050888513 0.9024198336506805 -0.0023815191741069636
1732217523.341047 23.197566207058742 -124.9879500099577 285.7000185328308 0.1304981510298301 -0.38331536993143017 0.9143446339043344 0.0036674517686332815
1732217524.340541 23.187376042248605 -124.5926765269991 284.86129230098436 0.025668482718039325 -0.3850424753482796 0.9224813021447155 0.010567325395447434
1732217524.940068 23.19395711943566 -124.29353210428052 284.2629400631121 -0.0015362061507477077 -0.38422019322480444 0.9231819162596113 0.010374617110446013
1732217525.73965 23.092810350634082 -123.86285944362616 283.44342745942276 0.052826979495263854 -0.38778226226545176 0.9202244337208108 0.0046063969551560675
1732217526.139447 22.96413313676002 -123.63787616268543 283.03286334008516 0.10385822499453726 -0.3879605231687567 0.9158045048804098 0.0014867428682600714
1732217526.73927 22.729168265262576 -123.36485140356588 282.515848222653 0.149998423594068 -0.3850219261207847 0.9106347100817229 -0.0017361220902319054
1732217527.938538 22.50580625669698 -123.02790028356817 281.86761494396944 0.14219577938992273 -0.3824957800347134 0.9129497980439355 -6.950443073390035e-05
1732217529.004663 22.266388383976203 -122.65949241825784 281.16184518362 0.13959763040794823 -0.38665218786369376 0.9115968133715066 0.00195884037614447
1732217529.937625 22.079941817897378 -122.36278790247225 280.5895199646651 0.1354369492503237 -0.3863308221000285 0.9123575086737238 0.0030174558749618274
1732217531.003582 21.93087732931849 -122.05142692260003 279.99853795094725 0.11444084922449987 -0.3869191351052215 0.9149708016777398 0.005030605867764508
1732217531.803206 21.747104217497554 -121.69145581558968 279.2967259786495 0.10864984347926426 -0.38693663520783733 0.915660691275871 0.006383596021240574
1732217532.736246 21.602587661738465 -121.38287117396042 278.7069488579332 0.10264827553359653 -0.38694695551713787 0.9163487173871508 0.006357144714462613
1732217533.802124 21.45716645561501 -121.0594132632576 278.09435909225175 0.09695596202924432 -0.38758605542429553 0.9166931250664863 0.007092638680909376
1732217535.134938 21.308357554795986 -120.66401902029942 277.3440649927584 0.07815883213282024 -0.389984357146098 0.9174687471908293 0.0073821452890323125
1732217536.334165 21.17584117781464 -120.30149785456196 276.6527943038521 0.07470469754996298 -0.3881865057085876 0.9185305628689683 0.0056612741800481665
1732217537.333683 21.068944443382286 -119.96642928553935 276.011841155533 0.06932830552814843 -0.39025317171800117 0.9180796401137795 0.005081577037608974
1732217538.200073 21.014997776871724 -119.68438945633127 275.46821118145186 0.05124099066402515 -0.38906364618022254 0.9197737443128262 0.004483232035447879
1732217539.066104 20.943586075448373 -119.33509290465355 274.796849159937 0.0459696163371323 -0.38768446205447515 0.9206408801301873 0.0028146204830049957
1732217539.665812 20.87896500748177 -119.01513396949079 274.18992488939824 0.03991573437531718 -0.38940722399503547 0.9201973125852246 0.0023778058562136223
1732217540.265494 20.81711312278564 -118.7264135680779 273.6383352931648 0.050725130600462284 -0.3903740519283027 0.9192576113629835 0.000710392755495204
1732217541.065208 20.704062501049684 -118.33682192576336 272.89316655677436 0.05711566394847808 -0.38952987478599815 0.9192410874847784 0.00031727075337909883
1732217541.864643 20.586499381371986 -117.95129921252833 272.1537326745607 0.05951248020707695 -0.3895219912838815 0.9190923476152846 0.0003735784616390687
1732217542.464336 20.498419023477375 -117.66882532933604 271.60494258422574 0.06114180791067681 -0.38758876001475295 0.9198021448405986 0.0008042277505103404
1732217543.263942 20.327266069133884 -117.2982715006504 270.8752422545862 0.08315500696891057 -0.38543927566455327 0.9189784983785628 -0.0005736802827796119
1732217544.063686 20.179413963042116 -116.90676470667127 270.12490145581995 0.0847302902782304 -0.3865252965862457 0.9183752157305562 -0.0024364195320054948
1732217544.663199 20.055850134933582 -116.6071221743518 269.54349610422014 0.08690355139207212 -0.38810387995681245 0.9175041493334715 -0.0030474700616235123
1732217545.262902 19.929742317113075 -116.32238505211707 268.975455923147 0.08893452202994923 -0.3844635393768166 0.9188394077215486 -0.0035468999237705905
1732217545.92926 19.796408830984397 -116.00482924486995 268.37616498835587 0.09117648766873652 -0.3867494750857556 0.9176576596197813 -0.004013895667653782
1732217546.529247 19.665916024562513 -115.73641664737428 267.8351740241054 0.091738329476695 -0.38338998436108684 0.9190144056938028 -0.0029531210096272165
1732217547.328694 19.495118438984903 -115.3648389339713 267.108314168896 0.09548123482379753 -0.3860546767189344 0.9175126126364301 -0.003965606263092651
1732217548.061462 19.328262124877917 -115.03453129763099 266.4534118243019 0.09731515801860584 -0.38043503165066717 0.919666557515216 -0.0035170585553312384
1732217548.661184 19.18022335747719 -114.72111091985762 265.8441602842724 0.09881521291499239 -0.38497067724884554 0.9176173870032722 -0.0033856202410777916
1732217549.260861 19.02734415346223 -114.41325152863564 265.22768765182326 0.09976987626631174 -0.38182950477438976 0.9188262213203711 -0.003252089740057127
1732217549.860684 18.87456700268683 -114.10394174791033 264.61712951839286 0.10257409203319677 -0.3832681659382247 0.9179134687819656 -0.004351143593852907
1732217550.460222 18.718688085046523 -113.79262314935629 264.0158593257969 0.1033660172521627 -0.3823664229906194 0.9181990483952789 -0.004678949966466838
1732217551.060258 18.550486840833923 -113.47748024873194 263.3926686109997 0.10393507842137897 -0.38338074554271084 0.9176988595940766 -0.006745852087636561
1732217551.659609 18.367471106682668 -113.13678374193061 262.7014549280972 0.10537403859954962 -0.37906164067625364 0.9193174276134292 -0.008003239548762834
1732217552.059425 18.219779627283962 -112.83642805498665 262.15009921942965 0.10713414137365856 -0.3872477367292492 0.9156915656545412 -0.008391825745216984
1732217552.459351 18.05992242498715 -112.54493622071286 261.5673699988844 0.10895585609652164 -0.3839475597165876 0.9168564995032413 -0.009330173021670538
1732217552.859154 17.896535383088786 -112.24983064170176 260.9957642077081 0.11094188613862413 -0.38779004765573644 0.9149703934971121 -0.011830294286544982
1732217553.258783 17.72954007840383 -111.90224616069732 260.34053925575097 0.11273992556741096 -0.39039673936055913 0.9135718731459047 -0.016325675372893676
1732217553.658573 17.57329609342456 -111.57100129156474 259.6755305187586 0.09710617664097859 -0.3868448259218022 0.9168670353895645 -0.016622591002990482
1732217553.92511 17.47266370035558 -111.34258004533665 259.2290121543304 0.0881563448995528 -0.3883271292590239 0.9171903203256371 -0.013871403546565556
1732217554.458171 17.317733451519672 -110.91742059547259 258.37816470935286 0.0795011336933537 -0.38494788560114784 0.9194039569709769 -0.01382241002093904
1732217554.724702 17.240751504584683 -110.70767512995054 257.9522081512899 0.07718578317983062 -0.38654829759237835 0.9189740224559184 -0.010464920187912227
1732217555.05787 17.142417921918955 -110.44248133233918 257.4217435667882 0.07572897129918617 -0.38359651955378476 0.9203195093415519 -0.011438261122870566
1732217555.457814 17.026159688149338 -110.12343585660454 256.7837326381709 0.07519377029317942 -0.38133055003828253 0.9213072069302207 -0.0112222535630259
1732217555.724381 16.948661658912773 -109.90889077120768 256.3611687070847 0.07468786437727759 -0.38263339745776936 0.9207930074274744 -0.012395303035962651
1732217556.123957 16.83313463209742 -109.58692536841937 255.69020822199823 0.0736423089501332 -0.38061220092636927 0.9217215805475706 -0.01185288114201174
1732217556.457133 16.72347484808303 -109.27696854069 255.0915306948092 0.07296459962472829 -0.38332605636769235 0.9206496183950511 -0.011898817598509361
1732217556.856955 16.592859075675516 -108.90941654812637 254.35720123998436 0.06903281955391109 -0.3850256169339925 0.9202632703494847 -0.01025950167926115
1732217557.123461 16.52755538887927 -108.65180534001736 253.84084133486658 0.047008491598027974 -0.3860482528272923 0.92124257241017 -0.008310895605509471
1732217557.656554 16.515005547164012 -108.17695776376465 252.91054549097703 0.0035743449560797303 -0.38648964251489015 0.9222581806384595 -0.007268323897981918
1732217557.923061 16.530281974608563 -107.94211741179501 252.4572941020716 0.0004225980797316165 -0.3852779157137148 0.922771832471224 -0.007272844825650984
1732217558.256343 16.537689859506166 -107.66047333839197 251.9027400175577 -0.006755617385613162 -0.3853693038072773 0.92271880654878 -0.00590468949467134
1732217558.656154 16.558341785809887 -107.3189200951086 251.2234503651436 -0.016676774967296814 -0.3859181272432139 0.9223658840062954 -0.005500932926861872
1732217558.922554 16.574705944718797 -107.08846993680677 250.771403496383 -0.024928280116171604 -0.3851089019775826 0.9225186440796784 -0.0053912701158438285
1732217559.322319 16.617998127175404 -106.74299926024754 250.09769596346703 -0.0356635037005297 -0.38606884585225054 0.9217777731169181 -0.0021674302131324784
1732217559.722125 16.68998502302106 -106.40923196310348 249.43898243311148 -0.045322002936786177 -0.38617958305352545 0.9213074247377613 -0.0019684525590743063
1732217560.055409 16.74875989387971 -106.12479481428804 248.86646830608362 -0.051978443825405986 -0.38575096117082763 0.9211375167578799 -0.0003354912789974217
1732217560.388453 16.813842457307235 -105.86053249214046 248.33477108233035 -0.06138657204019288 -0.38642187000193934 0.9202769058361618 -0.000493702317802434
1732217560.721627 16.88840797868792 -105.57986951467494 247.79484586932307 -0.07239762231612835 -0.3853868298153638 0.9199080476199091 0.00218165349262122
1732217560.922117 16.941231121494543 -105.42118720095141 247.47493854508303 -0.08620598946118467 -0.38635671290603596 0.9183114803164695 0.0010212210512807512
1732217561.587989 17.250284470867975 -104.88958867274518 246.43698958589889 -0.1511376709300354 -0.3857241724483725 0.9101388220663692 0.004646695869599328
1732217561.654633 17.287054985652304 -104.83215340298916 246.31416957518113 -0.1568990311969877 -0.384987911247659 0.9094789405104818 0.0038805889427808195
1732217561.987733 17.512695429122044 -104.57107401869078 245.80355351513074 -0.19250925557940696 -0.3812893759418068 0.9041772308502501 0.004704627736962524
1732217562.387402 17.85320346104383 -104.24928272975126 245.2078554784831 -0.23432208458366674 -0.3830831678557273 0.8934956763751547 0.0024338202255581544
1732217562.787217 18.26646346766729 -103.93697333271467 244.6340085324704 -0.28258875748218437 -0.37895339697863184 0.881210674392341 -0.0023800000055072936
1732217563.187632 18.76073581245364 -103.65539957968868 244.1146524558277 -0.34302208995206795 -0.37253464536378783 0.8622863586214242 -0.004002442254022629
1732217563.588601 19.19207894017351 -103.45240133890505 243.7226807263931 -0.38823599747737675 -0.36173178220049546 0.8475902216840938 0.003707305532089945
1732217563.986743 19.541529762081375 -103.32668316654102 243.47880280412141 -0.4280711578950926 -0.3487966439153784 0.8336794685038762 0.00863300450699612
1732217564.58627 20.098321823013137 -103.16947514530625 243.14604770034617 -0.47937767195035286 -0.3334472256333606 0.8115292716219398 0.020742146794348652
1732217565.185961 20.71129640347561 -103.02407366347735 242.8798854248465 -0.5295412755339852 -0.3230858045878181 0.7838991292756934 0.02652839046176272
1732217565.785671 21.341227999021736 -102.88914194591466 242.6131136562951 -0.5396379809074077 -0.3209112218610504 0.7778119749891109 0.028554663530894163
1732217566.385389 21.97093533153007 -102.73918302801985 242.30496495158522 -0.5209094804056509 -0.3225455902942607 0.7899099181938051 0.025690008647294163
1732217566.985227 22.533239836484267 -102.57791268606093 241.94570340077576 -0.46981338491405195 -0.32206678955984586 0.821424141047544 0.02847361800894439
1732217567.584714 23.060609725183443 -102.38543385139154 241.5441000662503 -0.44608421482830135 -0.3346200314084418 0.8296887487765038 0.025590779880869656
1732217568.117793 23.523243416408807 -102.25274501123243 241.1993282974288 -0.44740219844558116 -0.32258976404487794 0.8333816412741272 0.035244247002491604
1732217568.717667 24.0716211077682 -102.07099644281546 240.79966926772383 -0.4474363057825752 -0.3264328560399391 0.8317126685313383 0.03868306825641638
1732217569.317236 24.603934916687436 -101.92363100629761 240.41920490870277 -0.4486468653910481 -0.3197564598015419 0.8336313305706534 0.03912289970047644
1732217569.917011 25.15998649614467 -101.75654121572556 240.0163449800196 -0.4490091930773951 -0.32001785370991837 0.8332314732670805 0.0412871626060018
1732217570.51654 25.69709711903314 -101.60091406145713 239.62396469571848 -0.4502087601373548 -0.3158691484169685 0.8341776810590497 0.04106518959984665
1732217571.116414 26.264142519266223 -101.44052007990692 239.21150210150503 -0.4512372305622704 -0.31876989258448213 0.8323359425949541 0.044582462928144925
1732217571.715946 26.834532559955 -101.26228006852635 238.80288276736653 -0.45259558200631644 -0.3245805815848094 0.8292922848830867 0.04559595859086422
1732217572.315647 27.376316781550685 -101.1030496978577 238.40716810585684 -0.45218435581779415 -0.32368654039808625 0.8294966488486281 0.05188103186773064
1732217572.915467 27.928954184683096 -100.93914688310508 238.01141427703345 -0.45227270975718636 -0.32460665456843846 0.8290279444816081 0.05284489651213396
1732217573.515013 28.485557236595703 -100.76638290490725 237.61364843065525 -0.4536284042885725 -0.3309808470208343 0.8255631568969658 0.055842848264482735
1732217574.114702 29.055310625006136 -100.57693911323496 237.20254634523428 -0.45405528052850846 -0.3380746329216731 0.8224634007079831 0.05561743696821406
1732217574.714418 29.611058763150627 -100.39345829998216 236.78214257761604 -0.4455987197773305 -0.3398089324951673 0.8261392637064835 0.05886923892669294
1732217575.314287 30.155212388886074 -100.1647182282121 236.31937908977343 -0.4119971826278337 -0.35085032528896554 0.8390313659229932 0.05646890957642578
1732217575.914463 30.63719579513835 -99.93298477345805 235.83666432545752 -0.37949777611622687 -0.3582054467418648 0.8512313581750506 0.05545692658954407
1732217576.513455 31.084464462037065 -99.68600385461379 235.33679835378035 -0.35134452788068327 -0.3673449166703825 0.8595222152251901 0.053256891188949454
1732217577.113156 31.559304888713438 -99.41318430114285 234.81582963612925 -0.3454739201493562 -0.37461894769425114 0.8586213418993262 0.05547797545052136
1732217577.712864 32.01665201723202 -99.13549899683272 234.30520900711736 -0.33783688262520706 -0.3799952132569292 0.8595640869577091 0.051180651153174175
1732217578.312685 32.44226050417741 -98.88059754387291 233.7933783087322 -0.3299499637515905 -0.3731678000869577 0.8654949965697663 0.052888801378785266
1732217578.912241 32.857888040956404 -98.62739109635869 233.27997726535628 -0.3212084839338769 -0.3729818293618254 0.8689570228114754 0.05121872041962641
1732217579.511909 33.28619667432481 -98.34646856757615 232.75851554578736 -0.3133610323105129 -0.3778621295419268 0.8700086980142433 0.04593408175735266
1732217580.111634 33.689641209351976 -98.0770375284509 232.227555675407 -0.30676030735022936 -0.3724657251280709 0.8745478283983081 0.048306244762107375
1732217580.711313 34.06530805705922 -97.83923877047904 231.70921647117905 -0.30045271062471934 -0.36456383083670557 0.8801328262565165 0.04677168020972856
1732217581.311139 34.45630746663752 -97.5792058833803 231.16595702485117 -0.29210346760723116 -0.3635661354945343 0.8835256947759313 0.043331005113069865
1732217581.910664 34.81719501997947 -97.3420116037446 230.640077004044 -0.28570851736164005 -0.36119587083165655 0.886565600566715 0.04369922073624062
1732217582.51036 35.19504035691239 -97.05010104706207 230.1038634224319 -0.2786438993080801 -0.37798037201478124 0.8824236773409253 0.028580927522996468
1732217583.110403 35.55241581667626 -96.80624980445857 229.56316183784563 -0.27413014564367744 -0.35852790252057004 0.8919932789691953 0.025659240779105197
1732217583.709792 35.89670360355064 -96.52773060094215 229.0114460026755 -0.26903346551913637 -0.3696620813324666 0.8888912919552507 0.0290380981098534
1732217584.309624 36.22944549149109 -96.22816892897495 228.45039695715704 -0.26595412675840324 -0.3828483078666094 0.8838641904240954 0.0384664595434458
1732217584.909126 36.52951061773418 -95.9809550827834 227.89232952064697 -0.25703697864739217 -0.3665446563203773 0.8922729903576144 0.05853133527502105
1732217585.508825 36.85981109203779 -95.71799744823797 227.33174297323302 -0.25454003667753916 -0.36657887896113395 0.8928199329076989 0.06084293410485271
1732217586.108523 37.166701605305285 -95.45851599257674 226.7804814703709 -0.2526823160096203 -0.3713096796790601 0.8908522294470889 0.06828670618648619
1732217586.708361 37.50687682908103 -95.19284402591596 226.20740287120316 -0.24849977562219897 -0.3683991354045864 0.8935041834130457 0.06465456497615951
1732217587.308051 37.81349084775505 -94.92914891433209 225.6527123434237 -0.24175895755818272 -0.36981947816674365 0.8950617822667583 0.0604199133921289
1732217587.907573 38.13931555744039 -94.64682542407924 225.07619577244088 -0.23857284141582533 -0.37227977834405723 0.8952756767100858 0.05451814987852309
1732217588.507288 38.45588273965301 -94.36753994297011 224.51289583148005 -0.2364031251035588 -0.3768100960845688 0.8942783072761368 0.048928754994753736
1732217589.106976 38.702404537801975 -94.06568565226563 223.92128667477442 -0.17703796917977138 -0.3869617282211301 0.9041740295623888 0.037249196309866124
1732217589.706806 38.83736307251784 -93.73964749440732 223.27879224118237 -0.1231811674471646 -0.3841611806858635 0.9145227482496547 0.0299120406240604
1732217590.306699 38.96370080376472 -93.40457662989242 222.67226490216862 -0.10346643152367292 -0.39825941286627137 0.9110729872748433 0.025102778118428263
1732217590.906033 38.910119940580266 -93.14629208433165 222.19605313601943 0.014674654575805019 -0.4016475517103054 0.9155640236505874 0.014367230594136051
1732217591.705648 38.86149258728864 -92.80447960122731 221.52237698750804 0.02120340421669874 -0.3914430127461655 0.9198117223297184 0.016406672016765326
1732217592.438743 38.78205083352704 -92.42847970502935 220.81119490254355 0.03470663920076576 -0.3925570047341928 0.9188444737137931 0.020476336467482887
1732217593.105087 38.69004668875635 -92.04894266244835 220.09635162878322 0.04535848092787436 -0.39577396115744085 0.9169897665121786 0.020864994359075944
1732217593.704589 38.594549308286645 -91.72279033751407 219.46738833324468 0.05619487024002663 -0.3874225179064338 0.9199453372986276 0.021130678177947552
1732217594.437557 38.44780851452979 -91.30218307134226 218.69835771073355 0.06716391313011717 -0.3939536732968389 0.9163824140838069 0.023082097541427208
1732217594.837411 38.36021676534093 -91.06902388452144 218.27645493091057 0.07276957248945191 -0.39480543789848793 0.9155953487791396 0.02276868067085282
1732217595.437224 38.22997964886859 -90.72772980237649 217.6396631868677 0.08032700355248051 -0.39538770598179535 0.9147241042487443 0.02226988022118091
1732217596.103679 38.06584943404177 -90.33874270154526 216.94688401588576 0.08814653839824033 -0.4003463466731964 0.9118030930495024 0.023835057776164886
1732217596.636594 37.924093635354765 -90.04549513280166 216.39870858944275 0.09380845933857264 -0.39498687667615656 0.9136260950798955 0.021741632854958427
1732217597.236237 37.835816523036634 -89.70754165156163 215.78360226361642 0.05097502188487514 -0.3976935815281416 0.915634112014595 0.029249534533046715
1732217597.835847 37.807443283466256 -89.3693536707752 215.167588317825 0.013118397374873117 -0.4016090337962987 0.9151908599375895 0.03104483065203646
1732217598.435665 37.90739723050032 -89.05077690824024 214.57860498603608 -0.08379068544686397 -0.3993948139852835 0.9120239532895902 0.04092935645759479
1732217599.035169 38.0942647257218 -88.75348188546756 213.9918865261443 -0.13494446079387637 -0.3928982384212694 0.9086745442559854 0.041611769581341336
1732217599.634869 38.28078354265852 -88.44266218864635 213.3830921034884 -0.13848840422215425 -0.3864606106508524 0.910910257837628 0.041372218668539185
1732217600.240084 38.47985495255689 -88.10233214554036 212.77640614898922 -0.14572195939274377 -0.40066533797732823 0.9037872963747728 0.037428871287165814
1732217600.834274 38.64140318868477 -87.74912394992344 212.14449139313635 -0.10397799904512363 -0.4042146137802801 0.908334902932538 0.026959707631353805
1732217601.434135 38.588572814100175 -87.39912810250382 211.51827779177796 0.015508247124209151 -0.4070824680840023 0.9131317585611702 0.015288883437204154
1732217602.300183 38.53684137349118 -86.90868514012742 210.64693602698335 0.014588453749046333 -0.4064964299390402 0.9133554051783153 0.018158559843292715
1732217602.766591 38.504474751393225 -86.64398054962588 210.17669765989183 0.017332234952113626 -0.40670286672628203 0.9132120399007665 0.01833417596920125
1732217603.366305 38.466019046163645 -86.31976173889974 209.57926270199388 0.019528417974496108 -0.4030918312828713 0.9147490482011619 0.019230061349434415
1732217603.966242 38.4155242956284 -85.95036256544032 208.96027387029017 0.023380489690275 -0.4106126369758008 0.9113517871157185 0.016986323281050323
1732217604.565824 38.36158201944479 -85.60202516164408 208.3649870562858 0.024584991020794634 -0.4116060607551663 0.9108525894737989 0.017988585686400983
1732217605.36525 38.27777058878137 -85.13871752973661 207.55951104419535 0.02602045258133618 -0.40989104322326486 0.911373730249662 0.02664943796072114
1732217605.565167 38.256930614379534 -85.01857056027846 207.3376467458361 0.02800759744539804 -0.4081703906271659 0.9120573006433602 0.027640315550849545
1732217605.964944 38.2130298557534 -84.79533781192997 206.93392736299907 0.028693076219173563 -0.4056502947486899 0.9129878884071965 0.03282775303230888
1732217606.631279 38.141951942441274 -84.40815491604185 206.264619382465 0.03194015684859358 -0.4093894752396245 0.9112460154500138 0.031792817899416626
1732217607.364376 38.05431258604993 -84.00640523155859 205.54679936068723 0.03523834237433126 -0.40301095606160664 0.9138489852428582 0.03493509255201
1732217607.964105 37.97872167953811 -83.66062255045723 204.93888892950503 0.039288824633473725 -0.4058476304462719 0.9123421792519567 0.03709227787366222
1732217608.563736 37.897759148754794 -83.32869132491832 204.3363501574137 0.042284602155365864 -0.40100739483436687 0.9142369790148708 0.03969669898718756
1732217609.229959 37.811735347480464 -82.9506925516435 203.6690510585228 0.04737186635735838 -0.4015188652511513 0.9136982112336008 0.041159274942186234
1732217609.829763 37.71745201983871 -82.61382856951678 203.06107464769067 0.05076957346710804 -0.3991813548962307 0.9142821091056716 0.04652871460143896
1732217610.429552 37.64762096442694 -82.29345926566656 202.46627029111437 0.03925033953473317 -0.3982129236152998 0.915079965506499 0.050145139752406226
1732217611.162261 37.586865151734344 -81.89247960697789 201.7483009007696 0.021127301979558297 -0.40007391155315974 0.9145110750318176 0.0562494093281712
1732217611.761978 37.590148102189666 -81.57569659667688 201.16012998147065 -0.015162234311550825 -0.39668582283009873 0.9158625144310112 0.06005263754736278
1732217612.361694 37.62679819202653 -81.27107356432413 200.574350773622 -0.03231381796750613 -0.39375210342812667 0.9167699244396259 0.05871970586822989
1732217612.961649 37.66082366430129 -80.95905835556202 199.98848014140933 -0.03271829315760014 -0.39454714677247593 0.9166373699735735 0.055118002816520344
1732217613.760914 37.711685607541824 -80.54065754528092 199.17888372482554 -0.035412668564001715 -0.3931246148800592 0.9174850792124901 0.04919460847523757
1732217614.160718 37.73964566980197 -80.328072160658 198.76852368092244 -0.03638907197479204 -0.3914451743398755 0.9181653290628126 0.04918271478695732
1732217614.760598 37.77832104841116 -80.01733097232382 198.17561573613148 -0.039761184790439684 -0.39329051125117137 0.9172652166391662 0.04864302917948554
1732217615.426869 37.831352603034006 -79.65775179600708 197.46461574122523 -0.03856324111621589 -0.38702568452913716 0.9201484219816399 0.045286614733971976
1732217615.826704 37.864069045506454 -79.37007344357335 196.90037827660717 -0.03992409114959773 -0.38881967400494366 0.9191212656789145 0.04941079871200463
1732217616.159859 37.8861881794154 -79.1067993262308 196.37915627021368 -0.04065993782674246 -0.38629643819274095 0.9198817672361255 0.054215916501246485
1732217616.559478 37.93887506662267 -78.79778829978564 195.75747740637152 -0.04345676106161117 -0.38272125776362054 0.9213020980474825 0.0532765699644144
1732217616.959475 37.9968397504143 -78.46581613346713 195.0942639938178 -0.040870475097772106 -0.3850290939893986 0.9206700005962442 0.04948687754442545
1732217617.359073 38.05045469760733 -78.14926645343121 194.45283527598534 -0.042673920371977626 -0.3819174787256423 0.9218765300561447 0.0496149100127853
1732217617.758899 38.11298639281149 -77.81685227749222 193.76584922592153 -0.044279992788834564 -0.3832003218613564 0.9213675483014605 0.047735065737146275
1732217618.158683 38.17158613405653 -77.4804216512605 193.07943889495635 -0.04160513840389109 -0.38330498461583234 0.9216390636862807 0.04390600772702572
1732217618.558633 38.2317691370453 -77.1668464351194 192.41187181476363 -0.04367732738029341 -0.3769888352257599 0.9242704548753966 0.04118052248899689
1732217618.958426 38.29681582047228 -76.80386785176294 191.6396373658512 -0.039351398470930145 -0.3751165722243465 0.9252180100441408 0.04136010845003725
1732217619.358051 38.37091801130033 -76.35422689405331 190.76861406733133 -0.03952312461608825 -0.37984773440983627 0.9234287720403968 0.037853985949445765
1732217619.557929 38.40906850238058 -76.14099544014289 190.31764128434224 -0.040235603254928136 -0.38092431574887037 0.9230583563864129 0.03522829270885721
1732217619.757828 38.44014863553505 -75.91476339111965 189.86068945874177 -0.04489302324506366 -0.38046762694390646 0.923017616766663 0.03560169167300851
1732217620.024635 38.491134583549325 -75.66096959606232 189.29761498105805 -0.04204728446992534 -0.3745418184401085 0.9256275876057849 0.03411775448907699
1732217620.157627 38.51238512170644 -75.49043934161817 188.9584756573497 -0.04193604677943615 -0.3745260781486722 0.925637053214191 0.034170608482096625
1732217620.357537 38.55248481297889 -75.25560512543339 188.48080259088985 -0.04222151009148524 -0.3791028031863733 0.9237498082233763 0.03441947862917223
1732217620.757332 38.63473114641158 -74.79412143544356 187.5206948815869 -0.04221000363043834 -0.3771393717964109 0.9245953586947004 0.03328111348415589
1732217620.957236 38.67263842862921 -74.55842984841095 187.0264862343977 -0.043715751092507145 -0.3754618331167548 0.9251138831997786 0.035800112989353226
1732217621.157399 38.71204795923597 -74.33820366736842 186.54462397276086 -0.04272631105225109 -0.37519346400256637 0.9253237253019594 0.03435593554140343
1732217621.357184 38.7549693383079 -74.10221908762057 186.04161275579918 -0.042342755337494736 -0.3747049751196244 0.9256334331731629 0.03171781964597174
1732217621.623692 38.796528763614425 -73.84348577729443 185.51035007926043 -0.04244206261610853 -0.37479633894851533 0.9257543004940584 0.0265584402485636
1732217621.823628 38.86228400141339 -73.54977905875056 184.946230654163 -0.0426013944912136 -0.3869071222409153 0.9208146733660321 0.024255664502648346
1732217621.956682 38.889584708425055 -73.3917084614759 184.58936107326653 -0.04275015614076568 -0.37688454165468305 0.9250230127260811 0.021514932926783355
1732217622.356477 38.96521972717309 -72.93176773053361 183.66859272409457 -0.03109160192072875 -0.3842472224432654 0.9225386116848163 0.017603814509658526
1732217622.623046 38.98425433078694 -72.68917146180463 183.16579204238585 -0.019767641580717116 -0.3849309597075852 0.9225755128332414 0.017082731790183252
1732217622.956185 38.993783338742034 -72.36013011521035 182.48138842031773 -0.0189652744341044 -0.37625626401255613 0.9261979626061618 0.015128655629226573
1732217623.156093 39.006462703665385 -72.1299790832553 181.9865961988385 -0.016773231867572527 -0.3807458154523823 0.9244036111141813 0.015140887268543882
1732217623.755969 39.022330073594695 -71.5438818092868 180.78968319837222 -0.016993268795846055 -0.3745821895936911 0.9269332597484511 0.013933557583709726
1732217623.955697 39.0378246899733 -71.33454288172439 180.33911382276622 -0.015927206969588405 -0.37728527767963776 0.9258210801270643 0.016045900308256467
1732217624.155747 39.045780099005256 -71.1415250890482 179.91654146299453 -0.015615790590287209 -0.3704010054344202 0.9286245964892778 0.014683359715581323
1732217624.422478 39.04158114309746 -70.8866927292911 179.39976675399146 -0.016750739422250055 -0.3752954319309482 0.9266124544753669 0.016189833591084356
1732217624.622177 39.04301439949822 -70.70354998327657 178.98493088110675 -0.01453934853502866 -0.372365942373506 0.9278555880113172 0.014704424525993865
1732217624.821888 39.042986523797616 -70.51415846250713 178.5891340113197 -0.01334175430073142 -0.37720592405035275 0.9259779243913157 0.01012778324458454
1732217625.354941 39.04406486941341 -70.00218681107822 177.53281091420692 -0.012203692924140261 -0.377847655154387 0.9257461892249018 0.0087299776011735
1732217625.554839 39.04083703218064 -69.78368589879686 177.09512655875483 -0.01152660003867296 -0.3786011796638161 0.9254378339967225 0.009648816309259334
1732217625.95464 39.035850518241716 -69.41798374622222 176.31652917317317 -0.010851563416575663 -0.3737527543720716 0.9274196619876391 0.009159297431524565
1732217626.554347 38.99324235702037 -68.98778555889095 175.42335717291385 -0.010093463212887432 -0.3795362518938378 0.9250859615856636 0.008143658629614633
1732217626.754264 38.99278553128519 -68.82815515740513 175.05827719618904 -0.01039078340259398 -0.3715840152938194 0.928319526795075 0.006340928115896616
1732217627.154171 38.966874856968595 -68.4984640845011 174.36290586861665 -0.009802316034304627 -0.37086873182805496 0.9286136956882184 0.00607474549943959
1732217627.68706 38.949099321844365 -68.06024637280247 173.42906980918642 -0.008343163167091662 -0.368390480487636 0.9295276053254061 0.01404551360655654
1732217627.886971 38.94694748983833 -67.8695813645799 173.0075884387011 -0.006946576273678601 -0.3708966065759963 0.9285708639274514 0.011983445811250857
1732217628.08692 38.94000811069883 -67.65815466024466 172.54761932099558 -0.006781946666083978 -0.3685710410483573 0.9294744369375816 0.013662502681217851
1732217628.286772 38.928582819872084 -67.42859910763242 172.0435870092345 -0.007440680049461012 -0.3679813383866755 0.9296619142602051 0.01622023592934462
1732217628.486661 38.92957032189696 -67.21590230656349 171.5805357620248 -0.009305440613474778 -0.36851090079896165 0.9294088013924304 0.017674972747154898
1732217628.686807 38.92895106257385 -67.01226241697512 171.0931929381894 -0.01302520075075045 -0.3623916833911474 0.9317375156006976 0.01917847690961634
1732217628.886497 38.945838582109054 -66.76239241116201 170.60178540413688 -0.022233454899608193 -0.3740155731684492 0.9269261161357948 0.02063976104790748
1732217629.086579 38.952898448277736 -66.52876909448706 170.10266429626688 -0.030087156749942095 -0.3686514105128514 0.9287513699829864 0.02473445532684493
1732217629.286259 38.98052674752837 -66.30914132385088 169.60523223595783 -0.03901337052269629 -0.36865067152356623 0.9284582055041163 0.023237898738021057
1732217629.48617 39.02274404936878 -66.08830183131224 169.12597879553095 -0.0475311108330343 -0.37115163876867086 0.9270661045056547 0.023145030114874506
1732217629.61963 39.05705109271562 -65.91788918502175 168.78621346169433 -0.050022145886460846 -0.37184743802593256 0.9266001265495893 0.025287807986239867
1732217630.086015 39.134419638529565 -65.57471946918363 168.0300435171421 -0.055013561288303696 -0.3726933106098515 0.926101591111083 0.0202249163797295
1732217630.485799 39.16115411732138 -65.40542101740927 167.642964789619 -0.05318312787799308 -0.36803773920689414 0.9280176824010006 0.0224267380523075
1732217631.085328 39.22377968853074 -65.1342658145039 167.03461800401698 -0.05390932331216447 -0.3618156404373313 0.9304270465984603 0.02210742302971395
1732217631.685014 39.28922545494348 -64.83804559950808 166.3950398038858 -0.05481443034324137 -0.3692273492533251 0.9275511185277984 0.017761343061238423
1732217632.284916 39.3549867956534 -64.54457724194482 165.77257881019773 -0.0559315196088159 -0.3710102780688927 0.926776345629475 0.01756826295248073
1732217632.884603 39.41597016406299 -64.25944872393345 165.14412454312162 -0.05737238393261628 -0.36833003265601316 0.9277394439705933 0.018464038199786162
1732217633.683969 39.499956430108504 -63.880330471705186 164.32011246909747 -0.05810662992897019 -0.36700163471451663 0.9282348577276429 0.017705043759130283
1732217634.283705 39.56667264262622 -63.5898287101846 163.68673418799386 -0.058256237442305195 -0.3686091397715192 0.9275993498946199 0.017116043673837913
1732217634.683492 39.60877110663004 -63.38886497287723 163.25605754773215 -0.057620851351122465 -0.3686337771055886 0.9276535208274719 0.01574551246654451
1732217635.349821 39.68346746562504 -63.07531986320855 162.57968344726447 -0.0587574375550762 -0.36833118326320463 0.9276996582459865 0.01590745291265924
1732217635.949653 39.75182201880916 -62.78665596671793 161.93766236753564 -0.05824458093456012 -0.36697416025907553 0.9282517218692501 0.016919673184675996
1732217636.682433 39.83551508509845 -62.44216308505881 161.18333404874414 -0.05914894794918784 -0.366586018536247 0.9283279060791891 0.017983096643096996
1732217637.348776 39.911504925607325 -62.13352977593365 160.4969448586827 -0.059582925728024184 -0.3638209961670052 0.9293680692730717 0.018951240734575086
1732217637.94848 39.98309721695076 -61.84399461350869 159.87394815724937 -0.05936970862271594 -0.3691566376476626 0.9272926365709178 0.01808260877423208
1732217638.681746 40.066976722611415 -61.507462844560436 159.1149032805324 -0.05990031856587733 -0.36513654853552135 0.9288245647843724 0.019291983112023483
1732217639.281143 40.134775089317905 -61.23683314304232 158.49837139272836 -0.05865277568467539 -0.36252061205480507 0.9299092633814572 0.020184638150046424
1732217639.880794 40.20450577058911 -60.95403397429833 157.87542342418143 -0.057656311450402904 -0.36437196766866947 0.9292061477932522 0.022017125843786862
1732217640.347278 40.257331074350645 -60.727666126072414 157.36793244490408 -0.05690757850635011 -0.3656153090362418 0.9288322783588139 0.018909573915132333
1732217641.013552 40.326892392511525 -60.41496884059198 156.67933289554693 -0.0548685993309711 -0.363233837139716 0.9299704595082187 0.014337391892816593
1732217641.613386 40.3981206534759 -60.11759151826658 156.0367119649289 -0.05395239957729358 -0.3668686579303383 0.9286398741146892 0.011158432349518058
1732217642.212917 40.46740383850745 -59.83501484964242 155.4112553207785 -0.05302360442487713 -0.36593709917306394 0.929067395841212 0.010597679341534
1732217642.812575 40.53271383779161 -59.551703555071406 154.77979627226767 -0.05303055251831438 -0.36749672119369314 0.9284628278166779 0.009523537900653009
1732217643.478955 40.59072636026068 -59.23387936522621 154.0634047019314 -0.052830422944444434 -0.3649624163452273 0.929451032927681 0.011496019164520284
1732217644.212053 40.65864639817924 -58.908661647908716 153.31546934161454 -0.05289946293105407 -0.3629872361339648 0.9302181243885689 0.011668516805676384
1732217645.011519 40.74643275990893 -58.540035805219944 152.4803549123667 -0.05206191210097565 -0.36142460203373494 0.9308663017199801 0.012236938968292817
1732217645.611165 40.80602151541359 -58.265176484477976 151.85520383192517 -0.05160916077846316 -0.36345394058964614 0.9300628116172319 0.014862504507989078
1732217646.077638 40.84627198203087 -58.063380610033214 151.38730519794694 -0.04950004692731395 -0.3588676093151087 0.9319877286965418 0.012753740538115788
1732217646.610848 40.906111975310544 -57.80850785429522 150.83551446769098 -0.048369321619489966 -0.36602979792752427 0.9293138793423811 0.007636060294456349
1732217647.277132 40.96402719371189 -57.49749633299265 150.15721854685214 -0.04705454471645631 -0.3651622284295489 0.9297005657704912 0.009963671809205656
1732217647.810023 41.00610286756621 -57.24830466677793 149.60721763275387 -0.04577827163746861 -0.36491734448381474 0.9298681188644574 0.009217540899958932
1732217648.476387 41.07179854667032 -56.9469726146836 148.92437932710502 -0.04413670433693042 -0.3617101412797494 0.9311874001933764 0.010380305716061664
1732217649.409225 41.141817936490604 -56.51098420979374 147.9798293376999 -0.04349260531245201 -0.36371106832466327 0.9304429958522469 0.009923886877787004
1732217650.009071 41.187412941160446 -56.26421586264913 147.42530493226502 -0.042864316636475205 -0.36329860525520624 0.9306092358843479 0.011967617376069932
1732217650.741854 41.23175794580251 -55.955717955255544 146.7293122326495 -0.04211602698462424 -0.36018341488278677 0.9318469687404888 0.012464941378409849
1732217651.541439 41.28816889234999 -55.58419423388027 145.86389681347526 -0.03682147451958399 -0.35670445463721395 0.9334367203997982 0.010099508178153057
1732217652.207776 41.32275786333425 -55.08634492705839 144.75278885325596 -0.03424266066586733 -0.358453800815125 0.9328351609234894 0.012524991679063116
1732217652.341056 41.32876836682438 -54.96546300949657 144.47166521765536 -0.03259751849780642 -0.3545060351447439 0.9343740665053577 0.014421396464287266
1732217652.80779 41.36944293412114 -54.547110744370556 143.52044997697828 -0.029853718898528805 -0.355815804518778 0.933929937190713 0.01669554256480353
1732217652.940916 41.37730664608181 -54.41810293219419 143.21228439778747 -0.02812046191977005 -0.3534562468535693 0.9349022576841449 0.015352190680688356
1732217653.341447 41.404286330444265 -54.03070369898814 142.33089555376765 -0.02498248305181678 -0.3598467651954664 0.9325542372832536 0.015125331202119062
1732217653.540403 41.414180242544155 -53.82037168688598 141.87268028997326 -0.023879374857256615 -0.35956388032089676 0.9327040138324864 0.014381029371211374
1732217653.940201 41.45083727573906 -53.423971009495716 140.94777928113766 -0.0196308834168934 -0.3588210696383891 0.9331559500396771 0.009057665559199676
1732217654.140097 41.45691357711068 -53.18722641809302 140.4526331627844 -0.01855915423262156 -0.3671530577287215 0.9298478160959519 0.01540223672745983
1732217654.340009 41.46455205864575 -52.976191692451025 139.96306099029482 -0.017099183943692926 -0.36329444155513874 0.9315032848276854 0.005137800972381445
1732217654.540099 41.46348006167282 -52.79823236965168 139.50546994104093 -0.01451434544297888 -0.3487730566368098 0.9370419232800501 0.00995604119132216
1732217654.806463 41.46433889574125 -52.555401920966176 138.92939362047377 -0.013282372394035881 -0.35000664462398795 0.9365983327365099 0.010123755125110472
1732217654.939957 41.45837749789636 -52.417482312168616 138.61184582521219 -0.014698124256307952 -0.35912979485815727 0.9330018023684921 0.01781550913190884
1732217655.139613 41.45611731415091 -52.231511402050614 138.1731144489328 -0.012319022752572318 -0.35491371939329824 0.9346609351873718 0.017129789826621684
1732217655.606595 41.44348337884217 -51.83339440004523 137.2288766073652 -0.012342550622174922 -0.352794079305986 0.9354539275215438 0.017605355301695255
1732217655.739436 41.45012450141564 -51.71683107736232 136.91900225336425 -0.014010588595221399 -0.3499724490742889 0.9365248081636987 0.01562920311811185
1732217656.13928 41.50979337915053 -51.39722269859243 136.16795224524125 -0.057032265379458005 -0.35128733206041657 0.9342824334865215 0.02146777860108517
1732217656.538886 41.70550405296478 -51.07345920911179 135.45627664660722 -0.13583219077500056 -0.36360932429365933 0.9213635109779775 0.02066774961882947
1732217657.138587 41.88945728278546 -50.86254341465035 134.88223467758317 -0.13589555245346432 -0.3439937885722337 0.9288379104470341 0.021466447388345064
1732217657.938188 42.10121856723551 -50.537592078701046 134.1025949896451 -0.11967929946144372 -0.3499631888305222 0.9290064991750634 0.012229318643459115
1732217658.538016 42.21067486887939 -50.257541436101036 133.4595339858059 -0.08660783247843261 -0.35331539727740513 0.9314538828435204 0.007808811422135198
1732217659.004434 42.27643788855512 -50.063890619363164 132.98548100092182 -0.08109832079695595 -0.3536036105314385 0.931836848475374 0.008224159928402431
1732217659.604142 42.37142382804267 -49.81826256280433 132.39061412003875 -0.07691865624284817 -0.351186187229421 0.9331080552597979 0.007819170693523923
1732217660.203826 42.46780677871406 -49.56708433954152 131.79554704407946 -0.07188923213385917 -0.3510977838950882 0.9335683751206781 0.003517587482791283
1732217661.00327 42.56617328186385 -49.238443530044016 130.9937129892964 -0.06674677230780339 -0.3542960435203766 0.9327385410498474 0.0042421660151284145
1732217661.603092 42.6428317157955 -49.00201445391618 130.40701903514966 -0.06338616806255717 -0.3495565021731357 0.9347629647566233 0.003262699225440758
1732217662.202611 42.70430360144243 -48.73712911872322 129.79675260265626 -0.06026800315174402 -0.35223621501493557 0.9339569697839449 0.004668535106932193
1732217662.802303 42.76945532219844 -48.49327321163977 129.18906873301185 -0.05554482049929743 -0.3478061206162064 0.9359159512209875 0.00264719242218581
1732217663.335376 42.816021280646595 -48.26276399607241 128.6307540947912 -0.04996762023750017 -0.35144668977623095 0.9348689759625075 0.002908428431868226
1732217664.535283 42.81398322684601 -47.89799187815372 127.83639570547707 -0.0416973443490143 -0.34794541216094127 0.9365729632680662 0.005138687153921059
1732217664.734811 42.86344627757468 -47.691546052043364 127.29847356141032 -0.0371338941887723 -0.34583827227376474 0.9375499317264886 0.004133866559413748
1732217666.333843 42.85221575221804 -47.29941781795054 126.36073396947715 -0.02907295052839942 -0.3484130903504088 0.9368833582391712 0.003557397158560786
1732217666.800291 42.859499155876904 -47.10155143514084 125.8652976611363 -0.026847830656040565 -0.34636668739877036 0.9377000491746685 0.005284848842810192
1732217668.199897 42.72637359607199 -46.648864879051146 124.81470766511868 -0.022515523779764852 -0.3447726295007231 0.9383292808160862 0.012768942761497178
1732217668.999146 42.763660219911074 -46.44273302062418 124.27752737722042 -0.03781196832790359 -0.34536812419288504 0.9376288675192401 0.011967482494015752
1732217671.464514 42.939845605152016 -45.836937969050155 122.77918709591711 -0.06766131549524823 -0.3431298289935703 0.9367183212572785 0.015577338066615768
1732217673.263736 43.09535644941825 -45.44999019156938 121.8162588662773 -0.07078426372036216 -0.3412853499035129 0.9371841603832411 0.014133204787386165
1732217674.129806 43.16428836187743 -45.260911731643645 121.32262210294827 -0.07217818248346941 -0.33902387635608816 0.9379148754118168 0.012992602322516249
1732217675.329205 43.28684226638348 -45.00602400872015 120.67072399222627 -0.07201525523706886 -0.3369493412743731 0.9387108249468029 0.010046469807786243
1732217676.861855 43.49782421534964 -44.547885373136424 119.50368694707049 -0.06847935495501888 -0.33463613129145114 0.9398372193629514 0.00593621759632892
1732217677.461423 43.57226369050462 -44.350468395798494 118.98489929392306 -0.06743405731022561 -0.3344288680866325 0.939966153586494 0.008579639665299836
1732217678.261214 43.67324721240602 -44.1205424047698 118.38548419490377 -0.06328236695650784 -0.33325336462144795 0.9406369387829434 0.01181890003001196
1732217679.127512 43.78653858856562 -43.762921931048524 117.4533890136082 -0.05796880468295453 -0.3312326184088869 0.9417246298075082 0.008904594293607982
1732217680.526523 43.92580220507433 -43.28267517654494 116.15259137137272 -0.0514846996152415 -0.32928089069616645 0.942786365925071 0.008791413632957422
1732217682.059205 44.000746713243636 -42.82585328489225 114.88677516901048 -0.04429438632332156 -0.3308153392323477 0.9426244927608803 0.00763441655400158
1732217682.925268 44.01907553103538 -42.562129327249956 114.17415830687413 -0.04216158084674354 -0.3318993213586191 0.9423411761518229 0.007638672069868192
1732217683.658261 44.050962273868905 -42.301763623890345 113.45778789472061 -0.05667390939149332 -0.3326980785725207 0.941293100222577 0.008207069014420356
1732217684.058058 44.11362704627041 -42.04964716859186 112.78019692290768 -0.0734717554694335 -0.3326366574559887 0.9401287523507004 0.010615284652919218
1732217684.857756 44.228843738376696 -41.70168502653577 111.92391719464324 -0.07871708470349627 -0.3410023461751161 0.9367048698578905 0.010247305175585314
1732217685.72385 44.31123472683171 -41.452976488816766 111.27960627452569 -0.07995918205038154 -0.33759083384325184 0.9378167488447375 0.011777253378363165
1732217686.590093 44.421486175548914 -41.22237540622138 110.65958347199091 -0.07714094945040847 -0.33432379520114985 0.939263491502376 0.007808163097379597
1732217687.123262 44.499285799137525 -41.04356404746801 110.16848739434325 -0.07957413158290785 -0.3331984001980515 0.9394731085170078 0.006087861831188292
1732217687.989373 44.61640277834021 -40.7781965799028 109.48632985697152 -0.079519242787401 -0.3373085851752532 0.938014280632882 0.0053682140758667925
1732217688.45575 44.68692402473099 -40.610977509388455 109.02215730896107 -0.08072405603216405 -0.33278967073746185 0.9395213199061935 0.005860995639980004
1732217689.255526 44.80099005366817 -40.32911456647582 108.30502139874409 -0.08221644947926635 -0.3434117751030002 0.9355753109373814 0.0027650895196476392
1732217689.988671 44.90496033416371 -40.09731807273591 107.65435348537206 -0.08233591458491384 -0.3354731916075245 0.9384431572761995 0.0017249474209681181
1732217690.454888 44.99378925442663 -39.897687354305766 107.14365615672968 -0.08262015637854511 -0.3384687205643891 0.9373390996879088 -0.0028717861603404483
1732217691.254296 45.116068082771385 -39.59277151205798 106.38698288875702 -0.08539454858301375 -0.33871595016328215 0.9370047026303902 0.0012097213821242363
1732217691.654102 45.18934819947843 -39.42383247802566 105.95277502369109 -0.08363729631857098 -0.3389429718137711 0.9370680000517494 -0.005101744954757704
1732217692.453878 45.33168891088534 -39.0922640641128 105.14123061413034 -0.08369898883761086 -0.34696483975526327 0.9341240027054122 -0.004714531873380183
1732217693.054062 45.43364737189895 -38.84783327434489 104.50935962838214 -0.08007033636965785 -0.34377385756599493 0.9356095192227619 -0.006565335299680899
1732217693.653064 45.515860695071396 -38.61629590579641 103.91428564291839 -0.07410497411309558 -0.34187508062487265 0.9367969530234836 -0.006430463851959084
1732217694.585921 45.645883455046565 -38.24420721229527 103.00464971396734 -0.06764445819709411 -0.3441307513807549 0.9364441382952416 -0.008404111007166285
1732217694.852481 45.69039581503983 -38.11626465158215 102.67522574553566 -0.06793061741535683 -0.34547394202038556 0.935928076721097 -0.008474774782378366
1732217695.652081 45.818722818581165 -37.78084842151423 101.84485289821029 -0.06345716175637786 -0.34421642861757534 0.9366876659159763 -0.010220343069918083
1732217696.251904 45.89307554314251 -37.526618942257315 101.2260588340753 -0.060521160185974525 -0.3465901449428067 0.935999289620759 -0.010853129857431696
1732217696.85141 45.96522669188644 -37.26694860758881 100.59764063027006 -0.058105609058947655 -0.34843473875719555 0.9354243076934321 -0.014083167234576937
1732217697.251201 46.004191179392926 -37.08041357219329 100.16039587160967 -0.05598210149515127 -0.3530482292651358 0.9338606458839649 -0.011280345478860117
1732217698.050817 46.09631425786059 -36.75173259514495 99.34113318299572 -0.05539299648226089 -0.34891901053574714 0.9354356697136287 -0.012134572711326284
1732217698.584128 46.142671715120876 -36.50811847771082 98.75260668154428 -0.05396132955408706 -0.35055013065223123 0.934952995933943 -0.008104085796890996
1732217699.183713 46.19635889218942 -36.240158105415254 98.10819848127163 -0.052142595712826326 -0.3499107225143662 0.935297333685925 -0.007907817764877185
1732217699.983133 46.26217691263678 -35.90506600397862 97.29340198271196 -0.04904554734623788 -0.3528297835842516 0.9343652516928154 -0.008200885953359952
1732217700.382932 46.28656858718334 -35.709827548014395 96.85616170707137 -0.04717160889884578 -0.3587408774302549 0.9322147483231954 -0.007448837707086657
1732217700.982634 46.332386702984664 -35.453481991976204 96.23701441569801 -0.047102438507544364 -0.35015289755638984 0.9354837806935992 -0.006663683569726876
1732217702.048957 46.41319846357395 -34.983919297709654 95.1528584971661 -0.04532921274158278 -0.35324186005864266 0.93441742636272 -0.005433606924464252
1732217702.648435 46.44822657181064 -34.7222172646266 94.53502097379895 -0.0435781517151346 -0.35670682940194987 0.933194242412782 -0.0031126321232900645
1732217703.048401 46.47327649258365 -34.55079134193751 94.12760342563509 -0.044074602110058404 -0.35789203477494735 0.9327127059349178 -0.004210591532243486
1732217703.647936 46.51084213302945 -34.283093495928824 93.51177221784688 -0.04386230542317619 -0.3563663648611016 0.9333134259852843 -0.0022717909805395173
1732217704.580921 46.54646105048871 -33.86678548718473 92.58775070748031 -0.0434136024647292 -0.35922781067738413 0.9322395260174189 -0.00032448079466072994
1732217706.17995 46.59697051924979 -33.213792948349834 91.0881715887942 -0.041458326916076906 -0.3567501569524115 0.933264902010098 0.005211076648024442
1732217706.579749 46.60779649481308 -33.05834530386576 90.7144330878487 -0.03830020996457556 -0.35931925127405306 0.9324147997586789 0.005040909789516302
1732217707.046209 46.62409520475022 -32.86868007443577 90.28339127116372 -0.03691957341517842 -0.3600110835151736 0.9321903735673085 0.007076176475602532
1732217708.378812 46.632784492560646 -32.394880501645126 89.2529562385115 -0.03410442429366869 -0.3566997731704434 0.9335441442432 0.009873743615427824
1732217709.045149 46.63576224831865 -32.154455290809345 88.72891456229492 -0.03274723695207712 -0.35981873545794374 0.9323900390693914 0.010339783828952401
1732217709.77813 46.64785198266927 -31.90473505953252 88.15588074018443 -0.030593863070375614 -0.3599192458077368 0.9324132271171633 0.01130159000221596
1732217710.377932 46.65266625615791 -31.694182680477724 87.70201527848187 -0.029475827728578537 -0.3602539418067955 0.9323252742677608 0.010856148208546497
1732217710.910826 46.64685835072683 -31.532997875830784 87.32895728212333 -0.02905906837393106 -0.3596341706373791 0.9325752574081008 0.011055456816345764
1732217711.910336 46.6528252305022 -31.18358134800926 86.55000573916782 -0.02938110176900405 -0.35978530033037526 0.9324578594895155 0.014616046019763497
1732217712.909838 46.68320276046374 -30.876112771078386 85.83285933991459 -0.0586316831693106 -0.36230695022587445 0.9300580990045075 0.016968559835205867
1732217713.776026 46.85076511626358 -30.59149317692844 85.20028466464717 -0.0983829483833174 -0.3601847485577397 0.9274572806411568 0.020266597137007125
1732217714.775516 47.0445182873668 -30.288029871318745 84.49314173747834 -0.11820652271628738 -0.3605558994152434 0.9249782538038508 0.0210212124809204
1732217715.708384 47.27538500182852 -29.98502974910176 83.82298088753728 -0.13368038992863554 -0.3638887341274852 0.9216491258826109 0.016656268593037937
1732217716.707843 47.53516330780926 -29.687182511258598 83.16604778965217 -0.14267344685133215 -0.35870065298563064 0.9223610930852676 0.015104405774228686
1732217717.307553 47.57012056536651 -29.498812240229505 82.73769199059896 -0.06252591760823317 -0.36108581501544557 0.9303717172531283 0.010770866137179374
1732217719.04066 47.63545876661109 -28.9964144821578 81.59218740661234 -0.04838805762090175 -0.3601048418916963 0.9316098671750382 0.009281923719809166
1732217721.038992 47.68777100946495 -28.36059790689419 80.20098717099475 -0.04584933980248409 -0.35755087290295395 0.9327107241397985 0.010291569395610553
1732217721.838692 47.70040767784957 -28.13289710639534 79.68476325006883 -0.04584119911254764 -0.35718486334424315 0.9328337887803511 0.011776263047902788
1732217723.637639 47.7328848627042 -27.681039942947187 78.65107130325075 -0.046001116373647254 -0.35521127974932964 0.9335228216490815 0.015620034941027618
1732217724.637267 47.74504215783977 -27.44527639328483 78.10702794809538 -0.04503612631651158 -0.35402533717256923 0.9340264281705659 0.015245964882114018
1732217725.436703 47.75490888191346 -27.25869589049771 77.66838733918001 -0.04247913854849219 -0.35236564052255126 0.9347904264483858 0.014171689657730021
1732217726.23646 47.75233419493223 -27.0866948413374 77.2832977631015 -0.04365727447665449 -0.35117457477570047 0.9351885825431778 0.013884361607855158
1732217727.702349 47.743687246352486 -26.730632961674008 76.4492377804976 -0.042368952466320345 -0.3544923388660683 0.9339730205579392 0.0153117739681123
1732217728.635042 47.76735281116824 -26.453333644904284 75.82462743126463 -0.03917720924322857 -0.3613594734470242 0.9315064284552874 0.013425757798950978
1732217730.034346 47.84181784216319 -26.154036325818023 75.0651383871406 -0.09183408074896088 -0.3494790997231926 0.9322845687046702 0.016623580384718267
1732217731.83338 48.12137642151762 -25.785113292023343 74.17422091597176 -0.11396062181361544 -0.3438690471410627 0.9319993113165072 0.012014108360926324
1732217732.699635 48.26711349197242 -25.533473154279978 73.56064455693026 -0.12124140751726901 -0.3416417890992301 0.9318927077311875 0.012545529950711561
1732217733.632626 48.432835519016976 -25.31470480092254 72.97861021518912 -0.10285778744247648 -0.3451176016238974 0.932868365929292 0.00841002141613304
1732217734.631952 48.483758821688554 -25.024047617616787 72.29306532481787 -0.04864807338726245 -0.34920644433127795 0.9357225008731445 0.01056529947147083
1732217735.498192 48.46419738036488 -24.702563282547576 71.4938681199628 0.011914998206998205 -0.3465729926865479 0.9378545216638049 0.013194307589747893
1732217736.297957 48.26196722136597 -24.388837911371077 70.73703186799673 0.0935355326825469 -0.3480157487339705 0.9326159572434116 0.019068797913902317
1732217736.964208 48.17660729574874 -24.11617738533374 70.09839393090948 0.04211903442145096 -0.354007250723003 0.9340300734475437 0.022196289566536177
1732217737.563772 48.17365895481998 -23.881650224893033 69.5204749356117 -0.02189121871417218 -0.34833689175035865 0.9366699505070369 0.02883727112700067
1732217738.230235 48.295986118816074 -23.643969899628733 68.91521181552989 -0.09213603210251382 -0.34499350089725866 0.9335791231013857 0.03033903156505304
1732217738.963584 48.490352413609074 -23.404433689147854 68.29559039548616 -0.13285538764647262 -0.3431524303837531 0.9293809830034185 0.02910058292592138
1732217739.962522 48.77457466942063 -23.062853764555527 67.43716151784776 -0.13832549856166768 -0.3409738199306022 0.9294953607842529 0.025323602629780527
1732217740.362334 48.89155716340717 -22.900220687221143 67.03700775754591 -0.14275767068213566 -0.34176710041702985 0.928554984778535 0.024518090808244488
1732217740.962087 49.07919093241791 -22.677430921193352 66.49998798976674 -0.148865542196052 -0.33993775677926485 0.928303247952992 0.02311821148970384
1732217742.02828 49.393815923133324 -22.30714014355573 65.5246237562685 -0.12728050824065457 -0.3403830256233795 0.9314458221867308 0.018648013844900252
1732217742.627809 49.497156952260255 -22.070089719333833 64.91947049964011 -0.08988591152738327 -0.3416047359427374 0.9353476447382835 0.018748620560716946
1732217743.160927 49.54921362511403 -21.863941484021733 64.38411578980926 -0.06485291864898877 -0.34395302903777847 0.9365824886251795 0.017425692500160572
1732217743.9605 49.634240681426114 -21.56321559800763 63.617581083191446 -0.06182999750190432 -0.34214732091291006 0.9374387054821466 0.017914677362148777
1732217744.160389 49.663311445285515 -21.465160796233302 63.36993494184901 -0.06029641959503878 -0.34274343284089864 0.9373018694375701 0.0188808521336274
1732217744.765113 49.71394347373428 -21.23313954380975 62.776086639491055 -0.055631170962824605 -0.34049493893772753 0.9384190811404974 0.01838470904101281
1732217745.626446 49.770424987945326 -20.90627224003437 61.92921853846225 -0.048570263934747414 -0.3424555347445608 0.9381138048446315 0.017539251524927718
1732217745.959615 49.79858243566275 -20.77409952799353 61.574516552777965 -0.04638010808278928 -0.3401466759229977 0.9390666079439333 0.017407764860515984
1732217746.159337 49.81677200690682 -20.677228279447792 61.329438577185265 -0.04584973785526245 -0.33936021750773687 0.9393342190480535 0.019587476537031537
1732217746.825697 49.85290645702486 -20.39119936593362 60.61782513096591 -0.04015796926778377 -0.34150212345586756 0.9387971578074472 0.020579933723905895
1732217747.558762 49.88408727922003 -20.104998857787283 59.871709209779844 -0.03489061392272651 -0.3423202582127819 0.9386661506903272 0.022479844871204475
1732217747.958611 49.89445202157493 -19.942834478281966 59.44500268425171 -0.03224600581317422 -0.340376596521494 0.9394983947339433 0.021136081516799507
1732217748.627253 49.916586006788044 -19.660424788807358 58.72296486231099 -0.02715057857350303 -0.3424069618364569 0.9389178627565782 0.021297078806033855
1732217749.224427 49.926011968609075 -19.413056302069972 58.08306505946131 -0.02453309125214057 -0.3392605841244213 0.9401332075561692 0.02121168412265425
1732217749.824124 49.969238121530424 -19.159920922095562 57.45458815751389 -0.03901043730555339 -0.3454688365232499 0.9374064678722167 0.019964537656461404
1732217750.290696 50.04263178025671 -18.977937408410423 56.96055283945614 -0.07735821442969129 -0.33888529455247596 0.9373160387295218 0.0247205852828956
1732217750.956855 50.16505952944139 -18.695820852103594 56.26905166485804 -0.08675929344405024 -0.34359530289891244 0.9349231737462385 0.018268881168662734
1732217751.556553 50.272319019927444 -18.46070063338347 55.622963111247934 -0.08766779276875108 -0.33145472469799625 0.939200974280016 0.018805677278407772
1732217752.289516 50.409895844625964 -18.161512902554612 54.824256804255356 -0.09452243916854378 -0.3342983536180343 0.937362391868353 0.025726748196012707
1732217753.089302 50.558652124293396 -17.851910572156875 54.0003711506769 -0.09659497460697758 -0.33628061486303906 0.9364045878582322 0.027040835528290834
1732217753.688944 50.68035147384032 -17.62016821631055 53.37502768392675 -0.09700062214308353 -0.33389042378890665 0.9372855734695997 0.02457270786223179
1732217754.488383 50.853935514802934 -17.307736210060703 52.529303531168665 -0.09799501690039053 -0.33287211047160803 0.9376767534195742 0.01885313844951768
1732217754.688464 50.902985863978074 -17.22122952085715 52.285452241126386 -0.09746170888024742 -0.3317944485552347 0.9381372902810219 0.01766589353107186
1732217755.288013 51.032968109286024 -16.99148932675317 51.6726720602167 -0.09952506681918957 -0.3337409236929253 0.9372754446435158 0.015049843704457474
1732217755.887704 51.15314079190881 -16.758014383848895 51.02804627427598 -0.10194623826853057 -0.3287866884340975 0.938752794253191 0.015794596964204544
1732217756.354252 51.2500420356574 -16.566294116261055 50.51080290746553 -0.10404716847838671 -0.32919874368316876 0.9383673891059613 0.01640173623477723
1732217756.953753 51.34366238161753 -16.331489781963285 49.864335361540064 -0.08285726374764416 -0.32702117242361084 0.9412398074678595 0.016107497285644052
1732217757.553456 51.437183951076115 -16.074389545438027 49.1775480315689 -0.0742501790240273 -0.33052820732629673 0.9407533372858101 0.014871901767276078
1732217758.623565 51.575625840147005 -15.694165955009701 48.1172269851464 -0.07087377046314976 -0.3270455110462626 0.9422089505178797 0.016138027414195604
1732217759.485969 51.67115526953629 -15.43944316510802 47.36437805559551 -0.0659869510021892 -0.3274249301810137 0.942404231989235 0.01768900568639267
1732217760.618774 51.78514299114946 -15.084656018367328 46.33697980451231 -0.06160418217882197 -0.32408769297385587 0.9438060865443357 0.0200540021648618
1732217761.618055 51.87152417194916 -14.798808103230687 45.49197970807581 -0.05732737853082649 -0.32218226784580684 0.9446848629190588 0.021969700228160763
1732217762.617501 51.95894548779863 -14.498246193298307 44.613355128706665 -0.050486154505141 -0.3218574143113324 0.9451996720106285 0.02136663490366638
1732217763.81693 52.044845289808116 -14.16388282944109 43.657418712469116 -0.04301670314553615 -0.31971196661568724 0.9462579307817537 0.023016300438006707
1732217764.616649 52.08044284806147 -13.93422945982442 42.967859955099144 -0.03926322412711493 -0.31844125584699895 0.946839165991082 0.023434153516657952
1732217766.215668 52.09777488817569 -13.502049700553643 41.678348006219025 -0.03410456947768028 -0.31558274515685475 0.9479330864870765 0.025831624863536153
1732217768.414545 52.06538497623224 -12.942372543232283 39.95177723780293 -0.02181649297920631 -0.3122134070704011 0.9493755874696834 0.027070703651249754
1732217769.613922 52.1213296291439 -12.61469322649436 38.911201888243646 -0.04165724854454948 -0.31084536140557484 0.9491091549684653 0.028838288634745975
1732217771.013179 52.35742303854662 -12.319062314955023 37.8857869312499 -0.0664264072825565 -0.30765326434450235 0.9488652247005831 0.02432666659482123
1732217772.345866 52.576944153535685 -12.048136663079456 36.96635041520878 -0.07027544688795777 -0.3062871634648688 0.9490898065871826 0.02186490552568431
1732217773.545374 52.73649929444679 -11.79853500494194 36.156563920240465 -0.07023505814406726 -0.3051786374370191 0.9495338315879978 0.0178476477273578
1732217774.7446 52.869774790888656 -11.524444639285486 35.29963149234262 -0.07127282786367524 -0.30335825566831814 0.9500736816957108 0.01593587384951012
1732217776.010642 52.985385780237785 -11.242054938381036 34.356648759132796 -0.04189554766867437 -0.3036807299022368 0.9517701046900022 0.012507805161922642
1732217777.143526 53.01690936330405 -11.013706715076905 33.57486129688141 -0.022114087125542848 -0.30383814538402504 0.9524240180217858 0.009046460934375576
1732217778.142853 53.035028139561405 -10.758000979424386 32.75169644733948 -0.013951899777920867 -0.30264549065242174 0.9529389303816798 0.010883310312676364
1732217778.809202 53.04544415325327 -10.556275460117359 32.05957088997397 -0.008631094242618827 -0.3065203652287816 0.951759580490691 0.011156650768641274
1732217779.742006 53.05027736817758 -10.250740584540523 31.118970714590308 -0.00036990849125404115 -0.312286406253981 0.9499589189533866 0.007424010883271223
1732217780.541647 53.034652907617684 -9.997543312571464 30.36858842202805 0.005223030427469637 -0.3182740931251255 0.9479714404478802 0.004946685122758757
1732217781.34122 52.99635794821766 -9.759699028816833 29.665861580797166 0.007812885077067667 -0.3175171712385155 0.9482063055818822 0.005158182841073568
1732217781.941129 52.974248382756436 -9.537269601267013 29.009038498093076 0.012278616662896813 -0.3228082420493501 0.9463759245432175 0.0040845909004739505
1732217782.607291 52.93814195609997 -9.2815413278411 28.270096371992434 0.014804198056180617 -0.32162022895625725 0.9467296375294995 0.006652628751145322
1732217783.206899 52.89238553854061 -9.057571454536259 27.63280486623689 0.01836233857565715 -0.3220027806011039 0.9465317205319222 0.0073983669866769285
1732217783.739972 52.85172484698266 -8.868718881677243 27.080969126770125 0.020035708658015346 -0.3240069794740504 0.9458078333646163 0.008098763905918443
1732217784.539756 52.79727372322605 -8.61575969690397 26.352445218314664 0.02513393300515313 -0.3259349650983359 0.9450144441840036 0.00907657543558505
1732217785.339128 52.731476366411094 -8.288758691950237 25.459480392164686 0.029827162188317238 -0.32792378858412824 0.9442125433931186 0.006245172177133416
1732217786.605164 52.673668374280496 -8.06758285687133 24.82899452899163 0.03405072007905885 -0.3328935579765676 0.9422908740874203 0.010504100692817035
1732217787.404757 52.56640967356017 -7.791107941443625 24.047130662919912 0.03795166840094353 -0.32872081643176515 0.9436132630173952 0.00981354001789205
1732217788.204469 52.485979411040404 -7.470300956026221 23.17335383418352 0.04334351763726046 -0.3340430546139265 0.9415190539313929 0.008857100381080242
1732217788.804009 52.4061990678409 -7.2756042906762 22.676051940228966 0.04402448489016834 -0.33773388534589577 0.9401484470627416 0.010888751298287501
1732217789.603639 52.30290819893468 -6.989514690952879 21.884412056492376 0.05112781220233788 -0.3333583317697918 0.9413867992575119 0.007004544436359067
1732217790.53659 52.18307772735151 -6.654504225145821 20.97574896552423 0.05234309485022999 -0.3316348147219486 0.9419107646857453 0.009091834520771322
1732217791.003073 52.11599818406309 -6.456058321715697 20.44305164139355 0.05520335896013428 -0.3295122126013412 0.9425092790753347 0.0071098356506999316
1732217791.735839 52.007656035645645 -6.175790544082498 19.683534520111632 0.056049525887983086 -0.3306487587789395 0.9420601124693557 0.007252134851476298
1732217792.202295 51.9375032062596 -5.9789627771652105 19.152331189360446 0.057460610857269986 -0.3312683200066255 0.9417591206345725 0.00702403455957619
1732217793.001879 51.83394002515186 -5.680459293167842 18.329720445425174 0.061324653272564936 -0.33227333961898464 0.94116814461004 0.0060198214875125935
1732217793.602977 51.732283970405575 -5.455601079245653 17.71271748127256 0.06238790663084266 -0.3295160272273075 0.9420558407777512 0.007598010468393165
1732217794.334512 51.607834938767326 -5.166528496058427 16.93779690482149 0.0635846084829536 -0.3362701709662048 0.9395579946441478 0.010494969399502114
1732217794.934191 51.50716417123923 -4.938074859379251 16.321163487375095 0.0638937409481895 -0.3324703087042832 0.940847258997002 0.013693755348794766
1732217795.734061 51.36383653409645 -4.633754300468945 15.50184473770636 0.06785045537067243 -0.3330179967977917 0.9403192522904084 0.01717653302577698
1732217796.066964 51.298226483455906 -4.486552910831893 15.114455824140956 0.06893181840014975 -0.33596768515066244 0.9392131797307853 0.015897231411209894
1732217796.533645 51.20500922341534 -4.291429357278444 14.614484944904627 0.06915759232161327 -0.3390938608719325 0.9380350027376969 0.01796982420985782
1732217797.133051 51.09415375992303 -4.0452426683082665 13.96813305300869 0.07329706781567871 -0.3381090133693656 0.9381513510977891 0.013486191508744028
1732217797.732868 50.979869658294895 -3.8039822822865648 13.32087700270154 0.07624656236293532 -0.33533249215172306 0.9389705078227992 0.008542064981266908
1732217798.332485 50.85575697496024 -3.5664568796966223 12.676506357981934 0.07780698007893715 -0.32859951536921056 0.9412251194822424 0.007981654324403441
1732217799.132181 50.73573671947586 -3.330144071237832 12.044582058627789 0.0781158584945069 -0.3307182505935661 0.9404359502844086 0.010177169972962485
1732217799.864964 50.61758803829331 -3.106947011833761 11.436285128016452 0.08120408642438881 -0.33243808102090067 0.9396086321558471 0.0051416936255946
1732217800.7312 50.47102959771404 -2.839152843786343 10.69770822291314 0.0809231980104723 -0.32964693775798576 0.9406273500084893 0.0021262329476376403
1732217801.664226 50.29625887089761 -2.5465609146952035 9.876391708381126 0.08869157426604012 -0.3247420625718227 0.9416331118993254 0.0018654826727393106
1732217802.263901 50.16526280434176 -2.326237122452346 9.303190139779542 0.09155659332021296 -0.33088925316209944 0.9392080856323356 0.004226611440461051
1732217802.863877 50.03288351876174 -2.0820365176871847 8.669365005676026 0.09428646360362472 -0.3347703463430877 0.9375419110659879 0.007351393418026038
1732217803.46313 49.88603600120295 -1.8699923984597717 8.053082831384344 0.09729961098917024 -0.32132770927804444 0.9419101276341088 0.00930593422379677
1732217804.062829 49.726302448134184 -1.6379824522943056 7.427288284835043 0.0964343357739948 -0.3223475925632051 0.9415651290248663 0.015733920583282848
1732217804.462645 49.624732079667154 -1.4794410464125354 6.989512452831017 0.10002782054521277 -0.3244131516051127 0.9404583336050726 0.016990142300251254
1732217805.062468 49.5924153115681 -1.2751273983324463 6.459727661108954 0.029003925926399058 -0.3325568258965207 0.9424809903354053 0.017155543910951313
1732217806.061782 49.655897300461135 -0.9483832304659668 5.5636888177341755 -0.022994434480983646 -0.33165612845637166 0.9429125794023147 0.019782215374020886
1732217806.461592 49.67902968007205 -0.8132331053348698 5.144803663778443 -0.025880957092809014 -0.3255571028944914 0.9450399053049021 0.015566829998662822
1732217807.061286 49.70298374512205 -0.6036431167498003 4.519800424322464 -0.029462205324495207 -0.31793839863881346 0.9475505383254965 0.013968910031425173
1732217807.861032 49.75493710054504 -0.30947624860127065 3.6953734320147165 -0.033562095372249155 -0.3240419103618122 0.9453766286780281 0.011552317198608072
1732217808.460543 49.775180547999895 -0.14547641714697035 3.2012087383797594 -0.03525086894902354 -0.31846138721391465 0.9471754107607421 0.014087666320136385
1732217809.926477 49.851086926806126 0.168870132775389 2.229013509782714 -0.01994513799014319 -0.31589565958293037 0.948573538187386 0.004512912350491008
1732217810.526317 49.77626790299328 0.33964781696998614 1.7339181922306177 0.032851744256990646 -0.3172133012611743 0.9477656312580711 0.00606569107774729
1732217812.458492 49.61394805671053 0.7425885426055651 0.5373043703144073 0.06213924317107515 -0.3167502406634458 0.946425087484287 0.009356990869647162
1732217813.458134 49.45828552331972 0.9826421050563915 -0.1802162325772538 0.07806257183376951 -0.31392896275355536 0.9461584717363495 0.011789299585215423
1732217814.590743 49.25686009462614 1.2407335769071215 -1.023247954019397 0.09458810719253898 -0.3129717021433823 0.9449734123344655 0.011271806251125054
1732217816.056661 48.990894707938146 1.5529873788367792 -2.0183647497024766 0.11214966240375347 -0.31107089596971166 0.9436549440622898 0.013141440184459867
1732217816.789576 48.84232255668667 1.7348173092339882 -2.6235101575494935 0.120765683778391 -0.311765317890608 0.9423709946356368 0.012447676552135188
1732217817.589211 48.643275418806134 1.9526350086642676 -3.252819014509736 0.1286539607179234 -0.3117731033836103 0.9413469498679071 0.010564581039104206
1732217818.388811 48.45465257111759 2.200725727465065 -4.0066958320012205 0.1036486540504422 -0.31241525409406445 0.9442150661051422 0.010562881374645026
1732217818.988492 48.30641880069634 2.3955430738218735 -4.584242269985926 0.10543632215441928 -0.3110201648960915 0.9444690609948588 0.01130627357033915
1732217819.58832 48.17589251424841 2.5921519788551795 -5.189997616184419 0.08667349832018502 -0.31055641544617724 0.9465114274890302 0.012591074093998872
1732217820.587634 47.97686589887153 2.8974395800768296 -6.14733388091922 0.08244103817540832 -0.30661273181037424 0.9481086405667278 0.016796237645730475
1732217820.987463 47.90697461678218 3.0063191387564823 -6.510268114045652 0.08299330947838557 -0.3013870806979156 0.9497481618003266 0.016011474857540873
1732217821.587166 47.80078536758038 3.178581773707368 -7.078201708715271 0.0838002670241294 -0.30322770486032163 0.9491210359991277 0.01413270235194497
1732217822.186958 47.672724836423335 3.3747069402942618 -7.6713988688017904 0.08367450950811658 -0.30929963562661433 0.947178505310293 0.013608487718292244
1732217823.186293 47.48741987809208 3.6859570673108517 -8.644718009988845 0.06816937565424366 -0.3085820878313577 0.9486554570227507 0.013522394518233456
1732217823.586089 47.43855063763512 3.82124034570721 -9.095464792047762 0.04489085642716634 -0.30656663894194985 0.9506579447971472 0.015848624266350246
1732217824.585775 47.37507824063897 4.102660806945124 -10.010813974291096 0.0337678416535769 -0.30530407156069217 0.9515356081170977 0.01513747811716725
1732217825.58504 47.35355269395439 4.366543108294945 -10.822825169587185 0.03038277050028157 -0.3073699073096854 0.9510600461311861 0.009242077153374734
1732217825.984843 47.3269780786477 4.479199351260363 -11.191666411494074 0.028191494702135344 -0.3083882412673483 0.9508056840262923 0.00839544506180087
1732217826.451281 47.29990369008867 4.6085686132484485 -11.612386121059652 0.026282672816803916 -0.3085551972741367 0.9508177991790564 0.006958743350561659
1732217827.184248 47.26625975543754 4.827858189316605 -12.30988535237413 0.022257478000225574 -0.3094266864000715 0.9506526002275684 0.00440046555543305
1732217827.784173 47.2407410555856 5.000463318703618 -12.838216704513105 0.018751747673700123 -0.31069513876107685 0.9503014913798316 0.006631605437970443
1732217828.5835 47.2054589408118 5.229950143952325 -13.559674354737469 0.015117873305439998 -0.30925652114196855 0.950835815694121 0.006565487886149801
1732217829.449761 47.16905790928516 5.481050480782225 -14.343435073943194 0.01231233618686194 -0.31047550583518124 0.9504807817897102 0.006296832730145889
1732217830.049447 47.14789307515717 5.663747219248566 -14.910103802598016 0.010486246236192081 -0.31263238841049446 0.9498125798685825 0.002662983291619123
1732217831.781879 47.141133316728904 5.79807897408592 -15.340907000362241 0.010249315921914566 -0.30300215589240276 0.9529312728775924 0.0025756978822016655
1732217832.981252 47.108963917474895 6.083496656269781 -16.20557789767306 0.010698638909363907 -0.3126884986541427 0.9497890154125749 -0.003502589972690651
1732217833.714985 47.05846820425454 6.334054918778835 -16.95742834626032 0.034966993537536774 -0.3134874319157556 0.9489229952272971 -0.006934588860589838
1732217834.180625 46.97194931579984 6.496932606498056 -17.455476782122627 0.0645427071038791 -0.3146387988262898 0.9469654119520294 -0.009652657632776122
1732217834.780502 46.85005855029902 6.708494750800328 -18.091145885416555 0.08223654433350602 -0.3143593993337761 0.9456666491771015 -0.011397695413704147
1732217835.579917 46.69429233904533 6.969322903631077 -18.875666032223403 0.0881384637379015 -0.3140551275920519 0.9452069480278708 -0.013594610803570927
1732217836.313355 46.51713819518838 7.220776655429131 -19.651748333214954 0.09440061963170743 -0.3101586729756575 0.9459184470830964 -0.011331904475073687
1732217836.912549 46.361776729043136 7.436182689384342 -20.292584505151797 0.09958322036815057 -0.3103653823769466 0.9453299721496692 -0.010380529785406146
1732217837.778764 46.124927566873794 7.737384032221295 -21.20444667487687 0.10634936472492508 -0.31178109684718464 0.9441265404242456 -0.010365130868279872
1732217838.178988 46.0196453916638 7.877154641114153 -21.619061803584042 0.11049622884137537 -0.3115143223265347 0.9437236610476131 -0.011621616762056539
1732217838.912324 45.80948262958558 8.110042967594497 -22.36936482538077 0.11579998719059839 -0.31030518182206096 0.9435007683355866 -0.010361334431079505
1732217841.065291 45.63000968524491 8.311458634907517 -22.97497394362087 0.11865472179199119 -0.31233209715547666 0.9424836143341758 -0.00971363961218681
1732217841.873677 45.39181974569016 8.567875772805142 -23.748038204951424 0.12396633292764998 -0.31119931019940433 0.9421816245486773 -0.009006885960269903
1732217842.475566 45.18330609623092 8.779435947631539 -24.408803901810465 0.12705789119200828 -0.3103285039259779 0.9420461963601943 -0.01007352273012466
1732217843.199137 44.957170025207 8.98705615744495 -25.04973232939273 0.1313858554685869 -0.3114600790765313 0.9410844763707428 -0.009507074125799899
1732217843.999328 44.697332348540506 9.240755226950327 -25.81517776746242 0.13798010568240776 -0.317949414764299 0.9379863470935231 -0.007160499497959675
1732217844.730055 44.447275369565816 9.472372708251621 -26.530300841690632 0.14283747498589033 -0.3108290304828224 0.9396393200132523 -0.00779216489792473
1732217845.527621 44.17516471005359 9.70552127103158 -27.27289947530045 0.14781063532604286 -0.3120756987942562 0.938478274368991 -0.004393500197889141
1732217845.992829 43.99884964166415 9.86342270854658 -27.742452744914985 0.15114718751245457 -0.312165917528071 0.9379184292995433 -0.003998452351878517
1732217846.591394 43.76832174242589 10.053667521175466 -28.312909041425584 0.15605972733281984 -0.31297087721535277 0.9368495956776545 -0.0027251786132128945
1732217847.189937 43.53241608204441 10.248442633175998 -28.88596790511059 0.1598565698276646 -0.31365391039206103 0.9359810181381057 -0.002575900591430637
1732217847.921358 43.24639177953818 10.472955271137424 -29.573111655106842 0.16598666425564737 -0.31249238574553784 0.935302690490267 -0.0024110790142128267
1732217848.519908 43.008739484580694 10.672334134028015 -30.159835748984857 0.16977239690074375 -0.3137566959191396 0.9342009174719257 -0.0016476683808224406
1732217849.118598 42.75720604086607 10.87113683438034 -30.74905083979163 0.1732249270924067 -0.3145388980767148 0.933304017735056 0.001420109192525174
1732217849.717372 42.498893852275984 11.054987005873338 -31.30940551358926 0.17687638603754827 -0.3132587793910895 0.9330472423757876 0.0025543475956067976
1732217850.316279 42.230563538165285 11.25179469124941 -31.87769026263459 0.18077673459767202 -0.31495598728265267 0.931715511203429 0.005357656758825755
1732217850.91682 41.95932875458954 11.459431059901949 -32.468739616239816 0.184642708561295 -0.3148640035993886 0.9309742298515199 0.007396807749450474
1732217851.52098 41.68381793417748 11.657275246949167 -33.03106726489232 0.18866493274687718 -0.31387071099196906 0.9305012317459672 0.007627427629932143
1732217852.321287 41.31686855678825 11.916217459625276 -33.758764741617256 0.19585003738128748 -0.3160254244556098 0.9282651802785762 0.009718489480481178
1732217852.521672 41.2227208643616 11.995784863838944 -33.982515478972964 0.18755317713521508 -0.3143513366788796 0.930541087096357 0.01001639157674755
1732217852.922616 41.083413675051204 12.140301555096391 -34.38027667970338 0.1528103246384343 -0.3163073749612391 0.9361883670228253 0.012247068227221214
1732217853.925496 40.93718896373834 12.464538692451656 -35.30341108137883 0.06056540187550057 -0.3193303203304294 0.9456626944471624 0.00905797683024515
1732217854.526461 40.91144118209289 12.681966282427032 -35.92300623836133 0.027093396036915077 -0.3160304994477196 0.9483235690473678 0.00854866652022909
1732217855.395625 40.90034383957076 12.983054820681968 -36.82463376429679 0.009259012898079365 -0.31459994013880177 0.9491734166953917 0.0033126097886967193
1732217855.996247 40.895835259277526 13.217191709267757 -37.425373295908344 0.0016096525953641228 -0.32837607292949006 0.9445436858199978 -0.0019466184786809907
1732217856.730732 40.91283770797439 13.44707831529457 -38.130245812355156 -0.01086660681360536 -0.32151040368882317 0.9468436470563141 -0.0002918994801728924
1732217857.531854 40.940662334482305 13.728833989435977 -38.95093228244359 -0.020470512900289152 -0.3216684743473281 0.9466305645444576 0.0009617603145970719
1732217858.332812 40.97453143688244 14.011722092550395 -39.733591358801995 -0.02040772939585874 -0.32384101421236733 0.9458913459667772 0.00028934403280463984
1732217859.000304 40.9640878656039 14.25195959555635 -40.39452077768817 0.0013112452497468416 -0.3259219208791331 0.9453845560895069 -0.004606868111521872
1732217859.400658 40.930405564986145 14.402073702164703 -40.80805670557771 0.020432874095216772 -0.3296801370308422 0.9438502905369316 -0.0063351366902310805
1732217860.134688 40.819154502644345 14.657205371126118 -41.532438761221854 0.058929672966217365 -0.3257178496855366 0.9435670158316709 -0.01079178737930004
1732217861.202139 40.62428717645936 15.010658875198532 -42.54620944425801 0.07755493534450675 -0.32676762706112045 0.9418742235578805 -0.00900538204595125
1732217862.002683 40.46669576231765 15.28292654218498 -43.314824578472816 0.08330945601713868 -0.3235052201222418 0.9425206702494079 -0.00766115163636968
1732217862.736448 40.29557078355826 15.54769923349052 -44.059334245824836 0.09117595683835952 -0.32689525458366964 0.9406095915464844 -0.00894615649558144
1732217863.603644 40.08023541925822 15.852147238879898 -44.911098222417 0.1012319172751889 -0.3268060428707303 0.9396146397329612 -0.008616151545864028
1732217863.937086 40.00009402094161 15.969996509213189 -45.24138928555149 0.10410555027511384 -0.32515838722395596 0.9398706614892275 -0.008786198929767267
1732217864.537106 39.84061353763464 16.189683832928306 -45.84380549020304 0.11024968513139187 -0.32929681819818923 0.9377299630961752 -0.008433787086683252
1732217865.404073 39.73156408920457 16.430695333850412 -46.4687685814607 0.05561242400206327 -0.3328687115993481 0.9413150764289309 -0.0056219233720271
1732217866.8045 39.82141489888193 16.806629918674602 -47.54546535887116 -0.015831963931470364 -0.3297699060700765 0.9438884759524545 -0.008700743230224852
1732217867.204394 39.8303084523145 16.95819777479411 -47.92862027768975 -0.016957325518310976 -0.33614068544381887 0.9415786076123023 -0.012313179423031603
1732217867.937804 39.863005399454536 17.214533770178928 -48.600640407661075 -0.02368307570423277 -0.3332574784094667 0.9424545504131949 -0.012569224909032733
1732217868.804661 39.91135050268428 17.529712821941782 -49.41339206391122 -0.027674849068169187 -0.33656771029972127 0.941114335503952 -0.016127201295078816
1732217869.338056 39.95239785550999 17.73680258832198 -49.94761111096511 -0.03034054206143865 -0.3358447423485786 0.9412284251717942 -0.019411650956556715
1732217869.738062 39.97857695690802 17.88238661986965 -50.33256842440156 -0.033407040997038 -0.33682945660257146 0.9407332980178039 -0.021230844947492986
1732217870.137847 40.008983672835505 18.03967171341731 -50.73451004507978 -0.03648811395781944 -0.3382862243957323 0.9400745623495256 -0.022155476687026318
1732217870.937859 40.06276698592091 18.356966903510106 -51.5516500833465 -0.04041746904221232 -0.336120655614706 0.9406735990391051 -0.02285854623940345
1732217871.404471 40.1076232623422 18.550995633301948 -52.05989472345385 -0.043245169265597336 -0.3367980664424868 0.9402572249511193 -0.024764262617981144
1732217871.937785 40.153849771731814 18.760119471374555 -52.62240177233548 -0.045425772387367835 -0.3342926231382289 0.9410251565801561 -0.025624129286007415
1732217872.604643 40.20751180786897 19.034944653691298 -53.31271311009634 -0.049083716709756496 -0.33857212386692265 0.9393164077330175 -0.02538487458580782
1732217873.404272 40.26898791524494 19.34076058673397 -54.09498051312756 -0.034287580381034584 -0.33855995848212084 0.9399407957403569 -0.0266986300619232
1732217873.737686 40.27127900507594 19.48466171453272 -54.47567315631452 -0.018915683068894355 -0.33982079923090674 0.9398972677437831 -0.02751631210529806
1732217874.004199 40.25897659382184 19.60464188904837 -54.783949578349684 -0.004584671052217603 -0.33800938671144 0.9407205929203627 -0.027810094244005244
1732217874.404138 40.209205341396576 19.77056768944362 -55.22956966766535 0.02818399711885993 -0.33518098859756956 0.9412855601307133 -0.02899761160111746
1732217874.937693 40.06822338537261 19.978182068273505 -55.78758581702912 0.10132947937412054 -0.32939397638457946 0.9382363715806905 -0.030732002447372137
1732217875.80388 39.74763801389971 20.307838025673878 -56.66016425385584 0.14544379665229834 -0.3302973458029793 0.9321379869218521 -0.029470980780237858
1732217876.403955 39.48881353892929 20.533451466962553 -57.278663826870385 0.15378096827587343 -0.3270452924937688 0.9320274957917577 -0.02678689123331315
1732217877.070313 39.223514979241585 20.795222100876643 -57.940069319398866 0.16488252308771031 -0.3301772122872583 0.929203435385192 -0.019435476191811032
1732217877.670208 38.97286479811739 21.019360282266998 -58.54884256302953 0.16498775750339345 -0.3264220053009992 0.9305702431048574 -0.016332084283475098
1732217878.270221 38.76085035582737 21.261444001991485 -59.18184658394909 0.13652174518170213 -0.3353069142983963 0.9320713094772931 -0.013196983197480664
1732217878.870041 38.73719043071836 21.464735221748835 -59.70239810000271 0.0275609418185123 -0.3388859553693066 0.9403886815271055 -0.008113654862092411
1732217879.669715 38.91735717282377 21.68692604621814 -60.32816876619716 -0.125295378522569 -0.33139389869384384 0.9351304312424435 -0.003198217269381037
1732217880.469538 39.15589097568599 21.977436613838268 -61.074599356127244 -0.14287625235731313 -0.33440494496466433 0.9315299976403322 -0.0034018806140253825
1732217881.069511 39.344816434948676 22.19181769121957 -61.61968828643226 -0.14880547372052208 -0.33733285083531 0.9295133295244589 -0.008273389540464793
1732217882.868873 39.584092822349724 22.438773156230848 -62.27108925980767 -0.16271817121029342 -0.331345605762603 0.9293104429613381 -0.010723194616951386
1732217883.935398 39.78207765370666 22.745197723349722 -63.02191939999524 -0.12218996146966186 -0.33742136712430726 0.9332605038619084 -0.015532747838763851
1732217884.735026 39.780388180531695 22.933033141034194 -63.525396968623504 -0.029461940709268608 -0.3372044813083291 0.9407936325221709 -0.018233837801260786
1732217885.934673 39.723292256145086 23.242144337947494 -64.34356023253659 0.02358111491470743 -0.3370092455217414 0.9410608614470329 -0.016527386508887715
1732217886.935734 39.49777808570088 23.43655626554216 -64.83411329612606 0.13815631288173305 -0.33479063118723845 0.9320375349511364 -0.01158015208814008
1732217888.334094 38.99327018999275 23.645767762402375 -65.4494667218046 0.2772090953905441 -0.3162064506207471 0.9071934945941517 -0.012983119218283715
1732217889.333806 38.52222207386045 23.862570843359933 -65.98027158369575 0.3146370854814669 -0.32567324485556803 0.8915533061998634 -0.00855243994810973
1732217890.266748 37.97537390554262 24.09241274812995 -66.49849105391405 0.3450841366808715 -0.32307494430701983 0.8812119350842329 -0.002245982487758221
1732217891.266389 37.446393485248606 24.293220743700264 -66.94926540821369 0.37304287210920795 -0.3215714612215235 0.8702690382533047 0.00791277157736404
1732217892.732746 36.7879153200538 24.5207377672412 -67.4094031201372 0.403490542961215 -0.32238510218744953 0.8561764350896016 0.015004653468595823
1732217909.19396 36.41787597367583 24.723347083432095 -67.998043980166 0.25604460854341077 -0.31542408575859443 0.9137549493503515 0.0008349233155191168
1732217910.193535 36.287865966367974 25.086285809351583 -68.82300666909532 0.04700340972540421 -0.34830614160299816 0.9361718091622754 0.007473615299863255
1732217910.993349 36.40639372240609 25.333678731140747 -69.4611880347575 -0.12756109701977644 -0.33807939552496086 0.9321529115654537 0.022835023727509642
1732217911.793096 36.712042395918786 25.504310033203367 -69.97416152486508 -0.25860888227158324 -0.3147450080903117 0.9129441087301623 0.024291567000951232
1732217912.793738 37.30257446361504 25.717857383736018 -70.47873543191086 -0.3937635341963049 -0.30997175618518213 0.865226060660528 0.015863589082352227
1732217913.792359 38.02061854898733 25.862048726240563 -70.83775865894111 -0.5016055914881595 -0.28699598497613105 0.8156004519209781 0.028653761039176797
1732217914.592121 38.52866069096761 26.00246408367398 -71.25197855501574 -0.43460133488874336 -0.30255811109931674 0.8478940718870276 0.02561077858582124
1732217915.391949 38.85666208617985 26.23098052574539 -71.87744524865742 -0.28799260167523444 -0.320083441640828 0.9022735177814198 0.022568803203416726
1732217916.258343 39.102316191024116 26.488070628708297 -72.55716185809568 -0.211344504243363 -0.3280823434484387 0.9205676648714458 0.015831956184917055
1732217917.124595 39.44460632324374 26.797638160039025 -73.35132838160403 -0.19874917941519793 -0.33032495431163306 0.9226329394509983 0.011517260126142405
1732217917.791057 39.7227429297428 27.033895273258537 -73.97036774833468 -0.19047844295861832 -0.32994234763399666 0.9245380576645774 0.009240667488768726
1732217918.590753 40.02215967951124 27.310930839796935 -74.66041765208419 -0.18176251087512968 -0.33740013436480426 0.9236280744939518 0.005892281186041219
1732217919.523785 40.33174055884521 27.585818468931095 -75.42800630998545 -0.17781079777518527 -0.3288199162960823 0.92749650156371 0.0033200043175579085
1732217920.390186 40.644311749700165 27.9091308671248 -76.25262767448073 -0.1749402332668261 -0.33277620236061123 0.9266340407325896 -0.0022953175361267847
1732217920.990093 40.86412397486367 28.1362777090327 -76.82596587746995 -0.17305489856707754 -0.33218612272895987 0.9271999320089902 -0.0021605626033420317
1732217921.723207 41.122050624891294 28.398978766766067 -77.50276484452378 -0.16732128607829297 -0.3320077189306601 0.9283060192357828 -0.0047324883708517885
1732217922.122924 41.212301905996846 28.568020810469836 -77.9431947513641 -0.11863000658780583 -0.33514353542081216 0.9346512530740914 -0.005724275469164617
1732217922.722733 41.20877762880042 28.813154576714222 -78.60546274089681 -0.032743150017692235 -0.33298436536639753 0.9423421580389285 -0.006368338165605514
1732217923.322545 41.137267911043786 29.05438273442254 -79.24272911169419 0.024067925406365875 -0.33409542797118663 0.9422220367269742 -0.0043143344163066215
1732217923.922457 40.969436610159235 29.29598486491491 -79.89393222837802 0.08627211292545878 -0.3315830548229948 0.9394653594130103 -0.003826061762562676
1732217924.522313 40.74514879858411 29.534754318124083 -80.51763279106626 0.13762069346969058 -0.3317046844630129 0.9332889309850528 -0.002078060391766765
1732217925.122089 40.44820850538963 29.76658681003755 -81.12273747059709 0.1791229106472703 -0.3294670869579886 0.9270094846722103 0.004453854558703918
1732217925.7218 40.09968235545128 30.005941731650182 -81.7364019533153 0.21403515903275122 -0.32637555975721816 0.9205725986953168 0.01462994266354322
1732217926.321614 39.71624784049896 30.219393814856442 -82.28370021449842 0.2554929751154217 -0.3259546791849035 0.9099908444997515 0.019838087376712416
1732217926.921462 39.39430126540097 30.39500275868554 -82.70365713283262 0.27943216021110506 -0.3221361437301827 0.9044478570690374 0.010956577277065177
1732217927.521124 38.985808970257764 30.58559971802717 -83.22660127956378 0.2973227482648569 -0.3149107973301543 0.9013264719900358 0.0064003108607399856
1732217928.120941 38.746677011596425 30.726072929008733 -83.70456157522638 0.20878874681239493 -0.3080447827477879 0.9281763179083292 -0.002096163284113387
1732217929.12081 38.665583273019216 30.995392814470133 -84.45425395837454 0.04020221009493173 -0.3217034518400989 0.9459858185244824 0.001225776575597534
1732217929.920442 38.711278185245995 31.32402618825571 -85.31606702522906 -0.03753082531341839 -0.3339365524800283 0.941843443704783 0.002956961170217318
1732217930.520128 38.73751301122756 31.565493602891664 -85.95237801333367 -0.017187470916967228 -0.3295371778740822 0.9439851574208973 -0.0013644820656683117
1732217931.120102 38.546122837034666 31.728114084464526 -86.54777477585588 0.12201790168161215 -0.3054705362727073 0.9443379355353271 -0.005024604199059168
1732217931.720058 38.15068899711316 31.93818183685055 -87.06746849608996 0.27204500549030064 -0.3222743740905388 0.9067138669595123 -0.0008403901841323311
1732217932.319671 37.79869785698838 32.053550254928076 -87.57958419757462 0.2852989027724171 -0.2839736532897568 0.9152272228575727 -0.017961927918207627
1732217932.91932 37.399282670158335 32.23460115025442 -88.09304243701307 0.2946247027215342 -0.30694799227395086 0.9049600549631661 -0.005149126751352824
1732217933.719068 36.814036481835714 32.44081027267081 -88.644722916115 0.3813958597326723 -0.30573828080603727 0.8723803462841816 -0.0037193071445971743
1732217934.519009 36.17252161120306 32.567448197880005 -88.99399017867967 0.465646073244652 -0.29263697354019197 0.8351675724218885 -0.005697557722619304
1732217935.319726 35.49339203319159 32.65794997177656 -89.36370623945 0.48157190880174633 -0.26926278493905803 0.8339859338423357 -0.007315152290444802
1732217936.118481 34.84345774855715 32.73385678366284 -89.72054759527877 0.49877327340400823 -0.2552722515517054 0.8281411179723297 -0.01560730755490052
1732217936.98469 34.085722626427284 32.83837880941748 -90.0858140002237 0.5133448364141575 -0.26400307272917556 0.8164746249843007 -0.012191934761189618
1732217937.917796 33.30598251465642 32.899531860664815 -90.45519514387226 0.5274912705645183 -0.246926560562007 0.8125272378881223 -0.024077393072057463
1732217939.317204 32.87661124205587 32.930961235853566 -90.65249426148932 0.5367186044101393 -0.24212665741357095 0.8077568373619672 -0.028925994274289057
1732217940.517179 32.12925748799307 33.00054669771147 -90.94908965435937 0.5467728492233972 -0.25179535919377716 0.7983541979589037 -0.01640497003960982
1732217941.716406 31.51719700527633 33.04833280966918 -91.18137310721441 0.562446410289847 -0.2449166117869674 0.7895450164583303 -0.016986930525314647
1732217943.116129 30.85287352458845 33.03561944145326 -91.25929076064097 0.6470395063458354 -0.21794921763443878 0.7304343880172716 -0.0174247112488973
1732217945.448512 30.02284871024186 32.88019473499389 -90.96954710472916 0.7859718438667563 -0.15963069641097824 0.5971633064839794 -0.01273918369276958
1732217946.648228 29.40392547639167 32.81296888203087 -90.9103317432279 0.7336319292373316 -0.17249306113289456 0.6571088081608663 -0.015438604273707237
1732217947.847897 28.72740047130589 32.90670274672245 -91.31568671450023 0.5572806028046693 -0.23776716547680618 0.7955494307230323 -0.002491592873801193
1732217948.64772 28.04534382237497 32.94010800637278 -91.52739145754107 0.5814860535070224 -0.2294684080851801 0.7805243231046777 -1.7597338446022517e-05
1732217949.447338 27.2735001704027 32.917312776957985 -91.6526820209855 0.6306465260067025 -0.2052259442564914 0.7484024753532768 -0.007810628962955228
1732217950.047039 26.586018836516242 32.925286448863396 -91.74485376957836 0.6484822871925521 -0.20958628103173602 0.7318089203758477 0.00013438429588063974
1732217950.646774 25.89689348484415 32.90216498125292 -91.82423372780498 0.6545406658518117 -0.1977994670412388 0.7296860696369324 0.003182351689328127
1732217951.246594 25.178472583825496 32.9008701376365 -91.90408985894365 0.6625708617999676 -0.20531261110008334 0.7203001576584375 0.003777260137234452
1732217951.846406 24.50904629685474 32.87342580530334 -91.97532321285699 0.6664449919199553 -0.20217147248914302 0.7176105570264105 -0.003585652050472885
1732217952.446301 23.770938355584097 32.86713029019607 -92.0346691014872 0.6722753563926485 -0.2033997334190634 0.7118105242601122 -0.00041374477124525507
1732217953.045958 23.10329452325878 32.83023832734733 -92.07463984964141 0.6775159897503168 -0.19113509722403654 0.7102242801647205 -0.004574943312339537
1732217953.645781 22.409954764666537 32.78809260817643 -92.10742909789472 0.6844597943809111 -0.18650497327481255 0.7047867678289175 -0.002509325222026281
1732217954.245603 21.693531214765404 32.76970081915844 -92.12430435123005 0.6935158469477761 -0.19243441956579826 0.6942579248494464 0.0032707770366585264
1732217954.846132 20.96989365849265 32.741769026062855 -92.1596291387683 0.6834185817302826 -0.19271521164778777 0.7041300003805524 0.000912090675614696
1732217955.445389 20.30535273499638 32.737809087586875 -92.29080745738673 0.6373609650691673 -0.20401080643311034 0.7430649108548948 -0.002264800392740346
1732217956.045043 19.646957617486468 32.746356090113 -92.47721440148568 0.6087903011052287 -0.21125504916667046 0.7646528309383308 -0.007191774453429293
1732217956.645148 19.00237880356265 32.760303114431714 -92.65927809225096 0.5979423695424763 -0.21361450827875514 0.7724798370560486 -0.010424293770556656
1732217957.244596 18.304796136282082 32.781322411530155 -92.86810742895783 0.5931317595206742 -0.22197663743788734 0.7738382955433798 -0.009766300742596023
1732217957.844548 17.647500913826537 32.80277921136599 -93.06008543095736 0.5881706962257517 -0.22415890870485977 0.7770143602011435 -0.007529926345487672
1732217958.377519 17.014959238358507 32.8403463300605 -93.24603025375892 0.585233672305288 -0.2307549416742471 0.7773375698388859 -9.060881268060627e-05
1732217958.977333 16.346056124736062 32.84140021633173 -93.43603154339475 0.6030739135199908 -0.21687541915515476 0.7675653769485097 -0.010502357252111204
1732217959.577155 15.703808803531762 32.81379741708254 -93.49990722540613 0.6542294381896044 -0.19996532065562644 0.7293255062061189 -0.009056419733826518
1732217960.176952 15.027778507214409 32.775150598291994 -93.55167551795894 0.6704887250536582 -0.19672605685257266 0.7152150974779843 -0.014529021670970314
1732217960.776861 14.347678160810213 32.72474691446762 -93.60529566216665 0.6759850168975353 -0.19205304169468243 0.711191986232205 -0.019127070474870268
1732217961.376589 13.632458356909014 32.69009644230959 -93.65141375794944 0.6842947711836127 -0.19763898934538168 0.7016951538958556 -0.01741858261670206
1732217962.176449 12.64584579860353 32.65211860021287 -93.69714330748535 0.6903491635138821 -0.20982424972250224 0.6923065204490172 -0.01017341672432598
1732217962.576302 12.167082697437323 32.6352477415584 -93.71264309063878 0.6964663547875188 -0.21479798229113353 0.6845947779997816 -0.011244260227931322
1732217963.175971 11.428675713507374 32.61803783208493 -93.71886481860524 0.6991641558498414 -0.2123359485015142 0.6826862118910326 -0.004739645832051954
1732217963.77662 10.673820700679522 32.613588737784106 -93.69014358014716 0.7024722555748386 -0.21025823835046656 0.6797736767331781 0.0152299630338911
1732217964.308882 9.983822457669742 32.60267719164644 -93.65985085300393 0.7052671161849138 -0.19951328010774014 0.6798521155788303 0.024368972728752148
1732217964.975344 9.188239676373378 32.596234585123774 -93.53315799181617 0.752820395234981 -0.19025835983632083 0.6286577673225993 0.043042079592007405
1732217965.575158 8.647348521216717 32.512724096204906 -93.23548639772143 0.8405369497393915 -0.15950311677117607 0.5168551788619248 0.03028392224742187
1732217966.175103 8.039813614218417 32.396185354364945 -92.959593835735 0.8474356094110325 -0.1484941360957437 0.5096922490947559 0.004023761928844164
1732217966.774875 7.4392514001297325 32.28074333894069 -92.6440827364946 0.8542086214352457 -0.1479286505117007 0.49840475547033086 0.006119244074533889
1732217967.37454 6.844013380360221 32.16195177668525 -92.3027982485238 0.8611179210615727 -0.14741900383082876 0.48652071208858994 0.006415609474761313
1732217967.974352 6.239523330267943 32.01497457883488 -91.94682002206108 0.8649930680632911 -0.13092961807930406 0.48439680714520983 -0.0020397400787339637
1732217968.574162 5.670639148304015 31.87212599593709 -91.61317463573154 0.8694065753750273 -0.12440220187166952 0.47815712981162534 -0.004696602437466201
1732217969.173975 5.084885427019783 31.74270154466758 -91.24450732301757 0.8745330077633132 -0.12383634641901993 0.46887502403271125 0.003576237738946331
1732217969.773733 4.580303092311684 31.609266853214212 -90.89889750775501 0.8771757779083329 -0.11727892898951506 0.46551496993286023 0.010203932300428131
1732217970.573636 4.0495226739495065 31.463080179158936 -90.53314663656475 0.8827273695335356 -0.10489708043304356 0.45802702607212076 -0.00048680648864536115
1732217971.573164 3.4069020713147706 31.273373210830638 -90.07624647265358 0.8881550999723861 -0.10099114446280207 0.4483087346940497 -0.0007651994213919442
1732217972.439678 2.8397432660861974 31.117638192024984 -89.65312958844463 0.8909819761264406 -0.09714827919485576 0.44344490988447255 0.008363131282789841
1732217973.306065 2.275445695331285 30.937959247349003 -89.22503356680849 0.8961842964331805 -0.09219908286307446 0.4339915365218033 -0.002093364090937322
1732217974.172315 1.7404682947782386 30.77330929016421 -88.8213685534533 0.9013629530032827 -0.09484441551378033 0.42254796503848724 -0.0016065618210354745
1732217975.305366 1.276689815483393 30.585127554138953 -88.295913477212 0.9333442538096037 -0.07380889897496738 0.35129662944593876 0.0033805994468171143
1732217976.571489 0.8719323976132364 30.374507089131228 -87.63150151039011 0.9541687328610248 -0.061962537348304376 0.29264609728701674 0.008996384741909547
1732217977.704538 0.5730893938552051 30.10903143035506 -86.90244331108642 0.9751568763483 -0.031632517451751836 0.21924510142991377 -0.000189339055876791
1732217978.504173 0.3388988118503684 29.89495235864806 -86.27848255312647 0.9801688480675533 -0.021515959194083358 0.19698131952273207 0.0021101035442425975
1732217979.303915 0.10293063036605384 29.669052153314073 -85.57684429566379 0.9844152657042375 -0.01616395788740828 0.17479378131529408 0.010604014681747003
1732217980.103657 -0.2536523969590602 29.465829464654654 -85.01102080309006 0.9562981797927413 -0.050599531297990955 0.28795535778159764 0.003897522595886026
1732217980.903685 -0.8371874002175846 29.280305235689482 -84.53429342270515 0.9158771426682677 -0.0876329819383295 0.3917768806900147 -0.000629103495461891
1732217981.503336 -1.3423682037758005 29.125382053799644 -84.08923892766862 0.9123232967338892 -0.09302054822776476 0.39868297450909557 0.008078717756797282
1732217982.102984 -1.8338303942120682 28.959217221000145 -83.66212319622635 0.9114505771442152 -0.09104287301352246 0.4012046879735358 0.0019593481004142673
1732217982.702905 -2.3907327952317536 28.79389024747507 -83.18957324090475 0.9091581634952925 -0.09486523822343872 0.4054326352838626 0.007509898365461154
1732217983.302616 -2.9372842404349564 28.621417007024192 -82.73044544366707 0.9087117427149458 -0.09668396755121385 0.40605361407289053 0.003954942334099149
1732217983.902514 -3.4666462569300425 28.45876117521188 -82.28054781074276 0.911474072207595 -0.09752174291101531 0.3996291670031263 0.0010267586323207659
1732217984.502185 -3.938919530660302 28.26623848901247 -81.76386362126821 0.9344494263411464 -0.0802328677596042 0.3469392704528473 0.0003148958848884639
1732217985.101987 -4.268568332874136 28.05970506660578 -81.18716212301105 0.957472199723908 -0.05380760772632622 0.28345677644512723 -0.0019959944809438725
1732217985.701809 -4.623166594106887 27.843122102434315 -80.62330802404803 0.9601846187801639 -0.049052764327012964 0.2749993118853303 -0.0038344011872390306
1732217986.301616 -4.967610357687246 27.635779074695307 -80.04701019428363 0.9620865421725986 -0.04610065181547502 0.2687481097105335 -0.006218424203614898
1732217986.901533 -5.307261526555004 27.423962626605892 -79.44937075208004 0.9637138284922606 -0.04149594778343396 0.26367753565142166 -0.002810744231940181
1732217987.50119 -5.648347601957649 27.205955504510897 -78.86374950567945 0.9655117942516127 -0.03821623108478526 0.2574699469042575 -0.0059767285219232144
1732217988.101058 -5.967193676522281 26.99286573305242 -78.29092246136673 0.9678378410060022 -0.03800083955055126 0.24856058505482942 -0.007967764272014023
1732217988.700801 -6.277684675075263 26.792126668497612 -77.67972371208131 0.9697135732614698 -0.04094222942454585 0.24078671778045932 0.001037411554577042
1732217989.300836 -6.605124051659416 26.59231422875899 -77.05046747591247 0.9710613899936426 -0.04001963062230074 0.2351159855570969 0.012596799751700648
1732217989.900536 -6.915703282443145 26.38409038196578 -76.42953416629601 0.9725720945695427 -0.03338928301048513 0.23003976437624885 0.008389484512064097
1732217990.500252 -7.186327852290826 26.173090961924053 -75.80670533374452 0.9759068120437774 -0.022356580966639793 0.21691656452865177 0.007299419642736254
1732217991.100157 -7.453469268972135 25.95366827984463 -75.15754577233946 0.9786164503042059 -0.02068333645865859 0.2045600360441003 0.006102002996549264
1732217991.699873 -7.707115679869789 25.745468836753343 -74.5603582706687 0.9807930404418708 -0.021813665249420414 0.19381109140426325 0.0025370608714469695
1732217992.299784 -7.974709343825743 25.546908229691397 -73.88134234537459 0.9821996411324575 -0.03201736807929517 0.18436646688098116 0.016363342884956094
1732217992.899384 -8.218132858086115 25.35898988602269 -73.22088068326933 0.9829389851281503 -0.033011024014754003 0.17917078776715345 0.025279490098439786
1732217993.499381 -8.436286241468581 25.144275240976768 -72.59768320640491 0.983626733549772 -0.023419698944601386 0.17863570340049437 0.004387734969280527
1732217994.09901 -8.639999338093423 24.940137079751164 -71.9849093076138 0.9844365824039907 -0.018811825145698208 0.1747219687498198 0.0017216549089361926
1732217994.698975 -8.860521444013923 24.72239042435535 -71.3599936180724 0.9855628573170514 -0.018811703071362797 0.16825667506409636 0.0012905041570536243
1732217995.298722 -9.061730373313287 24.507080740181266 -70.69963767808474 0.9861678216746931 -0.011490722352470938 0.16508868878753952 0.009312122616263626
1732217995.898469 -9.250397689078833 24.30836318871447 -70.05419671759238 0.9862904661681932 -0.0033888488650360054 0.16403121935434828 0.017702856442501715
1732217996.431553 -9.434605706914851 24.14394432796831 -69.46597280763257 0.9847773663519431 -0.0024981472603248195 0.17206216774634786 0.02453382179001788
1732217997.09809 -9.77114655266896 23.945566395867797 -68.81892232035631 0.9666487943115806 -0.014269475386386683 0.2544663504369365 0.02516678413049628
1732217997.698014 -10.064577953695963 23.742014235774313 -68.19763054187037 0.9662858297414002 -0.00017444153642041281 0.2564367330416198 0.02306223662321635
1732217998.231093 -10.320684208142623 23.569044900583798 -67.6560132743124 0.9660026578043083 0.008517341698093296 0.2572246809660041 0.0245312761051637
1732217998.830747 -10.663388076103226 23.372517152502425 -67.10781275985431 0.9568559549564911 -0.004049974250783344 0.29006729770470596 0.0164694254653523
1732217999.430599 -11.032080535876306 23.17007575201768 -66.55333241667255 0.9543469935007503 -0.013287650959789761 0.2981031359849342 0.013408006712307725
1732218000.030379 -11.433212443195963 22.981042874978094 -65.97772022969896 0.9540905049568251 -0.024521607117002655 0.29808669323706444 0.01594749041768026
1732218000.630252 -11.819164369853612 22.802832450715233 -65.41327645248715 0.9558934319251756 -0.03265891004569604 0.29102142367356004 0.022531608019651803
1732218001.229944 -12.202437536156257 22.602544416442182 -64.8463033287071 0.9585094550693184 -0.038390364893570755 0.28199360065226575 0.016291519794883795
1732218001.829896 -12.56381925424276 22.402021931086555 -64.27743804279761 0.9596698450201733 -0.040549831510638255 0.2781292373491917 0.005798883941967519
1732218002.429565 -12.932235348047248 22.199558351241826 -63.72309932659705 0.959566845866344 -0.04533984388814079 0.27778896631936395 0.0030094952291192796
1732218003.029788 -13.30165112109373 21.994797820488657 -63.137065624913745 0.9595423638104705 -0.047331438149892956 0.27752548059779236 0.004218368718121298
1732218003.629283 -13.67389486332239 21.7873231657513 -62.560690046590565 0.9596658183089495 -0.05007953421208229 0.27664540457806025 0.0009367755102738441
1732218004.228963 -14.044322284912765 21.585025107377874 -61.99920120666861 0.9599834402809508 -0.053623194582011036 0.2748596120038022 -0.002922512324872836
1732218004.828841 -14.416483542140986 21.38236046794732 -61.4460610030356 0.9606111462440086 -0.06431028523229827 0.2702380832925756 -0.007860741915829533
1732218005.428575 -14.82398375468259 21.185314298281376 -60.887905285142196 0.9534517406347841 -0.0752633929965009 0.29200067077198516 -0.0008990127170746605
1732218006.028545 -15.21510378351004 20.961865163169755 -60.37799477941313 0.9508445822517925 -0.07420819689473496 0.300017791762285 -0.0194177378221249
1732218006.628282 -15.633531421245292 20.756421431040742 -59.875341046182896 0.9446073609346014 -0.0808858685180013 0.31720946699405983 -0.023506679723020705
1732218007.227951 -16.08204868043619 20.53916225074649 -59.39958996476866 0.9314164081758579 -0.0867948900440354 0.35241103046955713 -0.02714014086942797
1732218007.827915 -16.563970870929303 20.34223586705355 -58.94992272228715 0.9224562605565926 -0.09218490532594019 0.37393631083360157 -0.027350064536510506
1732218008.427638 -17.05550289121029 20.145521234709822 -58.48460520808456 0.921248879021575 -0.09796485801800651 0.3756953096987187 -0.02358863636133063
1732218009.02744 -17.524380237004504 19.952135788765702 -58.066444486375055 0.9193296927986094 -0.10021720907610784 0.3792301479216741 -0.031207721017647076
1732218009.627308 -18.035892435874374 19.756550309614145 -57.603489205752815 0.9175499633174632 -0.10583321813972492 0.3826602181663654 -0.021738265505348926
1732218010.227115 -18.552598951149314 19.55793455411063 -57.17942536510777 0.9108036489931951 -0.10466194711817083 0.3980184454058309 -0.03261758609767453
1732218010.82691 -19.074507813909445 19.363329596786148 -56.808733897303824 0.8951705440116148 -0.11337609257443627 0.4295570144405778 -0.03600458458863009
1732218011.426579 -19.608788038033218 19.184686480743782 -56.46259978071437 0.8879936587006414 -0.11424671390939783 0.4439464336285123 -0.03642134726884703
1732218012.026401 -20.162454640548418 19.010733151735653 -56.10758005634597 0.8831906998840972 -0.11871311181617236 0.45229018165365026 -0.036262601959424594
1732218012.626153 -20.69158076341805 18.800511994776922 -55.792157500964116 0.8776386042355683 -0.10467638417466439 0.46460421085040404 -0.05418728828456818
1732218013.225967 -21.24946297544477 18.613791148034682 -55.53624959845479 0.8543324666616311 -0.11633266642467611 0.5028779516465373 -0.060798954581151934
1732218014.025703 -22.004173205226763 18.38922258591137 -55.18344217261705 0.8459560296007306 -0.1284104679300404 0.5161841888191835 -0.0377230820750031
1732218014.825459 -22.81097046321773 18.183481913047174 -54.80084556624752 0.8433422592149212 -0.1302806665499255 0.5205215533892275 -0.029293245003672967
1732218015.425366 -23.260684682121187 18.059144065141595 -54.603011286711926 0.8388176291222919 -0.12967949689521865 0.5279258320195841 -0.02936884480346643
1732218016.758132 -23.95358432337705 17.796182820511994 -54.060920021882566 0.8805789448291039 -0.09342189980951263 0.46340695533095083 -0.03327257595289668
1732218017.358149 -24.487585396792053 17.61249732500894 -53.747618884696855 0.8699839748952144 -0.09553127032261825 0.4831018170822464 -0.024784958097632925
1732218017.891321 -24.989565088047083 17.458080502401852 -53.53585081309445 0.8402940884584709 -0.09602792105889771 0.5319392841706158 -0.04153409725642959
1732218018.55751 -25.58560700493303 17.301182060595245 -53.40445060104982 0.7869517508008129 -0.10154205227868629 0.6069671011333002 -0.04457680644018525
1732218019.357275 -26.259244127878812 17.064230432394226 -53.36270592714158 0.7100957484882652 -0.07464085991132098 0.6982536161250177 -0.05132891562195048
1732218020.35695 -26.806551977993657 16.799798683949355 -53.26838942397538 0.7182200624768077 -0.013505883464014939 0.6932622286175311 -0.05800875226998941
1732218021.556526 -27.527057043797313 16.504427383723282 -53.195421700921024 0.7151055349209994 -0.004915799489013462 0.6974935544502292 -0.04585466542370883
1732218022.62323 -28.12685336275063 16.327405527508155 -53.32382905877838 0.6639857733548232 -0.06232651735986988 0.7418718095279165 -0.06974608407618307
1732218023.62266 -28.73260548781349 16.461672713334664 -53.95671455757861 0.4706562673694954 -0.24233410732314675 0.8464270203571959 -0.057603451484669284
1732218024.555622 -29.31214655187221 16.664770452151398 -54.69944806945493 0.33809569686046553 -0.28636259016743976 0.8947939927793425 -0.05505885217685858
1732218025.155341 -29.761188243702883 16.779199477911064 -55.25168598223666 0.32990817454249094 -0.27554937216907494 0.9012541667658758 -0.05453500485391748
1732218025.755319 -30.290272275455184 16.914495661985555 -55.810318587215825 0.36359529246155425 -0.2780957479859981 0.8870377057974967 -0.06021068630582707
1732218026.354971 -30.806402842168115 17.04085993186461 -56.33216904182956 0.3727736386989374 -0.281871498388495 0.8820367142651353 -0.0599958946574069
1732218026.954729 -31.246743837737785 17.142073078574136 -56.7684083360017 0.3673635645869913 -0.27931651614520075 0.8852570945347632 -0.05784610443509915
1732218027.754624 -31.680987396292267 17.28795951943177 -57.33542740599387 0.32010308144054267 -0.2865948729389106 0.9013765277590782 -0.0540162129585812
1732218028.554433 -32.099044859504126 17.43807526549421 -57.920604458766725 0.29184694978443826 -0.29104839658615433 0.9097205653675379 -0.05024621073788144
1732218029.354078 -32.532779956746964 17.61174752763927 -58.54427715741047 0.2803732594720326 -0.2893807734447292 0.913887307959497 -0.04959427067819571
1732218030.153679 -32.95994846350955 17.795238042843003 -59.212074966884884 0.270826808911047 -0.29227044117110307 0.9158864542946664 -0.04881425644473118
1732218030.953471 -33.37998924602532 17.952050922021037 -59.79052067972355 0.2827787715629654 -0.2940979309047639 0.9120883039464166 -0.04046602519430699
1732218031.753158 -33.763581615503895 18.092701983361373 -60.33395777647068 0.27854160015442464 -0.2876383429807585 0.9156386221668479 -0.03584235242130169
1732218032.619951 -34.16967471641988 18.30838213847078 -61.069867007224815 0.22982736518053806 -0.2944738045935295 0.9270947812027012 -0.030981079534114858
1732218033.2865 -34.48337368910444 18.480167011716382 -61.65898026781517 0.2225141562344671 -0.29669106500979736 0.9282395398311356 -0.028865531567889655
1732218034.152411 -34.78375370191157 18.657805470244714 -62.286794981411916 0.2149627747136199 -0.2935612312057438 0.9308817038631403 -0.03274236450298491
1732218035.152132 -35.13513448827085 18.886649965471086 -63.014486615639484 0.2051485144568231 -0.30034721165053085 0.9311371796709128 -0.02625246853932332
1732218036.151674 -35.489528694096514 19.088081194602296 -63.738093747879134 0.19998044246366967 -0.29602978330411095 0.9337056499002205 -0.02383168842870437
1732218036.95144 -35.757072774838285 19.257897158188914 -64.31265607814164 0.19680240801861376 -0.2988758762758425 0.9335018906108116 -0.02272098159109258
1732218038.084499 -36.142081669992315 19.494951527580955 -65.12229480779365 0.19156104749094097 -0.29822711475119573 0.9348201826926316 -0.02182152932004452
1732218043.149437 -36.365341238138555 19.647636376763487 -65.63192988391717 0.17793415627317444 -0.2955362572622404 0.9384097341204922 -0.019619571419563053
1732218044.482233 -36.52491018266771 19.910346577177194 -66.48880664021004 0.09249086640371418 -0.30326829311607917 0.9482209904323615 -0.018727929031833082
1732218045.082049 -36.7164186928685 20.168201732615366 -67.37341821152744 0.08689841334741151 -0.29502447443716145 0.951328781916726 -0.019564609314201557
1732218045.348636 -36.85289891630332 20.381951487729403 -68.03917743444556 0.08545481942307345 -0.29960235562879367 0.9500075701974058 -0.020530925616465
1732218045.548635 -36.97425441771294 20.56121892864434 -68.58380176760927 0.08597904778763284 -0.3052088174700648 0.9481873060075839 -0.019900095631347037
1732218045.748587 -37.08872150138765 20.732283534840747 -69.14900101318956 0.08415967499072362 -0.30266697497383854 0.9491383497058994 -0.021124499596518565
1732218046.148385 -37.31546779902101 21.078405361225723 -70.25179859324822 0.0838306854143046 -0.30917141206917026 0.9470365159392209 -0.02252313521304101
1732218046.3488 -37.43509890913819 21.248317666896025 -70.81742768722225 0.08205321254508596 -0.3027807432043864 0.9493156201197662 -0.01977233552856022
1732218046.548344 -37.548913368521454 21.42157240767097 -71.38567398842459 0.08055849739471577 -0.3028972602466391 0.9493829161397506 -0.02087239264120911
1732218046.881424 -37.710489052764096 21.669291671032354 -72.26037456818975 0.08059799623606262 -0.2983941992066048 0.9507302868579613 -0.024016380525779597
1732218047.081536 -37.819708667583676 21.83960736605973 -72.81791622856656 0.08338749567128464 -0.3024299826047623 0.949173562507213 -0.025537803835109528
1732218047.281315 -37.9294813170129 22.00940585172576 -73.40194688579237 0.08199901511279088 -0.29897530526891986 0.9503497651405135 -0.026930507927986427
1732218047.481241 -38.04531087506184 22.171821285572296 -73.94760749882012 0.08223849383152942 -0.30182027013703205 0.9494676082765867 -0.025546340251955825
1732218047.681177 -38.160543500998926 22.339198598741707 -74.51375112970558 0.08431735341033594 -0.3016621396813069 0.9492278717707388 -0.029274303584644258
1732218047.882157 -38.274607752583684 22.49740380546962 -75.07112738271913 0.08372811929927042 -0.30002367341806574 0.9498485277795409 -0.02762556248071346
1732218048.147691 -38.41884057867256 22.704153501286182 -75.78495560486832 0.08494792451840212 -0.30007556856756834 0.9497236010128172 -0.027633040877069873
1732218048.280998 -38.5068980271515 22.821425334452176 -76.17472702224964 0.08909117357002333 -0.29810067278277025 0.9499530316263445 -0.02807114857452477
1732218048.547632 -38.677549643731815 23.02924571731305 -76.8951151421085 0.10174902470404784 -0.2964528186077007 0.9491993730685677 -0.02798950656161894
1732218048.747513 -38.81730474277959 23.178261604007208 -77.43519009501402 0.11463162291404652 -0.29701819274159086 0.9475095163526495 -0.029419392070184604
1732218049.080766 -39.055487196948164 23.405720479537223 -78.26053936325667 0.11946543235419706 -0.2918369752780861 0.948473447909223 -0.03094040956665925
1732218049.280677 -39.18569060182426 23.543005874116385 -78.76299136752124 0.1198466403653987 -0.29413171045537084 0.9476940494348735 -0.03161183897618494
1732218049.480704 -39.341477826214614 23.68717971904853 -79.29396051302759 0.12032469537052931 -0.2940715180198455 0.9476695785387352 -0.031085042797283212
1732218049.680643 -39.49094192744304 23.848561806882415 -79.84168003002145 0.12232598774842741 -0.29615206347726025 0.9466939713872514 -0.03317879682216549
1732218049.880439 -39.64535230048094 23.991994468189937 -80.388083930647 0.12226189852248112 -0.29243838631971225 0.9478874382370756 -0.03226798426854919
1732218050.080375 -39.8084592801291 24.144141581479044 -80.93747324665917 0.12454184917180504 -0.2957484374784475 0.946518727238125 -0.033533394123534
1732218050.413597 -40.05001747111907 24.37691512447684 -81.78319838589805 0.12806122266036143 -0.2957779481256619 0.9460857198608719 -0.03221085730995947
1732218050.546901 -40.16075330039718 24.48197377188523 -82.16874604691998 0.12938461096709283 -0.29368207741703517 0.9465701268624022 -0.03186620122644899
1732218050.813653 -40.38688197216047 24.696631660103037 -82.90837806937759 0.132201849780054 -0.3015453330540318 0.9436573551625802 -0.03322467570389476
1732218051.013417 -40.54785186182809 24.82991898472606 -83.43760801581024 0.1336903422047439 -0.28767832865409004 0.9477540979107448 -0.033619064790057406
1732218051.146719 -40.66735746335772 24.93191910193878 -83.82324377350133 0.13519062022752465 -0.2869081760214515 0.947879621631431 -0.03051913547917268
1732218051.413282 -40.903074507300765 25.123733658632297 -84.53800807905226 0.13772454005394907 -0.2874714878281306 0.9474510226141708 -0.026993601096758166
1732218051.679932 -41.133318199147865 25.334917497300854 -85.25515334730956 0.14205583107804326 -0.2893437277693189 0.9461031008530252 -0.03145267259822466
1732218051.879806 -41.32278103679748 25.476845244834497 -85.82150750531848 0.144258919755611 -0.2893302209522942 0.9457778175165669 -0.031332207203453054
1732218052.213155 -41.601224992822175 25.72661218332911 -86.64547975654676 0.14938695029420843 -0.295276211138665 0.9428713727915629 -0.03858850330790152
1732218052.413084 -41.780637195527284 25.834182539694808 -87.1658974715911 0.1488141808966635 -0.28022112395993515 0.9475198630314553 -0.039199112382015976
1732218052.612998 -41.985419278703574 25.985821717747715 -87.74233923804091 0.15073425058308335 -0.2844300079587691 0.9459693990397848 -0.0389955427457958
1732218052.81279 -42.1706698298821 26.134543901551574 -88.28209465285943 0.15205851016528024 -0.2877623138666654 0.9448780241397415 -0.03572925555054744
1732218053.012904 -42.3656582338734 26.272594280303043 -88.81956408986068 0.15300847007249047 -0.28902363007425413 0.9443917459551753 -0.03432170620048176
1732218053.212665 -42.5553939284698 26.402280459583515 -89.3460050118226 0.15204214857673032 -0.2830580693997194 0.9464299626234319 -0.03211915709486232
1732218053.479265 -42.78407410868518 26.58278320425158 -90.02451893285503 0.14618436632469914 -0.2858969790285268 0.9466210739672718 -0.028312377958364793
1732218053.612538 -42.9076440699798 26.66955215046934 -90.39032262131146 0.1384366401737246 -0.2887149955683716 0.9468289092271461 -0.031527204809476385
1732218053.879139 -43.10673241805269 26.851610510791865 -91.07178503495872 0.11456552922140191 -0.285596907867162 0.9510038519316558 -0.030013652594933295
1732218054.21235 -43.29726107731893 27.08630941200753 -91.90850627773105 0.09573183683402313 -0.28368274784095 0.9535839434447816 -0.03220522935939739
1732218054.412353 -43.417684219144476 27.23255441856714 -92.45794359695779 0.09808951153770308 -0.28644684215368915 0.9525557648344388 -0.03105107449270599
1732218054.612225 -43.54532529583306 27.377063532617957 -93.01445311804885 0.10027228222822974 -0.2889736655043266 0.9514913974810159 -0.03322364491381335
1732218054.812166 -43.6655505487805 27.519284566017845 -93.54716082936055 0.10071460588545125 -0.2868595715673805 0.9520608377543363 -0.03388680533818923
1732218055.012112 -43.79673442769735 27.65737539111208 -94.08228622188702 0.10095376030564056 -0.28865841758121125 0.9514953137679512 -0.03378348882650521
1732218055.212156 -43.934574460375984 27.809909481741474 -94.63978433931955 0.10251126810110171 -0.29081501117187614 0.9506744707493374 -0.03370637706536662
1732218055.478635 -44.10231722961896 28.00058887032706 -95.362333554245 0.10180126987786922 -0.29073345129019074 0.9507365431256056 -0.0347934953363534
1732218055.611926 -44.189324573332854 28.105806102341948 -95.74809756051353 0.10293067047711528 -0.28981149518869503 0.9509789667557271 -0.03245888352722765
1732218055.878614 -44.36784527212891 28.29259310985845 -96.45254979287367 0.10333858558448002 -0.2883384741777977 0.9513232646179042 -0.03414831232948007
1732218056.211836 -44.556464882469946 28.51634847780149 -97.31073886458704 0.10390236785300136 -0.2886862884485595 0.9512370480150563 -0.03182142831389076
1732218056.41176 -44.69975639590302 28.657097853314113 -97.85582403365642 0.10336568755115555 -0.28803356934424107 0.9515744266820255 -0.02929689493218245
1732218056.611551 -44.842730498691985 28.803844356220413 -98.42102632519469 0.10519322085892231 -0.2874520159058062 0.9515407389692991 -0.02959640043610419
1732218056.811655 -44.974359712222075 28.942628269943175 -98.98024571207701 0.1056962631677056 -0.27888984141499296 0.9539694758884378 -0.0314800791142995
1732218057.01142 -45.10521367492021 29.093113275374066 -99.53648753452273 0.10721318471147742 -0.2880158334831575 0.9509906681189206 -0.03419008390971773
1732218057.211363 -45.238987332722964 29.248306279539037 -100.09308588485901 0.10879544594143971 -0.28676718647335003 0.9511246346479975 -0.03591742015060973
1732218057.477948 -45.417965916783544 29.425697266306873 -100.79525815734692 0.1096662849054044 -0.2855091404976086 0.9514198740226435 -0.03546914098340165
1732218057.611301 -45.52990754659754 29.522720037271817 -101.19160299483576 0.10953973598188972 -0.28439412467268244 0.9518888909457325 -0.03207128601693896
1732218057.877831 -45.704030655084544 29.709581117541298 -101.88454386546256 0.10964970930803879 -0.2859593408169557 0.9514077760382638 -0.03205371027073
1732218058.211136 -45.928534628466004 29.912325564076973 -102.75867312767451 0.11064463664178406 -0.28097460280466174 0.9528392940472492 -0.03013829259778747
1732218058.41113 -46.07115445603111 30.057245447804934 -103.30077847929944 0.11188539825208216 -0.28345816437755056 0.95201044198126 -0.028447232981936216
1732218058.610884 -46.22316798359571 30.18472455926065 -103.83405076002893 0.11363426743528923 -0.2802573180839267 0.9528205518509323 -0.0260016325513348
1732218058.810995 -46.36707317617763 30.31479422772491 -104.36627209657081 0.1151252973517052 -0.2778427809568852 0.9533704382279357 -0.0251865538115051
1732218059.010907 -46.51094789517263 30.441885130776946 -104.88884449816598 0.11677639284326895 -0.278894021553443 0.9528608986210965 -0.025248894931433813
1732218059.210686 -46.67173440495087 30.586426177996128 -105.44605264059564 0.11869097775359126 -0.2839739566553438 0.9511870962724941 -0.022679321553045244
1732218059.477264 -46.87015694472122 30.748285762523242 -106.16237709222861 0.11979017853561492 -0.2786095073009094 0.9526403905235076 -0.02243528272986895
1732218059.612022 -46.972650675613465 30.851698812536732 -106.54456953758672 0.12106640509494271 -0.27989006540913575 0.9521137406064695 -0.02199776786434611
1732218059.877288 -47.18357506768259 31.028435230971862 -107.27234448453481 0.12321657446174987 -0.2792279874137367 0.9519326439162643 -0.025954735008799506
1732218060.077153 -47.328743939041956 31.154659558089282 -107.79377770617037 0.1256472850751636 -0.2800358389749988 0.9514147149666995 -0.024550535384043698
1732218060.4103 -47.58664499297599 31.36304463081522 -108.65780036957581 0.1288057787363563 -0.27981068025469885 0.9510076078333155 -0.026449658271487018
1732218060.610394 -47.743731867734645 31.509637230383557 -109.18521170533833 0.1320189258556388 -0.28605497337586483 0.9487046153975687 -0.026516186494442814
1732218060.810264 -47.918560172038475 31.627059917625076 -109.73305635416543 0.13265912247197098 -0.2730877103976846 0.9523506173462652 -0.029205501106889135
1732218061.010208 -48.08174424754355 31.761655819344234 -110.26361217761855 0.1355802813984761 -0.2772818390354853 0.9507290069678404 -0.0291054006492499
1732218061.276643 -48.30602843271886 31.933487672501553 -110.96161416215875 0.13712110769012367 -0.2793704504328357 0.9499271112235244 -0.028079113471013138
1732218061.409936 -48.42942895425099 32.00808695783524 -111.34761366760829 0.13731091809564658 -0.2730871658117507 0.9517021653819665 -0.028846144420215873
1732218061.676684 -48.65320913439729 32.17583261708049 -112.05712065126772 0.1388318806631979 -0.27540906643296686 0.950870774202914 -0.02683888605721351
1732218062.009751 -48.95307137480771 32.40533601056255 -112.93759494272791 0.13864256094408933 -0.2829337049204806 0.9487673998710332 -0.02381553813781658
1732218062.209686 -49.112114669248555 32.523023538295654 -113.47083440878542 0.1375046062587238 -0.2732278979213032 0.9517694629986827 -0.02395596707165429
1732218062.409682 -49.28171461678987 32.646693268448885 -114.01274429749526 0.13648802369114166 -0.27042127303669294 0.9526775111588625 -0.025473794579062386
1732218062.60956 -49.440955244756395 32.79805187473497 -114.55896691861878 0.12539826633361453 -0.28028268292175407 0.9513631094483966 -0.02500252857982973
1732218062.809499 -49.58452474621393 32.94381298008891 -115.107026816526 0.10937861348153233 -0.2873629432552848 0.9512368980410301 -0.02464186603722543
1732218063.076092 -49.73545089111324 33.09141528283252 -115.79374453882218 0.08794499073409705 -0.269957635220484 0.9585055367286615 -0.025606441600590567
1732218063.209375 -49.80809207064541 33.18726076138561 -116.1621123501812 0.0819027963968015 -0.2739218535537103 0.9578697898592067 -0.02728031823793329
1732218063.475952 -49.94408121664608 33.35992676635309 -116.87081916241642 0.08698113710859737 -0.27576603544369693 0.956887808567734 -0.02744261826795178
1732218063.675982 -50.06039062221347 33.49064675514746 -117.43009364265575 0.08835351061801719 -0.27188222583200805 0.9579059293030091 -0.02626676691645748
1732218064.009082 -50.24059475543213 33.71724732382009 -118.3181523152966 0.09020229183489009 -0.2803589162197963 0.9551939914490599 -0.0294425430866236
1732218064.208998 -50.348151417698375 33.84238479903318 -118.86947629207019 0.09096276968891771 -0.2739121156379601 0.9567944439434937 -0.035246552684177694
1732218064.408937 -50.467663195509395 33.97581048513055 -119.41819947937731 0.09336822109492003 -0.2786939180313019 0.9550434304135091 -0.03878300357023311
1732218064.608877 -50.589839736251896 34.11359048149229 -119.97822857370483 0.09532084827868154 -0.277669133061395 0.9550482246624815 -0.041190739219007864
1732218064.875533 -50.72625433744535 34.28118948755223 -120.68814160876862 0.09699140221457885 -0.2764017591367754 0.9549343780999798 -0.047906878058904104
1732218065.008831 -50.81315598516517 34.373790287978785 -121.08264979735709 0.09642251784551195 -0.2738157443441708 0.9558960116043652 -0.044614472993041075
1732218065.275356 -50.97044885008378 34.56422844147429 -121.80627335065167 0.09844147879447387 -0.2825779536578897 0.952993365878752 -0.04756700484962048
1732218065.608563 -51.17536938808161 34.80811815764292 -122.72381831519189 0.09836231076670415 -0.28558108750602756 0.9521452567009018 -0.046772945400975034
1732218065.675274 -51.21834003276846 34.85900408656295 -122.92718986909964 0.0990862140228035 -0.28353895718556504 0.9524542347178263 -0.05117140526533486
1732218066.00844 -51.41478527140719 35.059684546622506 -123.81915916022844 0.10068793111822365 -0.27802202829082473 0.9538733611399834 -0.05187777192303469
1732218066.208376 -51.54417007399682 35.19957447300554 -124.3634568275103 0.10316322319621919 -0.2841951730197847 0.9517084564767961 -0.053305411381733295
1732218066.408492 -51.671280203682 35.321088192882414 -124.92252065416466 0.1031507151005025 -0.2750357016406429 0.9542954303795085 -0.05509559287350452
1732218066.608336 -51.794716194775454 35.43879973646095 -125.46401766825302 0.10321700011897612 -0.2692209737561989 0.9560871702555637 -0.05257034381580526
1732218066.876072 -51.96360644947225 35.62159432163755 -126.19197047541303 0.10377012451710904 -0.2788323829494248 0.9531576870900152 -0.05454069139332354
1732218067.07472 -52.09832586616029 35.72053155439551 -126.74600947451006 0.10268514207362323 -0.26184563819042506 0.9585504162187155 -0.045538148017856786
1732218067.274652 -52.224261914821355 35.88302953507568 -127.30846101643165 0.10907578765855241 -0.2892995160416161 0.9497974668590022 -0.04788563994534878
1732218067.541251 -52.40474331026768 36.03845211001539 -128.04628481673345 0.11129426686007701 -0.27432233573030956 0.953742238305502 -0.05231238051892197
1732218067.741337 -52.535813852900105 36.14572184631508 -128.56076646754468 0.11123470582249168 -0.26298509587602803 0.9572408378276919 -0.04642906377043082
1732218068.007762 -52.71756996386866 36.28482128646977 -129.2702132655622 0.11687579925067505 -0.26430522493801406 0.9560623920792425 -0.04926964655544658
1732218068.207697 -52.8625388027265 36.39116832687451 -129.81305484039004 0.12014443020325387 -0.26457292585955117 0.9555403263023238 -0.05009159214179973
1732218068.54093 -53.100459548094115 36.58115028401018 -130.71904731047078 0.12374586707600317 -0.26035717175954026 0.9563142771694744 -0.0486220811649119
1732218068.740867 -53.25443513508114 36.68515840840768 -131.24088452201912 0.12443807630262432 -0.2610888760096367 0.95584892528579 -0.05196725911694002
1732218068.940948 -53.414869122958265 36.80148202777199 -131.80049760298397 0.12658034484477312 -0.26552126271876675 0.9544010327805665 -0.05093666626898457
1732218069.140904 -53.567429477922 36.90884608073496 -132.3392293155376 0.1255895768840591 -0.26530694106679076 0.9548403552065532 -0.046036738252060894
1732218069.340825 -53.727970211771385 37.01975342746844 -132.87892223504898 0.12296965691126295 -0.2607114449339642 0.9567880029667903 -0.03827170414800081
1732218069.607513 -53.963319698024016 37.2106351055352 -133.6295542573618 0.12763381144895117 -0.2851392325266313 0.9494764992990324 -0.029993424745963268
1732218069.807144 -54.0957228531922 37.33947211569836 -134.1762134380752 0.12586180814087927 -0.2704504441361067 0.9533472554664713 -0.04630737535898325
1732218070.14053 -54.316982627582604 37.51017328828005 -135.03751818727497 0.10899184920397319 -0.2626282398726412 0.9576173491656588 -0.046002141313570305
1732218070.207176 -54.36362537453531 37.56582248240473 -135.24382742102117 0.10394432206680332 -0.2632368566471881 0.9579977724358141 -0.04628394128203441
1732218070.540399 -54.51639542081436 37.72578735994589 -136.06366727103665 0.07085599355270893 -0.2568428103129811 0.9628235936709783 -0.04451883240485344
1732218070.740195 -54.565002905234174 37.86490616943523 -136.5757773269913 0.047680496023701904 -0.27284567892536943 0.9597557552491403 -0.046375597644023915
1732218070.940314 -54.602811798218426 37.96698946382541 -137.1137831114057 0.0264846862174242 -0.26658107056834773 0.9621373850481613 -0.0502468556556983
1732218071.140246 -54.61832155419858 38.08908800955429 -137.64144612200806 0.01260863593508256 -0.2646592806012237 0.9628490625755161 -0.05213607377765654
1732218071.406642 -54.63620800627852 38.26077778865969 -138.33738276701956 0.01121690083930882 -0.27261771054590306 0.9603220080288157 -0.05775297332410338
1732218071.606584 -54.64489207601097 38.39742964907843 -138.89533500538403 0.010256507224122226 -0.2741310589487797 0.959709358725283 -0.06086799942735198
1732218071.939974 -54.65263719258057 38.61418328919356 -139.75498152998378 0.0087267240864169 -0.27754278880897887 0.958570545623296 -0.06353230461986047
1732218072.140182 -54.66149096983481 38.73862478144046 -140.30022687340215 0.006955555852977902 -0.2705292369561885 0.9606649620626467 -0.0623568990557744
1732218072.339931 -54.670496013125685 38.86515879821198 -140.86205936007408 0.008193444651557802 -0.27154294182801664 0.960071536569121 -0.06678280375916543
1732218072.541099 -54.6894583790863 39.00551781007121 -141.46447217593467 0.006520228534270345 -0.273989075152431 0.9592911531583801 -0.06817592528922271
1732218072.806301 -54.70252192291349 39.17881590467953 -142.21670629843914 0.006638693697246821 -0.2675442504724465 0.9607204461602777 -0.0734317786433643
1732218072.939873 -54.70719652897931 39.28066377414277 -142.62818624491854 0.0065167083468321675 -0.26764621591686777 0.9609607788837069 -0.06983850703532385
1732218073.207018 -54.709184643333806 39.4570574321739 -143.3826784350933 0.008399161448114083 -0.27042516847886117 0.9599378165742224 -0.07293195904994342
1732218073.539257 -54.71092401587195 39.67407375827489 -144.30183471825572 0.005672716449577329 -0.26768130440852855 0.9607305188401468 -0.07287941909327741
1732218073.739331 -54.717227871597395 39.81661959910136 -144.8756560953987 0.00550891508782854 -0.27982793652025206 0.9572634922876567 -0.07288747581452067
1732218073.93935 -54.72445816579721 39.92981781734862 -145.44777165787568 0.004173516209735271 -0.26327007508522515 0.9620361248319814 -0.07181882653825097
1732218074.139067 -54.738494229623434 40.063391349769766 -146.02851967908597 0.004204480414905953 -0.2665294688917161 0.9613259966168798 -0.06925816042390277
1732218074.406307 -54.776548431675366 40.21818499609549 -146.77218614139835 0.019554581204304533 -0.2587176173532718 0.9635275185723191 -0.06555557778587202
1732218074.6056 -54.80884556877141 40.33695675060775 -147.3543017911171 0.022054054462389644 -0.26401749994742374 0.9622436436047087 -0.062414331251856525
1732218074.938809 -54.86494976598068 40.5156253694981 -148.2859704816637 0.022333529258807456 -0.26120289265693253 0.9629823925121672 -0.06276283972255656
1732218075.138843 -54.893854454853454 40.641981638430536 -148.8339725973254 0.0240606591351247 -0.26602344811383694 0.9615733781678635 -0.06347635886257992
1732218075.338809 -54.92139059001195 40.774077910551206 -149.4112387903316 0.026311992660118185 -0.2639481442280256 0.9620316196402895 -0.06429789275798083
1732218075.538637 -54.98193110646532 40.89172648891493 -149.9720405767414 0.042853104778350214 -0.26195609639923323 0.9620829347979236 -0.06276178407873496
1732218075.805158 -55.06270964174862 41.033790096214574 -150.687058841506 0.05985184969698769 -0.2633352640646236 0.9607914424609646 -0.06286572103812246
1732218076.005259 -55.14464792101698 41.13825586347045 -151.23079352611387 0.06869661015606732 -0.25865671035285637 0.9614550554371832 -0.0631003828576882
1732218076.338331 -55.27625860464694 41.300278231351356 -152.09382459730355 0.07188477443028785 -0.2530817940817187 0.9627425979782204 -0.06252099445491942
1732218076.538316 -55.37273769586526 41.405237906150894 -152.64518471053546 0.07435583626519954 -0.25713895223636285 0.9615966106341897 -0.0606854782705628
1732218076.738188 -55.48433863304439 41.5164941071224 -153.21564652985728 0.07631500173266006 -0.2592742181733026 0.9611715214301196 -0.05569745679001569
1732218076.938123 -55.56976866702228 41.63076114215471 -153.75429340059435 0.07533964685621804 -0.2561135394890561 0.9620395761688455 -0.0566537411548107
1732218077.204751 -55.66657966126331 41.75627580293715 -154.44530669991022 0.05374536821891106 -0.2521554799031996 0.964602052607921 -0.05542498943965951
1732218077.404657 -55.69396939073254 41.879551311970836 -154.96313210332224 0.01759352562557865 -0.2699379056920393 0.9608687734090541 -0.05962545776795141
1732218077.605128 -55.653526685058786 41.95980567239499 -155.44276045562495 -0.046639526946738764 -0.26805838641354085 0.9602018264478555 -0.06310236513598906
1732218077.937908 -55.48109148218909 42.1049038396672 -156.1025036043114 -0.14831032110636463 -0.2583816508618876 0.9527392061544033 -0.05942201786787425
1732218078.137844 -55.31495261798719 42.266506924703755 -156.54897510183653 -0.1602653779621114 -0.2940463572358432 0.9394586801062978 -0.07258882004775298
1732218078.3377 -55.1524141294119 42.36959702403113 -156.96217775438265 -0.1495802465126874 -0.25274173483521467 0.9537059468004696 -0.06474822285676614
1732218078.604224 -54.983944267593984 42.531914153867916 -157.57366020789146 -0.0944724890532311 -0.2860605680435203 0.95049308525383 -0.07620495461163443
1732218078.737518 -54.95089040812307 42.58871028547495 -157.8575806198028 -0.04209595034828402 -0.2629608657947714 0.960722678604808 -0.07804773436264377
1732218079.137658 -55.05709106952692 42.75036515319377 -158.558624433205 0.11337215212956803 -0.2719986977114622 0.9529527223672315 -0.07102515397843852
1732218079.337665 -55.13197355417126 42.786475335416426 -158.78299982179252 0.12743824386669925 -0.2676677335742099 0.9527906525974561 -0.06560069150802555
1732218079.537336 -55.194974915734726 42.804256829110315 -158.9740489612222 0.11901440781675017 -0.2545775082090133 0.9578183539470502 -0.06008214284029373
1732218080.137082 -55.34706284934959 42.92359524117718 -159.59553663100965 0.11955180057360852 -0.25465358778239067 0.9577397137870917 -0.05994629132969141
1732218080.736879 -55.51317549625526 43.05201617907479 -160.25661211322225 0.12356124166097411 -0.2552498454091036 0.9567152314451419 -0.06539191004012272
1732218081.336639 -55.68264252170369 43.15813395247119 -160.89562050127137 0.1259415689255195 -0.2504885682047731 0.9576798902992825 -0.06514158527128243
1732218081.936454 -55.862529894242996 43.297843882181525 -161.55904720069498 0.13148917814907424 -0.2645849395973599 0.9531176718000701 -0.06536137598273425
1732218082.536268 -56.05045352602101 43.40590058243079 -162.21671834021504 0.13325727130933326 -0.25135362421791646 0.9562972292053982 -0.06752380802196653
1732218083.13624 -56.20842704299122 43.532199734581035 -162.8388152047714 0.11668022399942292 -0.25758687286141824 0.9565805513995691 -0.07062844286133196
1732218083.736033 -56.290627051192175 43.65654744873699 -163.4854279696341 0.07137493440914808 -0.2586710624835512 0.9606395491100351 -0.07187876499626894
1732218084.468952 -56.231786305691124 43.85733020587694 -164.31314511822274 -0.017336417372725767 -0.269427545582262 0.9598038134385033 -0.07671301078111567
1732218085.068834 -56.1689871744585 44.01392336635842 -164.94824391694164 -0.032034949313360706 -0.2638193429745239 0.9607985944006469 -0.07898846303557325
1732218085.668706 -56.10805782549427 44.164653670589395 -165.59966620968876 -0.03851938497082039 -0.2655290578365674 0.9599110773333006 -0.08112521210275382
1732218086.468309 -56.004038581663636 44.389385703787774 -166.52168975517534 -0.04869645843289834 -0.27029517344712073 0.9577316660138965 -0.08555249886198586
1732218087.068073 -55.92220232523698 44.55107209057524 -167.1859961606307 -0.056199111004613854 -0.2608570454657766 0.959874748503994 -0.0862306728348508
1732218087.668007 -55.82705435103667 44.73383016353712 -167.87713448717133 -0.049457171045981164 -0.2743014036183452 0.9563812553701554 -0.08745068657100298
1732218088.26769 -55.782280614331405 44.87723019516068 -168.56715559839319 -0.02481094267597087 -0.2561180778475854 0.9620489060674536 -0.09082868301149938
1732218088.867691 -55.72984935619684 45.041863209007666 -169.23772101103015 -0.02950495013882476 -0.2670247131585469 0.958888378761968 -0.09143488150124014
1732218089.467546 -55.68563100365243 45.19277444955262 -169.9101688846221 -0.030401085195079506 -0.26270513416519836 0.9599914175070632 -0.09207749353118992
1732218090.133737 -55.63975219733101 45.360114025479106 -170.65105573993839 -0.034311580625529615 -0.2620221615069061 0.9605549952286638 -0.08660948825324012
1732218090.666896 -55.58064302829258 45.49884488438687 -171.2660617414271 -0.032452747131658306 -0.2650919846954098 0.9594328375652261 -0.09034206692009947
1732218091.466637 -55.50287223824079 45.68960702422279 -172.1549220445266 -0.03660784602192615 -0.26212701087615076 0.9601348101271256 -0.08994688522076633
1732218092.133094 -55.452657790586784 45.84720580717841 -172.8922943441451 -0.02785082498569237 -0.25631835731039665 0.9621186134165085 -0.08861718214212966
1732218092.733336 -55.48404509881687 45.97223930805078 -173.55707934991415 0.002471174350309512 -0.25527680536839664 0.9633911552117921 -0.08188484596019356
1732218093.332664 -55.487003251784685 46.094812291064976 -174.21094925436486 0.0014555337131166805 -0.2510898094800121 0.964800107615121 -0.07818274325419923
1732218094.065774 -55.511309619714424 46.26574516645449 -175.0316427340284 0.0053369798027190635 -0.25926765473874475 0.9630321143307257 -0.07294481901100686
1732218094.665596 -55.51484748070984 46.403536561391796 -175.72347845884048 0.0092988318956158 -0.25729351112663745 0.9634116391327919 -0.0745090225474133
1732218095.265477 -55.53470685876383 46.52762820416174 -176.36540826917178 0.010611825715523927 -0.2522106048064647 0.9649174988397529 -0.07219016838168543
1732218095.865295 -55.54405107311136 46.68438794021876 -177.05797567074197 0.018029579868309865 -0.2605623301311171 0.9621959315605877 -0.07720877964757404
1732218096.464959 -55.564919194776216 46.79536579529381 -177.71401966840776 0.018206506659795698 -0.2518577533111486 0.9646091894177932 -0.07592961808843485
1732218097.064776 -55.59064105932398 46.92761739760941 -178.3825920153114 0.020724254596642705 -0.25057447277577716 0.9650927861420393 -0.07334066403538216
1732218097.731238 -55.63011979609926 47.072124790224755 -179.1462051243976 0.023065443078758456 -0.24960707532463658 0.9654119190867206 -0.07172251925829791
1732218098.331059 -55.67207552063346 47.21173450044183 -179.8277684683288 0.026316841563462628 -0.2517355334538225 0.9646490628732836 -0.07340865442534018
1732218098.930987 -55.708864988866395 47.324950119572385 -180.4750646080151 0.025007884514978696 -0.2468582463009196 0.9661688513193514 -0.07038012990585563
1732218099.663917 -55.77796691768671 47.50633354922523 -181.33349928176682 0.027951403725748277 -0.2562510900644104 0.9638097631735744 -0.06800616355787277
1732218100.263718 -55.831682470476295 47.613356306658446 -181.9839920025857 0.031286262113217674 -0.24803765280734685 0.9660028941434496 -0.06585515241258162
1732218100.863614 -55.88736435549109 47.74110131268289 -182.6639525492948 0.032986799782314974 -0.25468974274543843 0.9643714037559351 -0.063504343144317
1732218101.463291 -55.8877734611398 47.87909710027334 -183.34448085358042 -0.004438793895897995 -0.25402606985781856 0.9651050046916914 -0.06343014157631026
1732218102.063244 -55.68643958771869 48.0339010183732 -183.95912095703662 -0.12000115321786228 -0.2625775793433488 0.9550455896089146 -0.06738441823694134
1732218102.662933 -55.50207765736972 48.1673237687401 -184.58687327937392 -0.13124461499121803 -0.2572313850466578 0.9551776071235049 -0.06513527794214413
1732218103.26276 -55.37139202925922 48.32430504394723 -185.25331179536883 -0.10464034644891124 -0.26289787060230724 0.9569521244862794 -0.06463543122019726
1732218103.86263 -55.246986318844534 48.47937877741033 -185.90711274517244 -0.09121005495873952 -0.2623321870177817 0.9584366764247302 -0.06528159627956573
1732218104.462293 -55.205700345503104 48.62279069409214 -186.59318472932515 -0.04357820947787342 -0.25686462687886846 0.9634811493449323 -0.06185125685101613
1732218105.062081 -55.18378934038359 48.75916960211071 -187.26241037231358 -0.02244836709895626 -0.25912290663643395 0.9636857370874607 -0.06050776979094425
1732218105.728566 -55.19252203604571 48.91805000233267 -188.02251359326976 -0.008381384247262966 -0.25433975073257 0.9652104292788101 -0.06008220041584142
1732218106.328371 -55.20192918289507 49.05570529537756 -188.6881710461722 -0.004485849012102806 -0.2547298809416981 0.9652061458168925 -0.05890382832523314
1732218106.928273 -55.216814252271504 49.185464181703296 -189.36643852974814 0.0002670754437175281 -0.2564237817385358 0.964888134828301 -0.056900440219539015
1732218107.661387 -55.25117877969036 49.35011021441695 -190.19188064402567 0.00605808920478142 -0.25306030145806574 0.9658541908226014 -0.055221965299667004
1732218108.26104 -55.28637440993089 49.473057366568796 -190.86304520106145 0.01199070575135545 -0.2543955798853377 0.9655849670217047 -0.05277104672147854
1732218108.860929 -55.32122495935504 49.60188367906318 -191.50800079048827 0.01630225454339108 -0.25373543237492435 0.9657005540763283 -0.05267833246208026
1732218109.460787 -55.36287775023056 49.740475112277714 -192.18852752668104 0.022047432159368347 -0.25607074146951003 0.9650930551682728 -0.050369444749793185
1732218109.993782 -55.411942624582174 49.851258134131584 -192.7861946151659 0.026033643863917426 -0.2504700861332421 0.9664977183099848 -0.04969050051233504
1732218110.46064 -55.4377234950815 49.955148649433006 -193.3165667561625 0.005629856282855228 -0.25401840261085795 0.9658586032894533 -0.05059757212563556
1732218111.060367 -55.34007371214996 50.09041301335213 -193.95787542943623 -0.059183277933202015 -0.2584879132794416 0.9627275587858423 -0.05326336316619476
1732218111.793217 -55.22523778816013 50.25816988974881 -194.77886763100662 -0.07168773312837622 -0.25657414812896073 0.9622968889220841 -0.054911501542853895
1732218112.39324 -55.12877882846706 50.408351959742554 -195.43426915158423 -0.07498506364505786 -0.26084264792471334 0.9607820988893224 -0.05688683246234736
1732218112.992864 -55.02474952978787 50.572020430784505 -196.1261891794871 -0.07867182164593976 -0.26535276445135514 0.9591505359557406 -0.058556846335406754
1732218113.592615 -54.90460643652519 50.70294411091613 -196.7707895117176 -0.0861625985018571 -0.2563981460288587 0.9608959729695273 -0.059286815256996236
1732218114.192408 -54.78578395709693 50.85455431048635 -197.4432251058922 -0.09150914066866764 -0.26250535989592405 0.9589713589487491 -0.055596276098159696
1732218114.79224 -54.661961240367845 50.99801033573919 -198.10601903097256 -0.0942021467505136 -0.2591126583621013 0.9596037351803256 -0.056100421140017766
1732218115.392303 -54.53392174581793 51.15915010431868 -198.7667525074523 -0.09645539743691076 -0.26514922133370483 0.9576969222958808 -0.056646727676143364
1732218115.991861 -54.41139348073289 51.306173791156944 -199.43111747192316 -0.09877683183522987 -0.25998900257757585 0.9590110017799615 -0.0542840169507264
1732218116.791542 -54.23566302170068 51.51376628779728 -200.33537825787283 -0.09929236368378414 -0.26315435709221324 0.9579086389873691 -0.05746172822703128
1732218117.457997 -54.091127008528915 51.689939273410936 -201.08184197687464 -0.09906794478835013 -0.2619919176861594 0.9582327691708905 -0.0577558435972325
1732218118.057968 -53.965053079097345 51.8475541702421 -201.74359189681823 -0.1007517118058135 -0.2637753549608155 0.9576826810201433 -0.05581699703105328
1732218118.657739 -53.827099149952446 51.99878681967546 -202.39959640421958 -0.10169251202204457 -0.2642238929194656 0.9574892848644412 -0.05530494353048623
1732218119.390692 -53.66044584154673 52.18797256395835 -203.20933979168018 -0.10259674533724361 -0.26362998472864885 0.9576158465464729 -0.054268125462919835
1732218120.05714 -53.5207827852341 52.365488758095296 -203.9407364310744 -0.10249600901201959 -0.26524885621210786 0.9572030822014812 -0.05385045811096602
1732218120.723977 -53.3864171953658 52.53407535455368 -204.6695295078345 -0.10120851993512338 -0.26310602992487553 0.9579443162561813 -0.05361659689116291
1732218121.256719 -53.26724463745044 52.66787399137546 -205.23912542661316 -0.10013683683584663 -0.2645973116142446 0.9576032927974579 -0.054376559458017636
1732218121.923168 -53.12635604366734 52.841647741065486 -205.97294050721842 -0.09870124304695645 -0.2637974736512433 0.9579982804736401 -0.05392821270685852
1732218122.52296 -53.0078175358487 52.999937202728766 -206.62783784945427 -0.0979266603562576 -0.26598977766654985 0.9575668474038013 -0.05220670571406282
1732218123.189427 -52.82635936109993 53.160408715666286 -207.33190489177952 -0.12171549738989962 -0.2652747580206585 0.9549914892185236 -0.05297070862653141
1732218123.72271 -52.68180930911794 53.282593538507925 -207.84946636656105 -0.12870694536580665 -0.2670405462678713 0.9534749358124877 -0.054858141063406675
1732218124.389006 -52.5079582858413 53.440359041299686 -208.47986334419815 -0.13028787758598104 -0.26647214429069804 0.9533105497434736 -0.05671561530173168
1732218125.188824 -52.29915917107773 53.61703442841093 -209.19648273472532 -0.1312983007982267 -0.2680593969756981 0.952678064014348 -0.05752757813777255
1732218125.988692 -52.08418449857315 53.81375927450891 -209.96324305595985 -0.13301701058731255 -0.2677845200814044 0.9524982009479745 -0.05783686445562552
1732218126.721719 -51.890350619999424 53.99443320716412 -210.67270637380233 -0.13286851538209324 -0.26957783491964216 0.951834751988612 -0.06069887517058455
1732218127.388019 -51.7250988961088 54.14700456112095 -211.29483351256067 -0.12812065048040727 -0.267536290830618 0.9529387184693371 -0.06258778515884557
1732218128.187751 -51.598820856037015 54.33999437013124 -212.11687060907715 -0.0718238347853676 -0.2647023179334711 0.9597966592473514 -0.05970253374016482
1732218128.987656 -51.687586626022295 54.47768134297386 -212.82262045022014 0.01745266203680085 -0.25867547876931835 0.9645681278823037 -0.04889507076302151
1732218129.787341 -51.68426314179281 54.636878252124234 -213.5132514131536 -0.015463810054721527 -0.2652471759676086 0.9630650638120178 -0.04370914188764193
1732218130.586945 -51.43536740735901 54.79662675828775 -214.1614640101634 -0.15248824157268473 -0.2671660954599916 0.9503276369906011 -0.04740248928688873
1732218131.320129 -51.238056481194675 54.96475029578648 -214.8589564786211 -0.13814887251349758 -0.26604011360036833 0.9529287113447092 -0.0454358677001345
1732218131.92002 -51.12959464310952 55.11376214988572 -215.45661599719003 -0.10596644905474346 -0.2744227268898742 0.9548691980950257 -0.041086411018932976
1732218132.719751 -51.02448694880418 55.27989261367586 -216.1777025643719 -0.08411967933435469 -0.26761428701335405 0.9590614984859743 -0.03882673121519277
1732218133.519313 -50.92652268930807 55.44278368937842 -216.8785333160954 -0.07684744192036762 -0.2688021749572151 0.9592056255759454 -0.0420051100703935
1732218134.319052 -50.83659968581088 55.61608147544936 -217.6103213368356 -0.07184586031121934 -0.2683713494020103 0.9596726035695275 -0.04293582576787645
1732218135.118808 -50.74514226396425 55.795013095496 -218.3504263137396 -0.06724989526984901 -0.2684364066461859 0.9600072196530811 -0.04249100360122031
1732218136.118617 -50.63708227575598 56.00922717132083 -219.28548808495106 -0.0639659780305212 -0.2662367871172876 0.9605732379742897 -0.04822220782639056
1732218136.784957 -50.550552673086095 56.15595150871784 -219.90748537274126 -0.06956489945235793 -0.2670576799805658 0.959910486581239 -0.04912003744858046
1732218137.584652 -50.445722470909416 56.348337362530415 -220.68819356573906 -0.0706561665288511 -0.2716656975153776 0.9582413758787192 -0.05457948771278412
1732218138.184614 -50.35173183039886 56.49952944965859 -221.33199456045926 -0.0768104157489665 -0.2679740317499668 0.9586373425835801 -0.05748498712211875
1732218138.78428 -50.21060343824328 56.65746448036268 -221.99598997563365 -0.09597277699674825 -0.2633802217196778 0.957933625306063 -0.0615081652336446
1732218139.384032 -50.08084110863316 56.80483335133443 -222.62178712210678 -0.1073146538107342 -0.2661320200473102 0.9561261409500541 -0.05899250439655647
1732218140.11713 -49.91076605948345 56.99181822849101 -223.39679279781285 -0.11188039503312662 -0.26648098422843036 0.955570001772443 -0.05793646489467325
1732218140.716946 -49.768546378406725 57.14861251840103 -224.05094391711174 -0.1138457081026728 -0.26696339745956393 0.9553112565271189 -0.05612577229780643
1732218141.383371 -49.61284193502063 57.339102728231275 -224.7811960821087 -0.10668274443918101 -0.26960917507878207 0.9552794411647767 -0.058059228725284046
1732218141.916579 -49.521524024082694 57.47317487302488 -225.37030463936864 -0.08660215154157606 -0.26727367854659506 0.958186105570614 -0.05426080718125596
1732218142.585079 -49.46891297542105 57.63905784318253 -226.10393827001258 -0.04636188325480226 -0.2673642097845825 0.9610088081991062 -0.05318858590964197
1732218143.316191 -49.4084287182875 57.824247442488236 -226.9120194481423 -0.04200467337163741 -0.2708006773174895 0.9601022644258355 -0.05573367405540368
1732218143.91597 -49.32194646149035 57.98434618108381 -227.56963643919607 -0.056263529069289844 -0.2687083497310773 0.9599393658230599 -0.05609502673759624
1732218144.515644 -49.20289515256257 58.14436727563446 -228.2208355993816 -0.0858153004018236 -0.27253544724781387 0.9567364884410965 -0.05491316687078329
1732218145.115451 -49.08846897246582 58.30130662070726 -228.87054522353856 -0.08525000975090376 -0.2715188594321735 0.9567165173504438 -0.06085597948402877
1732218145.849156 -48.942163336844445 58.50104851264219 -229.67194842628626 -0.08607608527228704 -0.2693914742739875 0.9570586713997936 -0.06370118233712259
1732218146.248498 -48.867301778383194 58.614618259243684 -230.11909065487785 -0.08521641030424089 -0.2730482513743416 0.9559263569739992 -0.06623908120356085
1732218146.914985 -48.743557148952476 58.79211358595706 -230.84970249809908 -0.08646709512224375 -0.27110267456018533 0.9563101942700114 -0.06706410099813548
1732218147.514657 -48.61425796742858 58.96964767879102 -231.58538712676724 -0.08795277219762494 -0.26473029516418833 0.9579261317984956 -0.06752560034983576
1732218147.914842 -48.470963875731556 59.15564830742268 -232.3350398564061 -0.09152714106397412 -0.2654854422715688 0.9575469847202266 -0.06514625425707175
1732218148.314402 -48.33846560476397 59.37967437097066 -233.2525739537502 -0.06331924090886432 -0.2690260002590706 0.9588959422129741 -0.06429818755473897
1732218148.647627 -48.32650799550535 59.53376699540526 -233.97327170073632 -0.009278885141728158 -0.26457765849178094 0.962629800559121 -0.05706515568225558
1732218148.847563 -48.3458409857195 59.61941324988906 -234.38093724627117 0.006855704834186949 -0.2662740535502198 0.9625659660365727 -0.050178568585011
1732218148.980923 -48.35747983207727 59.680984379094134 -234.656839914002 0.006876942130279536 -0.2658683318759642 0.9627150149197973 -0.04946248902353751
1732218149.514371 -48.38451280960133 59.93168407492769 -235.65684064115652 0.013174811692378892 -0.27600993413413666 0.9597451237345924 -0.050341216352127856
1732218149.714374 -48.387498107903355 59.99442673756792 -236.0135535855037 -0.0007739572547046439 -0.2686269256018328 0.9620379236610741 -0.04818723139758672
1732218150.04729 -48.35346841499365 60.12619216205448 -236.60645804028613 -0.02392810936703693 -0.2621636165857792 0.9634338387142455 -0.04992917124404035
1732218150.247261 -48.33641425642499 60.21449334359867 -236.9672437192935 -0.028539007832498787 -0.2699756650966776 0.961176584431092 -0.04937852598977761
1732218150.447192 -48.31854945319921 60.309792456852556 -237.3312172652049 -0.02393071847452926 -0.27557497470697306 0.959673974763409 -0.05011602728014355
1732218150.913546 -48.287422460081686 60.513152009067895 -238.1988014166217 -0.025626266868765984 -0.2698954192080254 0.961208918982944 -0.050765846831656074
1732218151.113645 -48.27053808805938 60.59436165746569 -238.5739268423115 -0.027739498542365407 -0.26605623747654694 0.9621474665919302 -0.052123423248783746
1732218151.513342 -48.22324311119297 60.79015007524225 -239.33002366600357 -0.04104464263895972 -0.27745022228110355 0.9584063655842354 -0.05285782699301202
1732218152.046513 -48.13468789608089 61.01332843563305 -240.27743890073302 -0.05799932064355307 -0.2711124907063734 0.9593929720728092 -0.05195403088476406
1732218152.246454 -48.099229278668695 61.11132933330487 -240.65848283972926 -0.061322718712125246 -0.27385572850128354 0.9584826221868414 -0.05053342559753141
1732218152.446467 -48.047933180174034 61.20379372101571 -241.0205269922935 -0.06488538443991541 -0.27449210928117806 0.9578942616625562 -0.053689405867456116
1732218152.846375 -47.92717031003516 61.370084397759804 -241.71025121797885 -0.08599501325530669 -0.2741596173607369 0.9562635669025785 -0.05478460110826237
1732218153.246075 -47.77958427139952 61.53595793291305 -242.37382417121214 -0.10678511785481444 -0.2729507475732408 0.9544585808520522 -0.05571037104371993
1732218153.712609 -47.59789954963381 61.73415501528476 -243.1111501303152 -0.1129394577468381 -0.27798583040553243 0.9518852465927716 -0.06231399759777115
1732218154.245776 -47.39544392319515 61.9240151272604 -243.92840467854333 -0.11614342621175591 -0.2684338480191978 0.9540331814183846 -0.06538090346665754
1732218154.445699 -47.31901052466016 61.99957854606127 -244.25795895702055 -0.11946649269682766 -0.26590096982129113 0.9545015826336049 -0.06285825419751355
1732218154.645646 -47.24455497622358 62.076756310575526 -244.5829181318642 -0.12019983677622127 -0.26626146845718063 0.9544506085151555 -0.060670137292122304
1732218155.045514 -47.08029433652429 62.257621566666685 -245.23911828649713 -0.12126758922609254 -0.2761637409392517 0.9512212490142531 -0.06485287516751999
1732218155.512138 -46.907675060966206 62.42830813671147 -245.96578023394395 -0.11685263290622734 -0.2655059170365444 0.9549766083146486 -0.062223369993246
1732218155.911852 -46.80296240706716 62.590043221316805 -246.6100876149861 -0.08692115227264396 -0.27098637485294197 0.9567216060703398 -0.06078541280477027
1732218156.445024 -46.76259675901803 62.785476683532075 -247.45314136787323 -0.031235379844467177 -0.2721921643746049 0.9600424664997887 -0.05704593952282542
1732218156.844894 -46.72312541642185 62.92112506983433 -248.06115898130926 -0.03386659274335871 -0.26869723963087655 0.9608353522585291 -0.05873902587659331
1732218157.244954 -46.665926432919896 63.05381964414669 -248.6262226138602 -0.04290964697538563 -0.26842991007714495 0.9606714675078785 -0.0566963586898053
1732218157.644655 -46.639962105976345 63.192124163775524 -249.18842084997144 -0.041302360399757446 -0.2714330136796718 0.9599802392418528 -0.05528267699139352
1732218158.24457 -46.5724983364699 63.38944940839032 -250.0251581930573 -0.03738692501701497 -0.2674529325158779 0.9612057463185475 -0.0561663597773037
1732218158.644338 -46.54250265462528 63.520976003246304 -250.58114462521465 -0.034564639159556744 -0.26831083547883705 0.9610785504543212 -0.05605890777600634
1732218159.177439 -46.50124681469128 63.69911154031175 -251.33316429390857 -0.0408278229253263 -0.2691130054536935 0.9607174908878106 -0.0541588577528018
1732218159.577311 -46.445245051054826 63.837330056881925 -251.9227901875497 -0.05150253535806418 -0.26874173912730287 0.9602967000724153 -0.05436556200899444
1732218159.977192 -46.362916246780586 63.967918891769926 -252.49913243829758 -0.06614275044781562 -0.26911415706373865 0.9591992161173745 -0.05603187334799594
1732218160.443714 -46.26639660053699 64.11661825799608 -253.14706209898247 -0.0825053037901578 -0.263868949974754 0.9596898976911761 -0.05060980493159937
1732218160.843589 -46.17793044097 64.25900877439634 -253.6999595179314 -0.08139370067938749 -0.27107147818271576 0.9577074558227144 -0.05188206113036894
1732218161.376696 -46.02116316915272 64.46792331348385 -254.6232369153822 -0.08461335426251775 -0.2606044381563657 0.9602960739364019 -0.05251054633103055
1732218161.576637 -45.93869469200676 64.58858855524996 -255.11249313318459 -0.08481534263790146 -0.2681566206765284 0.9581830259820594 -0.05276052653664455
1732218161.776757 -45.85367024087994 64.7096079118407 -255.6405384652003 -0.08477406613518423 -0.263542257517996 0.9595422758284916 -0.051356178898987914
1732218161.976682 -45.76261422020858 64.85006684901208 -256.17431342488817 -0.08263572785592735 -0.2703893396006092 0.9576406767936398 -0.0546376762160226
1732218162.24324 -45.641951268134704 65.01923044099591 -256.89529528221993 -0.08256590554351695 -0.2654899956792867 0.958966303952517 -0.05551181243339261
1732218162.443034 -45.55052229289291 65.15610654320854 -257.43977283952694 -0.08134450741093545 -0.267332290224016 0.9585075666226067 -0.056389382377037923
1732218162.776258 -45.404276348811386 65.36629302756334 -258.334100180718 -0.0787257758464846 -0.2653758970172518 0.9592534121622837 -0.056663716386007736
1732218162.976197 -45.317387458372096 65.51265796852024 -258.8976257563729 -0.07512896660349773 -0.2706161166628298 0.9577901911424442 -0.06132296087714871
1732218163.176531 -45.23573578365639 65.64144278876267 -259.47085834465196 -0.07591486439591848 -0.26474588123743875 0.959460580390024 -0.05984936431742211
1732218163.443101 -45.138580067774804 65.81057142675506 -260.2112229457233 -0.07442314476433767 -0.26579163545147894 0.9594771651050317 -0.05674126971989923
1732218163.642652 -45.057711273947206 65.94523439269368 -260.7765341301866 -0.07341576733695783 -0.266140924066737 0.9594974618567317 -0.05606919237619514
1732218163.977973 -44.94606888840384 66.16364902461456 -261.68994856222645 -0.07307392829761147 -0.2680779570271137 0.9593396209102509 -0.049617554465132704
1732218164.175776 -44.87189645863243 66.28443029469915 -262.2455781282242 -0.07230240777505087 -0.26167380541475466 0.9611605307254447 -0.04969522678560794
1732218164.375715 -44.79542154457836 66.41357876157599 -262.8155850322894 -0.0695668939048057 -0.2616963808978811 0.9614392380053799 -0.04806290795429715
1732218164.642434 -44.69580683973581 66.57656109836883 -263.52346144527917 -0.06707123941026803 -0.2655119402204914 0.9603799127334627 -0.0517231250253442
1732218164.842892 -44.63345796304724 66.71761520308365 -264.1157731399748 -0.06537258104595017 -0.2659465155761837 0.9605753946471025 -0.04789350372274493
1732218165.175456 -44.52020975345846 66.92227066894397 -265.01692943563864 -0.06489640448717307 -0.26233133507130424 0.9615032811383997 -0.04982135771369672
1732218165.375393 -44.457065868104515 67.0568925887774 -265.59436576502014 -0.06211347013983266 -0.2629358560417615 0.9615656568729556 -0.04897080719424268
1732218165.575343 -44.39145869538592 67.174267378328 -266.15382293231653 -0.06124920642777235 -0.2611688460176003 0.9619640518292975 -0.051619100824827735
1732218165.77528 -44.33301430351677 67.30536432332144 -266.7264247362844 -0.06042509707514148 -0.2629815717057528 0.9615747025356202 -0.05063192698451565
1732218166.041914 -44.25208469787983 67.4624984300755 -267.4384559314737 -0.058419831325673764 -0.2607781037747291 0.9623127056483629 -0.050360306266580036
1732218166.241783 -44.19005100170915 67.60076308488256 -268.0089208160281 -0.06420326418493968 -0.2642358617867785 0.9608939567799495 -0.05234648066078257
1732218166.575017 -44.064875491746115 67.78226686778855 -268.85228236637846 -0.07978805580090714 -0.26153634931317177 0.9605134936957744 -0.05144348907089623
1732218166.775041 -43.980079147982316 67.90202181359393 -269.41021591095364 -0.08863605616878215 -0.25746710625054703 0.9608511814832137 -0.051179544626016475
1732218166.974837 -43.875596905241444 68.02625932144977 -269.97115740384044 -0.0934041771637423 -0.26021530071484084 0.9593927435244257 -0.05593943720600774
1732218167.24142 -43.73668331464796 68.18501339473133 -270.69589869137235 -0.09871179237599846 -0.2575924597230697 0.9596778387894358 -0.054042136117794196
1732218167.574726 -43.56059664439277 68.38113991549237 -271.55091422435373 -0.09396891134499863 -0.2642717195009538 0.9580591425318954 -0.0587620743651412
1732218167.774746 -43.4512588987634 68.51241191842423 -272.15065508590493 -0.09343121733493953 -0.2595083149581095 0.9593638390685879 -0.0595572529797558
1732218167.974521 -43.347595800190405 68.63118047727855 -272.73341266328606 -0.09626728328030183 -0.2570916422740102 0.9599446089933613 -0.05606108549845578
1732218168.174456 -43.25231300549525 68.75707609358622 -273.3175986798309 -0.09813299939430847 -0.25835217496684454 0.9598550228466861 -0.04798336415639576
1732218168.441108 -43.11699130978388 68.93384236539228 -274.0612511802046 -0.09468529091047877 -0.26861636649110043 0.9574445324559383 -0.04668951283260961
1732218168.774666 -42.963528327434396 69.1318722686372 -274.9444133289536 -0.09643806583241184 -0.26428166213026427 0.9584046071909993 -0.04811976137965192
1732218168.974208 -42.8468530406829 69.24819973632573 -275.5141537856905 -0.09382791856024947 -0.2526188004611322 0.9615700713244569 -0.05256482935679173
1732218169.174151 -42.73960134291191 69.38055259818333 -276.0996199375603 -0.09309229586420464 -0.257395872704312 0.9601958140132255 -0.055724213022672664
1732218169.374084 -42.6413636059429 69.49957770817913 -276.6551028437673 -0.09308963707025658 -0.2562554003179052 0.9605147098466822 -0.055488570410327044
1732218169.640779 -42.50014577896628 69.68207567963888 -277.39696290310224 -0.09082070328712369 -0.2682547072381285 0.9572670813574251 -0.05857257761491465
1732218169.97402 -42.35310045801624 69.85767048612509 -278.30688963938917 -0.07939282108536402 -0.2500822090113798 0.9633573929051013 -0.05566149684640408
1732218170.173941 -42.282040867167645 69.98298722773369 -278.8782833853722 -0.0588903279598837 -0.2570247358610711 0.962941231773933 -0.05669566630726288
1732218170.373721 -42.25260250860355 70.1175306161371 -279.47322605629705 -0.03248559649795159 -0.2600739571241634 0.9634925026882122 -0.05466644409101937
1732218170.640458 -42.25613859217541 70.25956828513038 -280.1838670475293 0.005961322589721273 -0.25742172756284576 0.9649071529017453 -0.05150439874990409
1732218170.84025 -42.27947228704799 70.35753287606718 -280.7304284153489 0.019095370754700525 -0.24397180351460315 0.968326961569926 -0.04955826270489407
1732218171.173466 -42.3448325389996 70.55275820803621 -281.6539506032617 0.01770255315457431 -0.2522447401859386 0.9664321571418091 -0.04547632683679802
1732218171.373566 -42.38571394725791 70.66958865047535 -282.21743297167484 0.020266503776670285 -0.2551745560088378 0.9658308353736342 -0.04057107629617982
1732218171.573338 -42.427536698722015 70.7760711906638 -282.78136630471806 0.021839020684085015 -0.26110190045898696 0.964366432044403 -0.036691136507517055
1732218171.83993 -42.48437702620677 70.90413470395826 -283.50032616283636 0.023068216563552037 -0.2493820179296702 0.9676305644196412 -0.031105583402809216
1732218172.040046 -42.53362842891517 71.01716406020346 -284.05567743524676 0.024002554270817975 -0.2529027501591443 0.9667628558801751 -0.028873116229908385
1732218172.373254 -42.61098733563371 71.19280841888968 -284.8916502897698 0.027130372203123816 -0.269043904953261 0.9625338161081779 -0.020198340522154613
1732218172.573114 -42.647329999904876 71.28100223746648 -285.28571350360227 0.029063137529827397 -0.2749720662264601 0.9608123375843584 -0.019630302538541988
1732218172.772908 -42.676194666865925 71.30886869763889 -285.55235658068614 0.029013932448507723 -0.25731296970330547 0.965700880824252 -0.019236322975116772
1732218173.239438 -42.709484853848544 71.39373852160477 -286.05254803612297 0.022507797450881502 -0.247291455405888 0.9684918914155807 -0.019073316424233613
1732218173.905898 -42.7390739199233 71.53117335395936 -286.77194926557746 0.009299074068721094 -0.252623125535713 0.967290690401046 -0.02106665444487358
1732218174.505711 -42.72359316054686 71.6575396967329 -287.41319196293756 -0.014344302060093283 -0.2503155777345704 0.9678322709297085 -0.020905690346422822
1732218175.172167 -42.61968926006274 71.80244261451398 -288.136720850446 -0.0826801053694104 -0.2551753130372835 0.963079351242785 -0.02297222240455007
1732218175.772066 -42.38841075238774 71.92609766641753 -288.71683335720536 -0.16604201045112787 -0.2558702161026244 0.9519895652906034 -0.026006746331511135
1732218176.505053 -42.06787352710456 72.08672697870625 -289.44634932499787 -0.20195200078956768 -0.25214622826825456 0.9459629510859089 -0.028138303431835283
1732218177.104831 -41.750004913818906 72.23101153946045 -290.0480578074871 -0.23160190662893668 -0.2541010298035437 0.9383311152900169 -0.036440932716013216
1732218177.704818 -41.40424792895493 72.35533655892195 -290.6390104448998 -0.24746560111960494 -0.25300714870866664 0.9342646277996484 -0.04356333558404135
1732218178.371189 -41.01115887860934 72.51827880714305 -291.2875593895035 -0.26031450043099874 -0.25351539766479986 0.9303420275624139 -0.04929519006226086
1732218178.970863 -40.6501551359018 72.64354978625215 -291.85878510074474 -0.2686333452297869 -0.24871943271342797 0.9291276660870762 -0.051928313403646446
1732218179.704116 -40.20055862996062 72.80266510655258 -292.5571666604733 -0.2625995398866432 -0.24843476523420094 0.9305360284241538 -0.058517936386659225
1732218180.30377 -39.93266321012628 72.94556329187604 -293.18347635286534 -0.20642155534086007 -0.2524519876059613 0.9434934315698539 -0.0589769448937575
1732218180.903663 -39.75115025620913 73.09488117952908 -293.8376000756094 -0.14358331992642734 -0.25351782290387265 0.9550311059533906 -0.055028450554504185
1732218181.503519 -39.575346103152036 73.22675340662171 -294.5004033580629 -0.12862984674572772 -0.2528227530784166 0.9573218023135024 -0.055407444150114116
1732218182.169969 -39.45311139056918 73.36133075959022 -295.23173583458777 -0.09069794641507183 -0.2451538548664583 0.9636838880139323 -0.05465193448136028
1732218182.9029 -39.31635482433361 73.51975013696209 -296.0348632121595 -0.08081852410185404 -0.2505319641853865 0.9630783516871361 -0.056410899611681775
1732218183.569371 -39.21930133204516 73.65502375432553 -296.7618802412054 -0.07350349112277892 -0.2480970217103893 0.9644028132453124 -0.054518972988540935
1732218184.102771 -39.15446411046631 73.7742242796248 -297.35445345382095 -0.06644116104401367 -0.2508335338566526 0.9642933372917931 -0.052976127328854525
1732218184.502414 -39.10457605328089 73.86487340367354 -297.817587013931 -0.05791628976424068 -0.2488701436951562 0.9654293440676781 -0.05153189856923187
1732218185.10216 -39.05615319705259 73.98217022530065 -298.49466841894713 -0.04971291978527554 -0.24598420634433066 0.9666885559820966 -0.05033519215043862
1732218185.768625 -38.99136736905983 74.13001550374531 -299.256263541047 -0.043326715572404924 -0.24876120782823674 0.9663045478177794 -0.049961766023845375
1732218186.501729 -38.93081923271286 74.28388772817227 -300.06116309745113 -0.03517072262807711 -0.25110113531705436 0.9659377898291692 -0.05172452312245273
1732218187.10148 -38.886937113836616 74.4148949112335 -300.7289211220294 -0.030842753266962442 -0.2515099650297717 0.9656982491320173 -0.05673053573687111
1732218187.701289 -38.80152392411819 74.54160617523739 -301.40037404951283 -0.06685662094260507 -0.2489719006986923 0.9644251095550328 -0.05854394040701727
1732218188.368921 -38.60988687247291 74.67558112761064 -302.0894761338833 -0.11858171685999318 -0.24671600228893012 0.9603388087103171 -0.053093908557895586
1732218189.101743 -38.412036905296546 74.82890360847529 -302.8736302244088 -0.1232550883772431 -0.2522668543178673 0.9583152422922523 -0.05292932827863623
1732218189.700773 -38.23118206520981 74.95705438845567 -303.53004848628626 -0.12726934897402523 -0.24379464851783803 0.9598788576359752 -0.05476550765990202
1732218190.367718 -38.052084412298974 75.10252135553444 -304.2476452576452 -0.12941002539266286 -0.24671352676028363 0.9588579816434682 -0.05456053592100812
1732218191.033727 -37.854457688628415 75.25363277613957 -304.97631959165494 -0.13306329526523578 -0.24644009894269794 0.958426001908243 -0.054598864021612126
1732218191.633404 -37.68663941374864 75.3709572155577 -305.6337548050644 -0.12729580616493547 -0.2431948764983888 0.960030370583356 -0.054714873072473275
1732218192.300176 -37.55350622430123 75.50872468392379 -306.3728244217286 -0.0949835698908202 -0.2440218426101258 0.9637559453143691 -0.05104840498155846
1732218193.099494 -37.40029474874515 75.66243809683098 -307.25085041925144 -0.08098523719137911 -0.2432008133136024 0.9652905649373835 -0.050088731302810885
1732218193.699311 -37.311998724892774 75.78282332082985 -307.9322730594458 -0.07015008666511875 -0.24129143345901233 0.9668095700289854 -0.04622407144053485
1732218194.432471 -37.21180758672109 75.93544895491479 -308.7387572211539 -0.06573055360843054 -0.25009881073011625 0.9648634217761359 -0.04656883627660554
1732218195.032219 -37.13614053801415 76.06191934148136 -309.4006629894466 -0.05986371765254501 -0.2473468823939632 0.9659735758206037 -0.04616173626673668
1732218195.632135 -37.052999567003425 76.20212894032203 -310.194815035436 -0.05471599687846214 -0.23891399105500355 0.968235941366277 -0.04945125286911494
1732218196.098498 -36.95842981269699 76.38490706789506 -311.1503065996255 -0.04647373746593464 -0.24794596747490844 0.9663301874524457 -0.050684886869757216
1732218196.298494 -36.92506881243526 76.47321366734027 -311.5999618708877 -0.04345527267248942 -0.24777708176531466 0.966462821974774 -0.05165046727165688
1732218196.631664 -36.88389879287833 76.59422585062492 -312.2823789783197 -0.038679806012902745 -0.24477912478861716 0.9673697952943942 -0.05275160496709633
1732218196.831603 -36.85355073431018 76.6718044431076 -312.7081007434097 -0.03639799559840642 -0.24407758656664347 0.9675978770317073 -0.053438432012496324
1732218197.031534 -36.821895706023305 76.74289739093152 -313.13905448100513 -0.03488806663055041 -0.24161323008513844 0.9682342645783544 -0.05411357270612895
1732218197.29818 -36.79718775952174 76.85140593488555 -313.6919680334876 -0.03203540077400874 -0.24446703320413019 0.9676492151882757 -0.05352194988164699
1732218197.631508 -36.75675898204153 76.9675279735168 -314.3570379956525 -0.02903035270861846 -0.2448534798099677 0.967729800337372 -0.05199082212807198
1732218197.831373 -36.7324585794525 77.0292268074762 -314.7645369440436 -0.03674455370111774 -0.2408575530182948 0.9686274976400758 -0.04897190769073545
1732218198.098059 -36.6662145771287 77.12867271286035 -315.29447673911085 -0.05807364328776665 -0.24577069152517342 0.9662662693405941 -0.05053430396407531
1732218198.431188 -36.57655324847186 77.23490696117932 -315.8063356686398 -0.08791745259478739 -0.25165943886962955 0.9623382694056083 -0.053320761383209445
1732218198.6312 -36.53919856429428 77.26844231782852 -316.02659512680714 -0.08205723639735166 -0.24813025091267493 0.9637740985280208 -0.05326795981960481
1732218199.097497 -36.460557863927164 77.36814204207647 -316.5537055386571 -0.0806579867010082 -0.24417821431562586 0.9649100650185721 -0.05310230937376564
1732218199.830628 -36.27315554700874 77.60252987403267 -317.7650396504107 -0.08064834168328276 -0.24667735124220022 0.9643084272835255 -0.05249177495419767
1732218200.030567 -36.21879178216487 77.66600790901154 -318.1200910074294 -0.08086396123685377 -0.24547227847567094 0.9645840359399508 -0.052744837499446084
1732218200.497225 -36.10176259509519 77.8116502422026 -318.9195187346927 -0.08137899779794483 -0.24385437054097533 0.9649563313385041 -0.05264772830048676
1732218200.8971 -35.997311317475415 77.9398152185781 -319.57041015235296 -0.07992126345857727 -0.24727177052575364 0.9641077878244438 -0.05445582250320567
1732218201.29682 -35.898316591853465 78.06176347308995 -320.2056179944674 -0.07993919270325245 -0.24349741166927377 0.965079886579422 -0.054217603231483495
1732218201.829931 -35.773637993255335 78.22609001014352 -321.073712007907 -0.07868264686160492 -0.2452416358784097 0.9649690754596706 -0.050002645140451794
1732218202.229861 -35.67653787940362 78.33776880000578 -321.71884071339116 -0.08028380528700789 -0.24133727562457183 0.9658721332047798 -0.04900869617930633
1732218202.696477 -35.572278207949054 78.46845723436127 -322.42926258601403 -0.08026282355149042 -0.24372336578881645 0.9653810397282743 -0.04686414682109487
1732218203.229489 -35.446702211654284 78.6223839038173 -323.2814182860743 -0.08071201361356072 -0.23967225279877585 0.9664179462604587 -0.04559753548736172
1732218203.429433 -35.396216910509544 78.67896237651472 -323.6079420344358 -0.07909589576963573 -0.23942052744692208 0.9665406103840419 -0.04712641284757517
1732218203.896114 -35.28168139716808 78.81639118060431 -324.3624110697674 -0.07887467508610134 -0.24104327656908422 0.9660705601235083 -0.048832338808957355
1732218204.296512 -35.185640522158074 78.92830338823518 -324.9912565745727 -0.07840657575450835 -0.24148534365710922 0.9660151055562141 -0.04849797433374708
1732218204.828989 -35.057747295883175 79.08598792516642 -325.85577024310305 -0.08026820963232442 -0.2424270896384598 0.9657475107994176 -0.0460202794056741
1732218205.028865 -35.014882428243176 79.141800388277 -326.1909388950644 -0.0793422326180367 -0.2383138134332895 0.966925579264565 -0.044342537297204
1732218205.228801 -34.96344216754573 79.19698891891166 -326.5099589999729 -0.07790518549624656 -0.2398016967758241 0.9666093852508986 -0.04574084215568187
1732218205.628689 -34.866671686777444 79.30966645192584 -327.1426346846703 -0.07834194047411076 -0.24002015386005815 0.9664621266778676 -0.04694490175767949
1732218206.09526 -34.75809236796401 79.44838876673627 -327.8905671120855 -0.07767358320633101 -0.24366345682758891 0.9656227104661069 -0.046558729694958036
1732218206.628365 -34.63340418925326 79.5883065892132 -328.720991856199 -0.07580613099037174 -0.23542359374124391 0.967705242498399 -0.04874141622217419
1732218207.028217 -34.53776249873263 79.70018751514864 -329.3432270030413 -0.07401812623380838 -0.23736266747048781 0.9673470217996551 -0.04919370381937203
1732218207.428071 -34.449726505750135 79.81003522422417 -329.957644342104 -0.07246688204526386 -0.2362113267098629 0.9675345880151752 -0.0531938072984968
1732218207.894661 -34.34340770197574 79.93102329917883 -330.69717678797815 -0.07050295354630925 -0.23383117829947325 0.9682388722444364 -0.05353316608560532
1732218208.29446 -34.26260875057311 80.05341151500465 -331.32121040863404 -0.06921256527976562 -0.23920423869503118 0.9669031923618874 -0.055580298650833276
1732218208.827619 -34.17074321282442 80.15242778522142 -331.97960406573947 -0.06951376931800526 -0.23112952174334725 0.9688878402614975 -0.054802673724058386
1732218209.227615 -34.107725268961126 80.22498526490786 -332.42434232166073 -0.0697941968457558 -0.2342356623461139 0.9681031812433216 -0.05512399693866201
1732218210.027188 -33.99115200968221 80.37387801954824 -333.30169379218125 -0.07038752079921996 -0.23396438156730828 0.9679667906391243 -0.05784943641350507
1732218210.627012 -33.908798101744175 80.46806802099889 -333.95426801400555 -0.07354527340735499 -0.22722257205433471 0.9695723969466581 -0.05376209247752848
1732218211.226808 -33.823658964449 80.57794110103436 -334.61706299673625 -0.07801413909070842 -0.234854612629976 0.9677542642884837 -0.046997755050802455
1732218211.893401 -33.71553907278727 80.67567074252418 -335.3455269018405 -0.07674844379066441 -0.22494188208518698 0.9701293724696959 -0.04857804783273128
1732218212.626491 -33.599238491227204 80.80182084789882 -336.1330056252459 -0.07487983422939944 -0.22647320237254978 0.9696755028628338 -0.05321952818853445
1732218213.226138 -33.49514468025712 80.91416739976694 -336.8116343045141 -0.07495579514255518 -0.23276548477481776 0.9680204529963969 -0.056020178978130844
1732218213.893042 -33.39125417626286 81.03093737050085 -337.54561552333155 -0.0736902300065091 -0.2319409756234958 0.9682335499596133 -0.05741886938118749
1732218214.625686 -33.28059039044345 81.15671361385714 -338.3616025557189 -0.07220687473328903 -0.23294985084147557 0.9682218894511719 -0.05537966252865593
1732218215.22553 -33.15565483781887 81.24039264130553 -338.99462405102 -0.10098426417973863 -0.22388202942785512 0.9679685711619461 -0.05211391877456948
1732218215.825264 -32.95330503823199 81.33396433622757 -339.5976540350803 -0.1433723770753172 -0.2287255311839188 0.9611121174165133 -0.0582450910511237
1732218216.4918 -32.73182206395179 81.44736940638863 -340.26775385490384 -0.15379988469814693 -0.22713717597468988 0.9597774583521118 -0.05984587869051349
1732218217.758056 -32.49483852004897 81.54672177213804 -340.9603919617828 -0.16564834721850907 -0.22200726275115534 0.9593650185438612 -0.0537788205881499
1732218219.024213 -32.21812611307394 81.68388419633922 -341.67754149341664 -0.16763142119661445 -0.23096251432309503 0.9567109302231194 -0.05709833269694515
1732218220.223809 -31.909423255452168 81.85986321696696 -342.4296241281062 -0.16266615425980163 -0.24350467680413443 0.9527332948145746 -0.08089785896181245
1732218221.556692 -31.58747593075358 81.99426000447886 -343.200990653954 -0.17147488173550574 -0.22551529185010846 0.9548485837351187 -0.08946172485813611
1732218224.222635 -31.357646268722263 82.09918453901433 -343.75948275560535 -0.18975124197954132 -0.22694839765152253 0.9523373908671058 -0.07444719556209839
1732218226.155365 -30.963375323218134 82.25905816623165 -344.4926720146309 -0.2211060025430841 -0.23090105776832734 0.9450261413501239 -0.0687199339768391
1732218228.221399 -30.625235037431686 82.37315499907184 -345.1692021949104 -0.23400098992076687 -0.23058595700213924 0.9424189090085693 -0.06261192452406102
1732218230.153831 -30.27350018117002 82.49494265234036 -345.802593064192 -0.24200013698922435 -0.2304927760798095 0.9402015406222294 -0.0658033197020167
1732218233.869189 -29.759715156086433 82.60260659775085 -346.2019311333156 -0.3866582186249915 -0.22267915143867525 0.8911515408444118 -0.08220917670753182
1732218241.45199 -29.04914343852616 82.57673806049335 -346.0977339488071 -0.6422236388522135 -0.18862284471583615 0.7381833681652629 -0.08399723278129709
1732218254.468053 -28.555333119907594 82.51036257431618 -345.4747415279695 0.8647942850584368 0.14284220872547304 -0.46899763660820293 0.108481172525999
1732218256.868591 -27.885211259246848 82.50345893386358 -344.9932496245093 0.8929507375619874 0.1400512792445268 -0.4117437413397053 0.11615382446160034
1732218259.069232 -27.292241607996658 82.50244872880381 -344.2369219017604 0.9389084374793458 0.12276861585826081 -0.3011284298668257 0.11269641394596541
1732218260.269659 -26.834135205925488 82.47790821253297 -343.5582511205597 0.948761309297551 0.12904694753060428 -0.26606786224975343 0.11138561842031705
1732218261.470139 -26.413079882290088 82.44921940036464 -342.9257269425405 0.9553188657157852 0.13222716714880256 -0.24297319290455005 0.10414350006158236
1732218262.470353 -25.97056098184386 82.41900339012032 -342.19704185328357 0.9590844502362431 0.1384152086585618 -0.2180543851239945 0.11597643060228452
1732218263.604103 -25.53705189988078 82.38361092252303 -341.5313699068404 0.9530357624019558 0.1472155011959562 -0.240244221914181 0.11105469655712906
1732218264.671137 -25.079460681719812 82.36278325391149 -340.86555921633897 0.9530615891826502 0.14487302110935474 -0.24299630680902434 0.10788053511391237
1732218265.471494 -24.734504783988438 82.34781112515375 -340.3380700498637 0.9526023861727563 0.14752939905797474 -0.24248410726557793 0.1094770660694716
1732218267.005367 -24.26530021321251 82.33729852637023 -339.6075863446553 0.9532532561285789 0.14767257666817427 -0.2405313667466056 0.10791525096785068
1732218268.005699 -23.93113636922241 82.32252997003164 -339.0873655732054 0.9534785290244946 0.1471793225965535 -0.2405659591399324 0.10651272690336075
1732218268.806171 -23.62541898553615 82.30725351900449 -338.59922259453856 0.9536831029399517 0.14536305147636402 -0.24182800083583753 0.10429448903967756
1732218269.673114 -23.18203170669473 82.28283080944553 -337.8796728598199 0.9553298912040604 0.14726578211668306 -0.23369769690726336 0.10508555966373584
1732218270.406606 -22.78878508360936 82.2568827120455 -337.27263051047623 0.9558044611148683 0.14773476246114214 -0.23303335867394914 0.10152697089249042
1732218271.340467 -22.51671407349386 82.2120345729732 -336.681566875021 0.9690876946136368 0.1363332832024656 -0.17927810081626452 0.1007057029535885
1732218272.340755 -22.335316204051484 82.11935697480673 -335.9714319372522 0.9831254053265001 0.12186575167829866 -0.09987886977783839 0.09293754538070183
1732218273.341246 -22.079526293402143 81.99707850262406 -334.9936524375171 0.9855202708465169 0.11713003018725837 -0.08129385844878438 0.09176960475804939
1732218274.008192 -21.93780282924471 81.91682218908414 -334.3610286287101 0.9867195190026467 0.11594088071289549 -0.0707555051184809 0.08908401368445638
1732218274.608286 -21.819756667560988 81.842975511665 -333.7880891283423 0.987379340343374 0.11518210497280294 -0.06244379830517147 0.08897130442081207
1732218275.409165 -21.67280270293137 81.75650987896812 -333.04519065340025 0.9878979852381138 0.11365195970142748 -0.056760973531537216 0.08898873356921451
1732218276.142277 -21.567108091886027 81.65708451637381 -332.312492506792 0.9896713436210476 0.10643174331721122 -0.03807381002069905 0.08816632361779268
1732218276.742448 -21.578826166673473 81.54807839293416 -331.8027886631133 0.9926737958210212 0.08798318097763906 0.03421519389229302 0.07541230312259602
1732218277.542782 -21.662970338019495 81.42778720104394 -331.14627721106126 0.9911060578272558 0.06971953143041638 0.08583360835272566 0.0740308094808531
1732218278.409813 -21.813503619005267 81.26624508258185 -330.3834043845407 0.9896935637004236 0.05898626749782618 0.11270072714547916 0.0657709382441103
1732218279.21009 -21.981145015254725 81.1179954780882 -329.5908911722406 0.9871607663407385 0.052815870737732765 0.1312120588808753 0.07421253802439909
1732218279.943898 -22.116348054620154 80.99976095463573 -328.90966924870185 0.9891962286005966 0.05351540057270837 0.11038976850350189 0.08025597942609541
1732218280.94467 -22.213197295057082 80.86073969158672 -328.09914150928915 0.9924142032753182 0.05555360992094997 0.0742530157574691 0.08071143173731654
1732218281.811146 -22.272108711140813 80.76485134090032 -327.41996802424813 0.9925148668072608 0.058156032710118086 0.05821605459571051 0.09023860600260977
1732218282.945154 -22.205778811499822 80.66663391432684 -326.5989933880018 0.9928189040550863 0.07410386005246092 -0.0007779208217303585 0.09390759562132289
1732218284.012071 -22.09634161536492 80.57286880102747 -325.7265795616326 0.9912215742930209 0.07888311160253603 -0.03750136891463681 0.09925166340921214
1732218284.745655 -22.053551338439625 80.50204988853226 -325.12732731468117 0.9908021736484162 0.07990905945581714 -0.05303913434037395 0.09545912810666246
1732218285.412772 -21.936766588813196 80.43090230608337 -324.451650893473 0.9902180225257795 0.08142428419181667 -0.06483597562466228 0.09292281783169969
1732218285.946157 -21.81745693790701 80.36518387807058 -323.8736330291483 0.989527304834277 0.08155962512488033 -0.07432041164876069 0.09306028663860719
1732218286.613118 -21.671450898009184 80.27760708203601 -323.1495708746832 0.9886781493389238 0.07853838334080342 -0.08721090914822492 0.09349597150419796
1732218287.146663 -21.513851087179308 80.19165340999534 -322.5030514894748 0.9883407728491675 0.07709989058658309 -0.10073494077506122 0.0842056726265642
1732218287.546783 -21.28639985691324 80.10930990210318 -321.6436543503957 0.9854751843115236 0.08163567395867878 -0.11185220580619538 0.09830240027471021
1732218287.746871 -21.172501124647727 80.06324720465929 -321.1957186947928 0.9853875469321768 0.07982551695017603 -0.1146683683702468 0.09741886105847057
1732218288.013668 -20.98084135726956 79.99523185962302 -320.5827419693921 0.983306382532359 0.08158480659832971 -0.12993342136370659 0.0978252698241135
1732218288.347126 -20.73114355466091 79.91302189187157 -319.8422135425733 0.9802848423033634 0.08485345076417486 -0.15062840778265815 0.09566923545499359
1732218288.547207 -20.530063832914696 79.86303680781124 -319.3486171396898 0.9772752734133515 0.0915324745052297 -0.163506998093613 0.09909746545812208
1732218288.747288 -20.328743650019934 79.81818580334158 -318.8942826277695 0.9733977160406998 0.09569185658373053 -0.18205731437453432 0.10097073473556514
1732218289.014079 -20.044889127736067 79.75563991677392 -318.3717657745212 0.9682645947193644 0.10299488538099592 -0.2070318684567092 0.09483424298018264
1732218289.347551 -19.718704813930053 79.74305295556465 -317.8806791408247 0.9652837687805501 0.10662031451409291 -0.2140957619281336 0.10498742299030474
1732218289.547634 -19.495922200775762 79.69337330793314 -317.4866339663839 0.9653027732308741 0.10294968718686402 -0.21824969529034957 0.099794731356822
1732218289.747776 -19.274713432392602 79.6464926232059 -317.07911033153584 0.9667921792247975 0.09874714771155434 -0.2135084563386544 0.09988003844855264
1732218290.214588 -18.842445691765544 79.60926617284322 -316.39073565672226 0.9682125513928492 0.10548225115743974 -0.20306830243964888 0.1010010621745496
1732218290.548009 -18.53024563658512 79.5525450556928 -315.82145110370703 0.9673807455741698 0.10357899786908695 -0.21105871734073373 0.09434035259253384
1732218290.748091 -18.329556562765795 79.51912560704615 -315.46118900570656 0.9658988459480512 0.10709112600181461 -0.21213223970761205 0.10281450775312928
1732218290.948179 -18.112995588778166 79.4868764145024 -315.11121645665565 0.9660790022041973 0.10590314925907054 -0.21487450723021248 0.09646154995503035
1732218291.548445 -17.572949280460506 79.42079432469203 -314.25877545566135 0.9658960479683047 0.11217260849873925 -0.2139502267904384 0.0932063886121488
1732218291.748679 -17.381622331506502 79.39622023078782 -313.9816926892521 0.9661788893606328 0.11508089993257418 -0.210678636006741 0.09417670919554397
1732218292.148689 -17.057092425617046 79.35145422626113 -313.3816466269561 0.9708271904926715 0.1116393687997813 -0.1891741360592238 0.09614761453275245
1732218292.615635 -16.829103506379187 79.27861619246517 -312.76643229539894 0.9793487060045861 0.1039265466053313 -0.14887516585208124 0.08894700641588753
1732218293.349153 -16.512893388796847 79.17865575160687 -311.7900859100723 0.9795692130267329 0.10355034013055918 -0.14789856316870295 0.08858611043310256
1732218293.682624 -16.38311099708195 79.1398975602158 -311.4252037429168 0.9798201316554342 0.10405261063163199 -0.14723610868972814 0.0862965359755303
1732218294.283264 -16.113317576639318 79.03051684612625 -310.6116469259649 0.9799614064268857 0.10360911206115837 -0.14584611841371267 0.08757684371677156
1732218294.949834 -15.8246310992282 78.92969478168138 -309.8030625081642 0.9806298334766611 0.10399762245402523 -0.14498866682330822 0.0807954869546918
1732218295.483384 -15.642442870928814 78.84938926474074 -309.1921745944177 0.980424845826403 0.10314678148882242 -0.14649656489188184 0.08164937005053828
1732218296.083583 -15.43635652244247 78.77509349053462 -308.54581909089023 0.9800090483558844 0.10064741521687208 -0.14682084756157462 0.08885944897453041
1732218296.483756 -15.243518472496229 78.69831070776029 -307.97161395162107 0.9796988666322615 0.09672071490773114 -0.14845057870769524 0.09379584057169196
1732218297.284102 -14.883161925045526 78.60663456622574 -307.1119570382654 0.9748955831984499 0.10382220117633703 -0.17621810906489654 0.08801551250004971
1732218297.684418 -14.680270033418148 78.55509460633941 -306.67864018811827 0.9742030000440103 0.10632738669364329 -0.17807394840606008 0.08895319242852562
1732218298.351221 -14.28888874753031 78.47367320510658 -305.8814023795464 0.974855482286653 0.10363070886567635 -0.17871326997622233 0.08354060072839163
1732218299.084818 -13.983093696043642 78.39321126300078 -305.19209513831896 0.9744080899480141 0.10743985498955992 -0.1793865937763135 0.0824984956045688
1732218299.751769 -13.636354858627811 78.29323751725734 -304.4570234477197 0.9734865564567786 0.11140515067633057 -0.18101488309566985 0.08453655362367399
1732218300.685484 -13.257930509177351 78.22647245628131 -303.7357952885112 0.9733986088366866 0.10995136009198192 -0.1818904993928037 0.08556689172432792
1732218301.152517 -13.004377103970304 78.16599063723795 -303.2179643782811 0.9731843928063855 0.11304579460455896 -0.1810743744679684 0.08570214017937107
1732218301.752567 -12.70258888900912 78.09116532584152 -302.5963301114121 0.9727566762010296 0.11528105904748014 -0.18175471800215878 0.08613912476437527
1732218302.286119 -12.418566234299512 78.02893686470614 -302.0187166873082 0.9733415305695499 0.11529224358564445 -0.17989707816576742 0.0833726856046649
1732218302.886383 -12.136387577461381 77.95700914082384 -301.4062367843024 0.9754501022275535 0.11321765227498137 -0.1659580326436958 0.09020417217973337
1732218303.35324 -11.917770266297763 77.87481620125935 -300.7794308594163 0.9789637574337862 0.10605499614784249 -0.1530666948628091 0.0833839693645017
1732218303.8868 -11.67860769792834 77.7881646306781 -300.0879688654994 0.9791504773202727 0.10360166350452818 -0.15340700240213362 0.08365004301593905
1732218304.353685 -11.522642504691769 77.7172888630032 -299.5596248024605 0.9794305341321021 0.10100605855286135 -0.15382383415676001 0.08277579954693741
1732218304.953875 -11.323701597304753 77.6243676850701 -298.87451047178706 0.9798299781964499 0.09689878471655847 -0.15279658681866082 0.08483538415405605
1732218305.354042 -11.128370379481707 77.5374446830512 -298.2818871254155 0.9803441243405182 0.09560594201077743 -0.15079436397142082 0.08394022586167389
1732218306.087753 -10.867765063164972 77.39868126987223 -297.3120466636668 0.9803020038937752 0.09012246626863483 -0.15618872805720854 0.08056676401208512
1732218306.554983 -10.677294325798838 77.3223271845776 -296.774797268904 0.9765931167612228 0.09632821340695465 -0.17184804468817158 0.086342394762231
1732218307.289227 -10.379262842489196 77.21586484520978 -296.01696222138276 0.9763136056315744 0.09219625349698464 -0.17723217198178276 0.08306835447036354
1732218308.088643 -9.965051080688987 77.10532763120356 -295.2003390645018 0.9707247842900705 0.09686358500578769 -0.20356274129327404 0.08290385649648721
1732218308.755444 -9.532599459551856 77.02089197930755 -294.39752711814253 0.9704032200660251 0.09703851896616117 -0.20377638222783512 0.08588540253430045
1732218309.355686 -9.156869577653822 76.93707375987702 -293.71993146137316 0.9710838645755716 0.1000022364428747 -0.1997752483406902 0.08417559514379253
1732218309.956122 -8.812614574330954 76.87016082655181 -293.11149456058934 0.9716889458429312 0.10149079888691895 -0.19746930084717704 0.08078419084743742
1732218310.489617 -8.5004636631906 76.79076583056533 -292.54407006617987 0.9721959502020604 0.10203904195556554 -0.19640313631795892 0.07647794696494238
1732218311.089803 -8.128988443734187 76.71247429389057 -291.907146354748 0.9722247170211465 0.10471050491339196 -0.1932669440213452 0.0803909082084805
1732218311.68997 -7.794642541141723 76.63433093908459 -291.2745318358067 0.97251539249498 0.10669549790423544 -0.1927647988882049 0.07531012147707732
1732218312.49031 -7.349043438999666 76.54336281952297 -290.4905151181667 0.9721619183747817 0.10857329020378219 -0.19395208642320136 0.07413253866067576
1732218312.757099 -7.172671878367491 76.50530117648196 -290.2116127716262 0.972222050245136 0.11155096671928234 -0.19211477438078878 0.07370603981870268
1732218313.157218 -6.942926493609589 76.4413213326896 -289.7432603190829 0.9724152592598784 0.11084372511457581 -0.1927542997187875 0.07048412659023015
1732218313.958587 -6.466836257897284 76.33311724463434 -288.93091732990115 0.9728060089970909 0.11094989444758249 -0.19119826056455577 0.06915066838657641
1732218314.357733 -6.220899895665646 76.26626552954218 -288.48761479333467 0.9727154053055336 0.11181472617866127 -0.19021094707648195 0.07170776041092436
1732218314.891337 -5.902521586266347 76.16755274413708 -287.8196148546136 0.9755149810964932 0.10779453257769193 -0.17821331117656103 0.07064613310119494
1732218315.491531 -5.588680362748775 76.04476539305179 -287.11007159822856 0.9770389369513883 0.10014855291122762 -0.1749281615699178 0.06903130681406026
1732218316.091817 -5.307740290804795 75.93881639587934 -286.45222915880436 0.9770931686728502 0.09965650490529805 -0.17465479608201287 0.0696650771079733
1732218316.558608 -5.087876188596058 75.85726034302719 -285.9286995395885 0.9773888528818876 0.09524510578994878 -0.17555839787721775 0.06941648954012235
1732218317.292247 -4.753172303504251 75.72706336530733 -285.1431356169335 0.9784050743536388 0.09088190239664012 -0.17267201070794222 0.06817893379845695
1732218317.959257 -4.484319476667737 75.60919074829039 -284.47422082338574 0.9790809975545792 0.0886106755529921 -0.16824742514031216 0.07239718460843143
1732218318.559463 -4.292904967145578 75.50405421645677 -283.8689906245107 0.9794930579051292 0.08680122475168835 -0.16812694511517143 0.0692259143927045
1732218319.159854 -4.082667982133213 75.4095423013006 -283.34596821998286 0.9800214855516644 0.0840289372469074 -0.16783355245211654 0.06579456082053307
1732218320.093385 -3.849888335737348 75.27606930241289 -282.66894433506764 0.9795970016994754 0.0836488127897435 -0.1688518461624371 0.06986876575266875
1732218321.093969 -3.651483153815345 75.16721742265594 -282.04675655214453 0.9789061224210017 0.08138834417273366 -0.1748311015058613 0.06747463868555856
1732218321.894111 -3.3847435421464556 75.04854748201745 -281.3938641372187 0.9785910159910848 0.08244843463264205 -0.1762039305698621 0.06718670925037602
1732218322.694792 -3.173444991924434 74.96197869839315 -280.83750115048696 0.9783341611467218 0.08380772173880519 -0.1771867117818082 0.06665886346347198
1732218323.561477 -2.8714184503492843 74.83411491394511 -280.1471400125859 0.9779246982500293 0.08389740105552841 -0.17996486201817832 0.06509346424561503
1732218325.162108 -2.5803920450505906 74.70271435375462 -279.47452849977674 0.9774359525635324 0.08487980928441971 -0.18282428862294686 0.06316372457015162
1732218325.895755 -2.2261496185608354 74.57092709444602 -278.6466119747564 0.9764414395678422 0.08383530582466334 -0.18655789184850297 0.0687743380993762
1732218326.496029 -1.9071793694007004 74.45101192055029 -277.9851465704526 0.9762449483004799 0.08253619982932736 -0.18733289806026962 0.07099268934099684
1732218327.296414 -1.6243577376770948 74.36932443135565 -277.4197849636311 0.9760784029148079 0.08489079131339156 -0.18425937220440444 0.07818560397095417
1732218327.763233 -1.4747809295339533 74.29816400203975 -277.14028060909925 0.9773675791431556 0.08415396272873543 -0.18348028869800814 0.06329067432247576
1732218329.964113 -1.1866213838079631 74.17600461491469 -276.48595325333275 0.977798076775351 0.08137506513660284 -0.18247825506242568 0.0631720369927277
1732218331.297957 -0.8684632393836006 74.05378915378371 -275.78083990147843 0.9780201832742229 0.08193078816526522 -0.18042238301129807 0.06489707826549909
1732218332.431776 -0.5524700867712805 73.91416061386 -275.0475786408864 0.9783335931468703 0.08152961240340868 -0.17840221940793702 0.06624915797205612
1732218333.298816 -0.2086402111886304 73.76856974513112 -274.26715494334945 0.9791488366668007 0.08247717233408823 -0.17424018181376477 0.06407363529042083
1732218333.899174 0.057373699725525536 73.6655161650567 -273.65066362987363 0.9788592105698455 0.07917493998274898 -0.17667346804476272 0.06597317978044749
1732218334.699347 0.3981994050430027 73.51908461590315 -272.82916502995187 0.9787955042446106 0.07445457393871004 -0.17733129421125296 0.07049460535038105
1732218335.099577 0.5847373052783138 73.44681489498083 -272.4133107338714 0.9791038172116279 0.07917699809592782 -0.17477290148514762 0.06738806274555871
1732218335.899855 0.9085602383754868 73.30653694784654 -271.6287033131875 0.9791587086819968 0.0773871575667991 -0.17452943916181507 0.06927428037733675
1732218336.433501 1.1492083789719398 73.20556639590394 -271.06141642245495 0.9793848070332797 0.07793716149774374 -0.1732887549823757 0.06857263307412119
1732218337.233702 1.467989097783007 73.0678942355461 -270.30005743511595 0.9798494413601251 0.07623659228165496 -0.1732388451462741 0.06380718451645352
1732218338.034052 1.7667500929017559 72.95793856140804 -269.61818726627314 0.9800727331076924 0.07519507210709771 -0.17141585883729876 0.06648114235403565
1732218339.234502 2.1578464816186034 72.79400445958765 -268.67459105237356 0.9807743829938517 0.07539495961767823 -0.16841203103964608 0.06351848178585041
1732218339.634674 2.3307191975906227 72.71092711368858 -268.2662967328221 0.9806273233866843 0.07300345342269869 -0.16920497416946204 0.06640952591412394
1732218340.501695 2.618874385545809 72.57362199079157 -267.5662041605748 0.9810517077887658 0.07122301054450317 -0.1687828390764102 0.06306490820599328
1732218342.09208 3.1219642022133063 72.35813623109155 -266.3495940886163 0.9813018200633119 0.07215491198616145 -0.16627641624546285 0.06474998082830927
1732218342.822423 3.3599454904010697 72.26860887953602 -265.81789632313826 0.9815983450949531 0.0710037041112141 -0.16484630080096083 0.0651832802302517
1732218343.287735 3.5048466684018287 72.19371254838688 -265.45311744664673 0.9818632996029054 0.07085802144545483 -0.16453263806503576 0.062069418404640905
1732218343.88557 3.6843859286181857 72.11535060697112 -265.02284053410386 0.9820797619011269 0.0695568027625324 -0.1638504544185343 0.06192108720395722
1732218345.015118 3.994685582199378 71.97624918441744 -264.26912527877164 0.9825085206740302 0.07052787253501107 -0.16138435580246452 0.0604807051946123
1732218346.677231 4.407768603207005 71.7743838098047 -263.230369670131 0.9831751067965012 0.06871281707531077 -0.15911682517117592 0.05768096820190162
1732218347.673993 4.621867101471323 71.66380982192342 -262.66800737320006 0.9829818021437551 0.06698334224640416 -0.1597502233403022 0.06115451462026519
1732218349.47045 5.001359361376615 71.48355562759382 -261.7318761761539 0.9830765818588821 0.06466446839947093 -0.16061651403395633 0.059843764477598295
1732218351.933384 5.528863782124795 71.23822206817546 -260.41923262112266 0.9834388537302031 0.06270895925640209 -0.16066065500578983 0.05571141118221293
1732218352.532707 5.6893070179412915 71.13933643281275 -259.9761058296063 0.9836537648231016 0.0634398972068181 -0.15919728709238876 0.05528900590669238
1732218353.731655 6.01726875210733 70.95943040681985 -259.1111294440798 0.9837259255770404 0.06315361052267278 -0.1595086846500219 0.05340322412331829
1732218355.3996 6.3568541759000805 70.78658038214233 -258.2328602361673 0.9835615143264204 0.06199111028783754 -0.16123477626239602 0.0526041510226613
1732218356.5963 6.642282937651018 70.64091865715858 -257.5808332948506 0.9833718972345712 0.0642861748850698 -0.16182069723141657 0.05158547659433057
1732218357.462694 6.8665895235909495 70.52365371660817 -257.04469920000264 0.9833196977416517 0.0655358313200362 -0.16210593282213925 0.05009085136352409
1732218358.395563 7.145094899913294 70.37195560488452 -256.39363424801377 0.9833313287212142 0.06553385049827282 -0.16305177515854688 0.04667902111107286
1732218360.194984 7.564418159395443 70.1507412829845 -255.4178463409685 0.9831302506284049 0.06550410567424098 -0.16480943622790845 0.04474340364105803
1732218360.862166 7.7835548120872815 70.03997160648605 -254.88709643817012 0.9829267025875461 0.06611024829474813 -0.1641977191255662 0.05023585815672034
1732218362.261087 8.114065872260396 69.8835024958432 -254.14077709848473 0.9829982574879016 0.06735929884951698 -0.1642292300236647 0.046967122970061934
1732218363.593804 8.462090559296653 69.71305534000483 -253.37978406493005 0.9847713507393367 0.06325353914831727 -0.15519502992227585 0.04624801872143845
1732218364.6602 8.638266417586463 69.56228278519421 -252.7272354821382 0.9895954919850758 0.05295239545122441 -0.12696165817805075 0.04216092280148644
1732218365.593081 8.825227995543521 69.38854012228273 -252.06352514021307 0.9905051018472969 0.0513952680130338 -0.12066990932147625 0.041193963449651705
1732218366.392957 8.986830485348705 69.24656709489383 -251.46607790806652 0.9910208848279501 0.04982070231845002 -0.11666867579474781 0.0422365190755982
1732218367.192521 9.174696530569753 69.0807582295893 -250.82017993502606 0.9915883279685163 0.04767745149096835 -0.11297617488882633 0.04142260691238634
1732218368.192131 9.381549286317963 68.88820295404848 -250.03905675252577 0.992060100266606 0.045309974619404586 -0.11024862999439645 0.04011238266868858
1732218368.991848 9.590845358615013 68.6940537432188 -249.24937865095708 0.9921948777458931 0.03953699477357744 -0.111434004471334 0.03960572264924861
1732218370.058148 9.758890455883593 68.51078263078324 -248.48082578910646 0.9926140443219473 0.03144022865089313 -0.11014159918439102 0.03997122923193518
1732218370.458134 9.857793123666026 68.41616343426067 -248.0915353043024 0.9927366580161834 0.03103543509169001 -0.10924314365517 0.039707243216630043
1732218370.791178 9.94348620259976 68.32828975069185 -247.73252541114113 0.9929148161649141 0.03080732627256495 -0.10756552637876914 0.04000917423528006
1732218371.39112 10.10042784192689 68.17768648877032 -247.1186186978478 0.9930269267586244 0.03190860763040237 -0.10569061383052057 0.041338331358903115
1732218372.057541 10.304109090015023 68.01171324926817 -246.4723654111427 0.9886568751076098 0.04041852043228305 -0.13952964496823286 0.038149766494174675
1732218372.990639 10.616737326155823 67.8218715981708 -245.668441782357 0.9863190033691528 0.04734276797124793 -0.15152944933162563 0.04441071828912568
1732218373.45694 10.772521031747505 67.72274929860383 -245.26137184977296 0.9858709188891794 0.048211323888458335 -0.1550454492085208 0.041171691940642706
1732218374.589795 11.155466410214267 67.50572578607661 -244.37119209505317 0.9851871397926899 0.051542669016956734 -0.15808748245055348 0.04192851953209464
1732218374.98965 11.2941836895183 67.41538246193993 -244.01664015413084 0.9849180282721246 0.050545534460214446 -0.16030703002481522 0.041027827816063844
1732218375.589441 11.51802983216868 67.2812190076217 -243.48200717702795 0.9847509290604102 0.04977694539284337 -0.16202856642501828 0.03917406137063777
1732218376.589043 11.86752850726501 67.06055408085638 -242.61257792083723 0.9840132579466455 0.051176994337489075 -0.16605048862712696 0.039064800812258244
1732218377.388825 12.161573833534055 66.88003575545731 -241.90458656466242 0.9838122847533827 0.05277249335305284 -0.16726302294715045 0.036763208078349825
1732218377.921915 12.376706495497713 66.73836264400751 -241.34426711171082 0.9833251499845662 0.05315912163007395 -0.1700631506013388 0.03639068566124828
1732218378.521849 12.617172433903754 66.5847270422257 -240.76016141277574 0.9830695799965742 0.05452525470158722 -0.17121990737853876 0.035846070947464614
1732218379.054929 12.849905778696057 66.43945791692185 -240.20005774519197 0.98273366635151 0.05543271857960779 -0.17295210494989616 0.03534577943111381
1732218379.587927 13.067473649432312 66.30108267500799 -239.65800651463186 0.985019511443623 0.054683627719767695 -0.15986192931574605 0.03450255773445661
1732218380.121077 13.227837347369405 66.15458700928394 -239.08139781394127 0.9908633651711347 0.04443042006406554 -0.12268494603214335 0.034119398467078794
1732218380.92079 13.450363896753307 65.91980361536433 -238.25972834553144 0.9912882472099297 0.03848827267403355 -0.12219136238935314 0.03058651283602359
1732218381.720664 13.684081213962402 65.70226833691116 -237.4088149266679 0.991377528571953 0.03684136629474793 -0.11990380239877914 0.03789970636320546
1732218382.120312 13.798336025816196 65.58103117409898 -236.98241077243114 0.9917801504889573 0.034176227602300574 -0.11879769669810213 0.03303370736388272
1732218382.520234 13.919057445405848 65.4654063620716 -236.54652554342283 0.9918044720783384 0.03011777055756309 -0.12025809997352742 0.0308998131516609
1732218382.786739 13.994683833566723 65.38135312142504 -236.26393352089943 0.9919475389679611 0.02912923156205858 -0.12022325484623264 0.027164992144061473
1732218383.719753 14.234763403937924 65.12860617925554 -235.3389867354555 0.992080439159845 0.02411322910752848 -0.11892267992130061 0.03243995404979505
1732218384.119603 14.334602599391573 65.0226601454826 -234.96851254035468 0.9924970634427782 0.026183565759785834 -0.11614599601375258 0.02782278834944491
1732218384.386233 14.419557707322262 64.94943584511132 -234.65831768108842 0.9927303906372156 0.028377717372889175 -0.11249053469617239 0.032046158361882494
1732218385.185851 14.621972740083269 64.73000992269296 -233.8582200188856 0.9927615493828545 0.03221808915974379 -0.11071248399967171 0.03360426586716578
1732218385.985614 14.823520158222518 64.51619377160046 -233.07239359061444 0.9929977252758462 0.0287317245308601 -0.1104565267898126 0.030485427535289475
1732218386.585346 14.988580504860673 64.33246277956489 -232.4206530658625 0.993249614717944 0.02755333185848144 -0.10921345210755709 0.027720725908647655
1732218386.985971 15.09456293218736 64.21141996439515 -231.9601970045205 0.9931075578766269 0.02505989481771226 -0.11025005090441585 0.030891850634448322
1732218387.718433 15.283207300565335 63.995765968896244 -231.19002515744822 0.9932157231310499 0.02223788217461938 -0.10984644941147034 0.031012279396177976
1732218388.318004 15.432654865902851 63.82591450107866 -230.57892349759175 0.9933025319558093 0.01903713094879855 -0.1100572745813988 0.029581480137604584
1732218388.851294 15.575307769622313 63.67122672008181 -230.0180923519271 0.993754405160668 0.021633813555167965 -0.10608127908112575 0.027035579582090054
1732218389.317648 15.694946227044534 63.516924795293555 -229.50421846917408 0.9940868147122401 0.021583929776648234 -0.10424682246176536 0.02140417709920272
1732218389.91744 15.84878733056266 63.34189453175961 -228.87020603935812 0.9941952098418276 0.025175616168916327 -0.10143125806468249 0.025568984443959938
1732218390.517393 15.99961178225732 63.1632593331788 -228.2289451285661 0.9941229569612947 0.026040093618114407 -0.10201100881317468 0.02520345309298051
1732218391.050315 16.13727291199297 62.99458539033151 -227.63104869147486 0.9940760078201003 0.024893189827767358 -0.10209931108451292 0.02772995587299755
1732218391.516817 16.265363637578428 62.863303537916174 -227.10877165691304 0.9939008975392695 0.026482161473475405 -0.10257447665853521 0.030629687111607996
1732218392.116618 16.41674621249041 62.69113686212702 -226.47555052397092 0.9935581191193754 0.02643068487002926 -0.10532637615771855 0.0324042792660616
1732218392.649753 16.559353036108675 62.53943134210698 -225.89758002045022 0.993594687083997 0.026974109906656718 -0.10416305851685524 0.03452611234430951
1732218393.316177 16.718949932040275 62.33677630277584 -225.20874846060764 0.9937803498332359 0.022112456532218813 -0.10557029879029475 0.027686956581933493
1732218393.849285 16.860430371404075 62.18456589423941 -224.6405053370429 0.9936837662937105 0.02270886190679247 -0.10590325521862999 0.029349288395845892
1732218394.515859 17.032284425187527 61.98285326016536 -223.89184799078689 0.9934754150676004 0.025409639841005742 -0.10645786329696409 0.03205734239849392
1732218395.315428 17.236929278862426 61.761249157532916 -223.11559470828192 0.9936254286868097 0.02978537317921604 -0.10549123230958532 0.0263237329672976
1732218395.848558 17.38221621815024 61.605111927459795 -222.55734434179237 0.9936682047266314 0.03432758673550837 -0.10371038005588963 0.026254004893202374
1732218396.315146 17.508827312516466 61.463172309420344 -222.0726306061676 0.9938773628035219 0.035963672581255636 -0.1021497594237751 0.02190499054666447
1732218396.914802 17.650834081762376 61.3167145540302 -221.5452419660521 0.9938803942119887 0.040473163422628904 -0.10026595458875982 0.02259255173706264
1732218397.714526 17.798703288641065 61.13938307265507 -220.92014474743073 0.9934187549815277 0.03968307621332134 -0.10428628970432073 0.025861177330236688
1732218398.647704 17.9565108502039 60.93233027002913 -220.17081304718184 0.9955057525591997 0.03289755595810724 -0.08566591860520542 0.023396534423942756
1732218399.447181 18.011878659585413 60.728597446515465 -219.4958228897244 0.9986841759039764 0.01911976792801723 -0.04329862077728925 0.019737799070786096
1732218400.313539 18.058537479868242 60.5284933608278 -218.8246143330878 0.9994835692707817 0.01473306949731976 -0.022731927447355985 0.017285568994214053
1732218401.113255 18.02393946759368 60.35409160149536 -218.24163981057654 0.9996478214492651 -0.0006325279611067987 0.02080309505886923 0.01646402794240113
1732218402.046269 17.956692732973483 60.143306530736155 -217.55421785369035 0.9990461707506484 -0.0066386845382957966 0.04087334352609153 0.013858079414744404
1732218402.912629 17.82341880596657 59.961521350555465 -216.9248494399561 0.9952062765254991 -0.025700228097809027 0.0928033516161203 0.017073469734863324
1732218404.445347 17.4200455369329 59.8124055985199 -216.3799311886294 0.9647813566745801 -0.08044390237675375 0.24977687224965492 0.01836372709271116
1732218406.711175 16.79863641964951 59.655339856694695 -215.79749707910008 0.9276674906133778 -0.12152609869669552 0.3520815640221711 0.026514269183619935
1732218408.510471 16.09010110759187 59.487620567963624 -215.19727557279546 0.9126415493017065 -0.1373222565771832 0.38394336396058876 0.028556848694457328
1732218409.243539 15.801424714560971 59.34909158969258 -214.60603573635342 0.9770419199713296 -0.08251020479631441 0.19430476821108247 0.028754300089652577
1732218409.976612 15.933022767647621 59.20632259631423 -214.22093585101035 0.9960628842156877 0.002852961510107554 -0.08771981602037536 0.012482995469787388
1732218411.176142 16.302449918487483 58.9331033175676 -213.33269592744136 0.9813606607538777 0.03655288914020849 -0.18785377736022904 0.017495660939490114
1732218412.042652 16.619714816870378 58.77769525919372 -212.79449575899284 0.9716436924005258 0.054497909907640266 -0.2292026014555563 0.020116667715514736
1732218413.375372 17.055156459735382 58.56856342813781 -212.11588158013987 0.9676091623953874 0.05972574254298145 -0.2448123083726684 0.015240675688158593
1732218414.242009 17.353420632595675 58.417494454735674 -211.65746169090957 0.9647916600143192 0.061844065881337645 -0.255198031117429 0.015044241285854756
1732218415.374588 17.773305673710755 58.22808895478127 -211.04805506272803 0.9615041007021774 0.06787962879851081 -0.2657981676796246 0.01592339113467254
1732218416.37424 18.15433713776462 58.05999894740147 -210.540035633975 0.9591285416298581 0.0746378792620117 -0.27257584634631077 0.014284103011509048
1732218417.973612 18.536588740575965 57.908781189869146 -209.98595635925744 0.9600462846518124 0.07910735375525287 -0.26752453172488805 0.021995063843322362
1732218419.772922 18.890536298063587 57.67267886137193 -209.16532599656 0.9773352842946027 0.06448330051615875 -0.20065686313533657 0.01986125132054331
1732218420.77258 19.133484178030137 57.538904273509175 -208.6981116191355 0.977818614560532 0.06788738115494827 -0.19707352049488733 0.020593397451504156
1732218422.172067 19.398516138601703 57.36054829227968 -208.07214031656528 0.9828153346119975 0.06366395624794108 -0.1718654395679393 0.021981569745733873
1732218423.638166 19.596827480664782 57.15757985584065 -207.3133988565712 0.9924046869385522 0.04720397785213651 -0.11136144413067744 0.0224354758910785
1732218425.037671 19.507574664875726 56.92097467202628 -206.54857523729936 0.9995461554966175 0.009099802799458968 0.023206436664419537 0.01691561167332439
1732218426.371183 19.4391946928144 56.718043118837734 -205.80763244547842 0.9988646910389734 -0.0012927289889508823 0.04019457662076215 0.025535345262107177
1732218427.570056 19.35397794195858 56.526238622144774 -205.14587701607647 0.9982480009837567 -0.009415220833161642 0.05551509420520337 0.018175710824718114
1732218428.902848 19.218227724090593 56.29981134987509 -204.37985407258375 0.9970569262007432 -0.019238501827130796 0.07144260474688491 0.02008283320534784
1732218430.10242 19.080627784248634 56.09767257014403 -203.6746638334565 0.9959095362852939 -0.025171478672624734 0.08400504980126337 0.021765656556412025
1732218431.301944 18.913880147548365 55.89048321166645 -202.96765881370266 0.9946331482517722 -0.031646492313964956 0.0964483015748556 0.020028106408642832
1732218432.301593 18.768138162681446 55.71177087618655 -202.36125020204565 0.9935225461587185 -0.03692419906238772 0.10535402822129498 0.02121514872549363
1732218433.101302 18.630171327166643 55.56979729409215 -201.84648396901972 0.9926253797463818 -0.040087383121749046 0.11185771644388871 0.02399392568463821
1732218433.967782 18.485143166384162 55.427271082894315 -201.36513874408902 0.9916301255829968 -0.0397326084880555 0.1213164092084518 0.0193220784532182
1732218435.766974 18.260048242085134 55.21139006267917 -200.59153421001474 0.990161831008681 -0.04240117807169255 0.13141041833913888 0.022649292783695006
1732218437.699567 18.05415071405788 55.03543087889284 -199.96318346530012 0.9887781964730473 -0.04969709625795423 0.13939733930685397 0.020402416455047315
1732218439.298999 17.898136411852686 54.82918316621278 -199.25805427927733 0.9935101385782884 -0.03971544460922403 0.1050901660114955 0.01778609033256623
1732218440.89838 17.844151431888026 54.63115591703105 -198.58460790579753 0.9990222998452318 -0.01694090538666694 0.037310772223525364 0.01659386671959879
1732218442.364526 17.998596528153946 54.386574252752595 -197.73302500676252 0.9986803866140986 0.012334988324572008 -0.04654319184688455 0.017862383604969546
1732218442.964417 18.104410672335604 54.20997492670606 -197.1259926953616 0.9977391241522258 0.015957553699960082 -0.06108340539500883 0.023039405400560983
1732218443.630688 18.217302422286043 54.02798263221033 -196.54085449238195 0.9968469120341332 0.01864705938872775 -0.07525054938579075 0.016907866846619424
1732218444.430402 18.35612548003652 53.819755954946636 -195.86260237398835 0.9964085268972869 0.02496209193790585 -0.07904797085204365 0.017273094587730565
1732218445.230114 18.504098470431877 53.561344664892054 -194.98200301574005 0.9972224404639913 0.02303125570242489 -0.06779623760866327 0.020509404231241063
1732218445.630136 18.551374893303482 53.45155338917365 -194.59098297012088 0.9980346935805994 0.022636293683925095 -0.05626570908007339 0.01576447269814687
1732218446.22973 18.57695680368985 53.272927333097755 -193.9907672474692 0.9995290674858168 0.008623068767777202 -0.01703962046682668 0.024019518527776486
1732218446.829579 18.50823552625125 53.116780732410774 -193.44090331035557 0.9989940705699968 -0.007694239395771471 0.038360662019162196 0.021911304287067203
1732218447.629215 18.301422033868842 52.89697659789425 -192.70790725944434 0.9929693900944555 -0.03428767942385942 0.11224490505609686 0.015402164267386565
1732218448.228944 18.06530829806896 52.72642828812172 -192.12466273765804 0.9864920779236644 -0.05196091116285719 0.15427151576128947 0.018268643345650076
1732218448.895387 17.811422643346983 52.530170882220666 -191.44970252374617 0.9849415688530386 -0.05750241286495142 0.16184878788120344 0.019711629090687476
1732218449.628459 17.53653121165252 52.30598370888091 -190.67064987600963 0.9884933171908359 -0.05525048612228197 0.1400270031174312 0.014858803796403962
1732218450.294972 17.355254791375593 52.10792051333825 -189.9383455317015 0.9926409136654976 -0.049078957858917596 0.10908144159960874 0.018881512422471443
1732218450.8282 17.23263399697258 51.93835108210647 -189.36973938333605 0.9947257451558009 -0.04880886513506946 0.0892349783918113 0.013247839064392584
1732218451.294471 17.177540089942926 51.784914806762146 -188.85765200800827 0.9974945937797787 -0.03903568641672997 0.05703328733209145 0.015098168835465
1732218452.027705 17.135854431382626 51.538117675341056 -188.07035604384373 0.9993592367861053 -0.030193745688627944 0.017266390615690654 0.008445432297395245
1732218452.827678 17.10245449164425 51.28759313494892 -187.24123466042957 0.9993761880163082 -0.030083647374113655 0.015253503984582707 0.010466116894753096
1732218453.427046 17.07878344674918 51.08941130954727 -186.60717715822054 0.9994731476840083 -0.028556045427800127 0.01418782227666018 0.006056816588934163
1732218454.026781 17.07385113618082 50.8854897200665 -185.9706147394149 0.9995073227841995 -0.027082489331637417 0.013153490461283055 0.008867703256689067
1732218454.426637 17.055113657230113 50.74623496216987 -185.517151537299 0.9995237322118901 -0.02601684746745125 0.012316166094554201 0.011124048085153387
1732218455.093194 17.03865342152298 50.535014751762326 -184.8216529812315 0.9995193166949485 -0.02759397129317601 0.008771447188832706 0.011080163182371292
1732218455.8262 17.041555009089453 50.27850327964238 -184.0763460770635 0.999615290086043 -0.02503771802766019 0.009104982365213248 0.00771257403807242
1732218456.825956 17.042110869689314 49.94396269340069 -183.06502317193184 0.9996102188178979 -0.026332492883246076 0.005731552563949409 0.007291060183172531
1732218458.025435 17.06635851187034 49.56902778931043 -181.93938405554297 0.999686073704142 -0.023129476980927283 0.005019084773922636 0.00822132134256432
1732218458.425294 17.074281614784965 49.430847060351965 -181.55480244204082 0.9997671423251767 -0.020160613516110877 0.004576704578454535 0.006185835821068081
1732218459.025073 17.075259858829437 49.30562193694549 -181.13779761764079 0.9997028412836471 -0.0201695474337976 0.0062625638228628 0.012173692130310738
1732218460.024669 16.9950728258901 49.13897202206789 -180.6115718237871 0.9978407512432078 -0.037331911498272516 0.05340992440536908 0.008218486313718553
1732218461.424208 16.88011524095354 48.90491947466255 -179.8808597682081 0.9970238667359453 -0.039312082332088834 0.0658788417570841 0.007612328839712829
1732218462.623893 16.774484266965885 48.71168814861719 -179.27553261285541 0.9964110422494747 -0.04247038628679213 0.0730935378210213 0.004316931870325383
1732218463.823151 16.656915325331546 48.50934519398368 -178.63705066027575 0.9955975955605576 -0.044801544752120434 0.0822262385678234 0.004134609152918174
1732218464.756555 16.561427321682164 48.36469590108936 -178.1780126265854 0.9947926979312925 -0.04708276669313067 0.09031537228703607 0.0037195096120828286
1732218465.822495 16.376682638704604 48.19565250268443 -177.6298504683225 0.9889429079095854 -0.0634618016509536 0.13389272560712415 0.006104314543299425
1732218467.155359 16.03772498705526 47.95379726177317 -176.8931880243382 0.9808464528622968 -0.07742899014303062 0.1787125664008044 -0.0026088317919825544
1732218468.354894 15.741269912541359 47.76899917464676 -176.27150843875282 0.9778781642946881 -0.085192015278117 0.1909443673736734 0.006071646957087379
1732218469.754422 15.386014842943837 47.56483424345592 -175.57949311648122 0.9739582320174137 -0.08778062144447356 0.2088993655409708 0.007808960296720038
1732218470.754222 15.122104738449448 47.414067760077224 -175.12348683368316 0.9698762147807861 -0.08630453775478887 0.22775951037632206 0.004154539512930529
1732218472.153518 14.760834982617764 47.21755895951666 -174.5002136807703 0.9669129951363182 -0.08539485058553817 0.24032782265269123 0.005432953985108851
1732218473.619665 14.385645864992313 46.99693299262277 -173.8833436647272 0.963552234761777 -0.07617399082296696 0.25644329142475325 -0.0012051103381338947
1732218475.553284 14.052813949008518 46.82985642113256 -173.41236308334126 0.9510740240362531 -0.07221851035974163 0.3003707920180733 -0.004480498559740216
1732218477.751378 13.3513560938506 46.68862647585692 -172.95507421431125 0.9030755910147112 -0.11571060315638877 0.4135547945901588 0.006161582759818152
1732218479.817639 12.73225654597704 46.59199534115771 -172.66580667989092 0.8438669807938223 -0.14579006739069228 0.5161908029186894 0.013447303011943362
1732218481.749914 12.016437780226527 46.49481701389321 -172.5058667870953 0.7926547373426852 -0.1613061126446299 0.5879431406712295 -0.0012917930667946376
1732218483.749166 11.154480987890407 46.514013334997266 -172.49602261678558 0.7204159599615083 -0.20966749432971124 0.6610595627852145 0.006375021918386569
1732218485.1487 10.348297287947522 46.52754802373114 -172.54741087577324 0.6728858614780068 -0.2237098651647681 0.7050672477660831 0.007660925435135991
1732218486.481458 9.716351458591824 46.5515750459838 -172.72548794182228 0.6116381139143884 -0.2330088927848773 0.7560422096304185 0.0024188318605277022
1732218487.881042 8.992076294986179 46.57588346788123 -172.9608743467418 0.5863264235947918 -0.22895416745772007 0.7770304723440031 -0.004995923051683939
1732218488.880588 8.424031524992472 46.58397704775607 -173.01258635728223 0.642966792097582 -0.22069970755704524 0.7334019373026468 0.002634711502977498
1732218490.546634 7.539040332945203 46.499840557449275 -172.88716689543767 0.7414538175884732 -0.18360747178064626 0.6453734559370788 -0.0052569060891031255
1732218491.479585 6.866837034904085 46.4296912910321 -172.7673987612271 0.7614531986299261 -0.18220165004656003 0.622063317488604 -0.005367872170365792
1732218492.879093 6.136735161932708 46.38242552964272 -172.65824235906945 0.7548075505461634 -0.18468510104041658 0.6294033782437841 0.0028918069617654097
1732218494.345174 5.393276242479644 46.3682366824893 -172.59270442547708 0.7392656642059957 -0.18987705889892506 0.6459964969075467 0.011022985672690729
1732218495.67817 4.719176674782777 46.270863009136185 -172.53292176554368 0.7360682240627352 -0.17112598843729793 0.6548436726265368 -0.009961426980001728
1732218497.277415 4.0492689581881525 46.23983249750229 -172.53835183609567 0.6878001498147153 -0.18658326299634048 0.7015086240603531 0.0018139055774234966
1732218498.343676 3.4274725452325985 46.27673120281582 -172.8096605872088 0.5863742587158122 -0.2136352178786818 0.7813608323534222 0.0006870672289497762
1732218499.076936 2.7027875045903884 46.34159236832477 -173.0527011409188 0.5729413681687778 -0.22756804124019375 0.787318259275658 0.008996324701672541
1732218499.743195 2.1134332344683235 46.38055288900034 -173.28375334964835 0.5613854960862674 -0.2255559737765839 0.7961836475859294 0.007901062867549408
1732218500.476237 1.5414812538595777 46.42481552990559 -173.53945683721008 0.5542540418795441 -0.23200624631015615 0.7993560839873906 0.002325881683059439
1732218501.475833 0.7956235925128613 46.469506144857306 -173.88349742582267 0.5502681479921916 -0.23167508797879555 0.8018613362611624 -0.02345242684081636
1732218502.075721 0.15258909041561655 46.52235901858665 -174.12847320325565 0.5619024301566719 -0.24383728252113504 0.7902082332853329 -0.01949324715915067
1732218502.742101 -0.6532761103163363 46.55045606109511 -174.3128929420713 0.6149198375845335 -0.22872756283754134 0.7545741751029276 -0.013232898818692468
1732218503.20861 -1.1990612422998272 46.5420536916106 -174.38084574012018 0.6388542976615296 -0.21673455871217778 0.7381450723508405 -0.005759304072866053
1732218503.808509 -1.913922032954033 46.52878380520651 -174.42421282059675 0.67260173609018 -0.2007083914470831 0.7122480551830171 -0.005074849673648376
1732218504.20826 -2.38623129748543 46.496447069326464 -174.3914246303808 0.7036701948868453 -0.19149128985164507 0.6842213171016955 -0.0045312208601126815
1732218504.874761 -3.1772956086213795 46.43796946519097 -174.36147192080014 0.7232940589616996 -0.19033304654939193 0.663742056577525 -0.008094318512017437
1732218505.54111 -3.9677138652523163 46.37825429595684 -174.30711111621616 0.7342049445467481 -0.18885044623033226 0.6521148122023369 -0.004987992383899731
1732218506.140808 -4.683406235924766 46.33117947306503 -174.2129719353033 0.743497992565916 -0.18355738221380632 0.6430531874556792 -0.00014348644064721489
1732218506.540751 -5.15806772506294 46.300210211697426 -174.1236531142984 0.7519060588038515 -0.18274194565528176 0.633404580419345 0.00642631589441548
1732218507.340384 -6.097447043301886 46.208458693206154 -173.9660118249283 0.7658685632411151 -0.17473984320633906 0.6187882092606812 -0.0035331452239265484
1732218507.740206 -6.548555732370381 46.153959779141715 -173.86754458754723 0.7743167848093153 -0.17166622255886752 0.6090109579901524 -0.008359296791639804
1732218508.406626 -7.3280075873521575 46.086715488443396 -173.68752708632687 0.7749390896570787 -0.17614965945403968 0.6069698693568749 0.005318128296890404
1732218508.93973 -7.942604948782963 46.019946908426625 -173.6221080615651 0.7478366021617534 -0.17359023295899795 0.6407810130014143 -0.0025575115416198346
1732218509.406233 -8.493580929645045 45.99277808533775 -173.53509152347766 0.7517659817946508 -0.1801772303486098 0.6342446337750719 0.010854437238005213
1732218510.139295 -9.351597669510031 45.9117509781864 -173.38223165388465 0.7520445508426479 -0.16755128739280375 0.6373079081222706 0.013935203109739626
1732218510.539206 -9.820874817922011 45.869053053810134 -173.31217113814893 0.7526709727766431 -0.1649584572583076 0.6372381877429866 0.014233980485264712
1732218511.33892 -10.718635525374127 45.768656159201086 -173.1674539056576 0.7568022714345681 -0.15972433413461648 0.6337657353920501 0.008913567170658132
1732218511.738707 -11.179613914299411 45.708915637869715 -173.1017869023479 0.760953439739548 -0.1592240832878589 0.6289654588086939 7.399500014585221e-05
1732218512.538402 -12.07553552893893 45.60542171718044 -172.9497247574065 0.7626813535493145 -0.1627474126559704 0.6259627354983682 0.0010423000396358993
1732218513.204872 -12.840653362670114 45.51186984227009 -172.80741699367053 0.7651070092201377 -0.1642905395961445 0.6225898535898073 -0.0013256124795796673
1732218513.937887 -13.70379495699726 45.450484439948006 -172.63972978174976 0.7673794255249677 -0.17250107582281438 0.6175466243817241 0.0028918567876004926
1732218514.337843 -14.184369678194164 45.42640259181594 -172.54184680922137 0.7701858447737114 -0.18459719816502176 0.6104149949705541 0.011453071855466634
1732218515.137492 -15.169739536685064 45.40813228864291 -172.33253201217485 0.7700289808256542 -0.20120567785936747 0.6046231300656979 0.03166250898641415
1732218515.537264 -15.688066339712213 45.415653297910985 -172.2166190603542 0.7732775882380943 -0.20983293856051657 0.5972884355301974 0.03547441621258743
1732218516.203707 -16.465804130407133 45.37211396140498 -172.0537275177446 0.7722134776361945 -0.20039895603435157 0.602214066015645 0.029407857287821616
1732218516.73682 -17.089111575218176 45.34461560934325 -171.87991800263038 0.775553387152565 -0.19239623394804187 0.6002562501758503 0.034540801432813205
1732218517.203514 -17.52644416023015 45.310216705319306 -171.76734822708096 0.7791855082512673 -0.18629826001075672 0.5977502271372346 0.029284262079881693
1732218517.936399 -18.17511339199361 45.21854766926522 -171.5042462005441 0.8131914911926958 -0.15900246629150055 0.5594765627624649 0.02058616245242389
1732218518.602795 -18.70819308774458 45.118526006710184 -171.1774628766537 0.857589039572266 -0.13940912576237116 0.49456731482333577 0.022567808225997493
1732218519.53582 -19.319021674329584 44.9833506806591 -170.79823035659786 0.8643215282410216 -0.13066467895224004 0.48543705342870164 0.015030124812281834
1732218520.468768 -19.993448190615272 44.84391550746047 -170.37724391107278 0.870419737766203 -0.12721214274839696 0.47520744367763035 0.01909021523575717
1732218521.068527 -20.410546314495395 44.73595719146453 -170.06661496939066 0.8855056540699558 -0.11090620329096473 0.45094614090504204 0.01507078911579659
1732218521.734937 -20.807067728501902 44.57543680546917 -169.51397126314177 0.9286528356134631 -0.0706089935893761 0.3632245968840124 0.0261949069442198
1732218522.468035 -21.2916185279579 44.37878917114714 -168.92828384409728 0.9358545972329722 -0.05808704621380969 0.34687409733519853 0.02191867920193502
1732218523.134263 -21.7727060536113 44.188255061386435 -168.27487943148563 0.9445397283244648 -0.05498942824185631 0.32250326813782065 0.028504498571363914
1732218523.667551 -22.188907888726224 43.96524975594385 -167.71362953619288 0.9498891631746749 -0.050881451261583596 0.30836115577284307 0.005920575248009742
1732218524.134037 -22.57885141531741 43.78335801453047 -167.2198082189962 0.9445351203939633 -0.05817210949327903 0.32320865447086117 0.0023617143346955187
1732218524.667222 -23.050366393101317 43.59755295615873 -166.68414277024675 0.9340320776100667 -0.06823806554381491 0.3505079578982031 0.008474423655436918
1732218525.133903 -23.474603824415123 43.4617729661344 -166.25256110113756 0.9284137734366463 -0.07699768199302491 0.36302876788548794 0.01814761550102299
1732218525.666883 -23.90284900202366 43.303440920644896 -165.81176444256067 0.929704483105719 -0.07996586161262101 0.35933852709171965 0.011439318914712202
1732218526.066496 -24.205784274591522 43.18221834239241 -165.480011811051 0.9306037915863006 -0.07773607633427282 0.3576118836298456 0.006886668865797446
1732218526.866374 -24.8047952477295 42.9527683383876 -164.817401563045 0.9316750331335291 -0.07563074103621033 0.35520803691101993 0.009427309254005102
1732218527.332916 -25.191470963972282 42.82057859384938 -164.38768932411205 0.9327016008536572 -0.07985515495002918 0.3513727609250582 0.015101684436979538
1732218527.866008 -25.612190330963077 42.6600706111234 -163.92585335809272 0.9337734190550675 -0.07961521947523673 0.34878682389229215 0.00873900298927077
1732218528.332505 -25.97474699607715 42.53082037963649 -163.52358883297904 0.9344679545293482 -0.08263352582776293 0.34608313592002793 0.012953972316170152
1732218528.865652 -26.431042741298988 42.37293190151547 -162.99841746301573 0.935332105804241 -0.08224571155185503 0.3436691333782507 0.01676369727045656
1732218529.265673 -26.817744888301807 42.23102164791706 -162.5580905997422 0.9361723335167664 -0.08319857740981097 0.34122431453878294 0.015010857480285545
1732218529.731967 -27.253228556927294 42.0804498984949 -162.0558463776273 0.9358698663919256 -0.08309355225768797 0.34188767470051656 0.018864586945703064
1732218530.265707 -27.731157840960353 41.910688279919164 -161.51491081356443 0.9370805013734983 -0.08489972007703206 0.3380672795526778 0.019562361112249415
1732218530.731633 -28.132964601989705 41.75937180332979 -161.04190261262838 0.9398381628624769 -0.08447828070642958 0.33063906144731925 0.015667123584309658
1732218531.26478 -28.50610233697526 41.56771795676294 -160.4556504829576 0.9569459953376418 -0.06837284102739868 0.2817792114945074 0.01341613158200457
1732218531.664647 -28.76488213950479 41.42072166660608 -160.00773247805324 0.9614307789505295 -0.06081341517573346 0.26792548172646213 0.012981604788513377
1732218532.131059 -29.048386625934327 41.260489148376145 -159.53065633637576 0.9632933560707272 -0.057165882065947235 0.2621664681639281 0.008167928015699988
1732218532.664222 -29.35111077538972 41.08373727002024 -158.9937459604906 0.9650824928032012 -0.056632434396535244 0.25569262393755915 0.005461824146491316
1732218533.130702 -29.61529569194494 40.927960155068156 -158.51881663108628 0.9668919292917137 -0.05485065975092678 0.24915633660306305 0.00570281737184862
1732218533.864011 -30.071686756991216 40.63003956044075 -157.6563745126648 0.9690126643121276 -0.04873814221155153 0.24204089901363815 0.0074332429765362655
1732218534.263639 -30.336502956812335 40.45522865208109 -157.14179571433067 0.9700763487610157 -0.0460095295945392 0.238383106638784 0.0029146578234300422
1732218534.729927 -30.633582411144413 40.26000042077392 -156.56810202104208 0.9715893953878846 -0.048780583293294356 0.23154659781954992 0.004546922207667089
1732218535.263226 -30.960862723978373 40.07118655572386 -155.87029344981073 0.9729862881815798 -0.04956894943378638 0.22494402359371093 0.015517361635744499
1732218535.663086 -31.177254987954427 39.93265499031248 -155.3721264361166 0.9757133457671767 -0.04581730875773081 0.2131679856747145 0.021063024317637246
1732218536.26288 -31.414628739139324 39.69423434250515 -154.59772063966378 0.9868865943154583 -0.023614659714761586 0.15851961188032568 0.019202355488401688
1732218536.462787 -31.459659814596613 39.62042323694432 -154.32285988038106 0.9902562615532521 -0.012805882542230756 0.1371529913878543 0.020435331664906728
1732218536.929377 -31.57613291078508 39.43412053278878 -153.70911804691085 0.992656177678686 -0.003292132190090562 0.11946098582951627 0.01876026776525848
1732218537.462435 -31.693022734235686 39.246846700175595 -153.09656036975178 0.9940043675909713 -0.0025848986856052453 0.10776948718264864 0.018285872723146107
1732218537.928879 -31.797926022983955 39.07957041276355 -152.55397680631665 0.9937513072042125 -0.004992859371067628 0.11045781659908964 0.015247345256842529
1732218538.662064 -32.04390322950504 38.8612236820845 -151.73244109145998 0.9882427590068923 -0.021919243339513422 0.14906501975271721 0.025988765418748908
1732218539.128507 -32.24302688910494 38.72927357104885 -151.21512373270969 0.9817318675217619 -0.03384807956800975 0.18386142251956034 0.035381140610148964
1732218539.661641 -32.491403410685784 38.55114505049091 -150.69605828772595 0.9764208465923967 -0.039584485240545045 0.21163582487917762 0.01567407080941644
1732218540.061586 -32.675007139224036 38.419767033900065 -150.30340083529535 0.976577011682664 -0.040543199737734084 0.21119140688756924 0.007195753249880952
1732218540.731685 -33.0103905945646 38.20201830994256 -149.60643871144487 0.9765080073030646 -0.04584575191346745 0.21020607761897647 0.01198681094085012
1732218541.262038 -33.27339228501422 38.03315575707879 -149.07443573197995 0.9761829679844387 -0.04771302206179826 0.2114453123288717 0.009008908755698751
1732218541.794147 -33.5334153548544 37.874477015329326 -148.48494804159128 0.9758334735932865 -0.04293653139626556 0.21269225648752324 0.02583583009627484
1732218542.264846 -33.75085520172982 37.71425559045712 -147.98976977543597 0.9771787335832575 -0.03909023537356581 0.2079485487898751 0.01873705385714054
1732218542.793753 -33.989684500607744 37.56667783444147 -147.384651080275 0.9775907025557236 -0.036723318044735644 0.2044689577557959 0.034062611506614826
1732218543.260472 -34.16260588551595 37.400656963466446 -146.9089556523071 0.9793895124451989 -0.027968390591614715 0.19963315613348737 0.012671030433758031
1732218543.993298 -34.460584362689 37.17223085667349 -146.1364517258839 0.9801734434706301 -0.026365023727573714 0.19516792419602066 0.02178044085385673
1732218544.65973 -34.7360152888146 36.93619574222574 -145.36547785550908 0.9837744739673367 -0.01944182000533235 0.1770016319916793 0.0219139744786807
1732218545.192861 -34.96527235178132 36.736546171319624 -144.60682030479845 0.9850924324331927 -0.015435390653767133 0.16723290077224617 0.03725325727397833
1732218545.59275 -35.142708342351206 36.59352047797949 -144.0507177364915 0.9863643649480301 -0.018361800534536236 0.15873534451750076 0.03938621894405841
1732218546.059264 -35.33625461186817 36.41618315909354 -143.45639853509962 0.9868028275915551 -0.018721968480832935 0.15874521718172843 0.025877082050338063
1732218546.592297 -35.551014000067994 36.23066798909233 -142.80241551032742 0.9857053687262464 -0.020406619804518873 0.16490846263206851 0.027815371375125412
1732218547.058759 -35.73665179111581 36.06601638015783 -142.27153716930297 0.9840185434516581 -0.022391960402177603 0.17535154785485685 0.021399554143262476
1732218547.591958 -35.9702520138076 35.87731851909925 -141.67028903480457 0.9833020387453968 -0.02636900522202329 0.17912465409556796 0.01833397005261375
1732218547.991883 -36.135560539648225 35.74210420862883 -141.24148675542176 0.9835399414213519 -0.030705189413935467 0.1767801581648191 0.02133426003308616
1732218548.791567 -36.42768980563201 35.489717608387046 -140.40924434305214 0.9840882429867366 -0.03415844137669717 0.17328989794184813 0.019342754956218827
1732218549.191362 -36.58973077457083 35.36200020432456 -139.97228110184156 0.9845022548311038 -0.03796557103004998 0.17055517873793996 0.01499522105552815
1732218549.857764 -36.84547716694667 35.141114558938696 -139.25813464687988 0.9835929503417254 -0.034789513623791984 0.17632337521148847 0.015641775279953342
1732218550.39091 -37.04523557314133 34.96420386690637 -138.70049799476254 0.9840827144277803 -0.029743150470547042 0.17465044209456893 0.013920461224757501
1732218550.857449 -37.22467943847594 34.810211245663226 -138.1890662761225 0.9836649857013072 -0.026729896076247532 0.17728311413851264 0.01610608587929202
1732218551.590696 -37.482128005679414 34.55337531441665 -137.4625649252455 0.9836587748839927 -0.024511544397295512 0.1783422136080622 0.002941705348694659
1732218552.124795 -37.63208942819151 34.397195424856946 -137.0317148516344 0.9845860767423734 -0.02332088712313684 0.17329892642885186 -0.0037250244910084903
1732218553.123233 -37.90448214075085 34.15939397548307 -136.40083350429876 0.9804923086228162 -0.03520224399564908 0.19324987874124636 -0.007079485550843427
1732218553.989709 -38.33504961886798 33.920022720760215 -135.75908885045308 0.9488314018992117 -0.07943582476988623 0.3054856028209841 -0.009352378425010792
1732218554.922387 -38.99959364442581 33.82267341622104 -135.51530867174765 0.8568576694756994 -0.150014894328958 0.49323073722754435 -0.003729020530615331
1732218555.72225 -39.5149729407921 33.729454082707626 -135.32009830469843 0.8336403230117778 -0.15768551562068123 0.5292221219013931 -0.01015065034594509
1732218557.787978 -40.09536344148904 33.64118453085148 -135.12138369540628 0.8206365628582558 -0.16733331823446 0.5463200757006847 -0.00946399467619772
1732218559.520857 -40.69814313394052 33.561952439297976 -134.85743936320398 0.8407308159171639 -0.16410469749731785 0.5159774468698306 -0.002935600154113043
1732218560.920313 -41.17304264843769 33.45380130880818 -134.5540630004385 0.8742904940798579 -0.1475947743558391 0.4623533020951433 -0.007831895438775487
1732218562.919594 -41.707912570532585 33.256467195089094 -134.08209713811493 0.9055472025514492 -0.12235946965700817 0.4058487419428001 -0.017298057692897502
1732218565.585283 -42.25877291681828 33.05959557950421 -133.58502861348433 0.9137334478166069 -0.1130316960575555 0.38991843616690525 -0.01669236845637417
1732218566.918035 -42.78432632654679 32.9439930100256 -133.32448876525353 0.8752448535021311 -0.14011796316631844 0.4626548558655367 -0.016244604033188025
1732218567.917701 -43.36693785721051 32.7595779941781 -133.01178296545933 0.8670148989156903 -0.1291744939043612 0.47962323286758907 -0.03950531200243786
1732218568.984026 -43.92439838598244 32.658591270787404 -132.86289396147558 0.8177172704478236 -0.15932026493972296 0.5509945665556624 -0.04858504314123095
1732218570.316894 -44.696684936744546 32.590809183993095 -132.88285826741543 0.7260538235051406 -0.20497985993814632 0.6546723269490843 -0.047257239872585004
1732218571.716307 -45.515532144543855 32.606118131521804 -133.03940615808077 0.6516662173774757 -0.23179898290395048 0.7215494376234463 -0.031093113689611932
1732218572.783883 -46.14611862092709 32.637919125205705 -133.15310221140697 0.6318778880057639 -0.24563677174970358 0.7348980177735636 -0.017827352193924968
1732218573.982121 -46.785613228760184 32.570271693416366 -133.1972409562945 0.6760051123014726 -0.20872140677131876 0.7054834802899129 -0.04177943915022177
1732218575.181628 -47.516419647995114 32.45867060071152 -133.15729536666234 0.7339277506802678 -0.1766085693454124 0.6539396986821501 -0.05022290814626451
1732218576.114701 -48.2442511073925 32.29798054169764 -133.09053264008244 0.7422003897501193 -0.15570758840566076 0.6489373056797473 -0.06143371765386299
1732218576.781093 -48.79301019666262 32.1495299383873 -133.1215240930768 0.7197725576857791 -0.13436426233880092 0.674663290646483 -0.09329069869328271
1732218577.38085 -49.364274183231295 32.0377380342303 -133.1762442485639 0.7037953542037536 -0.15379253911953447 0.6877168215394179 -0.08980828293704181
1732218578.247167 -50.16526994143706 31.856312626749432 -133.28549352605802 0.6863455315688418 -0.1547685609589041 0.703047705597818 -0.10344287064770429
1732218578.913596 -50.788123690080205 31.749018292804532 -133.38260164701381 0.6748274801892742 -0.16857798988824035 0.7121203228903663 -0.09525743557935863
1732218579.713308 -51.56979380035059 31.631016311674436 -133.56682542231977 0.6453971111668617 -0.17772849967197735 0.7378145279029856 -0.08663066268424793
1732218580.246415 -52.170514433110085 31.604210817985066 -133.71070627077685 0.6245145719030212 -0.20313636253964293 0.7520254633921404 -0.056345985702492246
1732218581.047741 -53.107985116426875 31.625836720349405 -133.94207546954192 0.6125668970283481 -0.22133335121831896 0.7581915225296663 -0.030314344256075015
1732218581.512683 -53.62969908824482 31.632777764204388 -134.08771504361755 0.6097161978160605 -0.2247639829843846 0.7593963112989079 -0.03231953680568462
1732218582.045737 -54.19076033711612 31.64119882374833 -134.2634935539624 0.5951604357643014 -0.228429783653398 0.769668891421226 -0.034838013998072466
1732218582.512254 -54.70175635977087 31.677258944626672 -134.46190392353222 0.5705623802489954 -0.2385324115370367 0.7852467168656132 -0.030796956711696622
1732218583.045549 -55.2606934348726 31.722336305827437 -134.72667705726772 0.5432517522052808 -0.2445113954011172 0.8025057306252323 -0.03280645604988087
