1750963336.084521 0.0 0.0 0.0 1.0 0.0 0.0 0.0
1750963338.151912 0.0 0.0 0.0 1.0 0.0 0.0 0.0
1750963338.551854 0.0 0.0 0.0 1.0 0.0 0.0 0.0
1750963338.885517 0.015006546057266723 -0.17183872120882432 0.49889793102776436 0.9999993911800428 -0.00013784333280688957 -0.0009840940371276636 -0.0004797892092746784
1750963339.952552 0.022944489088929796 -0.41998576510818847 1.204310598410899 0.9999993987435885 -0.0009565817864669365 0.00028434176883993537 -0.00045454758384736506
1750963340.552535 0.034309760471448424 -0.6792809810648441 1.9563720545136785 0.9999912578408199 0.0004533137945347023 -0.004156573509802936 4.056102099766308e-05
1750963341.152955 0.09050803981248048 -0.9157700528091527 2.6917729238335015 0.9999102831718438 0.003084768504637192 -0.013026410559574372 0.00047163376608366444
1750963341.886495 0.16747354686378796 -1.2148444930058926 3.5491634928916818 0.9998365052078583 0.004497573643765968 -0.017512859564334432 0.0001855665248751264
1750963342.353334 0.20463658160287285 -1.4041021395355269 4.136801856586793 0.9998121155273468 0.005494432137861863 -0.01844307091909386 -0.002323358622144726
1750963342.886792 0.25372300196791964 -1.6372854199196454 4.819178181734824 0.9997664121253905 0.0057985505642168525 -0.02080614001003373 -0.0007762313835837835
1750963343.486995 0.3158793518789604 -1.8905351025476953 5.59796289634511 0.9997216327743532 0.006950856506765341 -0.022454659557978384 -0.002032442112050583
1750963344.087249 0.3638659384310293 -2.1340215499805364 6.326363564006384 0.9996496052114261 0.007900875698173297 -0.025036463668035656 -0.003379119832313735
1750963344.887451 0.4504022182039934 -2.4753552444972953 7.306995057643123 0.9996808371276994 0.009420833738874852 -0.02333266520987913 -0.0022491121648958654
1750963345.554435 0.4744084580830243 -2.7660468719863704 8.120071237282136 0.9999730647266972 0.002009707987544821 -0.006806407510569106 -0.0018718204244146447
1750963346.087931 0.4547008202766038 -2.994478884925768 8.809633054844614 0.999965875589119 -0.003259140200049751 0.007541742876701266 -0.0008647409003501009
1750963346.754633 0.4391788725925836 -3.2505519653547474 9.576305806525026 0.999763820583928 -0.007755987618095737 0.020190768740336637 -0.0021167345534177226
1750963347.355176 0.4199472107184012 -3.492952375368162 10.27782771548014 0.999729728196124 -0.008807996073458016 0.021424581706353567 -0.001969026353691134
1750963347.888559 0.3840531810990803 -3.7119527571660513 10.906983395004492 0.9997277101298794 -0.010586365558512568 0.020467600814013966 -0.0036758372716403304
1750963348.688661 0.34967992069800957 -4.003562527553737 11.73907098185785 0.9997841369099442 -0.01156568952774532 0.017161646262712233 -0.001841821527497629
1750963349.3557 0.3444142365457208 -4.191383682315658 12.295449716431449 0.9998018262018898 -0.012350228022684685 0.015612430121629963 -0.00017949053156675953
1750963350.489375 0.3201575322691246 -4.451780717259219 13.044530928459245 0.9998825421771881 -0.010357523898805133 0.010804458986785271 -0.0032995778475554596
1750963351.689765 0.36021561575495353 -4.723031258861158 13.829822937083343 0.9999229396070198 -0.005005811383222598 -0.00817462063752834 -0.007888743720264336
1750963352.490117 0.37461141165783746 -4.947877658776368 14.461254309710526 0.9998900572748466 -0.0054266630860315855 -0.011714190338640186 -0.007293999956451585
1750963353.357029 0.4170374293025477 -5.212275144523661 15.187969441993953 0.9998607361532165 -0.002698940383824132 -0.01617749922354002 -0.003084240396748006
1750963354.357351 0.4487531840644804 -5.449466357510131 15.89663127848834 0.9998418818240532 -0.0036297487565003267 -0.01678339041150054 -0.004621047586434488
1750963355.757838 0.4989760755856597 -5.685083321383626 16.596964801206596 0.9998974910401711 -0.004536086743440572 -0.011192240875733703 -0.0076918835668828775
1750963356.891379 0.5143384377288606 -5.985916439798317 17.435048689969104 0.9999382266401449 -0.003954006503931222 -0.00892311181056743 -0.005318534755473962
1750963357.891992 0.5495056582861104 -6.262351558669981 18.2136273700068 0.999941913393101 -0.002676927399754217 -0.009876028321688522 -0.0033864382512767306
1750963358.692189 0.5836278757849916 -6.473965075687547 18.815547993759548 0.9999047096414649 -0.0012217894320496298 -0.011986845101379325 -0.006737537526204223
1750963359.759196 0.628163309969443 -6.7591028710632095 19.643771543291948 0.9998544751237575 0.00031897093921689243 -0.016379317664507804 -0.004758653736121609
1750963360.892945 0.6778333600931182 -7.073638314275586 20.5478084415553 0.9998212307994331 0.0013930700248175702 -0.017822443911515815 -0.006158432563047284
1750963361.69319 0.7319634234231013 -7.345738762033732 21.33056494986131 0.9998151247065967 0.0035192445334912407 -0.018171108812625944 -0.005209810972177172
1750963362.493455 0.7767962850474935 -7.606807908345047 22.08211490378345 0.9997968226592557 0.005039443997894489 -0.01844055165835882 -0.006392453299318838
1750963363.293545 0.8311683140657713 -7.872515166625386 22.848405157150143 0.9997587558299186 0.006321424088643618 -0.020512934917872136 -0.004657170810701437
1750963364.094015 0.8728918000163306 -8.118650713900646 23.56987285290447 0.9997346868975142 0.006473674594917068 -0.021975250427473062 -0.0023949362868929016
1750963364.7609 0.9182666167178789 -8.308860203519217 24.130625004474094 0.9997162067828049 0.007282558249994408 -0.02223942394338786 -0.004458504659831221
1750963365.761322 0.9730222390120882 -8.622294579477435 25.041361704861504 0.9996617436333329 0.008188033919522502 -0.02381922162590586 -0.006480671078939023
1750963366.494808 1.0192293290105516 -8.872108153818411 25.73783662171926 0.9996550909957317 0.0097217316398029 -0.023865224904758443 -0.005063400091293041
1750963367.294842 1.0716423468939753 -9.11767780512998 26.493220241935724 0.9996146760251292 0.010486393139950955 -0.02500798007456294 -0.00592755992635508
1750963368.095334 1.1207935450366524 -9.357106817057746 27.180690894931864 0.9996363129324993 0.01064437649594562 -0.023894269508776527 -0.006557667296585907
1750963369.029008 1.1876237183722607 -9.641348031551074 28.013494352883544 0.9996247019216549 0.011964752230746235 -0.02405538014709727 -0.005351513624955415
1750963370.02932 1.2633405843684702 -9.957188258160162 28.92196520015753 0.999666880474806 0.01128795067286956 -0.022470253942879003 -0.0058135994976631165
1750963371.029683 1.329811599868532 -10.28234268570131 29.841944620996774 0.999746289486327 0.01079998000784399 -0.018955548199154678 -0.005603952410647972
1750963371.829925 1.3731353802253357 -10.530733146711587 30.544800131173343 0.9997696789639156 0.010432487572371776 -0.017347735099129465 -0.007127995115879967
1750963372.630225 1.4103772568252089 -10.780089113548408 31.248689604873018 0.9998512995644694 0.009500947905893455 -0.012680224309778785 -0.006806075196841115
1750963373.497 1.4464564466488723 -11.042666457074043 31.99006700146688 0.9999176395505643 0.008580536511305113 -0.007268839740957517 -0.006184858739387045
1750963374.430817 1.482581764828498 -11.340102924457609 32.80340130294234 0.9999159735553854 0.007327924629393251 -0.004538481857626893 -0.00968243418979997
1750963375.231162 1.5040209335223116 -11.57776228304531 33.47523142935285 0.9999319596763675 0.006911998755821047 -0.002132039005846816 -0.009151759429548432
1750963376.231438 1.52093346455796 -11.877728731056523 34.32911621763174 0.9999261950198132 0.0062337967636402454 0.00017258519075409492 -0.010426624835491642
1750963377.031723 1.5380783762044208 -12.122651503359785 35.0425517748413 0.9999410518038583 0.0056570581333949535 0.0019491211300864035 -0.009060438040693047
1750963377.698421 1.5372755657684427 -12.337530827045475 35.61662166941592 0.99991584639257 0.004504553418955294 0.0021190610019878185 -0.011979929548872602
1750963378.498861 1.5566050529182245 -12.607520729313727 36.38568115067167 0.9999419016475235 0.003700375641323726 0.0040468443671872025 -0.009280280185168651
1750963379.432609 1.5658875759376627 -12.937155544559007 37.29860416417103 0.9999051232185768 0.003040768377817426 0.00560273164913374 -0.012210965849718087
1750963380.032693 1.5619493119768386 -13.167624776216773 37.9451504918687 0.9998989429057981 0.0024603676778073335 0.005638501919039999 -0.012816312373949725
1750963380.699589 1.537010372203593 -13.444074548787034 38.67873384189898 0.9998698036412309 0.003042298541650558 0.006845094127903294 -0.014292126238238815
1750963381.299792 1.5453574046477856 -13.709555414599935 39.41438159363822 0.9998285411483913 0.0020283596049772592 0.008100981050340836 -0.016527194813834235
1750963381.899823 1.5447402942523816 -13.977620965564142 40.11922973204743 0.9998109843398814 0.001500980941464097 0.008771590283705964 -0.01728588596010832
1750963382.633597 1.5302837347984029 -14.313850080551795 41.001687313042204 0.9998373395851972 0.00052480538905263 0.00855280916311934 -0.015870362501149288
1750963383.100436 1.5349750272269564 -14.51523849238683 41.54835553927636 0.9998247670788836 -0.001281555166017382 0.009670668327408807 -0.01597720019634517
1750963383.633788 1.529884458321733 -14.747217370074377 42.20562601153602 0.9998171258243206 -0.001992785243608133 0.008424590783942922 -0.017051978931798092
1750963384.300795 1.5330116671475524 -15.036291090996622 43.03224412363975 0.999813489237092 -0.002444511871713853 0.008608128389942477 -0.017114649481732677
1750963385.034383 1.5467060813981912 -15.375581812310276 43.909449467173665 0.9998149190412929 -0.0038727852185207823 0.008786250762127943 -0.01667126253914065
1750963385.50126 1.5399783467986838 -15.589374524529969 44.49649198067963 0.9998563146825068 -0.0046497156977541015 0.006601408016524854 -0.014904749097028795
1750963386.034555 1.5483601927810926 -15.832222034524607 45.160401285132735 0.9998433766402572 -0.003886649453692028 0.0061026984971502985 -0.01615157006875459
1750963386.701625 1.5570362352889013 -16.121333064000787 45.932067139371874 0.99984384414435 -0.004983373236422763 0.005120293455864071 -0.016162794088927904
1750963387.435359 1.5589976668767436 -16.463355650808506 46.846326925443485 0.999881997052059 -0.004186238970521291 0.0037792243841323616 -0.014289325999579272
1750963388.035232 1.583634802769878 -16.747548622587285 47.608519326939735 0.9998562571197676 -0.004021065883662058 0.004253431830522078 -0.015912399104839717
1750963388.635604 1.5808579987560683 -17.026166877472548 48.358242879008046 0.9998240833941442 -0.0039488502297758965 0.00474096050290252 -0.017712485439149616
1750963389.235821 1.5782123590804105 -17.321609971571185 49.12431845123872 0.999819505186802 -0.0050014739814359084 0.00519679232314592 -0.017576565522930004
1750963389.835829 1.5844662536393535 -17.613288017914673 49.865871894107954 0.9997945984112909 -0.0038513117251876825 0.0021175250988839304 -0.019784955725415245
1750963390.436056 1.6097079296088395 -17.894840097029547 50.62732126021646 0.9998337791494686 -0.0007140932838957587 -0.000478988259322428 -0.018211938741414913
1750963391.036424 1.6277660977731094 -18.178481163867723 51.41358281852486 0.9998450370867453 -0.0002673983555428294 -0.001597020810926465 -0.017529399181195327
1750963391.636639 1.667698457395901 -18.471493815958787 52.182938439767476 0.9998434044921353 0.0014317712388989211 -0.0024983419869015304 -0.017460664707059228
1750963392.236688 1.6948361892962827 -18.715915108986454 52.97229299408492 0.9999611048229806 0.006848040334346519 -0.0013800981574159418 0.005384098240096646
1750963392.837013 1.7132699480526503 -18.992895598994586 53.6647308249427 0.999813343637859 0.005659183968359606 -0.005769255130164948 -0.017548994721632488
1750963393.437242 1.7368499257104666 -19.263156447167372 54.429318200611256 0.999898491007022 0.006530976679073095 -0.0075228214780984765 -0.010186323306583344
1750963394.037251 1.7707185706838697 -19.538396680038414 55.21463819968569 0.9999084809036403 0.009617596256924203 -0.007092664256878339 -0.006342379123995513
1750963394.637621 1.8067969340915664 -19.813498099415398 55.943814162074545 0.9998048905497311 0.009044470053392312 -0.00915492583947382 -0.014985517247240837
1750963395.237849 1.8400554091254222 -20.077345261912594 56.73456559901575 0.9999143212325147 0.007956986575857297 -0.010185038072773388 -0.0020740198184307232
1750963395.838034 1.8804413002002476 -20.357364296956213 57.4817381752514 0.9998553374327753 0.009046932516132896 -0.006352088574812194 -0.012927033301466948
1750963396.438064 1.893969353333897 -20.63711473575971 58.2437849065285 0.9997968369446859 0.00527541819236104 -0.010125290018360414 -0.016611240180709065
1750963396.838364 1.9147560478346877 -20.82529866390653 58.74946959631119 0.9997504073757748 0.0022834020923493663 -0.011822957919549857 -0.018818254246595438
1750963397.438578 1.9361027196984972 -21.107229566531696 59.55897261852874 0.9999020046734676 -0.00435634735963908 -0.009310880269188408 -0.009503199265294596
1750963398.038793 1.9355685649854273 -21.389430644712007 60.32192115172332 0.999880229864586 -0.0070982121567414866 0.0001734441964014816 -0.013751771785159503
1750963398.639067 1.936001490273599 -21.68180162590645 61.07969298296385 0.9997237276897949 -0.010862416899751396 0.00379991365318014 -0.020494800544161623
1750963399.239165 1.9273029177219878 -21.968147021472166 61.88174941828749 0.9998050779120494 -0.013120765900485469 0.00816698169684002 -0.01228625628208334
1750963399.839417 1.9208106241451945 -22.253407023842485 62.67159431052838 0.9997516296745378 -0.014619907337158025 0.012069770881492607 -0.011715711819047877
1750963400.439412 1.9093150698940848 -22.536975640706565 63.44220503354848 0.9997518231274672 -0.013600502754050852 0.00893258438105423 -0.015216024921706199
1750963401.039776 1.9062581131674174 -22.822238147523382 64.21752711202954 0.9997546844822266 -0.014702126636721857 0.007344780616164485 -0.014848317275096938
1750963401.639994 1.9078965615225985 -23.115092009728873 64.98020822161483 0.999680469890606 -0.017336601366941796 0.00904676685353315 -0.016017377495664765
1750963402.240014 1.886816475689734 -23.39984203258161 65.76015124011371 0.9996671459633262 -0.018556614990704053 0.006766254246577942 -0.016597202327359062
1750963402.840485 1.878638625087693 -23.685248878768135 66.52029090162104 0.9996932375927688 -0.01864515921187365 0.005231804486939094 -0.015440756816367052
1750963403.44059 1.8758940294678856 -23.966240510589962 67.28857622255404 0.9997330193081343 -0.017935322391528355 0.002951912780830883 -0.014265361078073243
1750963404.040818 1.8745502941718006 -24.25102330197646 68.04696672266581 0.9996769141019919 -0.018645985657191035 0.0005007771368231093 -0.017266842579053126
1750963404.640875 1.8804324530580847 -24.539257201214667 68.82752166819593 0.9997319848576488 -0.016414950996832305 0.0036445645356167557 -0.015913044513962055
1750963405.241184 1.8861388525786105 -24.81937080608113 69.61116831403298 0.999778974526965 -0.018004514860035535 -0.004569771840492411 -0.009846660540054751
1750963405.841419 1.9027838306636333 -25.11915595034217 70.37392363735623 0.9995213472009159 -0.016235262603309004 -0.009622755553160786 -0.024513166124184273
1750963406.441429 1.944529238293668 -25.410150163529725 71.13845188072425 0.9996391008742173 -0.006091073458759283 -0.02083795967033425 -0.015822334350019958
1750963407.041653 1.9868700413367868 -25.707588465427442 71.9193458671666 0.9994558566449432 -0.00826182956497335 -0.026130915614011634 -0.018355054876945408
1750963407.642018 2.0323924974745373 -25.985029781527636 72.64652292597155 0.9993520904289952 -0.008137167859074382 -0.028320723770368126 -0.020666941223923985
1750963408.242246 2.085602961410509 -26.272822219889015 73.41463309282435 0.999406165108838 -0.004491778654173075 -0.030422667133218034 -0.015543564310336098
1750963408.842302 2.1485481537454403 -26.554202899747125 74.16802884202495 0.9992348522294233 -0.004510978544156 -0.03499934721973283 -0.016864366481114813
1750963409.442612 2.2236048668628063 -26.842801487946044 74.92796911134582 0.9991520288926871 -0.005907901000814198 -0.03648528854712374 -0.018142314764786647
1750963410.042847 2.296992288088063 -27.13573509210783 75.68810306413475 0.9989230343050917 -0.004401763630066889 -0.04075363517174154 -0.02173792151845318
1750963410.642862 2.3784997927864135 -27.423667573886362 76.45062503452694 0.998907723810795 0.00033175630142730255 -0.0419908268169968 -0.020494382452711315
1750963411.243077 2.459373031391142 -27.7115521174472 77.20389147055143 0.9987349883571163 -0.0009808011593473575 -0.04371484867382621 -0.024828875645527337
1750963411.710061 2.525807010032626 -27.934867413903252 77.77913039809027 0.9987899980178845 -0.0010596924299808006 -0.04426435847719079 -0.021402884852065884
1750963412.310306 2.607557007785554 -28.218650256575962 78.50238111078274 0.9986507469401308 0.0035722847911068716 -0.04676225955801073 -0.022298329496160642
1750963412.910318 2.711592424069378 -28.516142185534587 79.23919549483038 0.9985764589096785 0.009150647912613578 -0.04733540191803125 -0.022818437269998614
1750963413.644061 2.8077958010565984 -28.85529044145222 80.11563376636497 0.9985551917938507 0.008487376291860542 -0.047986853988994445 -0.022644099219559302
1750963414.044178 2.8714344487264927 -29.051339565280625 80.61320649462031 0.9985630751096203 0.00997045693644818 -0.0471336675711843 -0.023468966687661977
1750963414.644206 2.958891290529956 -29.34353960325022 81.37359485312804 0.9987110765237659 0.007725128185868611 -0.04428317253116646 -0.02356923108265289
1750963415.244425 3.0473708222382623 -29.633644860900876 82.13706177731028 0.9989265091520894 0.009992673432658963 -0.0410695346881124 -0.018954395569123463
1750963415.844781 3.1344402273022123 -29.92175337197235 82.8569855629233 0.9989397821496185 0.010528012490491302 -0.037464314318085536 -0.024594669027017714
1750963416.445033 3.2050739598675797 -30.222942356038114 83.62338493339819 0.9992716222267316 0.006362793064541309 -0.03117236839754716 -0.021071860982401543
1750963417.045029 3.243875407754482 -30.514111219409 84.36546635632486 0.999624685669211 0.0018551182416940372 -0.01398674626943488 -0.02348227556764554
1750963417.712099 3.261514254528615 -30.83043904043382 85.186129492579 0.9997625311063072 -0.0017504300972883515 0.0014378940936111608 -0.02167371336342866
1750963418.445706 3.2509864969244875 -31.17444996119963 86.06881554591834 0.9996786786512823 -0.004746511330174021 0.008449750510245541 -0.02342246350265337
1750963418.845654 3.25148255402535 -31.37260178611776 86.5776348018325 0.9996391739578909 -0.00628996633946939 0.009758777302024907 -0.024222396202758845
1750963419.445847 3.2392692745957596 -31.673200408054953 87.34752138981982 0.9996388719411543 -0.007423004257893343 0.012210603073424094 -0.022757985073093453
1750963420.04629 3.2268845480902684 -31.963814025447956 88.1034844446006 0.999613208583015 -0.008836809519073336 0.011855351089640784 -0.023554079783229608
1750963420.646421 3.2245665391612786 -32.25828714639773 88.83759544132835 0.9996714585161762 -0.00901465196082697 0.003689548256695835 -0.023708612608665074
1750963421.246443 3.25590205034734 -32.5393105149215 89.56849738655397 0.9995680866546368 -0.004760229124421787 -0.0132715728994121 -0.025784602247211106
1750963421.846927 3.311494863475403 -32.838253841758835 90.32455198300585 0.9993343366642411 -0.00218859361777477 -0.025471117381558796 -0.026025291567099467
1750963422.313659 3.3644412276006626 -33.075243651119095 90.90394471152887 0.9990135865666211 -0.0017249320685227337 -0.031178615480318875 -0.03157170254176877
1750963422.780484 3.4314381225500976 -33.307234889719524 91.50064117399616 0.9988967821565585 0.002293739903008658 -0.03856670041165434 -0.02669395013646253
1750963423.18044 3.4952309586312045 -33.51311368989472 92.01522641824646 0.9985632202556988 0.004107234763467695 -0.04608611052530882 -0.02703139270950746
1750963423.847479 3.6203581374777176 -33.844077871882696 92.8417387846028 0.9976026762164847 0.009577670972099717 -0.0637130011108956 -0.0252551403460947
1750963424.247625 3.7274519819669583 -34.04680249944889 93.35884093995222 0.9967898888007674 0.015432847896890487 -0.07366402702520564 -0.02730120716699584
1750963424.84772 3.890296166870806 -34.341362483705026 94.0824209537494 0.9953534169034763 0.02265139469151984 -0.08827266769306953 -0.031087391583279073
1750963425.447881 4.038162276220341 -34.62853220665454 94.81406809091018 0.9969145465618825 0.018450672974250543 -0.0724701706431421 -0.023854431183064365
1750963426.048226 4.1204227850034645 -34.908933743483075 95.50899846095652 0.9985008244655798 0.008019058943030545 -0.045681579195053335 -0.029068738491239306
1750963426.648464 4.180324445464026 -35.20582550995443 96.25523806262734 0.9990488018716027 0.0040392774698943005 -0.03124947202563245 -0.030143759131126952
1750963427.24847 4.222481059781831 -35.514433284385326 97.02127685513219 0.9994915318607993 -8.308036585437557e-05 -0.015512517955852628 -0.027857362094695432
1750963427.982331 4.244980638372422 -35.879366439182796 97.9188350756004 0.9995146840612629 -0.00527392428160546 -0.0038900281661784636 -0.030454059654701517
1750963428.449038 4.253932428498181 -36.123600715325864 98.52887395625145 0.999578225705314 -0.006929090164564557 0.00027956871450677645 -0.028200713583907033
1750963428.849188 4.259456798647283 -36.33172940827062 99.0328179670136 0.9994841615102542 -0.0076657569542945905 0.0033076901507615563 -0.031011388977730134
1750963429.449262 4.255466016001956 -36.638559349387634 99.792944889585 0.999496300916842 -0.0089776036013862 0.008077535424274912 -0.029347921708284205
1750963429.98274 4.252599401723539 -36.91151665254498 100.45804041508184 0.9994147711405895 -0.011583044050471008 0.011385701424228569 -0.030105051396837224
1750963430.583098 4.250232685761113 -37.225611680149406 101.22985430660785 0.9993761342869727 -0.010752629890713907 0.007801392708511704 -0.03272401931101231
1750963431.183122 4.248474660580843 -37.5425150975274 101.95179752187825 0.999312052079915 -0.01024944315205443 0.0034716782052823247 -0.03547279145121063
1750963431.783338 4.248254977127796 -37.85450536619827 102.73050167687784 0.9995216177928238 -0.010679651396137784 0.003926103253209086 -0.028758760823765713
1750963432.383699 4.25247655170978 -38.16902372458319 103.49078442940227 0.9995613518823095 -0.00891256636143505 4.9442270942172397e-05 -0.0282430086839995
1750963432.983924 4.272770530857753 -38.46965906049741 104.24429764610673 0.9994548415678056 -0.005547033408359586 -0.0075896949218486835 -0.03164880121003327
1750963433.583947 4.2971210620616525 -38.77497972194646 104.9723932262793 0.9994523094510048 -0.004693517073392838 -0.010718778884385348 -0.030954156582957415
1750963434.184348 4.327799808930371 -39.07326321701196 105.74224098911697 0.9996013649849534 -0.0033329568332648826 -0.010391010295896964 -0.026038998137331407
1750963434.784515 4.3612366675066285 -39.38375310244651 106.51290931007733 0.9995292362907663 -0.0008966333250123973 -0.00767614923664374 -0.029691389013900348
1750963435.384555 4.386699984010298 -39.66602879398192 107.23306765150387 0.9995731490947376 -0.0002954959510016357 -0.004482759926292383 -0.028867579642493518
1750963436.051484 4.415651277754092 -39.991182228509814 108.05460272560086 0.9995563159552846 0.0014716056079289064 -0.005507413231891381 -0.029234808197198897
1750963436.851895 4.453603266107371 -40.38285777805927 109.0186051398748 0.9994172631850716 0.0015114745310939714 -0.010917790898144429 -0.032305592926110946
1750963437.251835 4.478943674391283 -40.58904833120762 109.5330752356411 0.9994056250915999 0.002122492874068976 -0.01356083543003216 -0.03162270231507149
1750963437.852058 4.522105080413144 -40.88926123206007 110.24710329607964 0.9993391563146816 0.003796288484235865 -0.015490408878477555 -0.032663222173909996
1750963438.385801 4.55492428334321 -41.16753785289622 110.92120432491339 0.9993478624373388 0.0027602485792875397 -0.015642113937674482 -0.03242769096410343
1750963438.985939 4.603059238484074 -41.47387217057186 111.66121881925106 0.9993078224082732 0.003050121047101567 -0.01266438714386833 -0.03484517374764203
1750963439.585964 4.654226958074881 -41.771309134787124 112.42079536793638 0.9994373883331069 0.0038372720500055354 -0.011900469841578607 -0.03112171207794674
1750963440.186191 4.6940688810386435 -42.077636064546375 113.16042942028915 0.9993451065898294 0.007087152709200528 -0.009493996427206927 -0.0341905576625926
1750963440.786573 4.739856718341553 -42.39409188857731 113.91133063696712 0.9990269046501682 0.006482104062767782 -0.011243767739477202 -0.042152150586223916
1750963441.3866 4.7753653652253805 -42.71259657892431 114.68592154645096 0.9992650758922327 0.0006406313830703017 -0.013516675821671324 -0.035863591123217374
1750963441.986778 4.80947923064005 -43.01958281450475 115.4297048784693 0.9993592222951174 -0.001369490052042381 -0.012806071711465004 -0.03339571586321188
1750963442.587145 4.860475285296937 -43.35552252244211 116.14069411098164 0.9983095576964282 0.00399380201991395 -0.01840530235281088 -0.05498473790688992
1750963443.053983 4.90325649950018 -43.62228773286794 116.70020829482107 0.9983888084146891 0.0046831850027246845 -0.02340762134219719 -0.05147755116191825
1750963443.787396 4.9647243787864594 -44.017506546009635 117.63367697742147 0.9990630802224862 0.004904267871467841 -0.02416821582832773 -0.0355641285100342
1750963444.387642 5.005095032174711 -44.31756612806264 118.4016055165759 0.9993186659386937 0.006006502693640788 -0.02408639772710025 -0.027312474740174595
1750963444.987954 5.062446042249389 -44.62272327580768 119.183594892451 0.9992792426223102 0.004876398218730725 -0.023253901898149545 -0.029605270664285956
1750963445.587984 5.133227706515723 -44.93582804839515 119.94725955673016 0.999383119304822 0.007290883281966639 -0.019725500410979587 -0.028127006649641347
1750963446.188201 5.189711790635641 -45.23800416108937 120.70807915967107 0.9993823398124821 0.007037990466961474 -0.019883468013814104 -0.028107886097305204
1750963446.788568 5.228629021923235 -45.52845911144185 121.43692638768327 0.999451102665488 0.009488941553164057 -0.0148892729319478 -0.028031463045989618
1750963447.255388 5.254696572994136 -45.75622677762286 121.99801211401666 0.9994004766323242 0.007662775273828093 -0.0060251140174047155 -0.03322148677081209
1750963447.788742 5.268983531727199 -46.0269381591109 122.64946293448757 0.9994393492156679 0.005050295943653735 0.0045870207920702165 -0.03277866669797665
1750963448.58903 5.265135370694229 -46.439022932226806 123.61283897879869 0.9990844955893279 1.3094231337724103e-05 0.021101582624584638 -0.037214160104683966
1750963449.189371 5.257089262763498 -46.754920221613595 124.37667048820975 0.999225145753142 -0.0022580698886898163 0.020922282820327275 -0.03326059675616422
1750963449.789435 5.274816380917346 -47.06376611561776 125.10225703590424 0.9994640598139568 0.00433483828842275 0.002714174724980867 -0.03233319614233608
1750963450.389666 5.32510420278774 -47.37202975112917 125.83801137537404 0.9993670658766697 0.010038691316591743 -0.01241329023270833 -0.031789975515953896
1750963450.856649 5.362745758660521 -47.60022680486094 126.42231690531611 0.9991659185576749 0.013944689013206411 -0.021158342407209756 -0.03202088986430368
1750963451.456824 5.438882733540298 -47.90622869010116 127.13841538264144 0.9989817797620895 0.01709954282228948 -0.026897113413701438 -0.03193046552506751
1750963452.19025 5.520926451769569 -48.268763311704326 128.04472485274664 0.9988571650662063 0.019130158077134418 -0.030967024028242304 -0.030974897428071937
1750963452.790462 5.598495193485785 -48.570570646527244 128.78372435330235 0.9987311137117437 0.02025481398378206 -0.03430587311214473 -0.030806039742166343
1750963453.390793 5.680017083128823 -48.870044012457 129.49950609033394 0.9984896402735045 0.020440847066749684 -0.03835397612427608 -0.0336092629068171
1750963453.990861 5.76775312058338 -49.17663534443318 130.23656252774688 0.9989207976648541 0.017137244150351453 -0.0251521177215809 -0.0350845525789155
1750963454.59107 5.82511117771892 -49.47889017846111 130.98234638668586 0.999027655854146 0.017945739336125973 -0.021728756907350887 -0.0339050792877851
1750963455.191391 5.874394021939493 -49.77592646927734 131.69805104443117 0.9992240374823778 0.01786621155471484 -0.015298166776978707 -0.03159252277615538
1750963455.791621 5.9184120147089425 -50.09071974114027 132.45236479225375 0.9992980355797324 0.013973449349600176 -0.007932877163941294 -0.03384151680500898
1750963456.391682 5.92646474542961 -50.3945428751821 133.18430982925253 0.9994258553237984 0.009097779260408143 0.005041237920396692 -0.03224555850118029
1750963456.991931 5.945998290357486 -50.705158887237886 133.93820461675247 0.9993649910445553 0.007313429109782833 0.005803718114917112 -0.03438670215671043
1750963457.592217 5.957219125202873 -50.99131705971748 134.59640333834884 0.9991562498593132 0.00627707995937248 0.00854964929269572 -0.03967732515214879
1750963458.192266 5.972518863644443 -51.27717009492394 135.26492170047317 0.9992386790505339 0.008543137451543118 0.0002125146040910367 -0.0380661520168657
1750963458.79251 6.011436133346223 -51.56084835152524 135.92111462777837 0.9990670973983348 0.01347561444583308 -0.012771468560900065 -0.038990156477905234
1750963459.392813 6.066763556162998 -51.845636410566435 136.6068312009157 0.9987277488552287 0.01828136981278916 -0.024578478037582792 -0.04005712922428942
1750963459.993049 6.131460274897765 -52.1309438123678 137.31557272174047 0.9989119666575987 0.01893081124250075 -0.030861613958205716 -0.02939503423783843
1750963460.526528 6.208430145993451 -52.39741626720434 138.00548990999775 0.9989541032435688 0.019094194532309344 -0.03497828076564123 -0.02241943850053671
1750963461.126826 6.2918545827984405 -52.71508855509984 138.72304585712087 0.9983962710758684 0.020317221580836056 -0.03553023327114055 -0.039111365774344695
1750963461.593554 6.345701123906867 -52.95549259406906 139.2985262395135 0.9984808926722187 0.018306331727787967 -0.03336773509694842 -0.03984193069695968
1750963461.993785 6.386435661356755 -53.17009708306893 139.8093223855949 0.9988326059405607 0.015534243900886832 -0.02789517388467543 -0.036248749638576334
1750963462.59394 6.422888978032469 -53.477560402837426 140.52989189469068 0.9991697070884467 0.011365909633591485 -0.015188102657797336 -0.03605598525411301
1750963463.19396 6.474557212676416 -53.770239624681444 141.21960208417778 0.9991525115204627 0.013726880591575919 -0.015350576997269105 -0.0356397426678024
1750963463.794326 6.507527604081354 -54.049443238966674 141.87785124997805 0.9991098789125124 0.012830273003110083 -0.01076109251172725 -0.038717345493262195
1750963464.394338 6.547072666182154 -54.341547094460516 142.5712154518766 0.9990846050328959 0.012443746604113962 -0.010227522016253956 -0.03962957166210726
1750963464.99456 6.576786307631988 -54.639383105821985 143.27880002775422 0.9991707529076522 0.01079487491734744 -0.009881841680375212 -0.0379950840830543
1750963465.595012 6.599892240662224 -54.93660200450153 143.96833451175027 0.9991809655253446 0.008847800548825538 -0.0039710432517032455 -0.039285434613623986
1750963466.195114 6.624903583799961 -55.25337389022064 144.71721264175855 0.9992321719066327 0.006690831980946294 4.120766111249761e-05 -0.038604374053792315
1750963466.728723 6.640067718243549 -55.53768817031394 145.38158461354774 0.9992006622971393 0.005962253778667466 0.0022428107028840557 -0.03946463980562934
1750963467.329022 6.647778959754958 -55.8496027555119 146.1167523048237 0.9992272626075952 0.0048131618560041415 0.0036730872423914253 -0.038835802615493735
1750963467.929458 6.65618497226117 -56.16506657175803 146.855442288059 0.9992514056955738 0.0026734700566234293 0.003619439579269156 -0.038423696209605174
1750963468.529434 6.688735209482315 -56.48709494234051 147.60255535244437 0.9991115172011049 0.005064288073326877 -0.008338120632756988 -0.041000060082031234
1750963469.129349 6.743274851594896 -56.810457466451254 148.3644496566364 0.9989319693114979 0.012234305941026829 -0.024352291573046993 -0.03731230816681469
1750963469.729866 6.8111375629350315 -57.11790203118474 149.08995656620593 0.9987783000079616 0.014089256847064515 -0.0265800866910865 -0.039203306827332494
1750963470.330001 6.886788004087671 -57.437108533962935 149.83607124323242 0.9987147641715708 0.0170567970264252 -0.029101005381369546 -0.03782878516046457
1750963470.929922 6.967371642553627 -57.764926152185765 150.59292457271252 0.9985508015718955 0.017527308592594947 -0.03253162730582114 -0.0391252266250309
1750963471.530107 7.035112176095022 -58.055711692136384 151.28141683610914 0.9986482169776125 0.01668245589930111 -0.03153935225814039 -0.03779819640855878
1750963472.130475 7.111438286469874 -58.36574333851638 152.01026081747506 0.9985066279145033 0.018446588199395035 -0.03147004054598912 -0.04066784900438471
1750963472.730491 7.185395161932063 -58.65965991920058 152.71407911925292 0.9986465870220433 0.01886579822959821 -0.027066430881674132 -0.04020552456705483
1750963473.330708 7.249191610550652 -58.974127894149646 153.4503450312921 0.9988871733257059 0.017595359339925565 -0.017435762288305262 -0.040134928534957
1750963473.931042 7.2948935783243085 -59.29328605999762 154.18381046529097 0.9989318654209411 0.018288737580165335 -0.009214176999468342 -0.04142160386302181
1750963474.53108 7.331905948912656 -59.606444270907936 154.89827222844355 0.9988689752723078 0.01628647142502281 -0.005619156956084393 -0.04431643219026855
1750963475.131311 7.347836700320414 -59.927087971250536 155.63791462582583 0.9989948169205833 0.01268551241001375 -0.001000418198004964 -0.04298177176588597
1750963475.731547 7.362606650904102 -60.24903133703734 156.3840615377255 0.9990290823208945 0.011430088910993582 0.0031699055275312797 -0.04242873370140624
1750963476.198494 7.374244976536858 -60.507403485063556 156.95220686828898 0.9987708033761675 0.010274904770223308 0.004583134726924623 -0.04827321753687592
1750963476.598447 7.379837167609164 -60.723591617856535 157.45683188354897 0.9989442758196981 0.007721347667611173 0.0027019637635272726 -0.04520413685798305
1750963477.198674 7.387287631227048 -61.04941962856512 158.189197954891 0.9988938760066178 0.0069223025388787255 0.005420378331237277 -0.04619226886376285
1750963477.732194 7.3969072520738655 -61.35361012413202 158.87254985113992 0.9987890212334228 0.004858999731598329 0.006164688303424686 -0.04856827980597048
1750963478.199197 7.404064183589062 -61.619819682972015 159.44150516197962 0.9985322819468362 0.0024467178972244616 0.003830271506040439 -0.05396873633656294
1750963478.599156 7.4113584772877665 -61.84584854796057 159.9363057033436 0.9985517511161419 0.0027521890999123253 -0.002041675301101892 -0.053690384241593746
1750963479.19935 7.4389011750041485 -62.17297092795524 160.65316337706523 0.9989377877899238 0.0018587313975708774 -0.009650542201352813 -0.045018976867368804
1750963479.732874 7.481291204987992 -62.428450131075095 161.20152023443868 0.9983927302728798 0.008470405565882471 -0.018246575632930116 -0.05298368471035182
1750963480.199857 7.532651865568831 -62.68196816649158 161.68795755761994 0.9973372627792157 0.016388734395362946 -0.019082452321545103 -0.06845183467501632
1750963480.733177 7.587654645309397 -62.91847157031639 162.21519674867184 0.9981694642945312 0.023886788218623285 -0.017430947788635014 -0.05275702756749003
1750963481.533479 7.656881861457316 -63.29413528603741 163.06740161990817 0.9984916628948277 0.026287639401613456 -0.01955647849133561 -0.04405568400592973
1750963482.200519 7.701611748049259 -63.55497751015786 163.64528080478505 0.99829828890853 0.024934790325388857 -0.017989904218726878 -0.049549429259386546
1750963482.933929 7.745688735034339 -63.871389590508926 164.35612297768148 0.9984026844940862 0.023874657380234587 -0.017462640249521887 -0.04813664431069427
1750963483.534149 7.781521554367028 -64.1325596817965 164.91415652192245 0.998389115973058 0.0244224688045191 -0.01556230788444483 -0.048790682484853985
1750963484.401296 7.848436530884234 -64.49980441897543 165.75156216915758 0.9982664878190488 0.02418990131705204 -0.015317287745750714 -0.05142225848605103
1750963485.201394 7.8834197102684715 -64.83245577086919 166.48003980877107 0.9983979175516957 0.020585931243608205 -0.0075346611128907235 -0.052163651570656056
1750963485.934967 7.900789527699692 -65.15180072205348 167.19714623099767 0.9987680037484941 0.01516560236546671 0.0014790894516905182 -0.04722596200750712
1750963486.535682 7.901503961421223 -65.42820063200057 167.81712906860017 0.9988656956004818 0.008754806234047962 0.006523242655832345 -0.04634784596529657
1750963487.135383 7.9078318342146945 -65.7071070349947 168.43851557128937 0.9987538160658689 0.004330494727080762 0.004465346956160284 -0.04951890937656676
1750963487.735626 7.909960289168963 -65.98856862460681 169.02719167841389 0.9982996672508676 0.002070508901458429 0.009146455596508505 -0.05753111948951729
1750963488.335784 7.906845006557545 -66.30379174258495 169.70522443889848 0.9984070698983456 0.003519862506877085 0.01280701681285708 -0.05483533227115635
1750963488.936129 7.903921393686672 -66.6106266889372 170.37552451432086 0.9984287748772858 0.004297857950631915 0.014794021988134454 -0.053876217642787494
1750963489.536362 7.900218369824461 -66.93571255843239 171.06111532322853 0.9983988102385307 0.004200620843595584 0.014872435204392895 -0.05441489841859308
1750963490.203142 7.894338557163258 -67.27893270005829 171.77753812226823 0.9982395783773711 0.004418879552488899 0.015185244380555588 -0.05716315262099983
1750963490.803458 7.887721167562208 -67.60085539397411 172.4634806981533 0.9981202833128646 0.003998391458548201 0.017492209016626112 -0.05859979120192945
1750963491.336779 7.873124986470791 -67.89853658544473 173.09701161280313 0.9982773647605112 0.004343988780365068 0.01727306075320312 -0.055902362566366964
1750963491.803626 7.888733254047223 -68.16788716355342 173.65264262946235 0.9983544147565399 0.007732312981853645 0.008135264980254032 -0.056236032361632944
1750963492.2038 7.9148551684971755 -68.38002260931894 174.11160261960342 0.9986359221483698 0.00965957691387687 0.000871918025465182 -0.05130523684456596
1750963492.737449 7.928870036657355 -68.63218111535376 174.63967354625836 0.998346629986302 0.010184294253800897 -0.0044203021551602155 -0.05639811587635642
1750963493.337451 7.945343604461579 -68.90439977853073 175.23166257361595 0.9983092462996987 0.011165801479691874 -0.006820202107047415 -0.056634428337033374
1750963493.937671 7.979963447840826 -69.18286194854113 175.82798753579624 0.9982344248577455 0.012511521252469508 -0.009651564741972655 -0.057256808878128215
1750963494.537875 8.008897915823608 -69.46364434127507 176.4251124290704 0.9982345394193086 0.012607987723208076 -0.011718475358885365 -0.05684646243307681
1750963495.138229 8.043992184095517 -69.72740061562331 176.99006736035963 0.9983103645013359 0.012096061097030718 -0.013391256028797295 -0.055233827471195665
1750963495.738294 8.088525630514892 -69.99563819841806 177.5682634079398 0.998409421410259 0.013554941596034464 -0.01439668483440959 -0.05279797593978803
1750963496.538553 8.128043491733074 -70.32697119146926 178.25967149245116 0.9981280457302963 0.014815395537705996 -0.015670141035701246 -0.057230717814841785
1750963497.138904 8.17328260168306 -70.6076978425362 178.86558714026378 0.9982963013758 0.0133535898012296 -0.017156361181622618 -0.054146427119651994
1750963497.738962 8.216300653802667 -70.8836115474464 179.46290739910143 0.9983149109863552 0.014339554035944295 -0.01784002397482349 -0.053324002446680105
1750963498.339156 8.260744797244655 -71.15563175707047 180.04963918836023 0.9980776629551993 0.015109092480940481 -0.02096824787642331 -0.05632962466840052
1750963498.939517 8.319101643431438 -71.45304421250603 180.69284439134975 0.998077415089749 0.015348723563250928 -0.02262668567187054 -0.055623046197148716
1750963499.539552 8.37864966492773 -71.7884714509844 181.411528383505 0.9979377197095174 0.015153163778951826 -0.022391593178492746 -0.058217744403108666
1750963500.13976 8.402638961943511 -72.13250173879418 182.13937102195217 0.9980835291209197 0.011587014176809303 -0.013210272807515919 -0.0593337904768243
1750963500.5399 8.436022197198504 -72.36320698859141 182.64007663929328 0.9982392112603616 0.011666398402777525 -0.015408230823090955 -0.056079931111774124
1750963501.140549 8.483707675964258 -72.70565620800699 183.3620824674563 0.9983295465556462 0.012983712247239938 -0.015025432720590282 -0.05425657620821318
1750963501.606935 8.519009378064764 -72.95948622992542 183.90188301717131 0.998304024306724 0.01412273787005887 -0.012613489658655433 -0.0550501880712875
1750963502.140454 8.561908333536925 -73.23575195325056 184.50248621670622 0.998383942618351 0.016017923085504628 -0.009432610697438098 -0.053702468446941244
1750963502.674407 8.590671817072991 -73.5334358637731 185.10483433341443 0.9977930752489094 0.016453767143010188 -0.010170475547449433 -0.06352018544735909
1750963503.274299 8.641858320280043 -73.85898035378237 185.80261460215232 0.9979667792166305 0.01599218153403301 -0.013675542953585753 -0.060162589993220494
1750963503.941055 8.701495307772023 -74.24359997428472 186.59946179486926 0.9979944013797332 0.016530227658546313 -0.015647283427242316 -0.05906851030466466
1750963504.474575 8.739070789457454 -74.53862358330244 187.22372612982164 0.9982154588986063 0.015725968736226295 -0.01446332269076284 -0.05576202847722478
1750963505.074866 8.781913798353514 -74.88663443545813 187.92520455013022 0.9976606800726308 0.017587746562146584 -0.014831103004449465 -0.06437295232901007
1750963505.541743 8.813962023373621 -75.13880289086573 188.42791218634696 0.9972870863419087 0.017377777095909708 -0.015563311855553947 -0.06981592657093424
1750963506.075195 8.850167301589119 -75.4333118584746 189.06306802151988 0.9980509983109423 0.018457048939401713 -0.013905812101575953 -0.05796697770951771
1750963506.675332 8.885712886804441 -75.76068910623695 189.75398802414577 0.9978594938015894 0.020112650787503062 -0.012559311663351646 -0.06094403661457188
1750963507.342342 8.9512651240247 -76.1434299437762 190.50907214754562 0.9975588967937057 0.023188761575040205 -0.01600194352978076 -0.06389418258034496
1750963508.075808 9.028340984170537 -76.53205477362643 191.31991813210774 0.9976245134695296 0.025518533613854224 -0.016868476934426974 -0.06172186851348223
1750963508.676003 9.090729505639214 -76.85473496032719 191.9802378282854 0.9975088251484276 0.02675881612745779 -0.02188792455017811 -0.06149006642821389
1750963509.476384 9.181235617926093 -77.27675960359852 192.86034348218777 0.9973444894280216 0.02734204742066801 -0.026151208090644574 -0.06222938345994289
1750963510.276588 9.280377002218874 -77.7063888588267 193.76564980820936 0.9972655493254919 0.028865007148343287 -0.028225307843294 -0.06189965660649442
1750963510.876757 9.355633337510918 -78.0153723774426 194.41524350650621 0.9971666806868342 0.029280466591136735 -0.02901696004782965 -0.06292281965860559
1750963511.477002 9.415782820639187 -78.32222978811882 195.05711371170074 0.9972413841992401 0.028158592599277846 -0.025633764346670373 -0.06371518993639312
1750963512.077128 9.480157803903449 -78.64129460067603 195.7026376121943 0.9974131280055388 0.025385528720115604 -0.020311939277077726 -0.06410968832096389
1750963512.677353 9.524609907786934 -78.95633926997151 196.36060698882306 0.9975014188410665 0.022228102283438005 -0.013556359023497135 -0.06567386092626319
1750963513.14418 9.55526037535943 -79.19295287705242 196.84740524641694 0.9976581060672416 0.020144778136627052 -0.008452948802941567 -0.06481542230584963
1750963513.677789 9.581592176274574 -79.48721097027757 197.4449831632811 0.9977115981758427 0.01890761071027845 -0.0056771223657560484 -0.06466714315847627
1750963514.277967 9.619507912811963 -79.81088865399845 198.11431708326543 0.9977095348849648 0.017593520392660426 -0.0018539764285995682 -0.06528946937464246
1750963514.944782 9.634115037263587 -80.17616822627996 198.84364630004026 0.997790425146339 0.016061562551057892 -0.00015625383340995587 -0.06446913431593712
1750963515.545001 9.6460157916214 -80.50325976945653 199.50695442388343 0.997810750220695 0.015485258307874599 0.0020373535073938014 -0.06426322984287565
1750963516.145252 9.661330146368995 -80.81847325076659 200.15275956719944 0.9977919956053409 0.013879278740990307 0.0030539695411741456 -0.06487813497306091
1750963516.678781 9.683366021736354 -81.11727715843122 200.74243457742355 0.9977523290280181 0.01261355380896617 0.0039314675008784465 -0.06569422914353489
1750963517.278909 9.714152583467772 -81.45700307970752 201.44512168906402 0.9977645110106326 0.016225610624667444 -0.0048445665493869125 -0.06464704403542776
1750963517.879233 9.764472434279519 -81.84431979276617 202.21136097586862 0.997681256449285 0.02018867425665591 -0.013776900196203399 -0.0635194850618187
1750963518.279221 9.804351165010816 -82.07605693583632 202.68840909503626 0.9975958111323978 0.0210741490072535 -0.017824427521358287 -0.06356703263680855
1750963518.879506 9.89083270153992 -82.41554035120281 203.39804477164884 0.9972574754137519 0.025463548008856765 -0.026141867455254656 -0.06438740731030218
1750963519.479692 9.977893624405201 -82.7835564497573 204.14603963593018 0.9969754078783313 0.027603441460977644 -0.032815347895258744 -0.06481696574091224
1750963519.946602 10.05132913598238 -83.06662278628669 204.72268754131565 0.9968005410231414 0.02993828055676045 -0.035999428449999524 -0.06477979565073329
1750963520.346593 10.114938430504019 -83.29566280342273 205.2086559366883 0.9966264491202871 0.029524861368131764 -0.03684542153639745 -0.06712986210983553
1750963520.880119 10.200948276855804 -83.62098332669717 205.87660507009443 0.9966143611745828 0.03065128320464209 -0.03656882201362717 -0.0669554717332557
1750963521.480336 10.284203841118076 -83.96919881269099 206.57083592419207 0.9965874458194479 0.031151136088392376 -0.03781125884791482 -0.06643326169779475
1750963522.080656 10.388245389406306 -84.32507655239193 207.29759018094268 0.9964796995878836 0.032573880681414855 -0.03900289617924952 -0.06667776763078379
1750963522.480653 10.455912690631212 -84.57151093725521 207.798446383171 0.996336063814731 0.03252428482488543 -0.041283620740377634 -0.06747059728031674
1750963522.94748 10.540920111264617 -84.85666191764707 208.38274181941512 0.9963430074897596 0.03407577970382042 -0.042285012360576024 -0.06596537268524673
1750963523.347646 10.602931087358778 -85.08267610478737 208.83867658338568 0.9962793602005476 0.03434350307759982 -0.043940583633169314 -0.06570529160366625
1750963523.881231 10.710810826606506 -85.39781554318468 209.48509498388148 0.9961308088350178 0.034765644894054294 -0.0457104829836047 -0.06652302887120534
1750963524.481319 10.825778272851602 -85.75686686132114 210.20876842096067 0.9959483459856455 0.03523896857765022 -0.047266334745942405 -0.06790435053606592
1750963524.94816 10.911553938341715 -86.02258127604014 210.76754426791305 0.9958800110039452 0.03628634673314767 -0.04866500587301086 -0.06736484192012554
1750963525.481741 11.023108436799836 -86.34468277780732 211.40705859259964 0.9958173993175946 0.03750715015083444 -0.04940394425777448 -0.0670833153301162
1750963525.9486 11.121713720733212 -86.64387458825925 212.02624565208072 0.9957740717762301 0.03749087086948566 -0.04980082195937784 -0.06744116481649311
1750963526.348749 11.211785779526084 -86.8942494427099 212.5366598300782 0.9957110399954654 0.03850307501790518 -0.05013739820085563 -0.06755204916923778
1750963527.082223 11.346899217637844 -87.32791623940324 213.41090676522757 0.9961645274080804 0.03543902071460944 -0.04403004649852473 -0.06679569709167747
1750963527.549102 11.422666142010154 -87.60295460977616 213.96573692950273 0.996510603091736 0.03378418588676401 -0.038108994767635185 -0.066128293698791
1750963528.082579 11.503776758762854 -87.9219361052606 214.61701842918612 0.9969538012979113 0.030077554893381177 -0.030062527073874756 -0.06538121469667835
1750963528.48266 11.550621962139143 -88.16647246456145 215.1165062382509 0.9970289288171108 0.029294684221368442 -0.024899846239990246 -0.0667467919483757
1750963528.882805 11.596009525529402 -88.400719528876 215.59312464965583 0.9971502236033848 0.02726462269232192 -0.021848159057260563 -0.06686351668117467
1750963529.283023 11.637271370236988 -88.63315367369903 216.07398141645388 0.9972452290794355 0.025698569940521762 -0.018226425673436318 -0.06715157472827366
1750963529.950005 11.687146362012165 -89.0110518917385 216.83440066214715 0.9972773949989049 0.023627832849370693 -0.013630410409861326 -0.06851083747188748
1750963530.550041 11.728361200921986 -89.3304190994542 217.48332690387653 0.9973310182611121 0.02318709518416046 -0.008585646705885892 -0.06869851018628939
1750963531.083568 11.776540974540676 -89.63092923124371 218.0802693454255 0.9973789773669991 0.02256191966836904 -0.00529767869282371 -0.06854246776783549
1750963531.683781 11.798144791820818 -89.95595659276822 218.7398103805289 0.9973480993241194 0.021684743935870512 -0.002084469575621462 -0.06944203079973048
1750963532.083913 11.822805259387081 -90.17905012595769 219.1812013021752 0.9974070132603653 0.02017181475340253 -0.0007144957001557543 -0.06907848640847913
1750963532.550872 11.843083098828362 -90.43339719268467 219.69973569384965 0.997432752537501 0.01924985759156447 0.0013540541317252448 -0.0689602326386547
1750963532.95091 11.851514261713167 -90.64353476183102 220.12657448630395 0.9974790903785138 0.0195867528031155 0.0028692708912275424 -0.06814389669541321
1750963533.551078 11.867530242286456 -90.97876884508234 220.78969065194394 0.9975046260059557 0.018459895153055666 0.0039440015252394725 -0.06803086225843
1750963533.951226 11.894993053105408 -91.20072306599937 221.24388401788306 0.9974674045191606 0.02055024427090738 0.002210972176592166 -0.0680556829680644
1750963534.484751 11.909039237606516 -91.46497070236869 221.77449399363402 0.997545111472613 0.019961620186898815 0.000316903729179812 -0.06712066647935143
1750963535.151616 11.942124646125055 -91.80819040039059 222.45538407823537 0.9975394552857801 0.02086118285144612 -0.0018979863980222382 -0.06690473709551845
1750963535.685208 11.972321467713689 -92.09890325738225 223.04750822511002 0.9975069620242927 0.020890972598655258 -0.005082059417770258 -0.06721309879051039
1750963536.085279 11.991723564913976 -92.3305266485039 223.51448961005772 0.9974861157792099 0.022099633882290297 -0.006131233388235885 -0.0670482138994935
1750963536.55217 12.015022561667212 -92.59156027866456 224.05060082295114 0.997413097165625 0.024027663165604552 -0.011197279713287921 -0.0668162101012776
1750963537.085782 12.103006392593121 -92.87693431778318 224.63295375103522 0.9964892831694832 0.03530065281489178 -0.03672940577689515 -0.06643736291040127
1750963537.619171 12.223267406206435 -93.15208965339433 225.20733204158452 0.9953799509116996 0.042125939023585884 -0.057055582241813375 -0.06472108713125448
1750963538.219318 12.361524562215557 -93.44734317358669 225.82018734764065 0.9940484899876323 0.048896166517751756 -0.07245517001241591 -0.06501548116908859
1750963538.686167 12.479558359637826 -93.67485941464899 226.29738640954938 0.9928803790591461 0.05302618364991683 -0.08610154700285558 -0.0629547482768915
1750963539.286329 12.65267709841775 -93.97184575087769 226.90130771158772 0.9907961795546649 0.06011061568011343 -0.10312902627347144 -0.06382827275058943
1750963539.68647 12.798710312793718 -94.1914541530263 227.34662800545075 0.9893773764802647 0.06482146270597276 -0.1132547187738715 -0.06406210703011624
1750963540.153314 12.966022514147836 -94.41524906032261 227.81559875270895 0.9878701567232215 0.0682790163656576 -0.12405415620414152 -0.06372672679696009
1750963540.686982 13.166010416069696 -94.65678051021622 228.31548525690846 0.9862027501529637 0.07282319301187085 -0.1351353139081227 -0.06196261038110144
1750963541.087127 13.33220277964265 -94.84562366656286 228.7061119166296 0.9846906548407347 0.07562695356397686 -0.14320233299063112 -0.06448232308158265
1750963541.687207 13.53541532998692 -95.07700228670289 229.1936215003245 0.9826562407501946 0.08065862210960063 -0.15356284384443175 -0.06556944550998352
1750963542.287359 13.776995166627017 -95.32854409794734 229.7122118704459 0.9810536522861604 0.0839554469085403 -0.16218151688429147 -0.0646712443941144
1750963543.088028 14.093184560856406 -95.61993727231423 230.35610656702912 0.9795123043187725 0.08889325307300312 -0.16998037060238297 -0.06132135725914896
1750963543.887883 14.390726268701664 -95.89736618092743 230.9329707375157 0.9775393341766228 0.09146506092795334 -0.17873127276787149 -0.06407905197291419
1750963544.821554 14.68170881181059 -96.15198958249074 231.45147988225622 0.9742010342737263 0.09904119759284878 -0.1927574956285279 -0.06298995061431603
1750963546.288812 15.083571059426841 -96.44471117817191 232.06241707676128 0.9662870473685244 0.11217343522477564 -0.22257086081454674 -0.06456527266235247
1750963547.622646 15.58649691492417 -96.74522652478188 232.7101376474315 0.958291305170388 0.12730007837824892 -0.24882877267620182 -0.05963812847651241
1750963548.823018 16.12358714222172 -97.04774983359181 233.3411850078781 0.9485663470318331 0.1376133940525009 -0.27761937777424617 -0.06489930770259068
1750963549.823334 16.69576716296611 -97.31423319167374 233.94447075652187 0.9396204110515237 0.14595691845654615 -0.30471608144049817 -0.05438906876921531
1750963550.690316 17.135427709274353 -97.52469958552376 234.37020097453316 0.9330024078427525 0.14682023708930672 -0.32267270256180036 -0.06190841592328003
1750963552.824364 17.69371795110571 -97.71748162811159 234.75411789274213 0.9028083875149244 0.1699766255016174 -0.3900462174390592 -0.06252128019536461
1750963554.224815 18.55210771130085 -97.86429557317877 235.12617018602165 0.8487269649162066 0.2123441042998396 -0.48223217832184634 -0.04499607298631845
1750963555.225177 19.168588421075494 -97.93314667899435 235.29953643771103 0.8163869960524924 0.227285533684848 -0.5290247787291735 -0.04456840074010362
1750963556.225484 19.98097445584272 -97.96205849095108 235.4136832764225 0.7686966798094584 0.2494976521677912 -0.5879881629546712 -0.033559741325965876
1750963557.292564 20.744916152873714 -97.95944710150583 235.439664306484 0.7314288303516966 0.25806806142720684 -0.6304288401630017 -0.031180431239558673
1750963558.092808 21.505491115171708 -97.93955663041591 235.4174297849687 0.7023450938484257 0.26301262555018257 -0.6608993605146166 -0.027345259545601342
1750963558.826369 22.20984530716673 -97.90814780555957 235.36187099471354 0.6818928854839733 0.2665218894272253 -0.6807151574902118 -0.024800192450037645
1750963559.493334 22.883270728545988 -97.86318307522397 235.29058725869993 -0.666070228778567 -0.26892934635983184 0.6954436907512599 0.01963491776420576
1750963560.293525 23.612070822187846 -97.81106431206453 235.17361707264436 -0.6489531907584027 -0.2709415171783336 0.7106267175985146 0.02145037782305722
1750963561.093874 24.272555439661705 -97.7621569817854 235.02785022711467 -0.6304102587495388 -0.2691613157993843 0.7276156599485583 0.02665601504553444
1750963562.027451 25.10589879712433 -97.68623557710656 234.78950203359128 -0.6064667251036028 -0.2705261707856673 0.7471073725363201 0.02905643068291807
1750963562.627707 25.6443776882187 -97.61913670037823 234.6208126065703 -0.5938457081140701 -0.2751615564983691 0.7556199215802568 0.02592155263366304
1750963563.494642 26.461237653478126 -97.52089205618368 234.3210497301437 -0.5761589342670573 -0.2801219209670313 0.7672646159433882 0.029624330865586388
1750963564.29544 27.19055707380725 -97.42038747085456 234.0248510946648 -0.5598019669459235 -0.282741919510692 0.7783080534948245 0.030254563622399044
1750963565.028509 27.86784747149124 -97.32866595611529 233.72072992559512 -0.5483248275041032 -0.2807315303950447 0.7870356240260007 0.033235792433086546
1750963565.628734 28.454431979284625 -97.24077909259522 233.45751051749886 -0.5391267940143749 -0.28379606336900876 0.7922729844634809 0.03325075159096918
1750963566.495639 29.148208832560687 -97.12052614229471 233.10296688524335 -0.5329532871416052 -0.2931797611055295 0.7928097922609916 0.03819757450605854
1750963567.229257 29.753996277998755 -97.00840799566687 232.81507229713273 -0.533190827122198 -0.29976697299146715 0.7901530884322585 0.038799492486920294
1750963568.229384 30.571193698997668 -96.86702015841347 232.44722845463272 -0.546645102816321 -0.2993133709482957 0.7810140137607929 0.04009673113556297
1750963569.229917 31.171418789176833 -96.77171772050883 232.20140027051704 -0.5566606410502184 -0.2988454639869535 0.7740375841145318 0.04106260754167292
1750963570.430349 31.88260042125646 -96.68255401495439 231.98061439709923 -0.5916828875876359 -0.2932430387501845 0.7497656208964443 0.04208793749145004
1750963571.830829 32.55233887424973 -96.63785294485271 231.87052956627988 -0.6411899068690324 -0.2829259221471685 0.7119364450286014 0.04444011865975136
1750963573.097884 33.34369041998018 -96.65104062653488 231.89680954810552 0.7161200781720909 0.2584852113309378 -0.6464202587628455 -0.04998277926421102
1750963574.631718 34.10417142704139 -96.70252242573754 232.0226589273049 0.7652751062898101 0.24460174756716677 -0.5935983679502191 -0.046529284832718225
1750963575.898832 34.766459051781496 -96.80720901891183 232.2527131455848 0.8119640688648727 0.22244094810662918 -0.5378567212064912 -0.04409674512735597
1750963577.23259 35.480118698880055 -96.9855182018207 232.58468916249603 0.8506088752563327 0.19015738143766664 -0.48736404797832505 -0.05273515296372484
1750963578.632928 35.94208012989158 -97.157094238949 232.8832638810756 0.8809310923115127 0.16741517431774108 -0.43741274521718615 -0.06784290919890265
1750963579.966722 36.522518969799386 -97.40120572913476 233.3746828088052 0.9148809697845262 0.13906164145132913 -0.37395252911066684 -0.061759023427535864
1750963581.100345 36.995670481763625 -97.69193145250753 233.90436933339907 0.9367083728449874 0.10960303687701145 -0.3256113285434504 -0.0673933325604393
1750963582.233891 37.40203130257866 -98.0162774076559 234.55193682428933 0.9652407124619673 0.07751267155210351 -0.24108056615207726 -0.06467080777725964
1750963583.033997 37.73879284255467 -98.33819245240197 235.1773113311294 0.9756783922657568 0.06864209529146265 -0.19710025352144397 -0.067018114577241
1750963584.034165 38.076063972339355 -98.74587475213038 235.9865907245857 0.9845020522505165 0.05585706838034295 -0.15256167563129 -0.06603508275945535
1750963584.634317 38.214618048622846 -99.01233333661165 236.52570777562605 0.9903966517639573 0.041241311912279095 -0.11407579291293535 -0.06633505738131207
1750963585.434477 38.4033724499144 -99.40578345042613 237.31887311982058 0.9933164213679772 0.03311489305297934 -0.0895811133561756 -0.06481600904617027
1750963586.167929 38.55490610882623 -99.80994776196822 238.13520246050197 0.9950490234857396 0.02467480283706767 -0.0703728598097648 -0.06569821586027186
1750963586.567998 38.619442825699586 -100.04490889015383 238.62380274561656 0.9963367899712556 0.017828282538473305 -0.052077164674781865 -0.06544556677833946
1750963587.234762 38.70402357778592 -100.4500006368048 239.44467862654346 0.9972385507967755 0.01213771466749791 -0.030392355482341912 -0.06666523393518191
1750963587.634987 38.754758993890704 -100.69034072966775 239.9264764614277 0.9971801987289681 0.01272470396421036 -0.026149868616060713 -0.06918032627302081
1750963588.168302 38.81533671297053 -101.01615863515121 240.58749630786482 0.9975212523261473 0.014570306564205182 -0.020177639435936343 -0.06581732439937908
1750963588.768633 38.87833867663714 -101.38231507089455 241.32192900069904 0.9974404983020653 0.017731800087331023 -0.017243463025469453 -0.06708724614619434
1750963589.368585 38.936718423929754 -101.74102837142486 242.06941303778743 0.997444668646153 0.018688900009731536 -0.018126749990028897 -0.06653028588989622
1750963589.768604 38.991032051872516 -101.97701765205032 242.5750912919312 0.9975106659368934 0.023687184690249906 -0.024535155853593362 -0.06172045650208022
1750963590.368689 39.111471745523 -102.3312397289901 243.31068026576918 0.9966033190994079 0.03306482936902225 -0.041929186986350155 -0.06269357780111792
1750963590.96873 39.16217332408197 -102.68557632768395 244.0542002367384 0.9978339315845243 0.023248419757373694 -0.013299701671189023 -0.060083890460033255
1750963591.568757 39.21489834849188 -103.01582690425705 244.77012790054334 0.998170093226256 0.02186490479403678 -0.011110305166714919 -0.05527162062159555
1750963592.168797 39.268124333101426 -103.37303750825619 245.51143548156816 0.9979928875273151 0.023386214730302696 -0.00787619558757982 -0.05832021046383807
1750963592.768961 39.31203621931594 -103.72293938978127 246.24757259412615 0.9979334504791445 0.024063624516813112 -0.004257650127899383 -0.05942762661667643
1750963593.368903 39.3375217769921 -104.06736385813801 246.9912693267315 0.9980728298220053 0.02273966805605587 0.00577361571274091 -0.057447360508523705
1750963593.969175 39.35030695126813 -104.41538180869351 247.731193552866 0.9980593597596644 0.01944842871832084 0.014424249064247184 -0.057369103666082555
1750963594.436009 39.35299376275419 -104.68341063530819 248.31537116497643 0.9979146795421364 0.019286989602804373 0.02288778280479221 -0.0571878814492829
1750963594.836045 39.343352577133636 -104.91831512160913 248.8120205071791 0.997781753351288 0.01700870861726847 0.02810983395970654 -0.05789744161152431
1750963595.435959 39.3158651242593 -105.25835458627738 249.52777496067057 0.9974940501829045 0.014619866507166271 0.03689955205490368 -0.058568783589600895
1750963596.036278 39.27288253980868 -105.60527103877656 250.26770449804565 0.9972011170885585 0.011180574553976044 0.04462298199710564 -0.0589382414707133
1750963596.569703 39.23031484182672 -105.92133432950932 250.91913543598864 0.9968899833765451 0.011523659535835298 0.04901034048156412 -0.060626337843340546
1750963596.969779 39.20358585201822 -106.15488871642704 251.41365784548174 0.9967183636000392 0.01178512950716378 0.05213626248814173 -0.06079000344404376
1750963597.569941 39.13310858581865 -106.49903111461077 252.1470944768105 0.9965538402943699 0.008053865236039121 0.059246779336301826 -0.05749258897961454
1750963598.173139 39.04647350589416 -106.8583995916866 252.89851058624754 0.9959501813897911 0.002337368715392426 0.06816880534853227 -0.05857291929282998
1750963598.773225 38.940680082385605 -107.20494273046629 253.6358932489445 0.9953618589190883 -0.0025230357404317605 0.07641648575114438 -0.05838599836634329
1750963599.373251 38.82587024611585 -107.55107552232435 254.37386012376675 0.9954959078560384 -0.00836630624887313 0.07615927549008132 -0.05583607363038648
1750963599.840235 38.76892751640479 -107.8233297200686 254.9543248159545 0.9963214150099312 -0.0053751408229082065 0.06223940694981972 -0.05866005520178912
1750963600.240392 38.72341194825396 -108.05438844701631 255.46581645661814 0.9969406987030964 -0.004791172598897775 0.05284123488536949 -0.05739417941131857
1750963600.707219 38.68761344270494 -108.32383485251792 256.0578387753453 0.997499926838016 -0.0033683376479629067 0.0476748878734367 -0.052054349730808136
1750963601.174027 38.64453024519161 -108.59530435289018 256.62970088192264 0.9973676015244444 -0.0005727067706827128 0.04561574943066662 -0.05636260143225084
1750963601.707312 38.59717400871562 -108.89644460818157 257.3002327160572 0.9977499741786999 0.0007074071518836846 0.04466265183403208 -0.04999736125714257
1750963602.174474 38.573794695231584 -109.15499046802096 257.86920920332267 0.9976759527215281 0.0033727316725452056 0.04193628067474473 -0.05359726117466541
1750963602.774612 38.5343100042684 -109.50347215139152 258.61379699444467 0.9976415767203372 0.004087897980631867 0.040061581352413826 -0.05558455890446098
1750963603.241404 38.508050433875106 -109.75902519099834 259.20278392907613 0.9981329631282576 0.003993850038980964 0.037401991306913025 -0.048122012893768024
1750963603.70804 38.479179589190466 -110.02447706550782 259.77080480481334 0.9978589473931767 0.0034966338870129933 0.0352357755987226 -0.0549884967679432
1750963604.108331 38.46220088318309 -110.26584943691414 260.27655047035915 0.9976391390912545 0.005021044151109064 0.035029143778513135 -0.058854875371860474
1750963604.575175 38.43362832643534 -110.5280573528199 260.85259622277687 0.9981149920433723 0.0011802969130389684 0.03198177886063987 -0.05236635731426283
1750963605.108709 38.403492174294215 -110.83605715482003 261.52180797468264 0.9980575520241838 -0.0008940683446488055 0.030252946832845892 -0.05445257291641755
1750963605.708705 38.372894096123275 -111.18656969759057 262.2625400904327 0.9978733188551303 -0.0029989637883891633 0.02947705845207478 -0.0580598721860152
1750963606.175702 38.34406026761994 -111.44822118317474 262.8378228779928 0.9982294900434734 -0.004279540236987878 0.030287334499890285 -0.051012234922601145
1750963606.709191 38.30197714905963 -111.75772002979996 263.4997594307638 0.9977813994234046 -0.009269814970927675 0.032897092517747584 -0.05713257213670557
1750963607.176125 38.2295554763299 -111.98127290297917 263.9891279236075 0.9969516755287603 -0.02042734015543301 0.05093961832877021 -0.05545480789878249
1750963607.97617 38.153281007491884 -112.29323899146094 264.6503889497006 0.9971998926490561 -0.024559846139307145 0.04725399239199097 -0.052499983441353676
1750963608.709898 38.07694691238985 -112.56703927543809 265.28855506563747 0.9972988602169705 -0.02754678040069579 0.04739361934586152 -0.04888765840973462
1750963609.376806 38.005453031498504 -112.8793998978369 265.9767955468963 0.9971753235239961 -0.027728531371153806 0.04884106313370591 -0.049870364494178004
1750963610.176908 37.90860208919166 -113.27357336980229 266.86411516833977 0.9970952613648345 -0.029742732053340246 0.053305774642405455 -0.045551114624874586
1750963610.710636 37.839826695817756 -113.51945770656681 267.4210217909105 0.9971730895192726 -0.029650670278982993 0.05230639347253626 -0.04506338305644758
1750963611.177416 37.787032253952844 -113.75496836519888 267.95671266799354 0.997122338430684 -0.027289351898314475 0.053978567093121044 -0.04570172611694212
1750963611.777632 37.70467255798583 -114.07845207552933 268.6714825863987 0.9969410059403292 -0.026738120125063315 0.05520325478194026 -0.0484386650140388
1750963612.31094 37.627917874131356 -114.37120884574145 269.32789094191486 0.9969074211361941 -0.026053502115380805 0.05844322313354155 -0.04562015323154728
1750963612.911356 37.54186228987659 -114.69153202701759 270.0043913113595 0.9965310298055591 -0.023546245424773415 0.0608546038344627 -0.05165460437578497
1750963613.578237 37.45670614452063 -115.03163359544374 270.73953815919526 0.9964994348224094 -0.02259185065425814 0.06190053100289792 -0.0514471470947939
1750963614.111563 37.386681231781594 -115.33153426920083 271.38360272700965 0.996884201118705 -0.019364207937147205 0.054445137721296305 -0.05369025972555354
1750963614.511861 37.33910728645555 -115.54437466008095 271.8779087174591 0.9974441504597946 -0.018693727956463964 0.04795494091098812 -0.049558398792253176
1750963615.11208 37.29000362892663 -115.88165222531403 272.5828384326257 0.9973869541290478 -0.013737672418582095 0.04348818047719483 -0.0560296193854968
1750963615.512198 37.26107858872675 -116.10224998436327 273.0602634504742 0.9975516532062397 -0.012054812055062676 0.0436744726790772 -0.053272142138453174
1750963616.112214 37.199836219096206 -116.43330591652803 273.7776568509686 0.9976695115907833 -0.012481322057521647 0.041386972879921734 -0.052790915106111384
1750963616.579054 37.15800682756945 -116.70095993578029 274.3707202684566 0.997686161424573 -0.01245443093140284 0.04189079062267404 -0.05208043887183383
1750963616.979353 37.12852254550665 -116.93466561639246 274.8603092651451 0.9976757095808119 -0.007295506517134765 0.043026857918127645 -0.05233205131442362
1750963617.579574 37.090177158532754 -117.2677414116642 275.5772308278511 0.9978694056856858 -0.005686239063607607 0.03596289203438001 -0.05413858400744323
1750963618.113099 37.074846040992874 -117.54599774864788 276.1475321836826 0.9978797522078803 -0.00371747699987899 0.027568206429532623 -0.05884024551744681
1750963618.579757 37.065294515498515 -117.7883889266259 276.6751201762363 0.9983098882387876 -0.004569382112962543 0.02323803765552283 -0.05307053229133366
1750963619.38017 37.04504276902088 -118.18602798827199 277.5147310468914 0.998355922646893 -0.0031386356690578363 0.02077275137476098 -0.05333004296201535
1750963619.913712 37.03693331058296 -118.4422648825439 278.0621283355498 0.9981541893693934 -0.006027120385676587 0.021484477178523895 -0.05648278768396086
1750963620.514048 37.01752909670988 -118.70675151200594 278.6413587999213 0.9982066629847789 -0.0009164711768591592 0.030554901515423807 -0.051468592818889825
1750963621.31417 36.97622557000006 -119.0508574843822 279.3467083295336 0.9975282245764628 -0.005632716861565731 0.032622803957388424 -0.06197956385813932
1750963621.914417 36.92819930433368 -119.28069496621882 279.8354572455712 0.9975532105788718 -0.012309228034513751 0.038140599413897906 -0.05728324052747028
1750963622.781318 36.85880305989915 -119.61292384939753 280.55200690203634 0.997194682459421 -0.01610432152415378 0.04859469709481856 -0.05460743097019073
1750963623.448207 36.803335948403095 -119.91305708054664 281.12372766977415 0.9961121907933342 -0.015824317349958966 0.05324285281521623 -0.06837611393907297
1750963624.115116 36.725464260722326 -120.19403802892228 281.723372663309 0.996623061445683 -0.019783259558263887 0.052528051550663486 -0.059932460621731035
1750963624.91527 36.64319949384919 -120.55296593661753 282.4533011611169 0.996249019737242 -0.021098682649209288 0.05565821749927536 -0.06280843166212352
1750963625.515615 36.57058062447109 -120.85423898885207 283.09029912030354 0.9965153511957612 -0.020969546446240862 0.05387371551095493 -0.06012533351318939
1750963626.182494 36.50616901371908 -121.1503016224357 283.69835605791786 0.9961074408857639 -0.022681517112488312 0.05600856142328338 -0.0641759771315138
1750963626.649116 36.463486519737316 -121.34624632662906 284.0997419122865 0.9961550065939272 -0.02259957006792462 0.057147002736116684 -0.06243942944066698
1750963627.449558 36.377171800525964 -121.71772040655 284.87187061745055 0.9961301342241743 -0.02345088416258188 0.05517259050650807 -0.0642712764718646
1750963627.916409 36.32165619987873 -121.96489366184156 285.3869000840633 0.9962920596527528 -0.02455505103529684 0.055374133784917824 -0.06109735386331978
1750963628.449932 36.27399091053091 -122.19739478366502 285.8342252308266 0.996193764483457 -0.023641650927886886 0.049518602288755466 -0.06772712878197812
1750963629.250159 36.232944782150966 -122.55340544421637 286.56336318767325 0.9971202648012312 -0.017376722616037125 0.03325321139816732 -0.06590486298868038
1750963629.8505 36.20635032847992 -122.84614280896444 287.16053561050353 0.9972902559701139 -0.015143461560833913 0.02786973311560345 -0.06637845203893435
1750963630.250566 36.18173059982935 -123.06001533733115 287.5935797460088 0.9971542860224443 -0.014279099977694753 0.029285739830578902 -0.06798369373218796
1750963631.184051 36.15397965034175 -123.46307140261042 288.39396916735467 0.9969286882251784 -0.0128476731010222 0.02428250937241299 -0.07333817306214246
1750963631.784357 36.13315742700773 -123.7970316190679 289.06868188752827 0.9972103041012401 -0.011983562955339918 0.024830318496611346 -0.0693646804689865
1750963632.251192 36.122937054469176 -124.0267056681481 289.54389919729954 0.9971747044348951 -0.012163356037475197 0.02524621065543688 -0.0696942641300317
1750963633.051312 36.08781442329343 -124.36937978266937 290.21947517350395 0.9968163355524451 -0.013163140954389403 0.030658733051836543 -0.07241523999591672
1750963633.78504 36.046893266584775 -124.6829306330909 290.83009498139154 0.9965697874978959 -0.014484815870374732 0.03577310875442734 -0.07320610251641421
1750963634.585326 35.98043893906722 -125.07220732944101 291.60385329642537 0.9962564956885497 -0.01859331661425181 0.04364936051941804 -0.07226352262309686
1750963635.252028 35.92267994671415 -125.40993292631971 292.2696674085825 0.9962545353616251 -0.019341624024748687 0.04682362973360293 -0.07007388993090105
1750963635.852394 35.871601440643985 -125.6830162922192 292.8125745703104 0.9960687313033917 -0.02060853039354947 0.048278340782845965 -0.07135525773147591
1750963636.585992 35.80419988495624 -126.0237596748294 293.4885770762125 0.9959510646831472 -0.021832479343818524 0.0516468551538283 -0.07026679126676129
1750963637.452773 35.716468480314525 -126.45676185716552 294.33212703594904 0.9956787307685503 -0.02304890114783994 0.052900470096528485 -0.07276093398639166
1750963637.853065 35.67928205964332 -126.66165324643974 294.73733018092696 0.9957247239435391 -0.023436069625805984 0.0525918601478171 -0.07222964082874787
1750963638.453283 35.61444737937296 -126.95099497822508 295.32123239846766 0.9956846872888135 -0.02477971622604267 0.05401480542769786 -0.07127671398810817
1750963639.053314 35.54012103726462 -127.26673297117968 295.94409490732954 0.9957987243958721 -0.025001473397206462 0.05245349078426354 -0.07077046081571052
1750963639.586852 35.490988840634515 -127.54919375047852 296.51697698498276 0.9963549149619533 -0.022234557224863127 0.044378724013381304 -0.0693760531532117
1750963640.053821 35.467546954275484 -127.80360910358324 297.0082393041781 0.9967096489239425 -0.01574544525067429 0.03365112713728757 -0.07203858922938136
1750963640.654034 35.43334796410081 -128.11636104820855 297.63419220453767 0.9969886846667764 -0.014570885904497483 0.031050310502299006 -0.06954947985485015
1750963641.187355 35.41904679468663 -128.36879875366884 298.130254709629 0.9969736083219636 -0.011015653216007584 0.030353813732580743 -0.07071722340135018
1750963641.987796 35.39074708017279 -128.75109960449998 298.90773662871595 0.9972024849278768 -0.008700265281500627 0.02825863013663963 -0.06865099606341983
1750963642.654719 35.377995514884844 -129.08016702526874 299.5600699907252 0.9971048030385853 -0.004912602613943466 0.027637900214983222 -0.07066841277861004
1750963643.188239 35.36784144448465 -129.34956837058945 300.11410773332716 0.9972945927858747 -0.004082341163689346 0.02613399518892726 -0.06858457542439671
1750963643.788259 35.35539341356054 -129.65051934187932 300.727678824709 0.9975306457976342 -0.001970516298016755 0.02597189153101139 -0.06522414131573928
1750963644.255255 35.34969825235537 -129.8784266533173 301.17273153328205 0.9972516498752831 0.0006974448473688602 0.025828509179379257 -0.06943737110001555
1750963644.988979 35.33134565551589 -130.19046802799295 301.8191550628333 0.9975194919801438 0.0002715937955964562 0.027191809368059462 -0.0649260722651324
1750963645.855643 35.30853752607573 -130.5650382955969 302.5744624833211 0.997340794500952 -0.0020720785096142954 0.036594109143118635 -0.0629914064843882
1750963646.389292 35.2748203662288 -130.78933231042677 303.0410691362369 0.9971336104344288 -0.0030673940132733574 0.04413627823397506 -0.061377055807697804
1750963646.989508 35.22550369958289 -131.05535901227736 303.5749965645448 0.996663850293349 -0.006966591734945805 0.053465183379371554 -0.06127079470878148
1750963647.656236 35.14262606769859 -131.3391698118337 304.1867013848285 0.9958169025153183 -0.011555200629379437 0.06883727870349368 -0.05896272605561471
1750963648.456666 35.02172601953165 -131.68611340524075 304.9041022085542 0.9942680366482987 -0.017523714627340054 0.08556358781816216 -0.06166735899064264
1750963649.25693 34.870492108167575 -132.01887219980452 305.6023360051851 0.9929506946286244 -0.02569316062470571 0.10147606279480448 -0.05560025371623994
1750963650.057215 34.68351840210425 -132.36472478740347 306.3351796882439 0.99133666432636 -0.02980743403584463 0.11483139729070801 -0.05636386284445152
1750963650.590719 34.54740699475432 -132.61820060470455 306.8661032655073 0.9904771474759804 -0.032699108214824225 0.12157519940609746 -0.05572485566753671
1750963651.05754 34.399481140448415 -132.87181801554723 307.400667387954 0.9896807878879477 -0.03269521040203961 0.12760841393448133 -0.056383100264030615
1750963651.657571 34.19171007475707 -133.20064545098828 308.13193486645565 0.9889843870422259 -0.03641779957083307 0.13536355988604815 -0.04754295653519738
1750963652.191094 34.00547733969861 -133.4990460074028 308.78724873678607 0.9891491634519887 -0.039283113455478 0.13289360038540193 -0.04878586287112344
1750963652.658063 33.84149632511409 -133.76859245635478 309.3725134053567 0.990368742821216 -0.03838496266645593 0.12355541677199382 -0.049299156890536815
1750963653.391667 33.63987479301018 -134.16749625084182 310.2621534501375 0.9931274109008015 -0.032875640602288134 0.10058618993852798 -0.04999556346427441
1750963653.658447 33.59071240343946 -134.31503260929512 310.59065469590746 0.994629316634754 -0.029650039852564408 0.08714921935283451 -0.047311850456466985
1750963654.258525 33.50358059086649 -134.64136430110665 311.31623155805676 0.99611271874436 -0.02461057231069859 0.06934485270271865 -0.04842584733277743
1750963654.858813 33.39750649427207 -134.97136394708244 312.0588312674212 0.9961654302272143 -0.027451048210273332 0.06725830883883568 -0.048756491511656876
1750963655.392363 33.30107638946755 -135.27376079270297 312.7100805320391 0.9963866190055657 -0.027382034257535295 0.06404857517995957 -0.04859742466421314
1750963655.992376 33.25672634766195 -135.60200141319962 313.4433358609473 0.9982767310992795 -0.014748512140114417 0.03186537391103188 -0.04701752312595463
1750963656.459192 33.26816497463871 -135.86707394116024 314.0253068052192 0.9987386027828103 -0.0027684568822897676 0.007222343885971006 -0.04961226367263884
1750963656.992855 33.323140088481935 -136.15936314847656 314.68290418073286 0.9987390944344101 0.0077376987369189975 -0.01640053702631327 -0.04681208873613354
1750963657.593115 33.399062126693536 -136.49194364047955 315.4111654893486 0.99822959989026 0.015777928435064422 -0.02857666148164781 -0.04972019002168732
1750963658.193144 33.4698903925949 -136.8167834957687 316.1429895746484 0.9983527185434726 0.01653280972987119 -0.027368830620304724 -0.047638877923086125
1750963658.659973 33.49906067209042 -137.08007874020305 316.72364624680233 0.9986688268760372 0.014685303681587727 -0.010889498833357023 -0.04823209405548887
1750963659.393684 33.513126349155094 -137.45478850731797 317.5723696350143 0.9987878046722339 0.006600179999842644 0.014288456807765129 -0.04663902726303175
1750963659.793893 33.49550441285664 -137.67961416834484 318.06194808026777 0.9984020564361031 0.001344478496861051 0.03145047644408224 -0.04692966666376353
1750963660.460735 33.359995543843944 -138.0194921402624 318.8062834698723 0.9947815847986652 -0.020932154774940096 0.08819424419678477 -0.046831813252231985
1750963660.994242 33.170101710268526 -138.2864796629483 319.385957028748 0.9881550860248703 -0.04171403819735717 0.14024193653655936 -0.04627811812213274
1750963661.461063 32.92954960293439 -138.50651466266106 319.8762021757805 0.9784416304127725 -0.06432758850923374 0.1903584401411181 -0.04772422339674428
1750963661.794773 32.709724062232226 -138.66279432563923 320.2012072149543 0.9662637963315837 -0.08656637907296125 0.2379347904446682 -0.04719717585962359
1750963662.527916 32.1182902670966 -138.91583031585418 320.7675499006322 0.9243062541030499 -0.13680436038524538 0.3535294230761431 -0.044265817794561485
1750963663.195004 31.454045084492407 -139.08903459168314 321.13464859125435 0.8663603040165918 -0.1849203358374994 0.46195006621208223 -0.04273674466636104
1750963663.795177 30.776528529588724 -139.16012329518563 321.3097408219714 0.7961210390172649 -0.23064744856717542 0.5584016049084859 -0.034361218534124306
1750963664.395229 30.034158132674747 -139.1369539174794 321.34510330267864 0.7123871118208374 -0.27426022639729253 0.6456650087099122 -0.020065583861444105
1750963664.928741 29.379381449033218 -139.1204601448525 321.2314530395926 0.6425353513027827 -0.27678977254677 0.7134982464989265 -0.03815752065680243
1750963665.395754 28.85097126267557 -139.08105824626762 321.04374018839303 0.5781368950436093 -0.2777698523335671 0.7651954949884052 -0.055475167177508646
1750963666.062609 28.094963286977162 -138.9006366261908 320.63988666755404 0.48495698213035104 -0.31976805309223866 0.8131564991794736 -0.03662820698320228
1750963666.462559 27.6633291134532 -138.77521388238384 320.35312413811226 0.44332277116642466 -0.32158171653156276 0.8362794990361017 -0.02620533628599679
1750963666.92942 27.169043617981096 -138.62986662385455 319.9839065975472 0.4158474333441979 -0.32089425790086384 0.8507282979102464 -0.01895126808506142
1750963667.329672 26.740544767958212 -138.44265431944268 319.6220022167685 0.40086976867342683 -0.3450267755464768 0.8484356617034373 -0.020417655829328273
1750963667.930089 26.313119446401565 -138.19204538797436 319.04335911911164 0.28961830311733533 -0.3537385041167716 0.8887682840286669 -0.03288231301783832
1750963668.463448 26.111012582549 -137.97356149964037 318.51614873447363 0.18056046040672394 -0.35013480277238546 0.9189596140564256 -0.017797970629259335
1750963669.263738 25.909160920309724 -137.55381506423717 317.63882372154035 0.08047535549098343 -0.36897910918855703 0.9259130679293299 0.007945110365176294
1750963669.863891 25.797918496625616 -137.23116163924544 316.9321569187135 0.05796830420222198 -0.36579729160486096 0.9288671118523747 0.006156759009012396
1750963670.46391 25.703127139263962 -136.88357259802154 316.22128131501876 0.03908911762494148 -0.37685325540963555 0.9253977352068894 0.009627899273647655
1750963670.930797 25.650029664671973 -136.62930969600652 315.6658222755075 0.029203388680455404 -0.36958089891981744 0.9286749315943383 0.010954116643931092
1750963671.664497 25.626303794909035 -136.26392662109177 314.84174413690886 0.01625291562556447 -0.3641085770224746 0.9312144127894119 0.00071013069764306
1750963672.064652 25.604203749405507 -136.0364961976341 314.3614739056362 0.011044237775372043 -0.3720747518998398 0.9281369867793131 -0.0003709216235412937
1750963672.46478 25.58934113274011 -135.8098993507974 313.8700885631896 0.005207837168569802 -0.37048250637505686 0.9288238782223757 -0.0013394573629815802
1750963672.731383 25.581805600460328 -135.6525380378641 313.52447357869653 0.000989178631792606 -0.3676573524634445 0.9299602827586366 -0.000982444238456157
1750963673.264898 25.571705234772548 -135.35446599804223 312.8867632921202 -0.008933548842278639 -0.37311892903661825 0.9276976242067542 0.008920456310850419
1750963673.665181 25.574240699859757 -135.13447415750048 312.4090894307541 -0.013904824262795339 -0.3716779242566396 0.9282062826173254 0.00976080899425816
1750963674.065329 25.58272513030243 -134.90321988489868 311.9167644088935 -0.0189363670250034 -0.3710921206401818 0.9283485357941987 0.010052267974666178
1750963674.332071 25.580884587185043 -134.7480316645718 311.5696919812873 -0.011227822016673562 -0.36460969085345446 0.9310721053568128 0.006200320551570393
1750963674.732019 25.557182016224214 -134.52131030383455 311.0821748650424 0.0011398482087625296 -0.3673202969461883 0.9300613467941805 0.007771190180397943
1750963675.132165 25.5206699613516 -134.291752712653 310.5865295032749 0.015031703916723569 -0.3715600413113816 0.9282511577011695 0.008183630275300408
1750963675.465619 25.470704596821772 -134.07987626854583 310.14263311086927 0.030079613517560302 -0.3736439107949546 0.9270308306747895 0.009964123388244872
1750963675.732552 25.421096712450257 -133.91847638329858 309.7925695380013 0.043727765534306115 -0.3703500825866142 0.9278196440367269 0.008911059927215243
1750963676.132674 25.33323729514707 -133.68935397367724 309.2956085589317 0.06837962258525351 -0.3677001131163221 0.9274159250406064 0.004533873665901809
1750963676.732898 25.202560698499738 -133.3450070957067 308.5413043809424 0.0709032939469461 -0.3698941296132369 0.9263641100198801 0.0007690593048935599
1750963677.132863 25.134491081929138 -133.10384071632484 308.0458276194615 0.058910464211917056 -0.37099939710455726 0.9267581881101441 0.0028749478593797975
1750963677.666406 25.08012333898916 -132.81424387399662 307.4058230515998 0.03409638346085484 -0.36752490181989567 0.9293815739584924 -0.003573956295453284
1750963678.266746 25.047610476113665 -132.45501043731014 306.6507058247827 0.01426025686819452 -0.3737736642237643 0.9274043583919985 -0.0033240099758487175
1750963678.86693 25.049780651654096 -132.102734117249 305.91073081307417 -0.006310166249005019 -0.37484326290665887 0.9270581578864838 -0.003985216621270695
1750963679.266891 25.06493077267785 -131.85678013368485 305.40395808641017 -0.021428243077215258 -0.3788771730880922 0.9251947519218737 -0.0027548371316927387
1750963679.733729 25.110784661931227 -131.55214237297108 304.8117353806603 -0.041214229176925445 -0.38745534786833485 0.9209667306733863 0.0001473579110180525
1750963680.134041 25.138157314372762 -131.27801084587492 304.28048830593957 -0.033162190155452374 -0.38827700599631365 0.9209441447354135 -0.001765796191545252
1750963680.667513 25.139259930636673 -130.9887465887539 303.6132347773701 -0.005819291863421634 -0.36820528195997004 0.9296931413162463 -0.007852971954453516
1750963681.06749 25.12773607181017 -130.7817304614166 303.1172714518443 0.0037634357770549155 -0.35734069964586407 0.933908442087833 -0.010415504060442926
1750963681.467639 25.108671770661235 -130.53324017453386 302.6108709467649 0.011542451840970691 -0.37665195046222333 0.9262541448975492 -0.00730336077512526
1750963681.93448 25.066083022009092 -130.23935454308807 302.0044119648702 0.01971258268916928 -0.37791107574693766 0.9256002800828258 -0.007665143319559616
1750963682.468127 24.987427751401828 -129.9126351678169 301.3324177245772 0.027231407531871345 -0.3814419365635949 0.9239839096475783 0.003772822129853032
1750963682.934962 24.91435119499249 -129.65316583868287 300.7762790966745 0.04132944949204584 -0.3732530010590367 0.9267935196615442 0.0052769042509902145
1750963683.534999 24.81434239738796 -129.35855853476437 300.0789607790304 0.060310862777755506 -0.35576705603349285 0.9326208841908449 -0.0032692573087566906
1750963683.935336 24.74053226267368 -129.12282404663796 299.5767306039162 0.07379605413043229 -0.3662989036284735 0.9275146461295574 -0.009789627700712587
1750963684.335429 24.64217119158442 -128.90273334447434 299.0786742081698 0.08490792270461976 -0.3648023139141946 0.9270497133111756 -0.016992512306981664
1750963684.868959 24.485759268528998 -128.5906320476043 298.4224244001735 0.09615321974826792 -0.3745073877647435 0.9220589299489873 -0.01749584359205739
1750963685.268913 24.363983618126998 -128.3775468515249 297.94204495323726 0.09751258185772686 -0.3662767761015206 0.9252463116290606 -0.01587080605817218
1750963685.735755 24.214627924877433 -128.11617693839108 297.3869607172195 0.10007531626760414 -0.3708588706384694 0.9232239250785883 -0.010305983950270749
1750963686.336116 24.027497412773542 -127.78099990313412 296.67282078527285 0.1027596808218296 -0.36976677183431256 0.9233903737726001 -0.007949847088155578
1750963686.869645 23.863543460653325 -127.51564320657153 296.03178136458297 0.10568393753548588 -0.3550270243030998 0.9288380075537525 -0.006831770272552308
1750963687.269705 23.74290767346044 -127.29965580847242 295.5567093289428 0.10277609918065382 -0.35882617787026994 0.9276845135546198 -0.009071428947528994
1750963687.86981 23.562984805195814 -126.94000199237644 294.79514662016146 0.09779148806407878 -0.37009738191372027 0.9237881330597303 -0.00895756556442662
1750963688.33695 23.43840118996417 -126.6723940189318 294.21976516416834 0.09179688859719994 -0.3729343365996174 0.9232748769040269 -0.0075374734978364355
1750963688.737079 23.31711014756892 -126.4247822683225 293.7085164170875 0.08458785403476815 -0.37163464563324 0.9245006481868359 -0.005580019441639434
1750963689.270436 23.186352790406467 -126.12489237884417 293.05510188030246 0.07604186899027006 -0.37077349672806265 0.9255964965970129 -0.003971620808681513
1750963689.737094 23.097342433046837 -125.86172259958933 292.46602890762995 0.06510514243578344 -0.3684760210810158 0.9273340088829233 -0.006195021052869742
1750963690.270629 23.0060013392922 -125.54843097189024 291.8007058433159 0.05408889182043287 -0.3719454620434986 0.9266695470884553 -0.0038099272648210412
1750963690.670908 22.94831430203039 -125.31061766684026 291.2887443721098 0.045269909399585355 -0.3730215062481366 0.9267126148497111 -0.003052975226844952
1750963691.27112 22.872073831148015 -124.9606832336997 290.52560011805775 0.04065039739218644 -0.37069804176174725 0.9278569100431207 -0.003472968628629738
1750963691.871169 22.798914057107776 -124.6025353140355 289.7725890963703 0.03846603141057491 -0.3717095439474077 0.9275452805197498 -0.003483095099121216
1750963692.471371 22.71989640605225 -124.25135444521744 289.0215583871069 0.04122444574173065 -0.3723473137295101 0.9271709940118237 -0.0034598980955690265
1750963693.071781 22.584423837505085 -123.90978833247678 288.289426496739 0.06731217356911622 -0.3697643468099755 0.926674800195331 -0.004148951739512849
1750963693.67175 22.441153546618562 -123.53930310279326 287.50983627396454 0.07322277907528683 -0.37096099030861257 0.9257418901914612 -0.005321751449059765
1750963694.271966 22.30226158078409 -123.19954000080256 286.77275928682235 0.07739913926558409 -0.37138401108443725 0.9252338072209197 -0.005068681018093585
1750963694.872323 22.144980417825547 -122.85774072306964 286.03811597959236 0.08162470793215475 -0.370001404291797 0.9254242897518287 -0.005123652448407071
1750963695.472556 21.981394493101906 -122.52139587898047 285.32719673085063 0.08847408126862359 -0.3712071532997636 0.9243157045974735 -0.004250237315114238
1750963695.87251 21.871143438979917 -122.2896034733006 284.84013614367313 0.09282580767324655 -0.37035274522464295 0.9242265824707971 -0.005238109270631151
1750963696.472898 21.68843162081177 -121.95885788877256 284.09846156581335 0.09288469625592663 -0.3675638112198266 0.925338007629348 -0.004341603338452605
1750963697.073164 21.526622041527908 -121.61454861627965 283.34386917198054 0.09119508231222392 -0.36852829934518266 0.9251196953348225 -0.0048886447425978705
1750963697.673438 21.365525511928276 -121.27932225600611 282.6332432650534 0.08949952495401906 -0.36875670830293206 0.9252022425019293 -0.0030225128606077866
1750963698.273588 21.21560217363603 -120.94572838722561 281.9060929372581 0.08624999976680128 -0.36855879453702955 0.9255891449255509 -0.003176051892864631
1750963698.873732 21.07308614424537 -120.60670728635436 281.18794629920944 0.08236887966177983 -0.36838512881290697 0.926008846442408 -0.003921841807396454
1750963699.473873 20.960204609009836 -120.28563559420483 280.458075071186 0.07701477716803683 -0.36742903273379535 0.9268492831394277 -0.0038776727549043807
1750963700.074205 20.843537517982256 -119.95156350702955 279.7290400082655 0.07077951886102202 -0.37065392632321975 0.9260635202365192 -0.003504725114666228
1750963700.674147 20.724632503071447 -119.62397039862708 279.00376384436 0.06389839625534936 -0.368501588523676 0.9274146907451739 -0.005056243818819152
1750963701.208744 20.638584813051224 -119.32084994394194 278.3486597700291 0.06117267841242216 -0.3689472337841713 0.9274245997423862 -0.00441065658754664
1750963701.80802 20.53982644735846 -118.99601401287408 277.63348000360645 0.057342913674141474 -0.37024735008145115 0.9271428681216843 -0.005898482865984816
1750963702.208128 20.46936510469081 -118.77228008084485 277.149029266886 0.05558917085409461 -0.36991570959315934 0.9273791553035627 -0.006333576272060769
1750963702.808408 20.371499530847228 -118.43132744988449 276.43935934429356 0.05267491243835944 -0.3737079043332129 0.9260159050090159 -0.007893003789594984
1750963703.408541 20.25216690749946 -118.09716685912682 275.70879778429327 0.061915457327620806 -0.37017077254756603 0.9268574726476705 -0.008677597168719796
1750963704.008573 20.10034028240002 -117.7529425163514 274.9738168786148 0.07476717573207972 -0.3715673185527045 0.925344416976023 -0.009236189035815546
1750963704.408721 19.989713006237086 -117.51142639402312 274.476712152742 0.08275492782068979 -0.37398863387949915 0.9236963842942582 -0.008313440446203598
1750963704.875575 19.864729311512434 -117.24364010743984 273.89139073554384 0.09011366485199215 -0.37074736688453674 0.9243062075953496 -0.00916252999055896
1750963705.60926 19.643292767166976 -116.79832626160538 272.96905565797357 0.08991273861654381 -0.37864466075693454 0.9211612125865979 -0.002437363478754087
1750963706.0762 19.509474218767576 -116.5303384835461 272.3845288737937 0.09178967129480707 -0.3726010963881259 0.9234259979347323 -0.005244573595773629
1750963706.609473 19.352106285619797 -116.20593966956689 271.70905333064536 0.09410067909566637 -0.37542523013825746 0.922050415328634 -0.004897995678286494
1750963707.209685 19.177024588737158 -115.8591709247064 270.97159184832117 0.09254079755966517 -0.37175612419019133 0.9236890225391522 -0.005672261874585507
1750963707.810065 19.019452176047942 -115.49105776237452 270.2301625839546 0.09046727158882605 -0.37756591337932127 0.9215439185835255 -0.004057086027316569
1750963708.410102 18.856634098573547 -115.12962297102125 269.4718702978989 0.08639313086684665 -0.3742664024853759 0.9232865560403242 -0.0016799835938790726
1750963708.810208 18.755350810429398 -114.89587808504778 268.98604930822 0.08328807894132621 -0.3763809746224136 0.9227107765661823 -0.0022979680542118395
1750963709.410591 18.616838714960373 -114.55230906105822 268.2425325315826 0.07915098083617716 -0.37405849215817294 0.9240156623652204 -0.003228371228391971
1750963710.010784 18.479195822477934 -114.20249008252563 267.50841956244295 0.07273393023815827 -0.3759320835325143 0.9237861155379499 -0.002014125695988798
1750963710.610816 18.35692590251477 -113.85362945339192 266.767550950985 0.06559798757270531 -0.37602395882676243 0.92428296688204 -0.0019706715591525253
1750963711.211031 18.246273195506856 -113.50441192499376 266.0317003005086 0.063119845156625 -0.37632932723883916 0.924326095068812 -0.0036595877101113245
1750963711.811411 18.121611130418778 -113.1410340686806 265.28187997309675 0.06551679507274842 -0.37727006282173725 0.9237727013638748 -0.004341137727293718
1750963712.411438 17.99610059723045 -112.78735338116698 264.53693154615394 0.06711221613102772 -0.37509022483956334 0.9245484977343507 -0.0036536301048988662
1750963713.01165 17.869834146875878 -112.43067039080181 263.80170401097394 0.0664588870591881 -0.37735795240711273 0.9236782013514059 -0.0016650628207470974
1750963713.611862 17.75255030155314 -112.0984709631499 263.0935820153598 0.06624504703567882 -0.3740542581994934 0.9250364147735669 -0.0016238869828364394
1750963714.212532 17.62325399191017 -111.75795159455124 262.3711545685656 0.06601888523796053 -0.3745107558504644 0.924869097338959 -0.0005944170842675101
1750963714.812232 17.509751629166693 -111.4155761635782 261.64929368510377 0.06571401953975195 -0.3748624837026362 0.9247479549762383 -0.0010028536708152913
1750963715.412448 17.402039313814328 -111.07676943056784 260.94082038946 0.06260994337574946 -0.37415659514227834 0.925244498222008 -0.0030750303945007765
1750963716.012796 17.284152521760888 -110.73202930576214 260.20716775504906 0.05795878128324994 -0.37454018287946067 0.9253944090198054 -0.002370408333151245
1750963716.612836 17.188023195279406 -110.39613346396992 259.4830645477355 0.05325963883778087 -0.3726179453239263 0.9264543288229461 -0.0012861954241003646
1750963717.213048 17.09055482084654 -110.04193661458665 258.7382996678003 0.04777719996203565 -0.37531746828535373 0.9256637301410853 -0.0008921126341765665
1750963717.813298 17.019098375902036 -109.7131288639363 258.02879148319425 0.0420729643094474 -0.37306321532365994 0.9268506239874922 -0.0012743078846704364
1750963718.413613 16.950356771553405 -109.35011574809329 257.2683191106148 0.03632390329739298 -0.3740256254313165 0.9267048403638736 -0.0018826619775400217
1750963719.013654 16.877495514419486 -109.02185361128075 256.5237682392922 0.029713488025435924 -0.37283723587077483 0.9274183708922902 -0.002160904693135668
1750963719.613876 16.84137360701385 -108.6833251169316 255.81394269284016 0.023850048862959054 -0.37549461449845944 0.9265083169924255 -0.004160311977578865
1750963720.214204 16.804928701086027 -108.3164875359635 255.0236693492295 0.01900623919628794 -0.37386113298979007 0.9272631380431905 -0.007049038054877779
1750963720.81426 16.757682693677893 -107.96815972583802 254.2833656704403 0.01987000068126452 -0.37329963685404444 0.9274451199858428 -0.00990523154756734
1750963721.414467 16.721327635843792 -107.60105120042024 253.51995207862998 0.016872858145403187 -0.37983256045157016 0.9248578625787665 -0.00897032357527174
1750963721.881331 16.698301683545694 -107.31833475841884 252.94364517828978 0.015355200854364488 -0.3777570580888644 0.9257186895378275 -0.010427401936043124
1750963722.415031 16.65329382872162 -106.97888329207548 252.29655978257898 0.01340739333553371 -0.3886301808809878 0.9212027176234406 -0.013129255711749452
1750963723.215066 16.606676768727837 -106.5038909659267 251.30721530092276 0.010711413376987907 -0.37696064684014496 0.9260329618319304 -0.0157762466420096
1750963723.681905 16.570781873831812 -106.23170285058472 250.75717682183847 0.008966637536606065 -0.38145179539504304 0.9242367730541393 -0.014160315521085992
1750963724.215587 16.547876968213306 -105.93845476749775 250.12840252389313 0.006866973779542198 -0.3766033156504192 0.926217838307398 -0.015598183015735503
1750963724.682438 16.548675564271814 -105.6737681760257 249.5657496033385 0.0009010425172249997 -0.3763511971655452 0.9263504489333465 -0.0152908559417222
1750963725.215774 16.564026545523518 -105.35785114711872 248.90812248968575 -0.006435876551271959 -0.373580213564576 0.9274409627486682 -0.015800763965262737
1750963725.682847 16.569188806049656 -105.10934679445752 248.37544398842613 -0.013168401155203123 -0.37391395248071635 0.9272578288700882 -0.014417633314604847
1750963726.21613 16.5966462022481 -104.81502321207485 247.75921713258128 -0.02073643237569799 -0.3733612084719605 0.9273347918528214 -0.014885973262421654
1750963726.61638 16.611806469612464 -104.58398837561238 247.27400536202347 -0.027857795091611258 -0.37384928357436176 0.9269552071073527 -0.014652659831415667
1750963727.08304 16.655808236929378 -104.32849705447363 246.74242422625252 -0.0363814161468336 -0.3736181187350572 0.9267806685503505 -0.012786176652668284
1750963727.616587 16.712713165123372 -104.03146787283592 246.11907070186595 -0.047103428746802074 -0.3730641717033055 0.9265380043624294 -0.011476814179390425
1750963728.08342 16.7722328079046 -103.77279897398566 245.5672992276485 -0.05697465775090546 -0.3737653902680635 0.9257344735815326 -0.00830697506028526
1750963728.617095 16.874942974770725 -103.46754470699615 244.93828137622452 -0.07424567887424431 -0.37626330912624706 0.9235037477171895 -0.007370842975841681
1750963729.083962 17.03774296446963 -103.22781585314588 244.42463475415298 -0.12754464021136164 -0.37231170756503734 0.9192969706539553 -0.0030719553742648265
1750963729.817496 17.341713551674754 -102.8350757983516 243.63287802359753 -0.16609225479864842 -0.3731182026466857 0.9127863640992455 -0.004150092057703092
1750963730.284294 17.616883988054216 -102.53466947542323 243.0735459274662 -0.1972656607329703 -0.3821945016629502 0.9026091880423296 -0.017614643219782677
1750963730.684428 17.89088037036016 -102.31434935498055 242.64591681908033 -0.22898763309567388 -0.37585495347101755 0.8973065012483534 -0.03374552797007176
1750963731.217951 18.2969500607314 -101.94019390762189 242.069387607447 -0.26682868437357654 -0.3979502296049172 0.8767577356338104 -0.04164061669972644
1750963731.684631 18.64494105204622 -101.70666950643796 241.57670240914737 -0.28827543508936954 -0.36880344332708914 0.8832701252381514 -0.026742841582327783
1750963732.084744 18.92572388594489 -101.52884720410589 241.18848648085628 -0.29438704097400853 -0.35019290827991695 0.8887841958474898 -0.027637841969873497
1750963732.618291 19.329918102795524 -101.24735749541608 240.6547340887364 -0.3053478307646845 -0.3626151037408722 0.8798675890828681 -0.0332567958137776
1750963733.085267 19.70887626741793 -100.95285468918881 240.13542937656516 -0.2935443878235048 -0.37648982574869716 0.8781853496714467 -0.029624231761829503
1750963733.618579 20.074371842781296 -100.66768791004395 239.57567048760419 -0.28478598603125493 -0.3706588150171834 0.8838586809876601 -0.017401639377279784
1750963734.085418 20.40668824885156 -100.42310605061289 239.04867446169402 -0.2640621940775248 -0.3606598241726515 0.8943674681396541 -0.017391975741150888
1750963734.485567 20.66180408328157 -100.1968328493931 238.5930230552674 -0.24500164386035195 -0.3662796540770252 0.8974075861882503 -0.02174933945475872
1750963735.019227 20.9543593720019 -99.95027311917855 237.9981193712583 -0.22776279128024227 -0.346410099868259 0.9098522772815022 -0.01711686721219874
1750963735.485889 21.18994524210932 -99.69091340762697 237.45647070032385 -0.207745456155678 -0.3593034076092583 0.9096521990179487 -0.016606129857822147
1750963736.0194 21.476539058261448 -99.41203413373366 236.85049164958738 -0.20892913918225148 -0.35565137893874466 0.9107671555052812 -0.019076160838903514
1750963736.486272 21.734056156332393 -99.16924446616426 236.29895549085808 -0.20994218717643764 -0.35237979585416734 0.9118628844244754 -0.016088428339182042
1750963737.019909 22.004516680492436 -98.91453494854508 235.68694983086755 -0.20829098827289053 -0.3448087126103958 0.9152014651266528 -0.011317868275088837
1750963737.486726 22.27629846764693 -98.68802342791368 235.1465875564925 -0.22418048456584935 -0.3445662339976196 0.9115471051612823 -0.009954687368513036
1750963738.020079 22.611291257596427 -98.43306722363398 234.5519256528351 -0.24953809853168496 -0.3436959841778041 0.9053067791876498 -0.004841838300245019
1750963738.42023 22.89365669036932 -98.24517835877735 234.11082107780362 -0.2686780269906596 -0.33978401845050077 0.9013095488444888 0.00018915543981298344
1750963739.020587 23.34536552369417 -97.96998374151855 233.4582962259838 -0.3027656400884617 -0.3375127079037958 0.8912403340900766 0.01043101511261916
1750963739.487402 23.738000151913507 -97.77715573660318 232.98765145396524 -0.3334676562663181 -0.3333809613120699 0.8817121226082515 0.015498054863125815
1750963740.020764 24.251555298012136 -97.57391704085103 232.50390432541764 -0.37949382699783824 -0.3235105824497602 0.8666457406170005 0.01582714705695949
1750963740.421098 24.646659065332386 -97.43188797633745 232.15307635796842 -0.3984196650062967 -0.3169120743143959 0.8604545904125704 0.021128311053012445
1750963741.021112 25.243240827245955 -97.22776543559957 231.61984314821999 -0.4097845333765735 -0.3161338695582853 0.8552204506181904 0.027092315660867616
1750963741.4881 25.747410420141843 -97.0763229823167 231.23032729672977 -0.4263495987734326 -0.31572785908754286 0.8472890036716771 0.025363021878050482
1750963741.888044 26.183972881873583 -96.9597840371304 230.89860598236362 -0.439439052544696 -0.3102711310869215 0.8425084813457951 0.02836552790032568
1750963742.421566 26.768135128656652 -96.79389268676087 230.4874105221627 -0.45708888786963814 -0.312499375793513 0.8321577153373365 0.030453661837398973
1750963742.888404 27.29768780334262 -96.65501280863201 230.13310237085258 -0.47161883531187804 -0.312880846633763 0.8237072897987021 0.034460857814110735
1750963743.422499 27.75829493604751 -96.55614418804663 229.85688906157273 -0.4931231975377257 -0.30668577580056644 0.8131153202803487 0.04020973634780039
1750963744.288883 28.31403180201195 -96.43459178959434 229.55534811030117 -0.5120558814279588 -0.30862996437657564 0.8004927157286084 0.04192530798202084
1750963745.222594 28.908684965488497 -96.32260198478235 229.2536656410349 -0.5236848766084348 -0.3061228197803885 0.7936453485904567 0.04658357953232809
1750963746.089469 29.652235036954092 -96.16793781093459 228.8889375833625 -0.5302341457024584 -0.3137027006851527 0.7864121303659083 0.04470265682684901
1750963746.889786 30.359418257203785 -96.027225573541 228.54049637861814 -0.5261799655992945 -0.31232071260229 0.7895266656312591 0.04730814452828391
1750963747.623494 30.903353553888177 -95.90898699265377 228.26406447486542 -0.5228450348032162 -0.3167552445154826 0.7899013541225064 0.048528707060782834
1750963748.290268 31.43183346353273 -95.79309350467777 227.97954920900355 -0.5140421849958728 -0.32120334995991034 0.7938748605775382 0.048494801393492604
1750963749.490661 32.00552813092219 -95.61223063360195 227.6089949022026 -0.48194726805446997 -0.3338134850469169 0.8089232361486907 0.044029376947605545
1750963750.490975 32.664279911545314 -95.3229633487554 227.03293989703016 -0.4129914794364186 -0.35424851127123 0.8381750289288225 0.037532000415685655
1750963751.091167 33.07217796405054 -95.09010659238058 226.56340321211366 -0.3599841828522702 -0.36456926969026093 0.858063730684975 0.03503241037490132
1750963751.824893 33.458979133563325 -94.83454170362359 226.045026721105 -0.3162585399642257 -0.3657899088423509 0.8747144668510946 0.03244811196674084
1750963752.42494 33.756086681483986 -94.60313472719173 225.57604246982223 -0.27889867218468617 -0.3700627103579849 0.8857032458172764 0.02826449017517428
1750963753.091856 34.079567739139996 -94.28226457360503 224.94202206434701 -0.2343701955444711 -0.37752702400299365 0.8954949761696256 0.025153632796298838
1750963753.692067 34.378552777470325 -93.9263675042405 224.25807221084304 -0.20633429462050495 -0.3868460128933187 0.8983131617105381 0.028456715720859747
1750963754.292255 34.548527365676186 -93.72239697506706 223.7824846608934 -0.1877516927388483 -0.37123891230253453 0.9087794038353572 0.03241862166689317
1750963754.959353 34.715617069939725 -93.44259736134701 223.21058500198103 -0.15250012834569449 -0.3753958939804021 0.9139433838439389 0.023002712124702916
1750963755.626311 34.89874478217248 -93.09595496608601 222.51495473302163 -0.13244568652796027 -0.38427808635389754 0.9134822800746595 0.018401534118792917
1750963756.226391 35.035461725907126 -92.86144447071459 221.98171121020698 -0.12459758478086377 -0.37038408458092925 0.9204089041398228 0.011769491749986897
1750963757.0265 35.18582106784534 -92.55336367137103 221.33320283869116 -0.1134646397477112 -0.3764331081148125 0.9194595311453926 0.004249850331365435
1750963757.960441 35.32010492505603 -92.26114486444096 220.69425618208987 -0.10134193737285918 -0.36986597244805786 0.9235412792922582 0.0006925299901785801
1750963759.160575 35.46461000058731 -91.90260391229997 219.9637941968215 -0.08790674008192151 -0.3729872383299599 0.9236189667968665 -0.008996069377689837
1750963760.027547 35.58089736134363 -91.59806632278922 219.30022314143486 -0.08137272248887562 -0.3642234184066567 0.9276439491167814 -0.014017317358905823
1750963760.761086 35.69239725062896 -91.21001156503928 218.49023528298932 -0.07520793370274761 -0.3780428167097142 0.9226185073479102 -0.014229734412942282
1750963761.3613 35.773030352304964 -90.94517487133338 217.96284566751794 -0.06976669792664443 -0.3804639043886045 0.9219965832827828 -0.01738176437148959
1750963762.028243 35.86050443375022 -90.60658989130361 217.2655326185649 -0.06473568700946318 -0.3757560016445775 0.9242085506236832 -0.021337127490918564
1750963762.561884 35.93245100184517 -90.36106509112872 216.75940894709717 -0.07037719800398515 -0.3819788242327805 0.9212965593763648 -0.018758398655614704
1750963763.028516 35.99258344283823 -90.13774536845074 216.26407983886332 -0.07665812333435137 -0.3666946227448729 0.9271254061566266 -0.009852260439154038
1750963763.762112 36.166432646932044 -89.73323859735969 215.46585368447495 -0.11072736322033057 -0.38753292274481477 0.9151815845253205 -0.0005934381672147326
1750963764.162258 36.276689606606894 -89.50117541592695 214.99679427166353 -0.12221570230395816 -0.38135774355289376 0.9162560564512091 0.010219224974250068
1750963764.62922 36.430799263715365 -89.2246832301061 214.44578167129853 -0.1408390391283858 -0.3815386648873379 0.9133728523346069 0.018510669126885468
1750963765.162583 36.602519080090495 -88.93619433060937 213.80741132734815 -0.14648600471581835 -0.372284022768495 0.9159740477427164 0.030626796690610702
1750963765.629445 36.76250864649384 -88.65179033025088 213.2361547766468 -0.1443947010603637 -0.3826580985302393 0.9118093242041363 0.03642397876819675
1750963766.029566 36.90131977739135 -88.42032919071521 212.745706768937 -0.1443783419444553 -0.37497739103461586 0.9148523944776094 0.03989920937597094
1750963766.563232 37.079162752538835 -88.09764640863418 212.0809434744507 -0.1418612188068609 -0.3774890797750628 0.9141094186561795 0.042206160371084954
1750963767.029859 37.24794785972018 -87.82645074993451 211.49039802249328 -0.13905652419643266 -0.37238363910422634 0.916744089771672 0.03967344545926151
1750963767.563461 37.4460935324554 -87.52049731160568 210.83323219346346 -0.14165797060526625 -0.37083317736781424 0.9171951879991209 0.03418714727124465
1750963768.030227 37.62489549493851 -87.23335436613255 210.25201553027546 -0.14389737763161248 -0.37880807274363826 0.9136580148813058 0.03204716177990021
1750963768.563881 37.819105667069955 -86.89558951893456 209.58658010254516 -0.14583801711484368 -0.38432975254959206 0.9108540692206852 0.036969969614526886
1750963769.030561 37.983730342928716 -86.6217439970989 209.01042606805657 -0.1416408173406958 -0.3759131076185228 0.9150644142301475 0.035837580739797245
1750963769.430682 38.09577197764978 -86.3701774811427 208.49690691734435 -0.11961902098760056 -0.3835745684333077 0.9152954425480739 0.028215122184656345
1750963770.164283 38.30140936366703 -85.90329466838274 207.55284980292865 -0.10672683849489306 -0.38205533944505926 0.9176961593678077 0.02183709293795995
1750963770.564596 38.40772840809223 -85.62423172384702 207.0416181201971 -0.1052951347900105 -0.3872224300985058 0.9156604306212578 0.023188359421361226
1750963771.031806 38.52738525379846 -85.32970853377074 206.4586882924612 -0.10198854918738227 -0.3869997989683014 0.9161384196125129 0.022801042586569013
1750963771.431383 38.63200995384224 -85.05798163261193 205.93007935125323 -0.10086203425019419 -0.3928556159199104 0.9138051403413124 0.021248072215959105
1750963771.8315 38.72469612804176 -84.80230833371517 205.42304846373227 -0.09314640560561768 -0.39167389212512727 0.9151755657388965 0.019209196360047472
1750963772.431745 38.79841513100528 -84.41009984714425 204.6606095397204 -0.058550251219431644 -0.391474465184574 0.9182527290212263 0.011468950939980032
1750963772.965395 38.833618444188275 -84.05798184829963 203.9882567418809 -0.036578172963685644 -0.3952591144736921 0.9178124316787337 0.007253271267587729
1750963773.432162 38.866832869617966 -83.7338158293113 203.37515351659397 -0.030878838364737503 -0.3987748111838657 0.9165179835888347 0.0044646460971820906
1750963774.032423 38.89113687538931 -83.33042083945611 202.62256465319876 -0.025296266364300983 -0.4005308034368903 0.915930831920882 0.0024260137976742286
1750963774.565809 38.907606606683764 -82.96939849690709 201.94828745563865 -0.02182045331717021 -0.39936913924019163 0.9165304643100453 0.0002577424966884112
1750963775.23267 38.92494013851289 -82.53737074260357 201.1256827487581 -0.018680013648174933 -0.3962090201952118 0.9179702644476948 0.00025098980720689846
1750963775.566117 38.93178313762047 -82.3231891547333 200.7154615359681 -0.019728193347262578 -0.39633238131803644 0.9178950053814271 -0.00044833230699347227
1750963775.76627 38.94515650110068 -82.1882703417544 200.4593533151144 -0.025135816844160875 -0.3954129198569425 0.9181594705092825 -1.535896320975723e-05
1750963776.433102 39.00234717810175 -81.73242630555035 199.63193227008827 -0.038157059881800584 -0.40417044443294803 0.9138856920122179 0.0017979330909065746
1750963776.766677 39.02428796720725 -81.5036931866243 199.20085588377566 -0.03804991874437594 -0.4029566365085622 0.9144189317189593 0.0040212051937366985
1750963777.033424 39.03757213756632 -81.32320895447744 198.86431376173815 -0.0363927473937191 -0.3999961806881558 0.9157778974654277 0.005428248872892868
1750963777.433481 39.05239586357168 -81.05479744287464 198.3681126830194 -0.031784998712785416 -0.3990207266764433 0.9163808536251372 0.004278393237692864
1750963777.76694 39.06602865347317 -80.83131891296598 197.94179215819463 -0.028200189314443826 -0.3980059524645972 0.9169428535236819 0.0034372223125955646
1750963778.167513 39.07759556721099 -80.56783189624502 197.4467971715965 -0.023474341453714895 -0.39628970624227194 0.9178113153254686 0.005080696828332024
1750963778.433964 39.089051342332 -80.38039124220887 197.10277298085427 -0.02280178021663401 -0.39764202859471653 0.9172484376908184 0.004024856243861224
1750963778.76725 39.09999954785582 -80.16084550439554 196.67822905122037 -0.02218692468392462 -0.39860107152678637 0.9168482203584274 0.0037771651211001823
1750963779.167475 39.10637851705088 -79.89586740488758 196.17578265902804 -0.020739795797150296 -0.39667310446530923 0.9176984042565896 0.007067382051052859
1750963779.434091 39.109441195737915 -79.71222978871221 195.82274058784384 -0.019216260539907548 -0.3962863509092146 0.9178984451051257 0.007092805334533481
1750963779.767559 39.11429227030201 -79.49891681562728 195.3992026820956 -0.019400111595174515 -0.3951987176268138 0.9183525690843154 0.008376640881313032
1750963780.367763 39.136197667346224 -79.12559027422306 194.66496679598836 -0.02507268744541884 -0.3915293093119969 0.9197776027270689 0.009236980869375504
1750963780.834735 39.184031795559136 -78.82144023514691 194.07403193952018 -0.038001983562695255 -0.39065289961635397 0.9197073967427402 0.009190519208810812
1750963781.434922 39.25758094201225 -78.44182153930963 193.32745942005982 -0.05817729481919872 -0.3891312445009426 0.9192955899362051 0.009375246370754533
1750963781.968441 39.354704095910684 -78.09740841601567 192.6644480642668 -0.07503848330216532 -0.391597171503115 0.9170562389448184 0.005360588293708313
1750963782.56895 39.50757174259752 -77.72689679988709 191.95075630101553 -0.09878612046601792 -0.3916789191588925 0.9147813578683058 0.001998496037913283
1750963783.035341 39.653687349455936 -77.43031897844084 191.37776410727298 -0.10904344141292278 -0.3874435745466677 0.9154198115098954 -0.0018902704871604583
1750963783.635631 39.78064177976646 -77.0662375445872 190.6273881420964 -0.08565632694605657 -0.38582192480642313 0.9185786516928075 -0.004206738285266178
1750963784.16904 39.872903577306936 -76.7288544334901 189.9551450423445 -0.07268074440317532 -0.38653089134120516 0.9193895820278127 -0.005846014941616207
1750963784.635879 39.91322525423615 -76.42278989958848 189.3512637091918 -0.04658913012425065 -0.3899423303471211 0.9196320462574682 -0.0071645972687955275
1750963785.236084 39.924342644904854 -76.05025769483024 188.6017211053679 -0.018813844631186842 -0.3872458012102573 0.9217227629270865 -0.01067131656719437
1750963785.636334 39.92012157133889 -75.79328126961632 188.08604742925255 -0.012018365656721548 -0.38596343601962746 0.9223808784826196 -0.010064787752108001
1750963786.303088 39.93004931957134 -75.45941949406199 187.40846563318397 -0.01789312514245612 -0.38721877953670886 0.9217569265516803 -0.010277217558181853
1750963786.63654 39.95666765024061 -75.3109807398629 187.1106526097268 -0.028451096393282263 -0.38247005274298684 0.9234688902141862 -0.010602012798344043
1750963787.570302 40.0031784998698 -74.97861615719644 186.4221883650745 -0.040020010687832626 -0.37611009513053306 0.9256533558042317 -0.010269370662871322
1750963788.370461 40.06280417887095 -74.61442076681665 185.67052437103143 -0.04200127789649642 -0.37634394189426473 0.9254756125450084 -0.009799012143528896
1750963789.037419 40.11951951711852 -74.28935736334417 184.9749704835409 -0.04358890857468132 -0.37469484404523357 0.9260497127672344 -0.011649479769888428
1750963789.770908 40.182256995222154 -73.89160443091423 184.11374506830975 -0.04438682062647111 -0.37438748006755684 0.9261250109304447 -0.012501561999280035
1750963790.304431 40.24141507831232 -73.57694521072233 183.4456758358434 -0.044844819488622845 -0.3735359177261414 0.9264202382018869 -0.01433187299277938
1750963790.771275 40.289625636382766 -73.29154657219435 182.86348995193617 -0.04413349011254166 -0.3774704150387837 0.9248804916251451 -0.012821740605887946
1750963791.304865 40.342554618110086 -72.98732538562182 182.20267790147102 -0.03637040678512688 -0.37486980450489654 0.9262158858211113 -0.016551617243013222
1750963791.904957 40.35577813348235 -72.653237450198 181.4737581007505 -0.01891671464741263 -0.37555013795574277 0.926435126782877 -0.017950143485938076
1750963792.305269 40.35937951275522 -72.40614576237753 180.94279394397824 -0.015261792555191974 -0.3720881039351971 0.9279304133018879 -0.016207056096026417
1750963792.972145 40.38115816178785 -72.01699897827443 180.0792991040263 -0.012841137952333494 -0.37046990082084214 0.9286529786916623 -0.013813143342029845
1750963793.372306 40.37978361636332 -71.78277288876734 179.57386481936842 -0.010969081174781544 -0.37180436024826524 0.9281708990007248 -0.011831280858206365
1750963793.972321 40.3702363914515 -71.43879833952744 178.82926736155514 -0.008896993353896626 -0.3717424819700524 0.9282279486193034 -0.011011176594994426
1750963794.505857 40.37507670004172 -71.13705536733549 178.16244856394658 -0.0070328825136771215 -0.3691701746204896 0.929266163004071 -0.011327798988205018
1750963794.972698 40.36547143479311 -70.86617159402641 177.57039896539223 -0.006441128608408924 -0.3678500184415541 0.9297973084219454 -0.011038163167111589
1750963795.572909 40.36095684833394 -70.51281979898043 176.8038120904481 -0.008891865709945856 -0.3700273286585061 0.9289341891375094 -0.009054447607898199
1750963796.306454 40.37372071945056 -70.10615062379901 175.9044357818548 -0.01706223057013742 -0.36836922281477824 0.9294596186960066 -0.01085417819467879
1750963796.506528 40.38098210821211 -69.98995550313137 175.64534515762998 -0.020498494896779487 -0.3697975756291634 0.9288212361459239 -0.010985265136433055
1750963797.106745 40.43083107062494 -69.64516729232554 174.91288559774225 -0.032079132841739154 -0.3743375686721946 0.9266315324639386 -0.014011315435924933
1750963797.506893 40.46489498652012 -69.40911055119703 174.41031091114814 -0.033295175103717496 -0.3722976899705953 0.9273748199989382 -0.01618037667386904
1750963798.107051 40.50723581583902 -69.06594029070405 173.66691684533697 -0.034200667167697624 -0.3721557430566692 0.9274309557050224 -0.014221099651273819
1750963798.573893 40.54254857360312 -68.80579634866844 173.0814550788936 -0.032641670770880434 -0.3679441960223871 0.9291952349730518 -0.012157518089625204
1750963799.107412 40.570677434598494 -68.49008501173019 172.40455942408957 -0.03284494988310698 -0.3716726817422257 0.9277436977437993 -0.008500482949834957
1750963799.574254 40.60386464215231 -68.22471065551898 171.81578922455574 -0.032421518883319324 -0.3703064580533839 0.928311740070187 -0.007699706820224595
1750963800.107727 40.63524812346594 -67.92669295600346 171.15647269444852 -0.029503754160512305 -0.36976844368678186 0.9286138046101047 -0.008787970837334033
1750963800.707947 40.66458154930492 -67.58534081762976 170.40400120789658 -0.029849271911908684 -0.3695234848617962 0.9287135488259615 -0.007249781307825972
1750963801.308165 40.7039627514087 -67.23914305625053 169.63899027889832 -0.0287006377718386 -0.3678206402069534 0.9293942791507858 -0.010513035290918479
1750963801.775072 40.734942925548495 -66.97008927483897 169.0486154689497 -0.029228305507016612 -0.3656881524455368 0.930192592087322 -0.01263419740337311
1750963802.375169 40.76947014107744 -66.63584032677082 168.28976221445157 -0.02706275149879282 -0.3624305793224598 0.9314924483714798 -0.015280748679523863
1750963802.908766 40.79613857657281 -66.33041791188404 167.60407355553556 -0.02799481461234618 -0.36744822666145943 0.9294677780084516 -0.01696292198298284
1750963803.509055 40.82102160895648 -66.01156498190063 166.89325576479848 -0.024516685469616148 -0.3671337446237447 0.9295621121167011 -0.02293524382404687
1750963803.909208 40.83909220260093 -65.7853774893896 166.38559033327851 -0.022937703901062187 -0.3664438132205631 0.9299625167786748 -0.01903971845361707
1750963804.375998 40.85619987607769 -65.51781228998625 165.79644198928887 -0.02058291054884706 -0.36702287398660943 0.9297732324780743 -0.019806310388872886
1750963804.909375 40.869656799866846 -65.23541172639257 165.15783765465602 -0.02076219065062524 -0.36660999506470604 0.9300218177885297 -0.015015371968833804
1750963805.509583 40.89618609180202 -64.90272944074631 164.41985282153308 -0.02004916333391123 -0.3689815817524779 0.9291071282762234 -0.014510946328858477
1750963806.109804 40.9158468208502 -64.59338343382386 163.70773502318738 -0.02353984514312699 -0.3633624650757234 0.9312676287367996 -0.01241766208550132
1750963806.576589 40.938743160768816 -64.34194420538279 163.13274931875495 -0.025593786139680556 -0.363825339281283 0.9310308061768382 -0.012558604922612434
1750963807.176809 40.9621862509244 -64.02333414695902 162.40920106566807 -0.024119832829228458 -0.36270280508150365 0.9315250982314397 -0.011220526511959362
1750963807.777026 40.98469953091542 -63.71621071568994 161.7123140897106 -0.02458012013039341 -0.364655311053674 0.9307510071200077 -0.01117517605297948
1750963808.177173 40.99662644084247 -63.506545464912755 161.2243688445925 -0.024559302912991708 -0.36080078500259394 0.9322593946745813 -0.010585613960625016
1750963808.777331 41.01291762091189 -63.18414314462633 160.50072914252664 -0.023918092927751714 -0.36187974642696225 0.9318598772568993 -0.010399188209344042
1750963809.310839 41.03569518413529 -62.898077798086746 159.83536545738784 -0.024316723407887538 -0.3614011558988729 0.9320548396450193 -0.00846624898996666
1750963809.777706 41.05628323488157 -62.63843897521755 159.24030650147486 -0.023144907587965214 -0.36014767452059065 0.9325648279719433 -0.008989294734009732
1750963810.177841 41.06762705576424 -62.4252171424042 158.73124005246365 -0.025573924199431122 -0.35693300553217566 0.9337506131862544 -0.007388933421240282
1750963810.711316 41.09131114457692 -62.13210584847451 158.06012030402297 -0.030638171198231097 -0.3611304819398054 0.9319899062450339 -0.0063946959994139315
1750963811.111464 41.118774540235556 -61.87844399288337 157.5595682369373 -0.029738945815498272 -0.3732507284185242 0.9271491163139434 -0.013928566153696465
1750963811.511637 41.138462918524034 -61.70868332412937 157.05631283501478 -0.03192595755174341 -0.3503536758451553 0.9359982084831984 -0.011848576810545988
1750963811.978444 41.16584224775278 -61.449960124763216 156.47188562875195 -0.03128771406219099 -0.3638415409113071 0.9308377953078296 -0.013468885718849643
1750963812.378588 41.19657172211125 -61.23957387585317 155.94977167617117 -0.030129653090721218 -0.35554771931676593 0.9340623846695683 -0.014334742365259485
1750963812.912071 41.22406845888629 -60.94508699927776 155.28404572274763 -0.03216050683067417 -0.35926471476702343 0.9325967176692215 -0.012566969259046407
1750963813.378914 41.249956439953614 -60.68404913156743 154.68826946738457 -0.03418364993934002 -0.3624579175804888 0.931284750683953 -0.012823774934393375
1750963813.912497 41.28390578554885 -60.422270737821805 154.02093920035531 -0.03208759827763185 -0.3495884758563422 0.9362824150435841 -0.011555209447110021
1750963814.379268 41.31970460089079 -60.158212019012865 153.42350757706177 -0.03109598221787764 -0.3569094013801151 0.9335010833890853 -0.014981535562054445
1750963814.912734 41.3519265208 -59.860689533843505 152.74619510917483 -0.03029067954801518 -0.3573461575506654 0.9333452485416541 -0.015901114458186635
1750963815.312878 41.37419379361852 -59.64618463781136 152.23980434302965 -0.0287835879543571 -0.35963977305379374 0.9324855270822425 -0.017363193382610158
1750963815.779744 41.39958589570806 -59.39157484289423 151.64938837133323 -0.030385400784701283 -0.35919928178085897 0.9326242111730142 -0.01626911556234386
1750963816.380082 41.43279214670346 -59.06192844638183 150.88788535087488 -0.029533016692044094 -0.3580800801843904 0.933083928261152 -0.016150539339147337
1750963816.913556 41.45988290959152 -58.783976784434444 150.23307516534211 -0.031029277902883675 -0.35809284691196314 0.9330820323940905 -0.012830343979199452
1750963817.380276 41.48218039588894 -58.52830100447518 149.63754528504907 -0.031239752020477456 -0.3577589724364415 0.9332206337089705 -0.011482349705011545
1750963817.913784 41.5129138556896 -58.23196836394211 148.96051045320036 -0.03184381882334807 -0.36096389456567574 0.9319834636398521 -0.009892498399796296
1750963818.380631 41.540411354175546 -58.00330164689484 148.39733734508087 -0.03297596271847833 -0.356057299547907 0.9338676496267638 -0.005195989032454912
1750963818.914087 41.58114164855764 -57.72797232149259 147.73389654587604 -0.038935340536814564 -0.3553885440607627 0.9339003764538398 -0.003620616940488777
1750963819.380911 41.62239255101384 -57.47695172519249 147.13324389515597 -0.04083113090225831 -0.35707473990511623 0.933176069850983 -0.0035876912366446
1750963819.914625 41.67325284458259 -57.1942313537292 146.46941969734678 -0.04522236643214025 -0.3545355678668936 0.9339373018501308 -0.004537059011532178
1750963820.381375 41.72427885225073 -56.942118970252935 145.87110793465044 -0.046634294907363524 -0.3561587991947139 0.933243350597271 -0.005744637556150942
1750963820.914774 41.77314807119628 -56.63643311269651 145.18519848630157 -0.04874837660581759 -0.3589532615726509 0.932066646255105 -0.005283817125360057
1750963821.38171 41.813124470773104 -56.38943569968313 144.58334805834647 -0.048235386841587784 -0.35290969351512963 0.9344030286703626 -0.004367572661440945
1750963821.915274 41.87709591032859 -56.096978106573324 143.9031811484875 -0.0485891362807113 -0.3565482211321344 0.9329635944915096 -0.009559978895743686
1750963822.382559 41.91320909508329 -55.8485411834714 143.29671288342837 -0.04135318646885067 -0.3553998321740373 0.9337432181113945 -0.010221344848664549
1750963822.915573 41.925594710487296 -55.573279570315506 142.61798834199556 -0.023026815388136546 -0.3549829840835636 0.9344874150174713 -0.013788326880858752
1750963823.382553 41.9448950055132 -55.323301031018005 142.0341171769252 -0.026756058201584984 -0.35465804651512395 0.9345039368800883 -0.014288993918600439
1750963823.915966 41.97869716770274 -55.022210231402575 141.3375859711638 -0.03171025195451773 -0.3599058663707387 0.9323711333142362 -0.012095331133780498
1750963824.516159 42.01814673788894 -54.70175055987463 140.57741208995665 -0.03736329148020716 -0.3571917662756899 0.9332237940111562 -0.010553522920852446
1750963824.982967 42.05790655629405 -54.45028181047421 140.00604336106102 -0.038491164830378344 -0.356708276341203 0.9333169517649837 -0.01403935069038117
1750963825.516436 42.09802528957747 -54.163046025352564 139.30765128806667 -0.04110593790981202 -0.35151971188109987 0.935199718953327 -0.012069784472033466
1750963825.983306 42.146640346320794 -53.90128149407796 138.70168537112147 -0.040471933889789646 -0.3572150478331181 0.9330645228417661 -0.012248607384967448
1750963826.516789 42.2014287686805 -53.62399315397321 138.0251692729361 -0.045118035756234395 -0.35028497924668883 0.9354904505436912 -0.011064045607634852
1750963826.983677 42.23720540389467 -53.37096468114798 137.4236306633893 -0.04288157889753568 -0.3582873713374441 0.9325731164916649 -0.009935397746565204
1750963827.517099 42.288930541105046 -53.11378960594953 136.76072034187683 -0.042280884143972484 -0.34531904530384483 0.9374528870261721 -0.01221345130338122
1750963827.984005 42.338371374071166 -52.84770258061335 136.14897026090267 -0.04376435960985881 -0.3564089782636138 0.9332040412029021 -0.013694470548295944
1750963828.518764 42.39208117979303 -52.563734386532886 135.46448183873005 -0.04408098802471542 -0.3544485305803596 0.9339373014273807 -0.013572865089236108
1750963828.984322 42.44642127463985 -52.32209008935249 134.86851522119125 -0.048959737819134604 -0.3522247788691758 0.9345604685394486 -0.0117209157734329
1750963829.519615 42.50057797142418 -52.03591443320634 134.17674830309903 -0.04996593219819265 -0.3503472228823265 0.9352161538293853 -0.011444415877565789
1750963830.118036 42.566097353221615 -51.69684473202808 133.3948762692534 -0.050663848664449555 -0.35300156917371156 0.934189887047625 -0.010598185568704071
1750963830.58485 42.62492471569411 -51.45288982662701 132.7933685928706 -0.054406448262705485 -0.3461837769982721 0.936550060141327 -0.008409267502279797
1750963830.984997 42.68337856639044 -51.24091530522544 132.28746491832234 -0.054753884243229925 -0.34666166680621563 0.9362813078876427 -0.014318289968437797
1750963831.585166 42.73822953484136 -50.92856596916916 131.52459402075593 -0.052023982834560584 -0.3483049411946973 0.9358617439355116 -0.01183086587579333
1750963832.319046 42.82485989315096 -50.54305786148152 130.60395644190044 -0.051430243735154216 -0.3514162029460696 0.9347414245417529 -0.010956805280903344
1750963832.785722 42.878593307232364 -50.30403386885379 130.00954724900961 -0.05028367640141708 -0.3482597110145795 0.9359803423957385 -0.011292662235073579
1750963833.385766 42.92656251728514 -50.00278906068853 129.27649432048236 -0.04426450349689092 -0.34931687052104465 0.9359104775741428 -0.009484496111944692
1750963833.919301 42.96293736984833 -49.757888124197905 128.67302636211318 -0.035844163542488164 -0.34940396158946 0.9362267034803938 -0.010565380057765476
1750963834.386134 42.98909637297987 -49.54437144335551 128.12971149021223 -0.033100736914456655 -0.34287613101447595 0.938729554110475 -0.011274938395071455
1750963834.786289 43.01611411778522 -49.33069125889149 127.60586352456438 -0.03126869857376074 -0.3463191722093225 0.9375049949310592 -0.013026278404347013
1750963835.519844 43.051185378116834 -48.98824171803796 126.77620522401678 -0.030251256219076424 -0.34401953056071405 0.9384025073606684 -0.011668687551064287
1750963836.120071 43.07704564368269 -48.69205196799802 126.0813345872346 -0.03068419881043175 -0.34892305306769156 0.9365845804575115 -0.010977551207345237
1750963836.520208 43.108671146874 -48.50607647374932 125.61208406079766 -0.03160019735067787 -0.3503977700559405 0.936010292913157 -0.010371201851692314
1750963837.18708 43.15777479580374 -48.16395261116723 124.81424125613998 -0.030848003265614588 -0.3563133650758321 0.9337243335268004 -0.01574977913476577
1750963837.720599 43.20323216342361 -47.9397146111996 124.2044366161423 -0.03222062296417632 -0.33876398753274956 0.9400756049091687 -0.021416098182724868
1750963838.120776 43.22078116268162 -47.77215110895579 123.747801893554 -0.04109808327265238 -0.3432470176184419 0.9382869962575539 -0.010485470963971845
1750963838.854335 43.28208018711784 -47.43331626710849 122.90482165862544 -0.044331693729957475 -0.34337608432300676 0.9380946703288883 -0.010293451635245332
1750963839.254432 43.3146771845229 -47.25058375818126 122.45374558053076 -0.045427344340271195 -0.343045052851936 0.938174895149135 -0.009182277054867157
1750963839.921344 43.37974881291591 -46.9300800979667 121.63975151586662 -0.04599423138114064 -0.3429162992846155 0.9381745326478247 -0.011022189239792195
1750963840.521534 43.44130058207195 -46.64985335058222 120.90572090053074 -0.048346510536901297 -0.33927153866518617 0.9393752397464028 -0.01147157016501153
1750963841.121752 43.50388995233862 -46.37005878504628 120.1974209431949 -0.048424727201218785 -0.3388482894704557 0.9394994650794742 -0.013328076898626346
1750963841.655301 43.55801758275596 -46.121575130439936 119.55937603372628 -0.049426826969336035 -0.33996313390508237 0.9390621069332488 -0.012017307654626056
1750963842.255419 43.61828021207315 -45.83375973035755 118.83481437363321 -0.05433952644980348 -0.3441053165306261 0.9372908833737408 -0.011160060261538776
1750963842.855685 43.685168121361755 -45.53975871211485 118.07686558529704 -0.05274958001228517 -0.3407209880976164 0.9385838019467707 -0.013679795373348147
1750963843.455861 43.75422852358522 -45.265023983686966 117.37468977315689 -0.05646637098253895 -0.3393842885666643 0.9388472464717256 -0.013989332172062332
1750963844.056075 43.81773442315856 -44.96658340138429 116.618974390061 -0.05136366934048787 -0.3405546742260305 0.938732581493212 -0.012861873027415028
1750963844.456175 43.861457989251065 -44.77037604314069 116.10785733703112 -0.049768765984097685 -0.33719802890910905 0.9400445498329397 -0.011696305468705441
1750963844.923003 43.9155801963227 -44.51449766903866 115.49364818522012 -0.045659957829787635 -0.34653635685010026 0.9368360333630248 -0.012882865545962954
1750963845.323175 43.949397910992644 -44.31799143805346 114.9748939057592 -0.03800359958711354 -0.3380696271177927 0.9401628533418916 -0.018933114769939946
1750963845.85663 43.961908765204306 -44.06515104020633 114.29944352288717 -0.01722145162611732 -0.33914920011148136 0.9404753719744662 -0.013686357335721608
1750963846.323481 43.944295969506115 -43.815150465338604 113.67877607875627 -0.005356638796872711 -0.3486778208124581 0.9371895376978577 -0.008417489171411753
1750963846.723638 43.93786334146681 -43.63130115443018 113.2087812638707 -0.0030381783667161226 -0.3381025797611578 0.941048994467515 -0.010208087124473192
1750963847.457212 43.97181527695168 -43.311416172159404 112.29759860159119 -0.03339099614187425 -0.3211399653308326 0.9464340041156828 -0.004103644419380675
1750963847.924002 44.0189544936351 -43.05909760326969 111.66913072858198 -0.05315060931793529 -0.34173922622850417 0.9382893886554808 -0.0015287649915327578
1750963848.324171 44.04531702772487 -42.8729779487448 111.17524742949054 -0.05175422906617214 -0.3325836198673271 0.9416417369766588 0.004524903677674351
1750963849.124473 44.134555244559344 -42.59426241004042 110.41489509205057 -0.05002640379068026 -0.3402558307955204 0.9389534562006323 -0.009472888804853283
1750963849.724696 44.17655774797437 -42.37296486007158 109.82873822557671 -0.04751597139527631 -0.3348292230157573 0.9410635564031454 -0.005568364831028576
1750963850.5249 44.232133794222676 -42.06948729179332 109.01083758525007 -0.04100016100919151 -0.3322606653722093 0.9422786500319896 -0.005725621147830635
1750963851.258497 44.26762676182773 -41.77684481885363 108.19962818830612 -0.032217698256986435 -0.3317255194762358 0.9428224043460158 -0.0024725514031339936
1750963851.858559 44.29207769204839 -41.51738613690418 107.49513835320296 -0.025610586224810054 -0.3321185953742213 0.942889854357396 -0.00024296041719126942
1750963852.458913 44.30611724180176 -41.23774954392127 106.77107460930826 -0.024077688950795574 -0.3367280020652789 0.9412940613783832 -8.679690537465529e-05
1750963853.125807 44.34553000768319 -40.9409343334959 105.93231792243365 -0.030578094519177014 -0.332309612522326 0.9426713933690005 0.002438377449259521
1750963853.726011 44.40979100499421 -40.66315525595656 105.16550654452634 -0.04408291358812321 -0.33374795667906626 0.9416299071558378 0.0014546792837238645
1750963854.259456 44.46133109219528 -40.42593357552198 104.5115086186197 -0.04575431326780562 -0.332085345283591 0.9421386931306688 0.0007410609321016821
1750963854.859705 44.512548912869235 -40.165756585289245 103.80791919864541 -0.04180245805095492 -0.33440503146879597 0.9415017030145785 -0.0006104505714897947
1750963855.526631 44.5478444984323 -39.88413913170869 103.04348052614316 -0.036810234236588184 -0.331460237931261 0.9427483093996871 0.0021777167013108997
1750963856.260158 44.58567416226499 -39.582231368652586 102.21336712496546 -0.03361231361034462 -0.3327867360394374 0.9423971939871659 0.0032755846949577877
1750963856.526922 44.606211530737944 -39.46374549761767 101.89177049179442 -0.032839641836165154 -0.33198986328010255 0.9427063116281494 0.003016391848151564
1750963857.127164 44.63432946243595 -39.24727285552898 101.3007383222784 -0.03445971584468208 -0.3322397067085703 0.9425594161146044 0.0033245095582645216
1750963857.727458 44.665616395668835 -39.020184774223424 100.67325318143286 -0.03831004120130507 -0.32896784942461926 0.9435551193032354 0.00402884906053309
1750963858.327587 44.71144802637487 -38.79610793516146 100.04316964814367 -0.040592814473082946 -0.330166925721855 0.9430413550895649 0.0038764885360608086
1750963859.061159 44.757269943735764 -38.53965070294672 99.3186930818192 -0.04259004686164158 -0.32649828985215035 0.9442262360773116 0.004665804884199329
1750963859.661345 44.81711812890914 -38.3091966933769 98.67030561128306 -0.05026526030724897 -0.3291126913329266 0.9429400407649151 0.0047243552049492325
1750963860.128005 44.861157707202686 -38.13423769729512 98.17513563035328 -0.05499798364263836 -0.32866338244682014 0.9428351958847272 0.004170879387763505
1750963861.061769 44.975912295394416 -37.80951946741864 97.26820975391091 -0.0593856975073769 -0.3268790593044434 0.943197417208525 0.001432372497661206
1750963861.662049 45.04734333176197 -37.59841018266806 96.65460570104945 -0.06192720581940466 -0.3256716684203767 0.9434526496631879 0.00028880997123531386
1750963862.462228 45.12643573764128 -37.29449632350361 95.82832942985772 -0.0538223758526297 -0.3295547139183957 0.9426003641429084 0.0011814860977540434
1750963863.129175 45.16063085241042 -37.10435055095779 95.26882454197037 -0.05004956458210392 -0.3231229650319321 0.9450315127192068 0.0014249637757582504
1750963863.929565 45.21445649793767 -36.8408506409398 94.50924430678478 -0.0408422124300922 -0.32404437344281845 0.9451598060173139 0.00031434563787277733
1750963864.863083 45.24895989628225 -36.53452647102427 93.60828088932615 -0.031842253487666804 -0.3242635664345051 0.9454290088335251 0.0017887515369158667
1750963865.529986 45.27203338093454 -36.314712772671214 92.95553652398226 -0.02897450298944521 -0.3220150049546071 0.9462891734895366 0.001901288270816259
1750963866.263379 45.288959803779775 -36.047605009379666 92.17721984303311 -0.026923375855113982 -0.3224503625781782 0.9461984746027728 0.0030564955670769538
1750963866.863747 45.31238989224343 -35.820239255577874 91.5202421756786 -0.02974490332898429 -0.3210479991052356 0.9465891346634565 0.0035260648834706935
1750963867.664195 45.372142949512046 -35.48794408547949 90.55821324742563 -0.04104442929375376 -0.3191665744510321 0.9468001540542075 0.004185792645724986
1750963868.264244 45.44617655524773 -35.23592819650566 89.82007877967153 -0.0495718327119408 -0.32342709371734785 0.9449517499254314 0.001933588372489952
1750963868.864524 45.487227605834 -35.070948572754844 89.32809474573929 -0.046975789001088314 -0.3169563498495337 0.9472680348369837 0.003900988831580733
1750963869.664696 45.527650035145506 -34.81218286782771 88.5796487286039 -0.04277150546492316 -0.32077159285459744 0.9461866861589816 0.0026340981897730116
1750963870.331843 45.572991729057286 -34.55284409629933 87.81068726358261 -0.0347087678267318 -0.31901427381560155 0.9471083376410395 0.003315314265797682
1750963871.131915 45.624585968706654 -34.23048010147358 86.83378347329005 -0.03853276486396263 -0.3181114579755891 0.9472686609944124 0.0015524929746497003
1750963871.732091 45.68146851027307 -33.98210122448069 86.09965967218014 -0.04786066773111468 -0.3211438841735698 0.9458200633963798 0.0006081275465027152
1750963872.265638 45.728152261270985 -33.78675995057021 85.51898419751942 -0.048346676442510866 -0.31888580293984004 0.946558836057917 0.0009019096727638832
1750963872.732265 45.78311191035845 -33.60592651748277 84.97316337069272 -0.052699597484885646 -0.32004942317813695 0.9459334265434631 0.0010352275187966266
1750963873.332623 45.836207974988035 -33.38257450720414 84.33033509752845 -0.052453205898587964 -0.31764285775431766 0.9467577349612429 0.0012113627398304444
1750963873.866171 45.891903965895175 -33.193099369477636 83.76503142993992 -0.05208781739426442 -0.31869383100623255 0.9464244094483129 0.0013923211141341205
1750963874.466183 45.94781377480589 -32.96555889397213 83.11334600787923 -0.05412684077913753 -0.32070500842963073 0.9456309742691255 0.0008019839430037968
1750963874.933167 46.003422993647334 -32.78902055249788 82.6002921442904 -0.054836785334868805 -0.32177055327303783 0.945224480740275 -0.0027053705436174548
1750963875.4667 46.06164972807347 -32.574682761464096 82.00253835802255 -0.05419430186520552 -0.32548398821667957 0.9439911280265642 -0.001975162535645402
1750963876.06691 46.12049806640675 -32.35692111292463 81.36559899361126 -0.05490049575562284 -0.3233675275716488 0.94467589757293 -0.0026127041096709394
1750963876.467066 46.15682997122631 -32.20063799327229 80.92041097003762 -0.05550348507188865 -0.32454209851125965 0.9442408215331922 -0.0010297519626888813
1750963877.26729 46.20876041265014 -31.939034673918343 80.19943316246145 -0.04823354590803889 -0.324239017592513 0.9447445059748792 -0.0006347834752721286
1750963877.867512 46.24957574386386 -31.727441962084978 79.59495108321151 -0.0431701873554311 -0.3271666164642093 0.9439786395693303 -0.001633411122310374
1750963878.800995 46.29863307820909 -31.41587511001879 78.70118118460755 -0.03772165698013656 -0.3269301938563031 0.9442929391574807 -0.0021377551495881143
1750963879.401357 46.33531232475305 -31.205812175323384 78.11977721978519 -0.035598743074172164 -0.3258288146753718 0.9447564314757975 -0.0018968932226265285
1750963879.934895 46.35944258282449 -31.016190674934208 77.57813512900115 -0.03276478594681689 -0.3253441249792863 0.945023623833699 -0.0028318791544390447
1750963880.601607 46.37408436079576 -30.77396286325028 76.92098736819374 -0.026665085031029906 -0.3317190065572693 0.9429919936347131 -0.004192119961963064
1750963881.068564 46.38499732197835 -30.619911530075566 76.47076269150133 -0.02467284285046387 -0.3264138908569592 0.9449047787463242 -0.0004263609474556671
1750963881.668776 46.4022384473712 -30.373861301758144 75.79141166849303 -0.02663863162138934 -0.3289811783372651 0.9439595576690722 0.0014563963657145003
1750963882.268988 46.42664417327795 -30.096148296622445 75.01846986303568 -0.029268477598138717 -0.33174067913493044 0.9429164673368022 -0.00011683863850240638
1750963882.86901 46.48432413302454 -29.80493408366785 74.2308833442381 -0.04601588044967547 -0.33158528110986935 0.9423019343686493 0.0008969854134251386
1750963883.402681 46.5310298647804 -29.559684977338062 73.55117781129196 -0.04763755143213692 -0.33044421659141854 0.9426213244890668 0.0015238219422816894
1750963883.869512 46.59591901115902 -29.31177132263478 72.90813624164367 -0.0532948976705862 -0.3392708521797389 0.9391771477812443 -0.0011080744571051737
1750963884.469753 46.66204546072596 -29.07608143932069 72.25088697193158 -0.05743136127577803 -0.3313233049911407 0.9417676087830019 -0.0005266487495068988
1750963885.003059 46.71661146950741 -28.87624777198878 71.72481594620342 -0.054909078143238144 -0.33373741288875275 0.9410645044156206 -0.0013895699926833368
1750963885.803503 46.773031239143855 -28.586632665442792 70.92604150249527 -0.047199852958576906 -0.33213184496853787 0.9420511318851501 0.0005256922973028121
1750963886.470413 46.80286833565154 -28.328379514039533 70.26001779405225 -0.041996876263092314 -0.33681701516623164 0.9406250645079502 0.003879265145276514
1750963887.203876 46.819379191987586 -28.07169176803782 69.56733836876317 -0.034898189517704764 -0.332611545816428 0.9423853578199055 0.007843043072755691
1750963887.870868 46.842800467109605 -27.83554534655992 68.95105558288105 -0.026109598243178392 -0.3329899626981847 0.942562620024153 0.0034177412197717817
1750963888.271009 46.853571419650734 -27.685908644751567 68.57876512652808 -0.024965676964513947 -0.33596405260606116 0.9415434324354437 -0.0009138752094148703
1750963889.271168 46.87085140703973 -27.340286577230888 67.67840917911498 -0.025315933236393667 -0.33447559651091774 0.9420636715255961 0.0011034739462974373
1750963890.00494 46.882227087497355 -27.09524888482311 67.04697917841457 -0.025335169644867848 -0.33793170832488556 0.9408210357712267 0.004008533153943463
1750963890.60514 46.91158204064785 -26.888876854090835 66.51639526041713 -0.03519585099718573 -0.3409497489506555 0.9394187838936774 0.002620921744955018
1750963891.472091 47.035398167953225 -26.618665815484924 65.80999897374602 -0.08151886482795535 -0.3378326541210991 0.9376691430998069 0.0005920854070315557
1750963892.072302 47.12554908034131 -26.41106958934639 65.26531063567363 -0.08435692433201225 -0.3385207272773834 0.9371647011033416 0.003154287038101362
1750963892.672513 47.16057558356166 -26.205011675331605 64.74486711645436 -0.053366284216167466 -0.3390195752279595 0.9392627848631623 0.0017855789845124272
1750963893.606125 47.18436831898873 -25.88653343586128 63.93596095693147 -0.03456225580417279 -0.3380166784469314 0.9405048563711867 0.0008892174335260006
1750963894.406431 47.19647079159865 -25.618956968072652 63.24800778113325 -0.02074426838134423 -0.3433418649441956 0.9389734261127392 0.0038657677205182644
1750963895.273197 47.216560663571315 -25.288156799305078 62.416163133832825 -0.03406837625337937 -0.34296628493161785 0.9387024924473018 0.007148693089358032
1750963896.007076 47.268681905517205 -24.95307087833001 61.577779558118 -0.04586919119124183 -0.34521571866322354 0.937364504913928 0.008361208929460557
1750963896.273704 47.2906057886812 -24.839396435126282 61.27911550679721 -0.0495578544165441 -0.3430715823330656 0.9379498050849626 0.009801612224305976
1750963897.007111 47.35872542551008 -24.515537951856615 60.46388039223212 -0.051993825188070504 -0.34712788401158834 0.936332364133754 0.008976533832430302
1750963897.273866 47.387354722274296 -24.388562552642178 60.14917446128016 -0.05123648638711555 -0.3460062042328072 0.9367978291652066 0.008022241984907407
1750963898.007614 47.46255774376238 -24.029066535859076 59.25661814329901 -0.053128794363788055 -0.34519808526713786 0.9369894772461779 0.00814448692590879
1750963898.274432 47.49250767789579 -23.889118278667425 58.898786792988254 -0.05387571621493299 -0.3443001317697653 0.9372763925032512 0.00823349996913834
1750963898.607832 47.534247618423066 -23.718373350520302 58.46188452028212 -0.05774067322802053 -0.34395066548773773 0.9371552427146763 0.010198304668597807
1750963899.074503 47.6035980709785 -23.485448257700828 57.90219901788935 -0.06868183516771896 -0.34666579476964404 0.9354142415836006 0.010287317303496139
1750963899.674834 47.73147254892486 -23.1819594029509 57.1374872166388 -0.08113224043920354 -0.34515160067194134 0.9349716025397389 0.010771933864664539
1750963900.408465 47.87043637718827 -22.824742750839302 56.24667233419291 -0.08218504020503341 -0.3461757717023308 0.9344930963875298 0.01142834444877632
1750963900.741916 47.924491700358814 -22.675452802769904 55.858336398750005 -0.08045387607363587 -0.34391788893918596 0.9354722028051591 0.011807509102474105
1750963901.408601 48.02573357814648 -22.35636623289436 55.06140226456069 -0.07026261719284742 -0.3476367464313531 0.9349260971263239 0.011182578771204184
1750963901.608668 48.05023988998724 -22.246776762148052 54.79380174878212 -0.06633902241465821 -0.3463225221722836 0.9356992841398836 0.011255860758068528
1750963902.209034 48.117575542823694 -21.939715613798953 54.016032968228025 -0.05133754309664469 -0.3471374618739537 0.936342667438568 0.011065639002641424
1750963902.942661 48.17198995811558 -21.56308550265934 53.10770491020536 -0.03931996882730297 -0.3482857832114526 0.936502108408032 0.010712339217723117
1750963903.34258 48.19404693220628 -21.35393059422228 52.5956017932198 -0.0376392287117949 -0.3469036951709593 0.9370621596208242 0.012474924667996937
1750963903.609541 48.210156264966194 -21.210333187799844 52.23940518085905 -0.03826415925010481 -0.34702896797686156 0.936987967836729 0.012660870072551157
1750963904.143034 48.252581272036004 -20.941031734133105 51.5740434451768 -0.039620825943543665 -0.34811613653684076 0.9365102813300901 0.013922593050523036
1750963904.409793 48.27715260049164 -20.792482042762526 51.19766274578133 -0.038939912344270806 -0.3490282339451909 0.936221491720673 0.012340728343145178
1750963904.810104 48.309034060673554 -20.573585179632815 50.67307603385482 -0.04000476098079043 -0.3487981044965747 0.9362449273184411 0.013599171627466246
1750963905.143183 48.33765208155285 -20.39879152286137 50.23504210077851 -0.04528719751991538 -0.34719903754191644 0.9366065066191896 0.013044149238526533
1750963905.409945 48.372446600959414 -20.250947821267527 49.87104872852724 -0.05031737034698545 -0.3471082514185622 0.9363690790656561 0.01403466452209094
1750963906.143697 48.48876140651305 -19.862672925313944 48.91445788532282 -0.06759389504147895 -0.3476025001212192 0.9350905164841739 0.014466970794204405
1750963906.343758 48.52126975855011 -19.752389369949764 48.63621530818096 -0.07270362864779174 -0.34704566060539943 0.93487104018955 0.01701852083216006
1750963906.943992 48.61989285810124 -19.462895266275957 47.92718142887375 -0.07605990213720301 -0.3507894916247927 0.9331867611489012 0.01800257395269289
1750963907.410617 48.693483692690144 -19.252145311399946 47.40452353966155 -0.0768961739351796 -0.3471808351949296 0.9344463724851199 0.01903741203216303
1750963908.144374 48.80805076905352 -18.885167596269245 46.50934515812914 -0.07135733918836391 -0.3471861291576828 0.9348748433782696 0.019466614572579085
1750963908.61121 48.88118840494972 -18.658895651039632 45.9240867551085 -0.06848982293273909 -0.3459505959908366 0.9355585934823505 0.01890628069062904
1750963909.144776 48.959252958245195 -18.38728178684117 45.26400621013351 -0.06813481175862852 -0.35157157555884166 0.9334942322780971 0.01853626146816621
1750963909.611429 49.023861061645256 -18.20239831497497 44.77824923510164 -0.06639658859436719 -0.34625018684595554 0.9356283230911692 0.017376483009459716
1750963910.211767 49.08449183633174 -17.97882271230006 44.209839526966796 -0.06409222558700851 -0.3451472481007258 0.9361930381527844 0.017554459890846346
1750963910.74545 49.14525500120082 -17.777673559567194 43.69687853630776 -0.0631650214269189 -0.3436538739306238 0.9368363248654573 0.015808080629697876
1750963911.545397 49.22882337953424 -17.4445124793542 42.85652401190751 -0.06061051974983248 -0.34222584803611233 0.9374999736015223 0.017367594213472674
1750963912.079038 49.276036152848356 -17.21949122074173 42.29162748093412 -0.05762482098524142 -0.3443313934308896 0.9369167139230458 0.017388003795793763
1750963912.745958 49.317963767504146 -16.949768408851856 41.574901735956985 -0.04686767120141584 -0.34376650698860234 0.9377314515172519 0.016962750495097663
1750963913.479334 49.33782159846903 -16.64927927786196 40.82063134930669 -0.031166861962315814 -0.3438156947297166 0.9383838622218246 0.015972535634513643
1750963914.146445 49.35339922675001 -16.387529743061304 40.153740061621455 -0.0251668952477815 -0.3425821111360054 0.9389821194759351 0.017796174242386224
1750963914.679933 49.36501008513974 -16.17791937305863 39.625057366167404 -0.028229054244917545 -0.3427658544809323 0.9387892498183211 0.019734080266070018
1750963915.146784 49.39919599355607 -15.99488572830709 39.14440634503992 -0.042990305927069726 -0.34026707324759914 0.9391432709787287 0.019495359324317455
1750963915.680095 49.450246693940365 -15.781492372767234 38.59661302699523 -0.05404218838695659 -0.344257050513401 0.937143466218805 0.01812867258146205
1750963916.080393 49.48791420180783 -15.640570584747744 38.2254182813035 -0.053409673982376143 -0.3409484311873648 0.9384154264376254 0.016675173758035348
1750963916.747308 49.5781931814979 -15.389183347073944 37.56982103584371 -0.0730519972478415 -0.3388130996183583 0.9378817173727106 0.015715388735776263
1750963917.48073 49.72856010448317 -15.069642016859415 36.73105177981685 -0.08855345710096028 -0.3411478050150391 0.9357586956285021 0.011494517150956597
1750963918.147769 49.81864170479829 -14.824895477718577 36.07454200441164 -0.0823305740619012 -0.3382551232070624 0.9373898850634529 0.010264091754226181
1750963918.881333 49.91450414960632 -14.541617045715022 35.3507694498418 -0.07017541239824916 -0.3386409606367327 0.9382595627674528 0.008167260813445473
1750963919.548011 49.98871461777904 -14.27400949810485 34.65781986219384 -0.06309742697854202 -0.33792832647724164 0.9390296746716755 0.00681402663521312
1750963920.281811 50.06367689742975 -13.978604385294902 33.87924730127908 -0.05454498926135711 -0.33617091327873505 0.9402077239695359 0.004837044536151805
1750963920.88209 50.10615159805127 -13.719448484840147 33.219814754041806 -0.04698408785508429 -0.33689430175519214 0.9403513259344141 0.0058402694027314015
1750963921.682176 50.17219935573174 -13.376527980158851 32.31775187273995 -0.042714439464895074 -0.3367118262932181 0.940631742471899 0.003542280305771444
1750963922.148941 50.20562910430029 -13.183453542305118 31.797079596085748 -0.04087599575777161 -0.33444799769521 0.9415217189057098 0.003246942764043537
1750963922.882707 50.241906849840134 -12.895184249824961 31.018247152625655 -0.035766976516488726 -0.3324240873070928 0.9424455033724741 0.0033797547128899623
1750963923.349568 50.25937608692437 -12.701714295066042 30.50335172987878 -0.03272366345805097 -0.3341070612266433 0.9419504964199394 0.005558397485785502
1750963924.08296 50.28517963565596 -12.402901720005131 29.674931826883707 -0.02941952660246995 -0.3341298331313193 0.9420542167661641 0.0050595196622180184
1750963924.550072 50.3108265172427 -12.196728426066963 29.114282864008228 -0.03395319903082093 -0.3314079149555525 0.9428484481930339 0.007264841386751929
1750963925.083461 50.34635506000251 -11.971680048733532 28.502011438509104 -0.039752885053246326 -0.33361839559797685 0.9418423332233775 0.007175903909591469
1750963925.683501 50.39913222757474 -11.747937304205779 27.873812545354205 -0.04618083131073546 -0.3333719808287886 0.9416315943993822 0.007771334931445567
1750963926.48389 50.469931454510906 -11.414938152800625 27.010058343218578 -0.057544185820494705 -0.3351648181033654 0.9403246482891396 0.01194852308447166
1750963926.884047 50.52568841731727 -11.242533846506651 26.543190401053785 -0.06306200987765444 -0.3360105331416333 0.9396620643459841 0.012462317485503029
1750963927.484271 50.6100970278235 -11.014937300115422 25.922210347331067 -0.07282259824094617 -0.3341276791474713 0.9396145865803017 0.013416105936177938
1750963927.9509 50.680390293315064 -10.837476014694865 25.437117013542554 -0.07442071237839323 -0.333728907206155 0.9396371181010779 0.012986929998236812
1750963928.551306 50.76590693357443 -10.607058350854615 24.810586210174147 -0.07524251675727697 -0.33215979946974644 0.9401297168031537 0.012827582464005739
1750963929.285028 50.87185429947647 -10.346642958756854 24.109940699565225 -0.07702455002286543 -0.3342700012983147 0.9392602225949083 0.011000871636511894
1750963930.085234 50.95152791100049 -10.051045712660798 23.321775282018404 -0.05744725666771764 -0.33119328821232247 0.9417482333320542 0.011003797545292165
1750963930.752266 50.95649146239247 -9.773938545471063 22.600080699377347 -0.026561031906648436 -0.3333225477757949 0.9423729331463304 0.011128593868438274
1750963931.485902 50.97711228719093 -9.51483861807033 21.884836798225468 -0.026778536806664695 -0.331444599479713 0.9430378749001076 0.010341854094679798
1750963932.085914 51.002928055049594 -9.270976349116676 21.207786295073305 -0.027180668327604747 -0.3299818976836704 0.9435634142310197 0.007825713708625994
1750963932.752942 51.029382867908446 -8.999407064340172 20.461122522857504 -0.030862152240372667 -0.3322028579074305 0.9426693244732848 0.00795823185818321
1750963933.486571 51.05423219114188 -8.718226886765294 19.67208990320738 -0.028738404345373423 -0.32900675593685286 0.9438358728231092 0.010124417801996027
1750963933.953237 51.05810475625257 -8.539163592268201 19.17303032741628 -0.025782634244070957 -0.32910610704764465 0.9438823025373544 0.010517843512949045
1750963934.487117 51.071122981906264 -8.334483090653709 18.58533670003484 -0.02300055712888239 -0.3280318964934731 0.9443247549891476 0.010807699539803504
1750963935.087098 51.07818333089039 -8.105848041136603 17.941101240852824 -0.022435961880125498 -0.3285481743258731 0.9441299498530313 0.013090552018986089
1750963935.687122 51.086618837624876 -7.898843244467778 17.333220529094984 -0.021154957964441553 -0.32552944283682156 0.945200073945891 0.013411555187720097
1750963936.287351 51.094646516515645 -7.68214553483807 16.725004438135784 -0.020467552878194104 -0.32738151492161466 0.944576516193894 0.013327716301496859
1750963937.087779 51.12282323634324 -7.405939185269071 15.918489895632323 -0.033165907886257645 -0.32416506832032616 0.9453033853462627 0.014783121722209731
1750963937.687816 51.18073268161516 -7.189715834235015 15.291960139041851 -0.04881640699418153 -0.3284245942473957 0.943172881280054 0.013385078240073461
1750963938.288028 51.244857570719454 -6.969784532392509 14.632322828062001 -0.061290172977097934 -0.3229208394882691 0.9443501539086465 0.012978171417598772
1750963938.888378 51.34092336981589 -6.7462474505667185 13.970734720535484 -0.0723993333670314 -0.32334759594705953 0.9434254422951905 0.012373502066539288
1750963939.488608 51.43169029038666 -6.518271813464811 13.313013777907273 -0.08100445957437474 -0.32356272705232797 0.9426416936283053 0.013117798027272615
1750963940.088633 51.53811130837854 -6.300760409056253 12.689009183100152 -0.0872475928678487 -0.3235615383996744 0.9420976596406023 0.012156813188571656
1750963940.889071 51.5937046956243 -6.031803182047661 11.92032046745072 -0.04631134919707068 -0.3276373253723031 0.9436083216056836 0.010600818597410584
1750963941.689365 51.63742342911135 -5.788641523165516 11.211294634764743 -0.0438752244386566 -0.3234252323908153 0.9451614314977015 0.011872326756807465
1750963942.489474 51.686629249634116 -5.5289987826336375 10.502754331284601 -0.03967353181894797 -0.33038379516525207 0.942985797711444 0.007095356208636659
1750963943.289921 51.732559815103855 -5.283124037693849 9.733139160479196 -0.038024248751765063 -0.3133087923914072 0.9488715447232916 0.005877816902259642
1750963944.089984 51.7600882133916 -5.035150428649273 8.995783388096344 -0.03780143642408017 -0.3224792424521044 0.9457379415465698 0.012567239595474513
1750963944.890399 51.79863156070356 -4.784140544118481 8.280482527372186 -0.0368174668234778 -0.3243082566103628 0.9451721063903065 0.010877413882000121
1750963945.690705 51.83018889660172 -4.519599875580022 7.49691780357795 -0.03489810187025379 -0.32343345969878845 0.9455206695512285 0.01278996030182176
1750963946.490788 51.85100416492602 -4.305662738152583 6.83622230016559 -0.028588741549343558 -0.31963408367340246 0.9470290365513813 0.012358816264184279
1750963947.291217 51.881795122029345 -4.04001680899083 6.034708763610934 -0.025875528622085118 -0.3198668713637982 0.9470688886590627 0.008727070330367065
1750963948.024349 51.909947066466756 -3.8020914404990123 5.338873704793438 -0.029604409927026953 -0.3196481570962867 0.9470494125781738 0.006785625480081117
1750963948.824646 51.964110806829595 -3.5666840387084977 4.567360268911917 -0.040115356578675425 -0.31479865360358616 0.9482917505703324 0.005943202519627564
1750963949.691756 52.019303580156446 -3.317448849991244 3.799751877800873 -0.04604444054815097 -0.3168357413884486 0.9473331277180559 0.007414013849837409
1750963950.425169 52.0871076527387 -3.0522648974230977 3.0006416245483343 -0.04923281645250754 -0.31507117830660786 0.9477794553765533 0.004515124667537792
1750963951.025547 52.13704661320945 -2.876799573261207 2.4556010810674485 -0.049137657061852455 -0.3142052204988121 0.9480780390891039 0.00293289391628178
1750963951.825811 52.1687529150967 -2.669066469061622 1.819674975712621 -0.03697797186406162 -0.31582256322083524 0.9480972637064097 0.0005627698117202386
1750963952.62593 52.1774274332787 -2.4634535655902643 1.1504031617869197 -0.02956661129408398 -0.30766227904544813 0.9510147916262506 0.006372099906961131
1750963953.426349 52.1951731142909 -2.2239971463130295 0.4108747945438293 -0.025620500778572326 -0.3108178517001052 0.9500891397713754 0.008153495745651143
1750963954.293148 52.20952243437878 -2.0010657111254244 -0.3144507840150331 -0.018377048661192146 -0.310003839706087 0.9505414703211469 0.00555127460130935
1750963955.226946 52.21708759344002 -1.7483804045094185 -1.1493368940749373 -0.018729690683974693 -0.3072677581507429 0.9514276147750572 0.004606227452550004
1750963956.027051 52.23900599580766 -1.5137843821830932 -1.9042521891743038 -0.025549783947121325 -0.30476724677309885 0.952061103445055 0.0066173364418666315
1750963956.827561 52.26972150225963 -1.2747381353211533 -2.6854577906639534 -0.025917284958663103 -0.30503171182037264 0.9519717203131588 0.005813161644877696
1750963957.627772 52.286420683547334 -1.050278371400929 -3.432059791003219 -0.02785039504921989 -0.3044850009589718 0.9520754048680545 0.008103279086117701
1750963958.427883 52.31722148741075 -0.8144449438254363 -4.221314702022359 -0.029250439720218645 -0.3023611777013886 0.9527171362673368 0.007224144085484274
1750963959.228294 52.36305436845261 -0.5740559336337578 -5.034834216161682 -0.036238655237296524 -0.30047449186284325 0.9530730404438539 0.007322512237391717
1750963959.828478 52.39032556603864 -0.3983046813225609 -5.637309442058947 -0.038460646471459865 -0.3006775429745567 0.9529138367686232 0.00830743755214617
1750963960.628637 52.43228918153413 -0.18584730224385163 -6.385707473390013 -0.03946696806740189 -0.2982426197748436 0.9536355334776477 0.008542099871049659
1750963961.429052 52.47879559937537 0.019913839794105017 -7.114100022895047 -0.04022260199817365 -0.2968290932330817 0.9540517204695745 0.007742503985663742
1750963962.229295 52.52425252271627 0.23712269191383978 -7.8738856308934935 -0.03935915380866961 -0.2955955713491827 0.9544772252778881 0.006880525854857651
1750963962.829371 52.567553303221544 0.40117601395523284 -8.478645478324022 -0.03978093431255342 -0.29379258455395907 0.9550138630343291 0.007205271582163407
1750963963.829867 52.60746879652969 0.64587060881141 -9.355605259675224 -0.029352797767690987 -0.2922995332967616 0.9558549720255978 0.006377189949196338
1750963964.696665 52.58232698854061 0.842902490111612 -10.079997336666235 -0.004306974681055213 -0.290907969573184 0.9567207979697213 0.006270401907673277
1750963965.497081 52.5466551854808 1.0223113107178763 -10.76082768280361 0.005151333273659953 -0.2915995078819877 0.9565023426983442 0.006816097201894879
1750963966.230494 52.50512605961982 1.2031794337326571 -11.434639761292592 0.00823569517658305 -0.2888732074347908 0.9572989139147278 0.007951903481389536
1750963967.030797 52.47915820592009 1.4182177408189165 -12.228087860204889 0.003596592518364462 -0.2885797700890802 0.95740551552791 0.009135625557521268
1750963967.697795 52.462215038267125 1.5978495607609617 -12.900549559973323 -0.0019059340250482837 -0.28934595515692746 0.957187809846579 0.008172045700248843
1750963968.497931 52.44007384503953 1.795853708849025 -13.658190641570089 -0.001174417246847363 -0.28745837102393645 0.95774215098759 0.009812129945118701
1750963969.098189 52.4425576325528 1.9477155824272994 -14.262315765354062 -0.006426768845677546 -0.28646256360296046 0.9580315159131879 0.008573844721197219
1750963969.898595 52.42453418729293 2.142103581367847 -15.035695777355745 -0.005209182143139064 -0.2820858615898505 0.9593460775929123 0.007452148656953667
1750963970.632025 52.42756237238215 2.331580647531182 -15.75379038249047 -0.007589280507816625 -0.2825304060139608 0.9592109206814092 0.005777728315116177
1750963971.432421 52.425741174458814 2.5238897110997947 -16.515840810445702 -0.008271539110851486 -0.28503472734311563 0.9584737581004175 0.0038523865377015193
1750963972.232521 52.4304447836914 2.6773903661940115 -17.14241244028077 -0.007668015177311256 -0.28064416057315217 0.9597808282219084 0.0009046861880207877
1750963973.433108 52.35600450709721 2.8122165375133297 -17.62382893660624 0.050851689559915265 -0.2868718956278269 0.9566115055072802 0.0036122982841942566
1750963976.634042 51.99764013349272 3.035970530374454 -18.569760440660975 0.12750989170686253 -0.27861978990995956 0.9518829126565954 0.0055821841451607285
1750963978.434619 51.73196762743827 3.237460796608827 -19.339031767247064 0.13794134944954342 -0.27904323459429825 0.9502801897286236 0.008638191276028863
1750963979.83539 51.633981537978514 3.387769512098674 -19.991282152131337 0.0725735775240657 -0.2693719458138261 0.9602793537450035 0.005949237338514272
1750963981.368968 51.72989601249617 3.58535422248233 -20.76225944164991 -0.03941894613920361 -0.2786961175055104 0.9595674363838178 -0.0022261636097334267
1750963982.435972 51.850846513533476 3.7697408077687555 -21.504330634990374 -0.06287073099232107 -0.28225167486951896 0.9572668298937339 -0.004634609265500968
1750963983.569717 51.90731943272547 3.97938317785479 -22.294687018880474 -0.04031765038445495 -0.282200746462153 0.9585064224280682 -0.0016321543512852214
1750963984.970207 51.87318177175887 4.185499805583992 -23.054394372827847 0.01679795843787539 -0.2902256634098297 0.9568081184611962 -0.0022621532638734602
1750963985.770622 51.82714711031216 4.358444839944576 -23.67615945701741 0.01723015133760512 -0.2919066848559996 0.9562900289312912 -0.001729100301714091
1750963986.570709 51.78933680441863 4.561683740159238 -24.44462351007944 0.016934556154670603 -0.2917846636100721 0.9563271445829404 -0.003650126523990998
1750963987.371017 51.761634916691314 4.793027388955169 -25.271957117271015 0.012030177795371503 -0.29685198691288306 0.9548453271982281 -0.002138648123007995
1750963987.837955 51.73923615802508 4.948474125803767 -25.823275183337667 0.01194724853326821 -0.297127561523762 0.9547619396819018 -0.0014539498890403524
1750963988.371318 51.704623208102916 5.159779587742372 -26.523872860920694 0.006872186192081407 -0.30343521614896224 0.9528265901149698 -0.00115404828894699
1750963988.83817 51.688573380643355 5.274404891251228 -26.953834430318096 0.006228858540484419 -0.2977959109388811 0.9546088595007869 -0.0008497717173378124
1750963989.50508 51.662770675907844 5.450907103836188 -27.562784063779386 0.006785001024769954 -0.2980114153384811 0.9545370000929139 0.0015084901954795238
1750963990.105396 51.63510648255656 5.630395101877857 -28.174291290273466 0.0070025648729905715 -0.3010143745048505 0.9535938741469919 -0.0001833466224292124
1750963990.572052 51.62258818450636 5.770966459198225 -28.663729676030794 0.006544670147452081 -0.30123714713524136 0.9535267354247724 0.00033661351418295444
1750963991.372344 51.60517145510053 6.011366259963628 -29.4774283730212 0.005463888154056066 -0.3048298220015882 0.9523905677742822 0.0010639357594258876
1750963991.972711 51.58199003521054 6.211405657477913 -30.132038497779586 0.006550137760560279 -0.30582165943565176 0.9520658589125216 0.0008992266147652938
1750963992.506046 51.561465767168464 6.382614118300135 -30.715170409622385 0.005447709743415588 -0.30421241439502267 0.9525882052153863 -0.0009168811436741025
1750963993.106261 51.54640545747711 6.562716287008575 -31.3154946511999 0.006629265834341587 -0.3044021720842245 0.9525192364892903 -0.0015730806601510334
1750963993.573096 51.5270153845656 6.705432948250649 -31.780976286744956 0.008385480462978006 -0.30298716124073566 0.9529575798067921 -0.0005611857686670638
1750963994.373538 51.47998755618629 6.963798252991605 -32.611531028736245 0.016063825945543928 -0.30990215724869974 0.9506315462842624 -0.0015065317075149724
1750963994.906864 51.436449285866416 7.108543780884337 -33.09959286192417 0.028838861720599834 -0.3044789235441916 0.9520801282570954 -0.002081958208792713
1750963995.70715 51.3713879833108 7.357585067359644 -33.900972803808536 0.02672442638498209 -0.3067203964119639 0.9514174437281749 -0.0036402237604973527
1750963996.507389 51.292037964555306 7.627848029665072 -34.78439202905618 0.028739490451152837 -0.3069514521822977 0.951286931444389 -0.0028322702740178124
1750963996.974233 51.24711462650861 7.784609526454264 -35.307360938939006 0.030773498818468276 -0.3049902800781013 0.9518570540513298 -0.001438569106784897
1750963997.574445 51.18848891353828 7.96625393933962 -35.95959039737847 0.030331357184678293 -0.3016247153818344 0.9529413833118374 -0.0022934284127532614
1750963998.374884 51.13563894033041 8.21071280218502 -36.78440731250884 0.02927130416777655 -0.30584223687072287 0.9516062574598939 -0.007017667803773278
1750963999.175007 51.05544295099983 8.406685436180755 -37.44768926968984 0.041612982888610005 -0.3023682870130165 0.9522562398321641 -0.00705920424936425
1750963999.975417 50.95694684861091 8.59860808795081 -38.123189556555744 0.05518918200150929 -0.3013614057460744 0.9518996536327918 -0.004744125896829786
1750964000.77557 50.838406046658875 8.798533834797935 -38.79997288985501 0.06920109665433305 -0.3013594358888833 0.9509863133273693 -0.004327873217913723
1750964001.64249 50.701173856973234 9.02984045715823 -39.53398329285705 0.07663553087602569 -0.3085676085110091 0.9481066912333518 -0.002593920525351944
1750964002.442899 50.5806453755936 9.207990931100898 -40.115329683415844 0.07257148207423733 -0.30792315391259106 0.9486382815557252 0.0014567227163320925
1750964003.24302 50.480858284333685 9.42447876478644 -40.83321463529359 0.05433863933357414 -0.3082844196051669 0.949735127394165 0.0033491338686667672
1750964004.110111 50.36956620759845 9.687842547842285 -41.66351832235064 0.052530201350447614 -0.3130898008380125 0.9482676453154231 0.0019563755360775537
1750964004.710159 50.259925166935986 9.920030931886933 -42.43072602102708 0.059332569392563324 -0.3098459008110441 0.9489327860124863 0.0013158991033552182
1750964005.243708 50.12690413747698 10.111729995612567 -43.14807607970157 0.08040500179980117 -0.29474606683294896 0.9521723114392694 -0.005261283159066576
1750964005.843907 49.971204782690904 10.359977464655454 -43.93847222696019 0.08380522713551064 -0.30782053612542887 0.9476936365260111 -0.009998636523226094
1750964006.310891 49.82342668775778 10.56599210985397 -44.55657921986672 0.090734206887781 -0.3120734419314589 0.9456610757558296 -0.010129182682959398
1750964006.910909 49.65480971687556 10.757220777242097 -45.31925280040419 0.10220266666827825 -0.2898001052487557 0.9513866996803251 -0.020829344566785753
1750964007.444436 49.48645306057414 10.961519317057821 -46.03866692887828 0.09889925023920025 -0.29652484509801236 0.9497817517199679 -0.014372843889537112
1750964008.044991 49.31930813512809 11.201515081015899 -46.82377844394522 0.08785718981432152 -0.3049802030306804 0.9482341526592092 -0.010962740896636495
1750964008.511602 49.21035367348083 11.389456712298246 -47.41581968624024 0.08311255294325649 -0.3076888925585731 0.9477496763867665 -0.013798545144783427
1750964009.044967 49.0764566592736 11.565711301185448 -48.060743680071184 0.07568251514132358 -0.2950058646704228 0.9524525025082722 -0.008827637150982148
1750964009.445115 48.99459484017167 11.70198746340275 -48.57587451699497 0.07494667788149051 -0.29521560204912395 0.9524363956279379 -0.009780391840992417
1750964010.045332 48.799344337405174 11.921757368619383 -49.34074864112412 0.09992074904907303 -0.29824165838932054 0.9492438153595018 -0.0019839638091600762
1750964010.512295 48.66596493816997 12.104137965696147 -49.93283638745795 0.10112310194640901 -0.30319758484508386 0.9475433326595005 -0.0026411227483112026
1750964011.045649 48.54495074182843 12.282875444047892 -50.507827545645725 0.09076773872718556 -0.3041255938787558 0.9482974333717938 -0.0009047732951510145
1750964011.512646 48.45592612164254 12.429716326283407 -51.003955898830945 0.08287535434908759 -0.30622496334839056 0.9483419119373683 -0.00235913686908741
1750964012.046168 48.37693362017046 12.580555250897307 -51.57424915857452 0.06493256552759559 -0.29551539832898793 0.9531155188520098 -0.005021853037279378
1750964012.646369 48.30672672760916 12.765078638653772 -52.239216469936984 0.0447752679447121 -0.29336361239852254 0.9549128785226678 -0.008623266928577279
1750964013.113178 48.26680863321719 12.900047049396598 -52.718743418122266 0.029703538139244836 -0.29517031845841984 0.95495323021976 -0.007517380927672889
1750964013.64657 48.19750695201095 13.07201836799307 -53.36504368822402 0.03725372161231743 -0.29496287558333606 0.954767262784673 -0.0053419255240457035
1750964014.113408 48.1377906656733 13.242609014843817 -53.98427623677631 0.03590881121245834 -0.2926825313421808 0.9555227472514519 -0.004875716304252713
1750964014.646943 48.058309554194835 13.398298513385766 -54.568318315060964 0.050401458931978 -0.29107408879771884 0.955339523537397 -0.007871628512889356
1750964015.113713 47.95777411331883 13.533280642833892 -55.064221446426615 0.0709538781155574 -0.2891103118852102 0.954634001576001 -0.007395794547641317
1750964015.647248 47.8281477752355 13.68690261233172 -55.64255393668881 0.090820463099639 -0.29132224819320296 0.9522871171244041 -0.005677829595586874
1750964016.314263 47.678865670669325 13.84823931344859 -56.26104271621535 0.08880486205584405 -0.2877662493129998 0.9535686026114814 -0.0033469904627284595
1750964017.047694 47.5240535557959 14.038639802611154 -56.97019785259324 0.09283442810108537 -0.28669960031799274 0.953508719305683 -0.0024960658412274696
1750964017.714759 47.35907165463455 14.223518692564216 -57.689448573962004 0.09637425815771822 -0.2850436638782895 0.953655464829503 -0.0018347883296778763
1750964018.248285 47.20379348126192 14.380877656497926 -58.349047650642284 0.10057313451941409 -0.2816546687245345 0.9542237357525637 -0.0035713197888332876
1750964018.714925 47.06322912376864 14.533320355599335 -58.91930104043464 0.0999534101900968 -0.2842039087711041 0.9535369008020923 -0.002198371974205628
1750964019.315289 46.89944108060641 14.721088010518669 -59.63115537187323 0.09696652684490781 -0.28208573677710586 0.9544633709393545 -0.004980292525275341
1750964019.848666 46.76764208351566 14.871417313743098 -60.25809319072086 0.09361492201933676 -0.28415219031740363 0.9541742744878018 -0.00672554970338316
1750964020.248819 46.65314351336781 15.000868413199202 -60.76154752949016 0.09589430967659804 -0.2845849707993457 0.9538094242651304 -0.00795348664454934
1750964020.915695 46.490261545199054 15.199446051322308 -61.534517314436556 0.09253356183960187 -0.28529957002454315 0.9539124186791232 -0.009632900229546206
1750964021.449276 46.353569144217936 15.35694448227225 -62.16514048607757 0.09041263575216181 -0.28405772593676926 0.954472089429496 -0.010945050574134604
1750964022.049735 46.21961631896683 15.527933415329343 -62.870059530665166 0.08624226152876756 -0.2804894003905838 0.9558996062678662 -0.011996304925800852
1750964022.516353 46.10394521194928 15.669713170600122 -63.43606317106881 0.0847859397931631 -0.2816894999322068 0.9557015472282865 -0.009844931020200936
1750964023.049728 45.97657223817304 15.82819638706752 -64.07492463428427 0.08320121596276835 -0.2805183024177693 0.9561945088192516 -0.008893872884180724
1750964023.516559 45.871134171353944 15.94138023662002 -64.58996298221844 0.08271938586640089 -0.27658601652197673 0.9573968803922099 -0.006992287297770896
1750964024.116936 45.7344365910302 16.112740088979915 -65.29956663601973 0.08317646400376211 -0.275852352915932 0.9575402755240997 -0.010187049416099901
1750964024.717024 45.58347037974892 16.29860880626106 -66.07246388269951 0.08538626506919972 -0.2787323119652592 0.9565122544841445 -0.010089153864076366
1750964025.250629 45.443060633103975 16.48349990555757 -66.75644018374656 0.09367847164623452 -0.2845206998581633 0.9540327667006799 -0.00968480065321898
1750964025.717431 45.30211313443579 16.604067525829905 -67.28800670003186 0.10616689278013616 -0.27717316418647026 0.9549005719955624 -0.008278015149698578
1750964026.250841 45.14864659190357 16.73112002292556 -67.83620355550613 0.11694088950378544 -0.2737479369830434 0.9546325474042656 -0.007974634539197403
1750964026.71762 44.99408141749838 16.848722390418736 -68.31815479569164 0.1261430554565856 -0.27482301227848105 0.9531611442755015 -0.006638864788147589
1750964027.251232 44.822419073890394 16.979509153171847 -68.87225195643471 0.13245230126443647 -0.2751129988777794 0.9522307070367295 -0.005089824609968635
1750964027.717984 44.70060343966109 17.082714106881152 -69.28910832769922 0.13223694387542234 -0.2749444569817206 0.9522940008753351 -0.007421060999769957
1750964028.451641 44.518743178761774 17.21762936504732 -69.88199006854718 0.13299329888731207 -0.2732690628246699 0.9526477206703199 -0.00995600600847044
1750964029.118438 44.334408751667645 17.362392118239462 -70.49244429669129 0.13165239596919126 -0.2752363897688477 0.9522574855854679 -0.010874627764879633
1750964029.852036 44.117058507055916 17.534241737132195 -71.17802849932917 0.1303590068398727 -0.2770731684492021 0.9519187164917473 -0.009367275695027127
1750964030.852333 43.8162966208955 17.76969436314315 -72.13467075999675 0.13317134320108462 -0.27683983869018997 0.9516266115427492 -0.005647058320405828
1750964031.519262 43.60506660249285 17.92006368736957 -72.77676562201995 0.1337034341062856 -0.27486978744985446 0.9521354451807367 -0.0028435340578884948
1750964032.252856 43.38712645257846 18.082945428237007 -73.46148895412622 0.1352540520439232 -0.2748482757985588 0.9519226324593879 -0.0028405118989210222
1750964032.919834 43.17205111731552 18.244003289623713 -74.13184378742896 0.1367521726123987 -0.27466866222307734 0.9517608987833531 -0.0026759718753103113
1750964034.053463 42.873968566367644 18.463250768368212 -75.05298372986412 0.1322874758083796 -0.2729443966849531 0.9528910279662341 -0.0002624575924898346
1750964034.654078 42.699079245438746 18.596782166538105 -75.60501191663435 0.1311733665032756 -0.2727200853303438 0.9531091142099963 0.0005651437369127206
1750964035.45392 42.51471805025006 18.74229295620306 -76.21638026331729 0.13003421520652286 -0.27221865908212356 0.9534086495549968 0.00022688515059973938
1750964036.254237 42.31213801130972 18.90545896781569 -76.87232437923532 0.13100164907051512 -0.27334826593121925 0.9529527968700865 -0.0005102849015082591
1750964037.121301 42.08847003479026 19.081139625832606 -77.60176812413151 0.13132653672443698 -0.2739859736715781 0.9527245912667958 -0.0009381784048573772
1750964037.921439 41.88181785015414 19.24484970359429 -78.27124779097431 0.13127156591003497 -0.2743657113179479 0.9526233420191509 -2.6015138847633905e-05
1750964038.92166 41.63535498892422 19.454094674281983 -79.14519074838508 0.12162206747243728 -0.27432757813643927 0.9539139055012548 -0.0008446708642627235
1750964039.455181 41.51168800269684 19.57235834665915 -79.63965439502827 0.11433161297631647 -0.27727798767511624 0.9539619813921921 -0.0013182880393406617
1750964040.321955 41.333968250450496 19.7023965099025 -80.19854164190501 0.13438860978753478 -0.2734676580514898 0.9524459772736058 -0.001342361550770953
1750964041.322187 41.00495354052423 19.867569257613756 -80.92283383062131 0.17608941115043797 -0.2723042353079381 0.9459610840049875 0.0007417965759805573
1750964042.255675 40.673098175283975 20.046736512283935 -81.66498368797393 0.18785733783774913 -0.2751693246609258 0.9428609414694124 0.0021698934483574427
1750964043.122466 40.37009244831966 20.199702268237946 -82.33281890660474 0.19104742129218796 -0.269408392493442 0.9438855811970804 0.00010237164937916344
1750964044.056017 40.011538030810115 20.39133128503031 -83.0932862204669 0.19865669486372112 -0.2729536821922555 0.9412926032963748 0.0001998575630141017
1750964045.056176 39.56849646715615 20.60526126118942 -83.96632372892432 0.20384932904122208 -0.27248131024530514 0.9403103934096407 0.0039687104016284955
1750964045.789669 39.27461804834799 20.758460624722115 -84.59069490704172 0.1983964008001771 -0.2740815113878646 0.9410133043339997 0.00348630625255263
1750964046.45648 39.08466501337908 20.865762418725918 -85.11361505252047 0.17090614148330724 -0.2680214048733112 0.9481322769953251 0.0008959088595276799
1750964047.189935 38.89865292509406 21.01178752021042 -85.69967422430958 0.14228037746079808 -0.27535967579555215 0.9507539371369501 -0.0005423596310976366
1750964048.056787 38.704565435627494 21.172080252908035 -86.35260396597094 0.13218098236924336 -0.2761176730231017 0.9519896880364328 -0.001688909856824118
1750964049.056961 38.517270346596696 21.342797609780693 -87.04860547752689 0.11960973085071301 -0.2784259375059857 0.9529769611456194 -0.002724176094470539
1750964049.857151 38.36401783329244 21.4899764968161 -87.66677433885253 0.1061781577450154 -0.2767571631302701 0.9550448646143894 -0.004580179870084665
1750964050.790802 38.18537277555443 21.696392257748933 -88.46579409097139 0.10182386412118678 -0.28133235604454754 0.9541785898296623 -0.005217743624493211
1750964051.790965 37.990978139342936 21.90937908857399 -89.3203358421382 0.09216700807797644 -0.2800218475149845 0.9555451069762729 -0.005153258187997313
1750964052.257713 37.89265412940326 22.023362620953414 -89.75428943079062 0.09337277659508789 -0.28053459372094325 0.9552821464886018 -0.004229292716114572
1750964053.25788 37.700850811968536 22.214444049922253 -90.54656293525144 0.11042423393502275 -0.27971097439876164 0.9536962377176819 -0.005634316630921387
1750964054.058053 37.48463719798412 22.388571634788924 -91.19671783048588 0.13219355763200757 -0.2870033513423592 0.9487574141279349 -0.0036481195322694035
1750964055.191613 37.32610228746302 22.51247731249459 -91.72915844389318 0.13276200154310203 -0.2800038175930734 0.9507604479368321 -0.00516562857050365
1750964056.391864 37.10944471099895 22.68162266127193 -92.40154176182465 0.1352696021369131 -0.28095389558258194 0.950130244552239 -0.004422859006958913
1750964057.394767 36.88189654527166 22.855953556946623 -93.09500319314202 0.139167841925303 -0.28058742782604856 0.949673707096228 -0.004780917267999524
1750964058.461797 36.61657304303108 23.057656393325406 -93.89907881137431 0.14193397443866537 -0.2817868231675767 0.9489045723430716 -0.00557187361500297
1750964059.46217 36.37404000728634 23.23418721374164 -94.62915938951024 0.1422930532628428 -0.2775161014675165 0.9501109281988535 -0.005169577982975945
1750964060.395846 36.17757353134501 23.400480283246274 -95.29937649715109 0.12152963521385068 -0.27935329975452766 0.9524610348005386 -0.0032029467264987604
1750964061.46281 35.9425368078544 23.623307794717864 -96.15585935092422 0.11982270128784366 -0.28195576158917646 0.9519141152263713 -0.0017280033409440352
1750964062.396529 35.72915043227282 23.816130126101996 -96.93941563288672 0.11746233637693312 -0.2815767868487352 0.9523192608231729 -0.0022667390718101575
1750964063.196714 35.54875196112049 23.981252093372536 -97.61294759478409 0.11198371819427629 -0.28114694024464487 0.9531084368155908 -0.0005937351262036423
1750964064.197111 35.349248680131986 24.18970339280288 -98.42307407969824 0.11212317578239944 -0.2802661975867762 0.9533420631584721 -0.004261754975001542
1750964065.063873 35.14702084848955 24.394843282550898 -99.19409819710663 0.11074387609361938 -0.28220744856385155 0.9529248712542724 -0.005379556475268458
1750964065.79761 34.9933780235469 24.554411135004617 -99.82769994409186 0.11051962010411023 -0.2840439736560117 0.9523730476915123 -0.009487498749750441
1750964066.597962 34.820680390282675 24.729160930593846 -100.50348004226598 0.10856155266727462 -0.2849683658136953 0.9522979109921349 -0.011666554245286764
1750964067.064579 34.71269350227188 24.829816186494277 -100.90399809071616 0.10744638380592976 -0.2824141092604239 0.9531962486884833 -0.01069845707910148
1750964067.865033 34.55220981811879 25.044476153059566 -101.69253681244624 0.09011644136132405 -0.2886854711765856 0.9530959141123571 -0.012161588311338447
1750964068.73199 34.387343200462716 25.28830766876008 -102.59980752523958 0.07216583914611108 -0.28969839123769964 0.9543182223692999 -0.011986001356828228
1750964069.332165 34.305972284128536 25.454766023083724 -103.22925963843284 0.06271516692032222 -0.2880205927846328 0.9554677196845902 -0.013870205869920119
1750964069.798952 34.241099361755325 25.591713234833428 -103.72720743956732 0.05385218922491037 -0.28989290102814436 0.9554571360512255 -0.01279487467545767
1750964070.399451 34.167802880155605 25.77152929271402 -104.38829570855624 0.04378039697732259 -0.29112672878936807 0.9555924772672005 -0.013096641372685031
1750964070.932719 34.107062228361 25.93037482196976 -104.97646575090172 0.03321891151204367 -0.292027703665901 0.9557612649223618 -0.011693104103825016
1750964071.532947 34.06014558067038 26.124359974189527 -105.68227715255968 0.022425122852308115 -0.291917357685682 0.9560991650672375 -0.012480252585587838
1750964071.999771 34.0378493688809 26.27164829389268 -106.2099356579924 0.017973297328255953 -0.2926032102112776 0.9559608230545961 -0.014114770348258109
1750964072.600012 34.011512554885314 26.46315406594621 -106.8740470655276 0.012815685988685916 -0.2960186694195982 0.9549820359397964 -0.014765384518233808
1750964073.133264 33.993548910085096 26.602055103833255 -107.38463493644284 0.010524405230218697 -0.2951330001239502 0.9552365350026931 -0.017575873475740328
1750964073.933691 33.96484383788311 26.84689180731455 -108.23322044835218 0.006944450313015845 -0.2979392903791075 0.9543971093940351 -0.017609981219589073
1750964074.400529 33.95220870774258 26.98292901496884 -108.71326767410488 0.006488337627753387 -0.29695142924682094 0.9546890051971885 -0.01861863310506675
1750964075.133937 33.927611546826085 27.20403407384308 -109.49305330259112 0.005034707702243182 -0.30052714047371176 0.953608405913033 -0.017002874140893454
1750964075.73432 33.90411581637956 27.357012285257657 -110.02102469001922 0.011039857304370305 -0.2974027619651513 0.9545132517119349 -0.018280345524829107
1750964076.534592 33.858384738048514 27.568342370790027 -110.76523676064691 0.016329165530504952 -0.29668131034767176 0.9546325895681556 -0.019752908086239775
1750964077.534936 33.792462810842615 27.81283354319098 -111.62646275571403 0.030137501386411452 -0.29897764056696774 0.9534712348205019 -0.02442756273271218
1750964078.135156 33.74043049930307 27.96498839849365 -112.16899053463041 0.03821508986162807 -0.2988234481644098 0.953223473664591 -0.024681227457535752
1750964079.002133 33.63357098783404 28.199509889010844 -112.98835499426737 0.05051536874975357 -0.29732491260487787 0.9530578669987203 -0.026959154594082744
1750964079.535603 33.55289573674701 28.350289125233775 -113.53168607264378 0.05540385932688932 -0.2974947143439724 0.9527319825117424 -0.027001422339006067
1750964080.202518 33.45271569752354 28.52744682917145 -114.17742737049701 0.06001089258490309 -0.2944033684434481 0.9533996764844862 -0.027466457718311094
1750964080.736034 33.364872624084384 28.684605722527103 -114.69881485698734 0.06259480522491839 -0.30031373053680077 0.9514604824551396 -0.024829497299731322
1750964081.402886 33.252070462427845 28.870422270533062 -115.32379116056484 0.06431012038834158 -0.30106819533796036 0.9511827501463739 -0.021760652461762498
1750964082.003117 33.16601400099877 29.045504519760687 -115.9344690521041 0.056784482004511666 -0.3001749679765534 0.9519115858186076 -0.023126694274327952
1750964082.603313 33.09457626193974 29.213366850172367 -116.53997536511477 0.04249721319948233 -0.2990467234829247 0.9530403806904127 -0.021887823507098902
1750964083.203378 33.04619898878499 29.4003742532103 -117.16139943278729 0.02849004142242642 -0.3011946685017866 0.9528672966109372 -0.022671661941982637
1750964083.803722 33.011197939474506 29.59079940440709 -117.80790587534855 0.014111320342811774 -0.3013218510534593 0.9531593754582999 -0.022208504943898484
1750964084.337369 32.99189556051326 29.748753569609665 -118.35223853469999 0.0048014095730774765 -0.3003952370802115 0.9535198983489304 -0.023226094339784197
1750964085.137366 32.98573626520395 29.98603239673586 -119.17753993101947 -0.0076605626179444 -0.3009812044919534 0.9532862893063622 -0.02443114699428379
1750964086.138864 32.99696928263616 30.189655966030262 -119.88778431998587 -0.013828634256053577 -0.300932138540589 0.9531780461774626 -0.02646184334688097
1750964086.938112 33.00851599892986 30.37376354811678 -120.49591642596287 -0.017309337234505603 -0.30210351132762087 0.9527221410042891 -0.027465930317900983
1750964087.604997 33.0307360241432 30.533829604025907 -121.03567033192245 -0.021907294962491438 -0.3032508046439955 0.9522380960148198 -0.02831304307676245
1750964088.805447 33.05688824260826 30.80612345740524 -121.960171433015 -0.016361561775135133 -0.3020049239071738 0.9525975034850982 -0.032913850975824124
1750964089.605669 33.05217140061665 31.00431706784822 -122.62590888073572 -0.006592108719515764 -0.2993765492450226 0.9535693233843177 -0.03218340201326101
1750964090.339265 33.011920687169486 31.20808295252388 -123.31851468137867 0.013244593748873256 -0.29955575911950993 0.9534962643276101 -0.030590878183762917
1750964091.139382 32.92408860785548 31.438436543491324 -124.12148722503929 0.03967857670467731 -0.2986352694376625 0.9531194416585469 -0.028388665539005146
1750964091.8064 32.817566727479786 31.614787664066228 -124.72642323291937 0.05514476646479716 -0.299615254466207 0.9520876106609337 -0.026812975378486103
1750964092.606737 32.717911280908055 31.80004521751746 -125.35487257393955 0.06236134733742492 -0.29950959161295154 0.9517563443680437 -0.023768210813645618
1750964093.408337 32.5931674187035 32.008550557338786 -126.07683007579485 0.060178450369731115 -0.30271550913859097 0.9508789662476081 -0.02389699114829105
1750964094.140559 32.5138871553203 32.21778564784185 -126.774031786811 0.04872814063159023 -0.3009942323639199 0.952033924716422 -0.025679692040379308
1750964095.140908 32.41376819256586 32.51677185316249 -127.76434348312159 0.03611416071349926 -0.3003709366150783 0.9527631211017278 -0.02674888598492751
1750964095.941145 32.35706693342793 32.76373858093169 -128.56572381377518 0.016764012433826907 -0.3027252733216576 0.9526654701242256 -0.02246950850451334
1750964096.608068 32.332114170920065 32.97723953500736 -129.2455026745107 0.00493182344633713 -0.30461436998019226 0.9522728216047064 -0.019032497263257408
1750964097.408161 32.31053257710782 33.188543995426 -129.97989921919125 -0.0032122043873065204 -0.3019279652319058 0.9531423711908844 -0.018676343178298267
1750964098.141908 32.30738239113253 33.39127310006596 -130.6761241045225 -0.012428282934288389 -0.30035471545473463 0.9535946028015102 -0.017026925595681582
1750964099.008876 32.30929911858489 33.63501415341165 -131.5100487351325 -0.0159360168936422 -0.3005560907612071 0.9534959707652149 -0.016047224258635397
1750964099.74265 32.30841387287325 33.837303679269326 -132.1993317480727 -0.015817923445719997 -0.3006619508166652 0.953463970071036 -0.016082363177128148
1750964100.476068 32.29291501868598 34.04569413855862 -132.90510456401773 0.0019819580963180206 -0.30180081889336496 0.9532280270925072 -0.01639103177731803
1750964101.142883 32.26588820279969 34.2340082630874 -133.56369285509055 0.00539437141462558 -0.29785520468432364 0.9544602001293595 -0.016090499324879447
1750964101.943173 32.22482574197493 34.44357518008731 -134.27695418644478 0.009178934599779988 -0.30260413732230484 0.9529671278364773 -0.014146960738330102
1750964102.876814 32.171471731417284 34.63425749487518 -134.9282701533941 0.019913503024956213 -0.29923592320238984 0.953896480232368 -0.011950718086724793
1750964103.877299 32.06268712177962 34.88119063719048 -135.7697375155605 0.03599078726558085 -0.29879964496055655 0.9535866971160949 -0.00979012189231722
1750964104.677466 31.94675932874383 35.0934787677489 -136.50696383840346 0.053836658789810816 -0.29875191911883153 0.9527826153600688 -0.007361580047234935
1750964105.344215 31.82352546679643 35.295285233350505 -137.18443828948898 0.0608355138476112 -0.3030447530992986 0.9510264325144594 -0.0034121155758083735
1750964106.144615 31.676985691054092 35.5245752265443 -137.97479751347353 0.06649475052953967 -0.29766950790181806 0.9523453604238344 -0.003102691847488355
1750964106.878208 31.53724979329145 35.76105393724197 -138.77890581740775 0.0679460653164117 -0.3016437396399246 0.9509847401977336 -0.004733968220044412
1750964107.544897 31.42527124414085 35.95043404423994 -139.45975790610245 0.05765676766653248 -0.2990079677708048 0.9524886993143622 -0.005933804029065502
1750964108.078578 31.33669445160558 36.10286750135931 -140.01388460967485 0.05520302416683562 -0.29470552926864246 0.9539713145400597 -0.006325201659671015
1750964108.878869 31.246399065720105 36.31341322583634 -140.71288689121988 0.0441459462330944 -0.2972831825320292 0.9537599045080369 -0.003986146965821648
1750964109.678953 31.162178355693477 36.528013814764364 -141.42612986680115 0.039103040657919426 -0.30242766633483686 0.952365834414966 -0.002788599228144796
1750964110.479405 31.092737104327227 36.721938646278616 -142.09425689507165 0.03237480151138603 -0.3029520076471317 0.9524548814701154 -0.0012853223015823648
1750964111.146125 31.0368405472263 36.86641268986195 -142.63941016878687 0.029099343939413252 -0.29678537409929345 0.9544965164177407 0.002840783243406686
1750964111.879883 30.966851795487607 37.06116884403486 -143.27556154919216 0.028283031513738406 -0.30115802926403973 0.9531427009069597 0.004785733588344585
1750964112.880231 30.876458095003294 37.28789895839453 -144.13217704363862 0.029895602213263588 -0.2901683192403902 0.9564966693512077 0.004766654755694021
1750964113.680314 30.81575565419764 37.437695417164655 -144.70629692356061 0.036972868638985315 -0.2902866856894085 0.9562249041768914 -0.0007613986850428919
1750964114.747532 30.71876221683249 37.62272375143413 -145.41370811948428 0.04831095919053573 -0.291609153663968 0.9552954560028931 -0.006383138859471955
1750964115.747838 30.62539833034354 37.73693389475297 -146.0063127881412 0.05203234277095865 -0.26850868537271055 0.9618694043624446 -0.0017234084310374298
1750964117.148193 30.454915273759745 37.97409954764189 -146.834254497461 0.07943790258348409 -0.2794788427862111 0.9568427623297022 -0.005755366650545018
1750964118.349479 30.28133337198054 38.146695810662166 -147.5400378698706 0.10013756033551821 -0.2772096865881112 0.9555112121567226 -0.011206342604177643
1750964119.682363 30.029877478197978 38.359230495888156 -148.32774585130102 0.12274762004308536 -0.28466451866799636 0.9507273865708679 -0.004070627642510871
1750964120.549476 29.82745071802177 38.46511013656882 -148.8503328808351 0.15151572509240244 -0.2678080881638881 0.9514514641140277 -0.007869205741345722
1750964121.549706 29.544309671695615 38.59031756290997 -149.45051165048844 0.18151103114128156 -0.26332433892009716 0.9474775507993128 0.0005734436834490037
1750964122.483456 29.199887560515265 38.68721558183592 -149.9063060936719 0.2713812248504662 -0.2556506337446875 0.9278036035356221 -0.013246038310170195
1750964123.75039 28.6857736635609 38.82749959757051 -150.5536388890774 0.3038428935989713 -0.2576125191383773 0.9172263482346604 -0.0033334811673248707
1750964124.950976 28.144896014370158 38.947093887138074 -151.17116281130947 0.3399466396672456 -0.24545110308797705 0.9078375023231294 -0.00459429510861905
1750964125.951275 27.638269910084205 39.04725313105298 -151.6622501411596 0.3772890643904924 -0.2448501233679669 0.8929815581860562 -0.016891291177451504
1750964127.084845 27.034683801488548 39.13954900151388 -152.16894046000195 0.41150884581514896 -0.2491067306312188 0.8764267934692377 -0.021963202392626717
1750964128.085332 26.503979058704473 39.173676480654386 -152.5579121193521 0.4366695900642221 -0.2313806731997392 0.8690808451818661 -0.02193485173766089
1750964128.952316 25.92205830721141 39.21969031420043 -152.93701084434102 0.45926432441922344 -0.2261059664302597 0.8589092834809275 -0.015073652864256716
1750964129.819101 25.311053878964326 39.23828929431361 -153.3036594928774 0.48833358149722955 -0.21971516249038808 0.8444288349115168 -0.013982250315645815
1750964130.886297 24.54175563300104 39.246043857465956 -153.66943031279905 0.5350315590919313 -0.2105820697353254 0.8180679990364276 -0.012695339073031218
1750964131.819784 23.72330983989833 39.25173810078359 -153.95175491206183 0.5757891522714012 -0.20351756446396013 0.7918324228936368 -0.006990503245953066
1750964132.486817 23.127270299230368 39.21505037584185 -154.06858002571124 0.6121417208855681 -0.18670949944975485 0.7683776814502493 -0.004220783768020327
1750964133.086857 22.57790437035953 39.184748120987706 -154.17209336446786 0.6331152535235821 -0.18255606914566416 0.7522222655548557 0.00014344815769100404
1750964133.887296 21.928370678451152 39.13120690765991 -154.2601071677384 0.6498955667727963 -0.16847619934767114 0.7410594513245563 -0.00907811351423035
1750964134.820972 21.176383039521088 39.0652478258143 -154.34990831175887 0.6634194232346882 -0.16355791653061388 0.7301415120261605 -0.004104781513144559
1750964135.287604 20.748763702838716 39.03685208785777 -154.37068057425773 0.671200789731152 -0.16355256159269324 0.7230073021182687 0.0007074916315373907
1750964136.021343 20.056688778535023 38.986767320099894 -154.40014969305568 0.6771128542401839 -0.16097664210129908 0.7179389982737373 0.012972974917279086
1750964136.821637 19.421823184224227 38.92024735192548 -154.45211564029213 0.6772456840487204 -0.15613310096686586 0.7188782212492106 0.01322275438107654
1750964137.888634 18.703704059024336 38.846451719097864 -154.52669574375724 0.6773312067615649 -0.1515035490534844 0.7198901709314464 0.005220418317889509
1750964138.822312 18.108176784599856 38.78995794305804 -154.57603082457194 0.6777316417264775 -0.15551606016622538 0.7186275215104552 0.008310364664012202
1750964139.622378 17.340280150545002 38.72432098240257 -154.6382243963461 0.6774991716100828 -0.15528791939592082 0.7188184260946132 0.013438930917326961
1750964140.222753 16.528064932408704 38.66276690050732 -154.73918442901544 0.6624143440529966 -0.16411297821835955 0.7308646728564084 0.01053551819482007
1750964140.689633 15.849306529190418 38.62782562847515 -154.82643639773227 0.6607600529135059 -0.16907906733463193 0.7311819878792158 0.013465588141263035
1750964141.28967 15.018659031442853 38.54704457371901 -154.88737040930752 0.6772923208403367 -0.15792826498703552 0.7184827719251787 0.01078339907480548
1750964141.82317 14.279170239276734 38.484579724860055 -154.93601428084074 0.6775288114137606 -0.1572880327692375 0.7183932202040098 0.011241246227762495
1750964142.423517 13.444655374466542 38.41297298567016 -154.9706154867497 0.6948762560108035 -0.15356369369747253 0.7024621987822774 0.01058489926098968
1750964142.623588 13.150999464519794 38.38116240073191 -154.9782485059739 0.6964889305088113 -0.15410657528727487 0.7007288473932671 0.011550565476338622
1750964143.223613 12.325741380914609 38.30218493612782 -154.99743947927462 0.6986903047200634 -0.15047379042673345 0.6993455385889891 0.010262267803619047
1750964143.757141 11.70329735584679 38.23084855393585 -154.99427768468192 0.7064896320773709 -0.14514229427619993 0.6926082489069018 0.009996385623677826
1750964144.357516 11.112204045052362 38.16467441474783 -154.97413021008813 0.7137399245919628 -0.1482009749415183 0.684372182409506 0.01570054183436549
1750964144.824352 10.667280169738273 38.11791901994353 -154.96353805865897 0.7177741765446117 -0.14689854004024774 0.6804919437431824 0.012319290579152212
1750964145.424386 10.092102255928086 38.065036205402926 -154.92728575294916 0.7208497547230223 -0.14718431008159213 0.6770625099808252 0.01728489398375228
1750964146.024722 9.513804745544919 37.98486470805182 -154.89495112460756 0.7228611948780068 -0.13832248417686618 0.6769061986159798 0.011686812480070337
1750964146.825018 8.74460556271514 37.91117771654666 -154.84174315291287 0.7238135878828414 -0.14490455575674924 0.6740671385956434 0.0270194815381245
1750964147.558427 8.096211275740425 37.85229075066607 -154.78585725958598 0.7259998721090619 -0.14242809625433947 0.6720480736997089 0.031461241734888054
1750964148.358866 7.452598700959985 37.77679680965677 -154.73817002685976 0.7300413940949226 -0.1313250081755572 0.6702146020382922 0.024610817749223322
1750964149.158952 6.794861199194492 37.68930981189049 -154.68880947680523 0.731061067282894 -0.12831667520707446 0.6697985171403424 0.021318846206970877
1750964150.026112 6.174076767792014 37.590056572268516 -154.63865048503752 0.7369348211717118 -0.123365177966075 0.6645278100145838 0.010530523597473276
1750964150.82645 5.5403220656827665 37.495256880223494 -154.52464636948596 0.7566260351268855 -0.12197260003752773 0.6421557968801483 0.016603022058526786
1750964151.626523 4.879418971786751 37.388132467957 -154.40545267502065 0.764696163809479 -0.11680215502683912 0.6335320825595337 0.015301437969451104
1750964152.560288 4.132942390672348 37.28406663524781 -154.2636043287423 0.769262677423821 -0.12199410890574411 0.6268670011395053 0.019751794789104965
1750964153.360405 3.4596348983698144 37.217141761115194 -154.13454146659961 0.7705165634496102 -0.13145304486148832 0.6230096360781875 0.029720629202130984
1750964154.694338 2.6367014683854753 37.145691234644815 -153.90986133899162 0.7822613060173417 -0.14288340800929147 0.6047428935308711 0.04401833194934721
1750964155.761204 1.9698995032982716 37.115532061927546 -153.75933106931708 0.7860562349043316 -0.15805656590079503 0.5951858561172694 0.0537355954803428
1750964156.961591 1.2576977333443382 37.05206161869341 -153.55352249868824 0.7915981697526572 -0.14847030653415028 0.5908131367717588 0.047631325194811024
1750964157.895263 0.5920854132774604 36.99409489007108 -153.33311186515812 0.7975762071451472 -0.13810061689862224 0.5848501616382404 0.0524471337625322
1750964158.962283 -0.18096753068495272 36.91680503829567 -153.05104145450247 0.7981952595388222 -0.12407019248239047 0.5863745930968298 0.06046281136088623
1750964159.762549 -0.6866430769649635 36.83315726227163 -152.88845723077398 0.8084321367890286 -0.11379145478713122 0.5758228123798962 0.04378440095582878
1750964160.962942 -1.494154294146546 36.732092299762314 -152.6015819345991 0.8219201351956922 -0.12674421662942328 0.5529241819686707 0.051556220819271706
1750964161.763226 -1.9769673669204624 36.62852345698078 -152.26009163825424 0.8718856306522942 -0.08109886696331506 0.4809999616898276 0.04332963989813571
1750964162.896921 -2.564771288021367 36.46423975687945 -151.73819848613354 0.8999358602320362 -0.05641286935006913 0.4293299135751117 0.05107700999181511
1750964163.697213 -2.982985471178026 36.35667920086481 -151.32567837200125 0.9098454586567911 -0.05021524446219405 0.4078137283241774 0.057858738108857936
1750964164.697719 -3.4530182578617357 36.20719389896976 -150.78963532204682 0.925245997828454 -0.03133260854063634 0.374344694165624 0.05295433027159558
1750964165.764588 -3.949045315032001 36.04309386006915 -150.15398126626707 0.9346769202041479 -0.02601270473928169 0.34929416876605984 0.06079455317594823
1750964166.565006 -4.341959406387172 35.877768419162834 -149.67308169455154 0.9369836830576762 -0.022737672446729522 0.34636557083976705 0.03969215630599885
1750964167.298417 -4.720819936521051 35.7183671938592 -149.2051901156322 0.9387724075311542 -0.01948111623292422 0.3424057842242158 0.03294134026234165
1750964168.565715 -5.225466553864534 35.52083881197243 -148.55989404596255 0.9389260083796254 -0.01812191501829461 0.34163245178728424 0.0371054560702626
1750964169.365812 -5.627891758236302 35.36791660171078 -148.06320242606648 0.9379072798490469 -0.02418404699844362 0.3438963457786801 0.0384755719516826
1750964170.366328 -6.152121447997864 35.199815093280776 -147.46189995340197 0.9343237910095006 -0.03541645939383397 0.35224632286993024 0.04131895427346804
1750964171.299771 -6.658752669664707 35.02001474145598 -146.8947445428389 0.9316514918442129 -0.03839087072502532 0.35983725484276646 0.03269233574783133
1750964172.100211 -7.200093117868234 34.82160622638297 -146.26083132838636 0.9320686770576023 -0.03748555233995489 0.3582957804558347 0.038300761368461424
1750964172.900332 -7.638483472779377 34.671064890438586 -145.7805309874947 0.9292326282226812 -0.0432081255964096 0.3651037465146377 0.036865089309381684
1750964173.700609 -8.176029006415796 34.493838530480105 -145.20979988979923 0.9290577184790028 -0.04600943117691077 0.36520342995830574 0.03689637819699869
1750964174.300943 -8.599833076974122 34.3581627293833 -144.74972965707906 0.9287121690591315 -0.048713666926846644 0.3656106981241891 0.03807234052650816
1750964174.900984 -9.019067868504683 34.21366093837299 -144.2342207150114 0.9358614741362078 -0.043866193195139694 0.3469113287227508 0.04349239388659094
1750964175.50121 -9.398687546351507 34.07589970268862 -143.75033240826463 0.9433611142911283 -0.036531894924519824 0.32689209994654106 0.04332186156163299
1750964176.501693 -9.874834902345938 33.894858396867654 -143.0764675408912 0.9464739014306013 -0.03255682213005027 0.31758162505099685 0.0476352671189803
1750964177.101781 -10.201161686445197 33.776681500436325 -142.62863080466474 0.9497241306192961 -0.03157911972718354 0.3075882278206046 0.049156047673288
1750964177.904198 -10.52348050339005 33.61093702820222 -142.0562093837635 0.9593276541912306 -0.01925852993595339 0.27826915907869426 0.043426213676684554
1750964178.702265 -10.823770603921874 33.44312649990885 -141.42429525248002 0.9696267027036937 -0.010294389342946375 0.23999285182686536 0.046059896048807655
1750964179.502575 -11.126267184047729 33.26439478648553 -140.75293002820808 0.9755074834832432 -0.00928490967844806 0.21541817170410416 0.04351955215893557
1750964180.302973 -11.412081353009208 33.078289651953845 -140.04935612020535 0.9775084486612104 -0.009484787821872757 0.20703623867905793 0.03902905929632443
1750964181.10308 -11.696674776610577 32.896386981964056 -139.40793686981323 0.9754690176294788 -0.0130647953678505 0.21661931327960746 0.03695375327686203
1750964181.903403 -12.047075033112725 32.687360232568395 -138.64634159152666 0.9749668832865998 -0.013688960201844935 0.21936693928202963 0.033620452302733375
1750964182.503726 -12.316119517461743 32.52417315223854 -138.06330348275182 0.972755030468791 -0.011359427541394213 0.2284314529015123 0.03791682250528693
1750964183.303832 -12.624990875321176 32.353050530227726 -137.3878798528382 0.9715970635353142 -0.008486054212936845 0.23234313505966658 0.04408855411663476
1750964184.104271 -13.006141832928847 32.165481239390154 -136.60234689048886 0.9715126794083679 -0.012108071015715503 0.23023756023672062 0.05483770802371621
1750964184.704282 -13.325227472826631 31.98669547484017 -135.95455290413926 0.9714406895666197 -0.01189687961665673 0.23307513101048397 0.04286530315025226
1750964185.304853 -13.676732838532992 31.80288428510671 -135.1956035908597 0.9710802616417972 -0.011839895207173903 0.23338734162586114 0.048921274513197326
1750964185.704653 -13.917768100890756 31.678185075910967 -134.68556861827102 0.9695261099399727 -0.008333825581251333 0.23902018274164955 0.05309446052079001
1750964186.104927 -14.14713986780971 31.545454568113527 -134.19697353770846 0.9711004812134585 -0.005023447658430007 0.2341489293319062 0.04596628387562266
1750964186.505108 -14.378676303141129 31.423502997423356 -133.68917940915372 0.9712297362799289 -0.0021036624640655994 0.23205331135286436 0.05347555198431851
1750964187.105141 -14.678915286283022 31.277837208654198 -133.0149332807944 0.9737001381959608 0.0019623330434746585 0.21820766760743338 0.06549506793276219
1750964187.638646 -14.917001181541494 31.13195196179215 -132.40684300187715 0.9775198358729893 0.006281942842400674 0.20170835450481855 0.06106756415583654
1750964188.238981 -15.184246643614356 30.936623133868203 -131.68309177087133 0.9811610017620097 0.004416700199639888 0.18818366940022987 0.043479741855043684
1750964188.839023 -15.463016156695348 30.74382200938045 -130.8988173935702 0.9813958056470722 0.005503569270553392 0.18617701637886536 0.04658435312292979
1750964189.439412 -15.722500214123913 30.58621871580288 -130.18569381194104 0.9792648803542539 0.006842506856611838 0.19404688100216064 0.05778652245999311
1750964190.039595 -15.928989935652634 30.447916399936588 -129.62041587256317 0.9780065442949756 0.012836147431457829 0.19950555865751723 0.05946397817224866
1750964190.839711 -16.16335072549323 30.314542978963733 -128.9220695357693 0.9766471810823328 0.023850587068432662 0.20154437849782017 0.07050742284576472
1750964191.439915 -16.345340346808776 30.162665320329328 -128.35842965326407 0.9779270406909986 0.033113882336984216 0.19913968679234467 0.053903237622290934
1750964192.240356 -16.541919805748623 30.028330629889968 -127.74865299034852 0.9768861693659866 0.048512188422154 0.19991671149640952 0.05808001498281264
1750964193.04045 -16.772651191946377 29.868580070494925 -127.02880691558839 0.9776199642210692 0.05182876647553245 0.19334586947589036 0.0647329844718438
1750964193.640657 -16.962417401603552 29.740050855827146 -126.45686822073384 0.9777942736727114 0.05106887944488153 0.19255074861597743 0.06507332120404988
1750964194.441086 -17.212647619287853 29.567815577868924 -125.7496464389522 0.9783568947337136 0.045192721116075515 0.19313899798115822 0.05892989007256044
1750964195.24123 -17.472059944874513 29.392601970224387 -125.04534893131384 0.978726848201823 0.03347568568114911 0.19481365953698246 0.05496156052107064
1750964196.042345 -17.75258007374372 29.218500303164628 -124.41758457372549 0.9725410011568285 0.020949740534517 0.2270660462355035 0.04654159523894917
1750964196.908409 -18.097481955887453 29.04173828394829 -123.728542042918 0.9689368175854347 0.008007892437113551 0.2406551287060974 0.05641299684981543
1750964197.842133 -18.54929915112405 28.813095192407093 -122.86763897545488 0.9676661105330372 -0.005037651972265781 0.24721965730213163 0.049793188609356887
1750964198.242343 -18.79672494399025 28.708563874210544 -122.43735672909307 0.9669687079747092 -0.01487334623187685 0.24887749279032237 0.05301221512058535
1750964198.842404 -19.15000154169027 28.542943879569368 -121.80585121137328 0.9662039645508906 -0.020272502192078542 0.25170978303349767 0.051779432849761796
1750964199.375937 -19.40961848609476 28.41916222005376 -121.33932818322921 0.9650864712938625 -0.02303611974348676 0.25644874682374 0.04807785732806617
1750964199.976162 -19.7297692675064 28.267083442823846 -120.84063444440436 0.9613529694258864 -0.02872961267501286 0.2711895645054881 0.037832494431352254
1750964200.576325 -20.117207438049327 28.108431581847906 -120.23559857287798 0.9585749150820989 -0.038220496263057284 0.2787988331632894 0.044096898615896676
1750964200.976472 -20.408536775884922 27.968010209473547 -119.80111113280554 0.9572348675983156 -0.03921173302084469 0.28475011844110604 0.032881883998842946
1750964201.64337 -20.816017850741407 27.77450599735536 -119.20846150460893 0.9555896360927708 -0.04611418946381989 0.2898106282299899 0.02705048404593386
1750964202.377108 -21.226207792554625 27.574025003357196 -118.62005617523096 0.9540404326824635 -0.04402612555411169 0.2956897734309958 0.02088326995653902
1750964202.843756 -21.460182789222134 27.460556652929863 -118.29765155012623 0.9510708047149856 -0.04342986358426412 0.3055908741630126 0.013870436046779917
1750964203.644042 -22.01244097234063 27.198918110601046 -117.56008746206284 0.9497267976545272 -0.04973349291140345 0.3088162274943622 0.013346427831387146
1750964204.244406 -22.394054617382658 27.02916846406724 -117.05477680080321 0.9471022431954504 -0.05135879312713512 0.31636480303363035 0.016520493460003838
1750964204.977842 -22.818481932040985 26.847098634031024 -116.52575939170498 0.9441871108050108 -0.05391194365904597 0.3244986648267226 0.01745905628217669
1750964205.644756 -23.16365590103005 26.7012655042193 -116.12749693214248 0.941408949037192 -0.061132648044608516 0.3314462153510202 0.012465807042829109
1750964206.378457 -23.689181388641675 26.483640847659746 -115.54175229284114 0.9388998369763439 -0.06942011137132978 0.3370907171278876 0.004218138119285292
1750964207.045204 -24.10317304011419 26.31768608278715 -115.09889339883793 0.9362811646033308 -0.07195159488424888 0.34380276536436005 -0.00045533554913554
1750964207.645425 -24.497534594614894 26.159622518941646 -114.68948888937634 0.9315884165630112 -0.07620908620208494 0.35543576788618153 0.0007824404290548381
1750964208.378983 -24.955966455378036 25.975633867171986 -114.2293858605848 0.9282330974357381 -0.07693027790922884 0.36395675350641604 -0.0007285209221220451
1750964208.979185 -25.25374372691226 25.851762281940506 -113.94182478281326 0.9251047887627367 -0.07624243386700696 0.3718950476173488 -0.007892695609063693
1750964209.846174 -25.671301332134476 25.650752522982717 -113.54949858673818 0.9210154277381002 -0.06707062783624887 0.3830839090707194 -0.021882215636279137
1750964210.779808 -26.119668004942042 25.441957628836636 -113.13010559143073 0.9179213478852161 -0.05829177674598174 0.39141479750108743 -0.028581885129699138
1750964211.64677 -26.65227374036461 25.279916240125818 -112.6350052308971 0.9161493846138953 -0.0766293237950887 0.39326707663451727 0.011800772925072452
1750964212.647083 -27.059077018954184 25.15006564964204 -112.29513911618217 0.9090161979129526 -0.0831206893404396 0.40813288359918504 0.014424016793664519
1750964214.247769 -27.66907210284603 24.995124273286915 -111.89707688580455 0.8855763528610265 -0.09323823809192287 0.45480816972620147 0.014514922017677113
1750964215.448134 -28.282215004351166 24.852439182605686 -111.58352535872802 0.8532586169035926 -0.09623494298097315 0.5124539297883528 0.008918423273805202
1750964216.581746 -28.99072678060053 24.689585124375956 -111.3487774765266 0.8136336422883793 -0.10409851630410763 0.5719808668592358 0.0012972998058873163
1750964217.382124 -29.6127052973309 24.52286060949608 -111.2215346043683 0.7934045453974404 -0.10091632894029401 0.5997191703345364 -0.025730111331872613
1750964218.182458 -30.37439418277852 24.37943238511016 -111.05520770599081 0.7893015513229527 -0.12353059290954918 0.6012123648681037 -0.01693948122870788
1750964218.849184 -30.938701957547835 24.21515113866224 -110.8746273225392 0.8004874226883614 -0.10200663956568345 0.589862423634658 -0.029611700155659202
1750964219.649601 -31.589926339297246 23.98666215379117 -110.71484629951831 0.7872966693111971 -0.07390649397768213 0.6097382703826149 -0.05404651950162464
1750964220.383032 -32.12814465653153 23.71000862399808 -110.6047367754947 0.7629147768107069 -0.028103837410681773 0.641114423261475 -0.07838057114342413
1750964220.983243 -32.5995237967246 23.474842987517405 -110.51901294255671 0.7512668655036004 -0.019228554125915853 0.6548266062180627 -0.08019024436648277
1750964221.717072 -33.0831322205754 23.238692176230693 -110.5037970239968 0.7131975832802909 -0.011169272384476582 0.6948051413059522 -0.09203407071497684
1750964222.717152 -33.737965844898525 23.05150065267525 -110.53191662911176 0.687162417364246 -0.0632171796496997 0.7219672392940114 -0.05074155836636418
1750964224.184452 -34.654508633361786 22.974051338418445 -110.74470233992781 0.6616601394402112 -0.14880335884422466 0.7340571140205411 -0.03497961732882992
1750964225.31813 -35.35179578838895 22.94331738325206 -110.97613666766587 0.6091882527324093 -0.1869470160927514 0.7695040032050858 -0.042474403564947354
1750964226.185187 -35.93552252726492 22.926582810808462 -111.26887642011972 0.5360418044632167 -0.20457254665255548 0.8178326613498796 -0.044260536070858704
1750964227.318718 -36.68019658522641 22.98218729696825 -111.85203651647197 0.4261887461715867 -0.23299043095255093 0.8732353604461858 -0.03922520857376565
1750964228.185798 -37.18106334055028 23.1036585006397 -112.50373900893484 0.34106379069029324 -0.25177381502292306 0.9047213819894979 -0.042007829267696195
1750964228.719212 -37.49813536806258 23.19078727062662 -112.97031141410034 0.2965778123027622 -0.25895151588626264 0.9180624517878284 -0.04633625240818923
1750964229.186034 -37.722452970068744 23.283100407954983 -113.41558542745096 0.2403463362793481 -0.2650956116101561 0.9325371185813931 -0.0482957328347417
1750964229.786239 -37.950621449843425 23.413156614505745 -114.0431073787354 0.18019328207515986 -0.26743892853643614 0.945059275853036 -0.05357019434723383
1750964230.386416 -38.207945577687724 23.59924053177243 -114.82655143966551 0.15242651743453453 -0.2765368096374156 0.9473789666992352 -0.05259888928702697
1750964230.919936 -38.36695169454526 23.744766681880325 -115.47250157335073 0.12069033543853029 -0.2816069108711347 0.9502693765531557 -0.055852508149845145
1750964231.520231 -38.491094597517076 23.899639395693402 -116.1396179185121 0.08762554561538369 -0.27910188217553655 0.9545409558013727 -0.05723169418670988
1750964232.187185 -38.61448423416557 24.109845384773255 -116.9665566342542 0.06822041614093932 -0.2820244788907338 0.9553168386311799 -0.05637291863736768
1750964232.787225 -38.699322154691885 24.27742134888428 -117.67176858312824 0.05514197310585318 -0.2794583193524309 0.9566984525535381 -0.05992062606793806
1750964233.32075 -38.75874679966185 24.441943099389768 -118.29407674793985 0.04742361378478705 -0.2854122681086969 0.955146922707925 -0.06312839385111778
1750964233.921055 -38.82390961060788 24.58692783268951 -118.92663082451892 0.05011700893739327 -0.279419156991572 0.9567518339125988 -0.0635542951040095
1750964234.387752 -38.90006576712064 24.711229755880524 -119.43044996162823 0.0612938148735819 -0.27909804049780135 0.9562344605947594 -0.06295242981474401
1750964234.987989 -39.03678042820622 24.872944998291814 -120.09218096074672 0.09303047433145141 -0.28112410544040495 0.9529540033213598 -0.06475519855417754
1750964235.588276 -39.19873886070467 25.015719399259748 -120.75715533896133 0.10578131338494945 -0.2713983973345732 0.9542409993418911 -0.0676560332695396
1750964236.121716 -39.37000430774523 25.19270146908818 -121.44538767300295 0.11743019184005507 -0.2825000742687697 0.9497079596051351 -0.06677311993009115
1750964236.788702 -39.65788834977603 25.37912875604424 -122.2866320682727 0.160369595680644 -0.27429677471919756 0.9457860645724411 -0.06731710199085167
1750964237.122152 -39.82582851284411 25.47290914205272 -122.71186885121168 0.1726224993291782 -0.2746604938927281 0.943403468659828 -0.06894186783483265
1750964237.722372 -40.09897581748631 25.619532884835372 -123.40188508466511 0.17957147431897988 -0.27819676703875557 0.941097786991019 -0.06852444629983581
1750964238.189007 -40.30945700928596 25.713026978399757 -123.9137979552995 0.18329986791261219 -0.27110047495964534 0.9423531478585604 -0.06983004812353956
1750964238.789373 -40.55419437708053 25.836991101651943 -124.52657000921688 0.18445166491010667 -0.26848826508646617 0.9427787164405369 -0.07113316139103502
1750964239.523 -40.85072078611879 25.98681317297437 -125.24509613925022 0.18444700106858075 -0.2729690684492566 0.9416787835001982 -0.06861676305640668
1750964239.989823 -41.01547662877959 26.068422240214492 -125.6680472616565 0.181994130560689 -0.2684985179616573 0.9434066690279759 -0.06906908952195256
1750964240.723363 -41.30578574621823 26.205904705702164 -126.36935745486518 0.18441251101431866 -0.26856956149685174 0.9430687520152126 -0.06696077501979841
1750964241.323606 -41.60475990217071 26.344115542101964 -127.09302269567193 0.18457734565258474 -0.2656752249858555 0.9440723481493675 -0.06383791788820084
1750964241.923833 -41.895841383075265 26.475323657429232 -127.76429221167682 0.1924979668155748 -0.2685193781724107 0.941799677869675 -0.062090603816907265
1750964242.523978 -42.18458033021142 26.59557494081889 -128.3952859560354 0.2062558777233386 -0.26569203784878753 0.9396435461801401 -0.06273962105674943
1750964243.124157 -42.5565483835126 26.727179797879725 -129.11447326548992 0.2232856186833165 -0.26331240320714844 0.9366422431446071 -0.059257228787072055
1750964243.724412 -42.92825433861468 26.84125560984505 -129.80534390869096 0.2332262657492831 -0.2597550542227044 0.9353715626055025 -0.05668210157841166
1750964244.324585 -43.31446957938586 26.965458479678446 -130.5202159574155 0.23701331364152103 -0.26049448781025375 0.9343191529806384 -0.05490930113088138
1750964244.85808 -43.61137083740708 27.077273554465137 -131.10533693461363 0.2247304482860999 -0.26146449062312915 0.9371516139518817 -0.05366002444743626
1750964245.458358 -43.906567168107834 27.178665304249307 -131.7013042222832 0.2232609395477046 -0.25854963113580165 0.9382215756217797 -0.055198878155287706
1750964246.05852 -44.19221607592881 27.288953316340457 -132.2795856521635 0.22010165928640452 -0.2590191069549057 0.938990068875831 -0.05255485100556189
1750964246.525307 -44.380790458447194 27.35396772675016 -132.6637428385859 0.2200266625688853 -0.2560356920366468 0.9399101972681779 -0.051017773701014395
1750964247.459023 -44.78646764115885 27.512572636345823 -133.4765704892176 0.21715984897853027 -0.2613583464149509 0.9392160029878543 -0.049058276390260794
1750964248.325903 -45.1507496509724 27.65503965343035 -134.24810491887 0.20930220425695673 -0.2577035938012554 0.9420009437574941 -0.049149435348608495
1750964248.926223 -45.39548113036403 27.753422717387814 -134.7779711472256 0.2056015972856043 -0.25659191660249303 0.9431661885874831 -0.04822978574726884
1750964249.459841 -45.64188697099511 27.8553675194211 -135.31107820826935 0.20550861596480602 -0.2591181650296106 0.9426089956969311 -0.045959401074646536
1750964250.126642 -45.91258035154766 27.96388122592888 -135.92394598002855 0.20115412040887587 -0.2561672453351992 0.9443826125238006 -0.04535243568572887
1750964250.727003 -46.17475101108269 28.05679794750982 -136.4825494274934 0.19947055246271594 -0.2539381851758733 0.9454208296743245 -0.04366178681312529
1750964251.660729 -46.549124835385285 28.20500437296081 -137.33068535250277 0.19865345994819358 -0.25572723201648023 0.9451123495022817 -0.04362376043027074
1750964252.327563 -46.88945016083942 28.34367056106503 -138.1072799245154 0.19867417579324465 -0.25434665429098013 0.945402210961697 -0.04528808709356515
1750964252.861101 -47.15083612188577 28.45430441220015 -138.6867924122783 0.19594883796376608 -0.2563762854899877 0.9455153041043067 -0.04331354111067802
1750964253.461272 -47.424009725653086 28.560501425853612 -139.31094899358746 0.19460988169908378 -0.25779884213164206 0.9455192277826845 -0.0407448258542041
1750964253.928103 -47.64896526599879 28.657243023892434 -139.79492529513917 0.1930819327331509 -0.2625071153422726 0.944715671003651 -0.03635495298898143
1750964254.461584 -47.89643594202202 28.754986643469405 -140.3474049884814 0.19418602964163362 -0.26100758402856766 0.9449780348356116 -0.034399718746155154
1750964255.061786 -48.220463862811485 28.85487875378732 -140.9871600552588 0.212328050213866 -0.24800869998850078 0.9446140623384426 -0.033358013352966565
1750964255.661919 -48.556579215862904 28.976139912588398 -141.67054902183867 0.2191003276629244 -0.24922594788018887 0.9427794321867936 -0.03237924592648267
1750964256.46202 -48.885376331273804 29.093072424869902 -142.3836633379815 0.19573171505296194 -0.2506231698027648 0.9474386826315082 -0.03517193673815974
1750964257.329222 -49.1634924952092 29.20562658758394 -143.0109383462253 0.1932964995467461 -0.2507360690354159 0.9478827080037716 -0.03586445057544705
1750964258.262469 -49.44222053594751 29.3261264319372 -143.65131649585518 0.19051464993654574 -0.2594595484460486 0.946008738511506 -0.03811007136698624
1750964259.329692 -49.66720367388128 29.419011412381256 -144.28160648152092 0.16952072404408264 -0.24754174521616404 0.9529675425431908 -0.04287973127361691
1750964260.463353 -49.9364160024354 29.573007826385325 -145.0831087470725 0.14896167606483635 -0.25439557948331404 0.9545703275221641 -0.04346030392820464
1750964261.463776 -50.16001866190176 29.71593931722545 -145.83177160980975 0.1376071211189297 -0.2590148663295907 0.9550711390412997 -0.04259927943027519
1750964262.263814 -50.323536476742774 29.812166893132343 -146.39533167766385 0.13666001601053082 -0.24885630547476473 0.9577898978580447 -0.04508980827779542
1750964263.264503 -50.631568318604465 29.969131957404596 -147.25817666998663 0.15207016275057775 -0.2537640946380252 0.9543576376353251 -0.04098718532270667
1750964264.064421 -50.84390402318939 30.083572223336674 -147.90608127563524 0.15301468306336896 -0.25131648224349906 0.9547985641316812 -0.042263866977001116
1750964265.065233 -51.05208506583407 30.193053044090366 -148.5266375878312 0.15239044292518744 -0.25217720170249835 0.9545948901952788 -0.04395915672105711
1750964265.931896 -51.27579383933384 30.307972813100488 -149.17773283077256 0.15659763148408185 -0.24975649491995908 0.9545752829751976 -0.043415483317517246
1750964266.932257 -51.58400321539975 30.440668842016194 -149.97336480841045 0.17587723123729854 -0.24912271308417977 0.9514810001496092 -0.04109719834950516
1750964267.732513 -51.87942643523896 30.54521962025356 -150.61386629747687 0.20276246611396914 -0.24411707386973305 0.9474759432452663 -0.039794139670980784
1750964268.866289 -52.300044156448436 30.655923387358918 -151.32098955260966 0.23953254028426443 -0.24167873958572833 0.9396987364213939 -0.03437780890715294
1750964269.666498 -52.67138106217488 30.745100615017396 -151.88543701790712 0.2634790757934719 -0.2396508978712479 0.9338967517184336 -0.031354120913861375
1750964270.867033 -53.149704663334724 30.848891295644012 -152.58895950422894 0.28511322296190017 -0.2378758254765139 0.9280612713351336 -0.028771833343744512
1750964271.733909 -53.50680561181764 30.908807300122724 -153.0824867204828 0.29285551648478675 -0.2293700760344022 0.9277790921754712 -0.029171403916505224
1750964272.467419 -53.93211055601059 31.023888888404418 -153.78618422939596 0.2577574276215623 -0.24478976798138088 0.9342245655329494 -0.02938603668936886
1750964273.067629 -54.19791055620402 31.093399172530656 -154.2968249597778 0.22864723412067384 -0.23709187070676124 0.9436708755009885 -0.03151453482017247
1750964273.801241 -54.47507686731047 31.185971518483143 -154.91159388510277 0.20583725530252683 -0.23688206714944776 0.948811914262264 -0.03569120264862493
1750964274.401234 -54.69954485093766 31.267783854990018 -155.43244092332176 0.19212929398625325 -0.24331519857201733 0.9500640976636818 -0.03552828263085237
1750964275.401767 -55.00587881986388 31.412334456474913 -156.27285711785512 0.16692170367441886 -0.24778125260443248 0.9536167647828305 -0.0368328878223745
1750964276.201883 -55.222614827530194 31.53054584461253 -156.95119854483812 0.14349046189860076 -0.24695639037472833 0.9576487434638792 -0.03649537969749502
1750964276.868921 -55.370470593728584 31.61014332743073 -157.46865304250542 0.1316028494662013 -0.24814118996975687 0.9590153887364543 -0.03736474299974279
1750964278.069137 -55.583413501934615 31.744279693201065 -158.24737552827563 0.12312455044060937 -0.24821727622328368 0.9600826135405417 -0.038339327592626884
1750964279.069641 -55.817507560613414 31.896085505075355 -159.11505996652343 0.12387590636270358 -0.25157203825426966 0.9591044017916444 -0.038535903457725784
1750964279.803254 -55.976814118160455 32.005630217458034 -159.76732512958114 0.11768295776280598 -0.2471155110893975 0.9609129559809214 -0.04160452690791534
1750964280.603583 -56.23313002053844 32.17007884127705 -160.70050140719553 0.11960754485086988 -0.24705663349197643 0.9607993324737882 -0.0390089448752633
1750964281.203722 -56.4733558678363 32.281741570118804 -161.42960355335845 0.14195154810177893 -0.23913493074090503 0.9597783410438094 -0.0385976547764748
1750964281.670546 -56.67938089615962 32.3735110089819 -162.01895238593227 0.14900514008244453 -0.24308804941664452 0.957665317107844 -0.039784530518213256
1750964282.20387 -56.901251748127365 32.483634860659215 -162.68410835132187 0.1477575823712784 -0.24566541864312438 0.9572209829528885 -0.03929616685376695
1750964282.67086 -57.09804696763826 32.57696724875401 -163.2668520305757 0.14720361820806022 -0.24651622765970777 0.9570527056759289 -0.040136801632249315
1750964283.204392 -57.3122537782595 32.67871494151223 -163.89866902065927 0.14736888679845145 -0.2418589501146422 0.9581796791611278 -0.04096781536653492
1750964283.804612 -57.54498928605064 32.799409792934036 -164.61854629676867 0.14704611602482537 -0.24427657348949622 0.9576393021010157 -0.04041487940998901
1750964284.404616 -57.76238575220128 32.91706185906426 -165.35616460337312 0.1406294390034882 -0.24011804771933662 0.9594716675331534 -0.044506215814966804
1750964284.871648 -57.9356013901867 33.01814801306949 -165.94760318835588 0.1380987917851442 -0.24547662764669367 0.9585131128834445 -0.04384702289983684
1750964285.471824 -58.150307482493204 33.12683094396594 -166.675074858581 0.13490055893298822 -0.2374545518023179 0.9610226302925975 -0.043042758896534535
1750964285.871969 -58.297903632827826 33.20600042872167 -167.1589635713847 0.1335460412855096 -0.244615185620484 0.9595136177420333 -0.040773559918413076
1750964286.405428 -58.497010621717074 33.308252141419274 -167.80927876822633 0.14004591969108332 -0.24542619676873595 0.9583936499678225 -0.040431844119050334
1750964287.005669 -58.7488476737283 33.41064023389982 -168.55589085694933 0.1524742772397064 -0.23752244227055977 0.958557144929411 -0.03876704918914777
1750964287.472511 -58.972633795593545 33.51186437288258 -169.1400783866602 0.15862341086146134 -0.24376011371507048 0.9562433572005072 -0.03191022247172571
1750964288.005818 -59.22347618085402 33.59691476840896 -169.754647860752 0.17249469425313088 -0.23535601205643836 0.95595637459391 -0.03163128066766367
1750964288.472662 -59.46986006487014 33.678194792849474 -170.3271303893385 0.18380317649458686 -0.23305927923928502 0.9543577722110873 -0.033181429915770014
1750964289.073046 -59.77443120906106 33.768417167720045 -171.02213694284927 0.18589615741907117 -0.2311143941703732 0.9545613148022354 -0.029007787697669485
1750964289.806607 -60.107550734771515 33.90037506738863 -171.8272784764071 0.1812513403398836 -0.2361781464349905 0.9542805009916333 -0.026768642077722057
1750964290.206576 -60.28766121075249 33.96884984115661 -172.32661208334886 0.16707886059780996 -0.23418624921020748 0.9572009560969135 -0.03174562441261447
1750964290.473335 -60.3906640517612 34.016405107182685 -172.65641328859866 0.15452867416913996 -0.2346265045204489 0.9590829139106369 -0.03508926446543516
1750964291.340466 -60.68851535769532 34.168402695323564 -173.68865537004737 0.14622804885247898 -0.23858140059704522 0.9591424321750488 -0.04173808595612765
1750964291.673927 -60.81696704417745 34.22803486315577 -174.09652017285 0.1438621303358255 -0.23656294191184415 0.9598407285601739 -0.04524862170636824
1750964292.00718 -60.93016973086898 34.285641144053045 -174.47961622902804 0.1415555605058592 -0.23794269207172875 0.9598116135612206 -0.045901688994379464
1750964292.607556 -61.11105226480262 34.36321310607072 -175.09492699520356 0.13999373656014902 -0.23217879296812158 0.9615387962921441 -0.044021642914006016
1750964293.407847 -61.368583064684344 34.47720680056931 -175.92470278548575 0.13873342145036469 -0.23300192541806106 0.9616394365607642 -0.04138519753786071
1750964293.941163 -61.543760615385736 34.55091580447373 -176.50680664596675 0.1388379649456694 -0.2319705662092201 0.961796950477783 -0.04313121785848324
1750964294.541393 -61.72932896241479 34.6439502657471 -177.16049178516926 0.1365579808116909 -0.23591221094031903 0.9611295112803899 -0.04390226818517448
1750964295.275203 -61.96737767220785 34.749512132858094 -177.9183984282709 0.13538712561791802 -0.23550237132896212 0.9615149843927854 -0.04120551059622274
1750964296.008538 -62.22715158389113 34.856676513606295 -178.72783572281386 0.1431573610122759 -0.23413092126206111 0.9607490960000591 -0.04061842232348069
1750964296.742269 -62.50224747102808 34.9723907073425 -179.5101166672692 0.14945585827038216 -0.24027809765877942 0.9583632459147846 -0.03833107217153868
1750964297.409183 -62.723418735871405 35.06068015098915 -180.16897368830968 0.1499128737007719 -0.2312564838254859 0.960503211168765 -0.03847272179011952
1750964298.142585 -62.94266413789301 35.15243259976846 -180.8473488987335 0.15031326498263511 -0.2354991522837961 0.9592563830875158 -0.042110131200585904
1750964298.809627 -63.161995767964775 35.24563257850912 -181.5286806621966 0.15030478572646416 -0.23295842270622552 0.9595505047134315 -0.04900687280523267
1750964299.543246 -63.38452710663663 35.33602715580796 -182.19415815696374 0.1487094531352889 -0.23483420514816422 0.9592487067839128 -0.050796783107043816
1750964300.209989 -63.60107099431175 35.4206698455409 -182.86643474512888 0.1468964512790663 -0.23568447454268893 0.959295768737746 -0.051243430242426544
1750964300.743671 -63.752815594345854 35.4961159992268 -183.40269987836444 0.14190500316100205 -0.23233110124511033 0.960789516683198 -0.052618761898937855
1750964301.210462 -63.883773585411596 35.55859817663247 -183.86888912912863 0.1390972678760223 -0.2344439933647835 0.9606224949546263 -0.05378090954742713
1750964302.010552 -64.10154284542679 35.653302756887825 -184.6055185809866 0.1352002852688567 -0.23326322787193646 0.9612906105709611 -0.0568287903627534
1750964302.810994 -64.31123167935057 35.75976084105309 -185.41337661247297 0.1278663268926361 -0.2322064202721062 0.9624047880459956 -0.0592233465581104
1750964303.544605 -64.47355510764322 35.82537728642129 -186.10383706085946 0.11484574799285334 -0.2249746978225537 0.9656117130965364 -0.061569952398755866
1750964304.077919 -64.5920652842218 35.900466081327714 -186.6341425395239 0.10444405391795887 -0.23272926474518538 0.9650479889560564 -0.060090830783234135
1750964304.878388 -64.73884750599859 36.017415427353214 -187.46138643876708 0.08996513015836073 -0.23298151013106255 0.9662814435671484 -0.06265830440114407
1750964305.545268 -64.8378694358706 36.07820688112533 -187.92955459230623 0.0996399007706226 -0.2292311849466137 0.9661236134009901 -0.064265991406078
1750964306.47874 -65.0739792812187 36.17828960914581 -188.7119183662244 0.13187161924002352 -0.22687454886439387 0.962954592624455 -0.06209885393517236
1750964307.345858 -65.3967100706949 36.28719022121794 -189.63377223767068 0.1561475592652919 -0.22593126546239511 0.9597322593032166 -0.05905077031501019
1750964307.945892 -65.6183581973328 36.362162821358176 -190.21778217908494 0.16707013557812148 -0.2301226706744076 0.9571354991190437 -0.05497965592585384
1750964308.746315 -65.92888097073188 36.45890554496184 -190.98626349789157 0.17835451973214234 -0.23436499604409217 0.9541049363663971 -0.05428152836502424
1750964309.279864 -66.16328799974738 36.50328393226666 -191.50887252718653 0.19682583582078278 -0.22326012174425014 0.9531561785532068 -0.05392409181470055
1750964309.879898 -66.50373480372659 36.575592387980414 -192.18698743695282 0.2124705839782852 -0.22259376129336186 0.9503081053383551 -0.04714629683682708
1750964310.346715 -66.74812879719816 36.617619103356844 -192.71476152964743 0.20317192351334262 -0.21407110883525665 0.954291391765455 -0.04714519551643885
1750964310.880509 -66.99526825971039 36.6711831457491 -193.30525771760853 0.1914722868393149 -0.21348462600753476 0.9566318882083674 -0.051167453462525596
1750964311.347208 -67.19912733631887 36.744974051194774 -193.84776419194827 0.17562987908055108 -0.2246583380768324 0.9573234863519795 -0.047058678111458245
1750964311.947244 -67.40874740200276 36.794517451108035 -194.48582790971608 0.15411506637470976 -0.2178933328684972 0.9624387053462967 -0.04982750504612365
1750964312.480772 -67.57760466541222 36.861506222538694 -195.09788732611372 0.1393058525774677 -0.22101976578992089 0.9636641514355068 -0.05563762940598798
1750964312.947775 -67.74329673359225 36.925863238094955 -195.68865149799444 0.13108336692808373 -0.2253342677884799 0.9636839457147144 -0.05792125211652729
1750964313.481284 -67.91819572531709 37.01080583258226 -196.33934094942867 0.1211529811200329 -0.22876696183831538 0.9641111417018016 -0.05896896457836522
1750964313.881264 -68.00592465374383 37.06678507120673 -196.7603601135711 0.10820957737219081 -0.2291337174634944 0.965553066042752 -0.05912447498060737
1750964314.74836 -68.18834823845572 37.19723920515642 -197.68338904108646 0.09312367578977623 -0.23505061436560415 0.9656594783451135 -0.059841136152283335
1750964315.348576 -68.31741685840402 37.27955231821212 -198.36071145105151 0.08841957051478902 -0.23183265065133835 0.9668378720160156 -0.060499015508497636
1750964315.881917 -68.43129086805602 37.3629267758497 -199.01065336003865 0.08352865657894375 -0.22734690744552594 0.9683199964442734 -0.0607678508031554
1750964316.34877 -68.52955709852587 37.43669186745874 -199.62182124398058 0.08071959531290873 -0.22829029796676986 0.9682916719992788 -0.06147458599783276
1750964316.749032 -68.61816499480678 37.50448217405669 -200.15925207820783 0.07768631434087182 -0.2265290098166216 0.968895332227035 -0.06238012074607878
1750964317.282554 -68.74851130521884 37.595935972793605 -200.88598343640223 0.0835574573154483 -0.22831220538652408 0.9680868187674515 -0.060824333348047405
1750964317.749394 -68.87411981104866 37.65748492789258 -201.4891416099004 0.09384039075978666 -0.21793666315136104 0.9693902589970012 -0.0630881738381096
1750964318.283189 -69.01763615624054 37.738309215527906 -202.21646995648982 0.09686128978712304 -0.22127725391363523 0.9681769644257748 -0.06548001982671854
1750964318.749702 -69.1371632340223 37.80592035530216 -202.8345113223976 0.09599509379148707 -0.22137969942471086 0.9680187683024285 -0.068670480301492
1750964319.283229 -69.28065800089954 37.880629236512554 -203.54073921346657 0.09566241730148495 -0.21948002581217968 0.9685126018940287 -0.06826829540848552
1750964319.683391 -69.3868958131915 37.94996690577267 -204.07941041838998 0.09527444634016442 -0.22030217005141342 0.9684001868098131 -0.06775553063722771
1750964320.150042 -69.50583163217887 38.020736216544066 -204.6611514253911 0.0966254337006697 -0.22673894518510831 0.9668100459758907 -0.06731501540219699
1750964320.683824 -69.63970689768824 38.10391664773943 -205.34106051319338 0.09624765982746211 -0.2255843023425442 0.9670055678806215 -0.06890821578187388
1750964321.083839 -69.72582401531187 38.1555577555376 -205.81371762924238 0.09401598536796345 -0.22009416348598032 0.9682528682120382 -0.07215217871872535
1750964321.684071 -69.858664598324 38.246917913216244 -206.52198745138963 0.09830639276339902 -0.22619088719322253 0.9663951029541588 -0.07248476170073348
1750964322.217386 -69.95211834976307 38.30090491723203 -207.0008780065352 0.0995486561680195 -0.22400081736327315 0.9668508970710525 -0.07150553620963927
1750964322.884462 -70.08936631659692 38.36318472645483 -207.57089647296394 0.10656664418625555 -0.21988208428917216 0.9672880756534888 -0.06818502807874942
1750964323.884622 -70.34714955641724 38.44586189128051 -208.4341055088808 0.1303723907377641 -0.2195748343749538 0.964956305747651 -0.06040910395277639
1750964324.684908 -70.58411802759987 38.50439932109431 -209.1532993921578 0.1405837896460609 -0.21539756821522446 0.9649065735767749 -0.05287144753123044
1750964325.618714 -70.78424164395986 38.593468329405866 -209.99309969278644 0.122787418260958 -0.2155935506316515 0.9670167148835176 -0.05763110252924103
1750964326.418853 -70.96617190798563 38.66162044462799 -210.71787584761753 0.11819001169640644 -0.21668349487539962 0.9673276392393676 -0.05793636636326021
1750964327.285935 -71.15765582462191 38.7363121687563 -211.54255136099658 0.11048178958033236 -0.21281301663601862 0.9691136933504909 -0.05764584531408677
1750964327.885958 -71.30541932873957 38.794822252684355 -212.14952325302602 0.10895106124766242 -0.2136636210422061 0.9690772297933276 -0.05802452922886076
1750964328.619575 -71.45409769383669 38.87318500802891 -212.89260867266273 0.09996023739585666 -0.2188166074339756 0.9686878886108946 -0.061408612664809514
1750964329.219922 -71.56913614528303 38.92946713372569 -213.48164919656972 0.09310796883320314 -0.21887827949093452 0.9692892100563596 -0.062463046476793634
1750964330.086733 -71.68326141797489 39.039311595433375 -214.31913861834946 0.07342687302990775 -0.22356564748753485 0.9695967298639787 -0.06714966133650742
1750964330.620241 -71.76812576247796 39.11117062377698 -214.87273088080306 0.06712296536974224 -0.22347365092882673 0.9702643653607383 -0.06435134941582102
1750964331.62074 -71.91137404786753 39.23685549151538 -215.99328834863823 0.06928653040022473 -0.22206892826154206 0.9704411303742297 -0.06425558562378951
1750964332.220772 -72.03660814496922 39.317365690176395 -216.71036706157795 0.07758619076526875 -0.22331128893457547 0.9693274394680053 -0.06720689199267019
1750964332.821133 -72.15857780832785 39.40249937623645 -217.45329270184354 0.079017402555628 -0.21818881237737253 0.9702372177661202 -0.06920717815495549
1750964333.287958 -72.26248135523875 39.47195048478916 -218.04760368707838 0.07688018123154906 -0.22230201014821074 0.9696670412466908 -0.06646114005761024
1750964333.887991 -72.38876862095402 39.54276893437646 -218.77437994223015 0.07726465790161434 -0.21583232254787224 0.9710992934563227 -0.06642848358624924
1750964334.48854 -72.49921632297291 39.62952971475463 -219.47273422021013 0.07946457264497603 -0.22335562337064208 0.969039266149907 -0.06899672356505616
1750964335.08856 -72.61207325500436 39.706648751544094 -220.1561000277108 0.07988117862001892 -0.22006311147230445 0.9695480741106212 -0.07188710774395109
1750964335.688588 -72.72373440587523 39.76394410064491 -220.8431080354976 0.07710162047023543 -0.21051314589398784 0.9721857270911438 -0.06778250192302104
1750964336.288808 -72.84774780426734 39.8451668193014 -221.51725838345374 0.085215812574809 -0.22131829976819958 0.9692244320807302 -0.0660338983607241
1750964336.889165 -72.968946318188 39.91017650220097 -222.16650776869548 0.08059271713046767 -0.21466176979034113 0.9711282004299696 -0.06584190812587273
1750964337.48938 -73.05048614085487 39.981858872882704 -222.7845824968984 0.06709313315431706 -0.21961488118408873 0.9710673691835369 -0.06554372550443092
1750964338.289511 -73.09840335057665 40.07281177206064 -223.57384539415236 0.034104608092091405 -0.22296907613055475 0.9716968097457199 -0.07019242641739905
1750964338.889834 -73.11819592245627 40.14654535569468 -224.1701403202162 0.019479631318091613 -0.2237000790753324 0.9716926880650574 -0.07343118238394541
1750964339.490085 -73.12224412257918 40.21917837836196 -224.75145498973203 0.014808448503514838 -0.22312597151455243 0.9717669796717993 -0.07526252658630819
1750964340.090084 -73.14180652034354 40.311000422370014 -225.43556669366396 0.016823281135175592 -0.22483986836943115 0.9712692093815455 -0.0761586089080622
1750964340.690299 -73.18956044666798 40.40686504785021 -226.14937155367545 0.03573104847443248 -0.22232153029711876 0.9712095317855665 -0.0777719403777861
1750964341.290662 -73.25653998520649 40.47983910996951 -226.8096707851774 0.04266464590678306 -0.21849971397366527 0.9717492188895454 -0.07836490649923508
1750964341.890692 -73.3246089098862 40.55231628156061 -227.4470342509637 0.04841699785997597 -0.2191102209203744 0.9716747478983262 -0.07412617421111231
1750964342.490938 -73.39750480632063 40.62683249176389 -228.06319708335562 0.05204206193296394 -0.22308521865854222 0.970918689017734 -0.06958094798089819
1750964343.091273 -73.46203468214128 40.689635687804866 -228.6806910298185 0.05532570389380523 -0.21788936152006122 0.9716931405664581 -0.07263424262101668
1750964343.691295 -73.53470534374644 40.755396874595945 -229.27261416330398 0.05904045142459661 -0.21966414951523722 0.9709670237716047 -0.07406028126762247
1750964344.291548 -73.6161018694 40.82556616964989 -229.86637260993427 0.05919564596665016 -0.220692444911498 0.9711088656473917 -0.06883524764691794
1750964344.892011 -73.6917630999798 40.88506318042325 -230.4475125745039 0.061941245697540975 -0.21640681425390712 0.9719137861556204 -0.06866560351849205
1750964345.492092 -73.77699127323687 40.9470156898532 -231.0401001262366 0.06701779117078457 -0.2159577619120042 0.9716624741524988 -0.06886869434214538
1750964346.092156 -73.8794267217885 41.0052747696268 -231.6488144365232 0.07908085819218634 -0.21618407105308468 0.9706579510953137 -0.06952558713128433
1750964346.69237 -73.9977138433279 41.071514108523395 -232.30961751577428 0.07528666779495917 -0.21532761626261318 0.9711702946684905 -0.0692401190099336
1750964347.292735 -74.04326506254736 41.13391563247851 -232.88595450363053 0.04132780652702316 -0.2163366205522058 0.9729551347943579 -0.06963321544355515
1750964347.892741 -74.04631826410235 41.2097822633545 -233.51389960969686 0.014230861525434587 -0.21684033120673893 0.9735205822105104 -0.07096075926104904
1750964348.492979 -74.06559061245989 41.30723902338468 -234.28760143024547 0.011332225440872881 -0.22248422367958082 0.9722808334923183 -0.07100937757602539
1750964348.893215 -74.08945221298914 41.355790901037295 -234.73592073152378 0.019444719498120138 -0.2144451704484574 0.9739127171007581 -0.0716183721149134
1750964349.493432 -74.12595834986551 41.45998777940872 -235.52489932500956 0.017237903629944044 -0.22282477743809415 0.9721355341516462 -0.07074232451511635
1750964350.093468 -74.13518066699453 41.541033039060736 -236.2556815694674 0.006398586125942667 -0.21843828480951216 0.9733191298517437 -0.06995459448607955
1750964350.693681 -74.1371571458607 41.6329645464587 -236.98414673956452 0.002746162554695111 -0.22466413951435996 0.9719274710323114 -0.06982459495214378
1750964351.160753 -74.15157954178875 41.716066717130566 -237.57226637396536 0.0021864152313648016 -0.22749556393160225 0.9712260872781165 -0.07043348188410596
1750964351.760689 -74.15444541244806 41.79220094576931 -238.27322211369759 0.0005520029119658018 -0.22071001160070403 0.9728888251454159 -0.06909500690480203
1750964352.227551 -74.15951586815409 41.872440579786996 -238.86596408673387 0.00022487028443412519 -0.22346067921275703 0.9722735991571557 -0.06891532965254618
1750964352.76107 -74.1686151168034 41.94906181324791 -239.54766366213684 0.0006456404829744159 -0.21963649572206762 0.9731695403503288 -0.06855974496471462
1750964353.294713 -74.17599343454482 42.04753229906575 -240.29166923358517 0.002123425513559241 -0.2237715509193454 0.9723978313724927 -0.06606240689917693
1750964353.761368 -74.18797410764755 42.12936238845793 -240.95294264895128 0.0012232910631915297 -0.22057164176727498 0.9731649363939944 -0.0655489205123652
1750964354.228237 -74.20553003535731 42.209240838283975 -241.5798584360529 0.00030915923813701124 -0.22373240209793865 0.9725286536199039 -0.06427856999271625
1750964354.895262 -74.19968388811085 42.30550742657137 -242.4215231537399 -0.008836703949927605 -0.22035352654926554 0.9732929837995277 -0.0637730639628972
1750964355.362108 -74.19111009310967 42.38084574432823 -243.02313177493187 -0.014368592583550633 -0.22047999228238574 0.9732701657905335 -0.06266818117988131
1750964355.89543 -74.16619171057175 42.478571343888525 -243.7579428457977 -0.017066790316881627 -0.22147503250635606 0.9730300141197329 -0.06221033890552633
1750964356.495644 -74.14753375392878 42.58406169155713 -244.5739804451754 -0.013413455920715363 -0.22477691500445426 0.9722927836490808 -0.06278662712126794
1750964356.96261 -74.13599423846645 42.66917716378973 -245.2229684977562 -0.01627871236321179 -0.2225679092377155 0.972648347484844 -0.06444937110903441
1750964357.696023 -74.1025386586986 42.796340494719104 -246.20245286104222 -0.018803075910119853 -0.22499578104146828 0.9720076448979114 -0.06499600841493022
1750964357.896091 -74.09343280241845 42.834279869313505 -246.4730924459648 -0.01921695920899426 -0.22425862561783105 0.9720391427399065 -0.06692295791601614
1750964358.496338 -74.0646782946143 42.93406348359141 -247.25262188057317 -0.021163728004842973 -0.2229164931848946 0.9723205268432518 -0.0667317522799103
1750964359.096666 -74.03475670656191 43.03907795258296 -248.04967269190496 -0.022914486409342006 -0.2234150923077781 0.9722082591838268 -0.06611901100633721
1750964359.563316 -74.01409582260807 43.130696770133575 -248.6856963955609 -0.023146481402804064 -0.22673577125651567 0.9714576498527375 -0.06576598645180293
1750964360.096865 -73.98274531075721 43.21172068152603 -249.39069514081507 -0.02531624847551332 -0.2181515461041965 0.9734248214724768 -0.06490845427793972
1750964360.563874 -73.95457449097397 43.31320525773973 -250.04815659872568 -0.02453046603339063 -0.22615549439432892 0.9717679689498323 -0.06260162229973733
1750964361.097487 -73.93388153754616 43.39732151705723 -250.76992674467255 -0.023911324932096262 -0.22100275219487217 0.9730127158054694 -0.06190546779686333
1750964361.697581 -73.901376058738 43.50140679416567 -251.5824639905415 -0.02246735841246155 -0.22055437513523077 0.9731267816810742 -0.06225152359347273
1750964362.164488 -73.88295158206843 43.58292396689042 -252.2055507063249 -0.024320721801305904 -0.2218947107598588 0.9727724711610312 -0.062329440709209996
1750964362.764778 -73.84733524046813 43.67633679626755 -253.01884550195683 -0.030231131316636156 -0.22219899352554923 0.9726616764650367 -0.06035684809343205
1750964363.365218 -73.810603411957 43.80081947627116 -253.86022225766493 -0.028686637670660767 -0.22613686761868743 0.9718623438569574 -0.05935299921336452
1750964363.898631 -73.79399912210219 43.891269161111964 -254.5804860096376 -0.028050851021533145 -0.22256509952502473 0.9727359245299065 -0.058845113300355426
1750964364.498914 -73.7602092017811 44.007259487143685 -255.36126922462407 -0.0278198191385074 -0.2254116787613518 0.9719662562682083 -0.0608048469865144
1750964364.965888 -73.73539698179765 44.09514026107789 -255.9886943153676 -0.024245283988856486 -0.22814290009252247 0.9713249748893616 -0.06237608915164407
1750964365.499226 -73.70492704241742 44.197200098946844 -256.7263966388461 -0.024293310867138564 -0.22485425766708178 0.9720884979038974 -0.06240472817858003
1750964365.966069 -73.6789822452829 44.28004116636719 -257.3495468225743 -0.025295575535119037 -0.22252059993045228 0.9727399139417531 -0.06018119548105824
1750964366.49963 -73.66212769999947 44.377232061855004 -258.0752389505744 -0.023838819327317705 -0.22542791711893245 0.9721729343647394 -0.05910795686835588
1750964367.099932 -73.62005007611886 44.48038432462548 -258.85835953456876 -0.02649501525135728 -0.2209376978397588 0.9730675641454355 -0.060200194751898
1750964367.699986 -73.59486337653698 44.60218090489352 -259.66744765758153 -0.02586616096569088 -0.23314589602313865 0.9704070184541902 -0.057307516254970804
1750964368.166837 -73.5553641340514 44.691374671139684 -260.31318845543245 -0.03437680199517964 -0.2300975202885988 0.9709211082239148 -0.056440838467080846
1750964368.767023 -73.47198297543841 44.804927649635566 -261.10410708432283 -0.049950272734774266 -0.22981980852446077 0.9701948338742749 -0.05839358001672845
1750964369.367372 -73.37070257931023 44.9193599204927 -261.8939574102347 -0.0614562318892375 -0.22760669709579354 0.970007340715449 -0.05919528661357118
1750964370.034102 -73.23927326782535 45.049923869578535 -262.78960444084584 -0.0691400206545322 -0.2293382952324509 0.9690208794812722 -0.060184209001246415
1750964370.16749 -73.21247699627064 45.079378654763545 -262.9873187367462 -0.07041215396245332 -0.22873586280923477 0.9690725710781729 -0.060169640378036994
1750964370.767766 -73.09518201385842 45.19107911153565 -263.76492364674726 -0.07494603174269411 -0.2285520685019069 0.968754755399878 -0.06050841428797681
1750964371.301345 -72.97326923047476 45.29641722371294 -264.48113597906297 -0.08229408696554656 -0.22749302574572178 0.9682368969547425 -0.06318162599217403
1750964371.901386 -72.84450277287013 45.42283281023138 -265.2797229578729 -0.08739503870008088 -0.2316315379867437 0.9666890712991336 -0.06497058758642726
1750964372.434905 -72.80911207449222 45.51840667169941 -265.86194044548586 -0.046558398397440186 -0.23042478981275455 0.9700745866040926 -0.06076206220424112
1750964373.235205 -72.77292318535035 45.624530828290524 -266.66181618465396 -0.031548959464767976 -0.22770487924628843 0.9714343364149742 -0.05891078982769073
1750964373.835173 -72.77432489811777 45.70338211441655 -267.2754650613932 -0.010113947947833038 -0.22646206744684622 0.9723743719698591 -0.055684116234620926
1750964374.4353 -72.78582636901832 45.79545253176868 -267.9844794298015 -0.002514486971890319 -0.22752366124057513 0.97221335583557 -0.05502591812856484
1750964375.035577 -72.7990009220075 45.891743384335925 -268.7224163167258 0.0016809284283372816 -0.22806668323986204 0.9720208506785201 -0.056198116710378894
1750964375.635507 -72.80803118204129 46.01220399849898 -269.5496350777924 -0.004997887426688024 -0.2326306069083878 0.9710117455945267 -0.0547193911531846
1750964376.435687 -72.73410487102358 46.15378513879689 -270.53925364663877 -0.04124503160498686 -0.23219182531634028 0.9701107587819177 -0.057191951529405934
1750964376.835771 -72.68121892604242 46.23885174737461 -271.07978533423886 -0.0469893335290735 -0.22984319908500833 0.9703362543977888 -0.058409415081238855
1750964377.102627 -72.6484554823137 46.29597205959541 -271.45014991388797 -0.051796638631492815 -0.23273371128230944 0.9694284113484181 -0.057971399238966236
1750964377.436067 -72.59862213959148 46.364532938457884 -271.9146793607146 -0.05699949188978107 -0.2338537210400866 0.9687943166392967 -0.0591698160163628
1750964378.102671 -72.58088417604961 46.50031728803914 -272.8169474078789 -0.017663278992318187 -0.23134056495629493 0.9709815673377837 -0.05800299536405846
1750964378.436078 -72.60073098387008 46.55397434228862 -273.2783238018272 0.001388795713524764 -0.22677053748240733 0.97234374872534 -0.05586437944843902
1750964379.236395 -72.63989172293132 46.69428550429129 -274.3638654996732 0.008887667154580342 -0.2279170707013734 0.9720422317089846 -0.05575587887991002
1750964379.636325 -72.65836341963968 46.758701177531705 -274.89207109682195 0.006681393380160535 -0.225447819915826 0.9726992947582297 -0.054632604317781594
1750964379.903022 -72.65937502757839 46.81168004465207 -275.2694295838098 0.0051337752443342795 -0.22557220104373057 0.9726355133469001 -0.05541646546325085
1750964380.303172 -72.65219065260715 46.89368174981496 -275.8162928711172 -0.010801854333702938 -0.23219012763385233 0.9709029009221778 -0.05760747827520926
1750964380.636534 -72.62688667541786 46.95496917214215 -276.27737656920374 -0.024656457649974994 -0.23138553970731274 0.9709203632367335 -0.05627112370266075
1750964381.03672 -72.58640600953852 47.035873522712606 -276.8088380495773 -0.036873946363449824 -0.23009032586652178 0.9707817049426535 -0.057285559880811264
1750964381.436635 -72.53996147496946 47.114775254700085 -277.3480876570535 -0.0495644179343856 -0.2323797691465196 0.969726525621211 -0.05633362115868934
1750964381.836725 -72.47920216623967 47.19579052426542 -277.88743679984094 -0.055833619422431334 -0.23567007540936116 0.9687095292208049 -0.0542592894861691
1750964382.23712 -72.42043013373255 47.2616783162242 -278.417681773789 -0.051819008121725005 -0.2306795562824411 0.9701050470620071 -0.054753359489968755
1750964382.637226 -72.40567872501049 47.34292667804812 -278.96413601491844 -0.03456006189377418 -0.22787921066407657 0.9717050763389948 -0.05163247123704248
1750964382.903908 -72.4099141376743 47.39324748450122 -279.34012700215453 -0.023083919133332947 -0.22622432789376792 0.9726486580501302 -0.04737377058815757
1750964383.437443 -72.4565435100769 47.500268727196534 -280.0745686895185 0.010324927063463054 -0.22850314390372564 0.9726286827380057 -0.04090421277300713
1750964383.837382 -72.52768775994547 47.572007841801025 -280.6343048353902 0.03643115876553368 -0.22572742418688313 0.9727551851840874 -0.03830470386815687
1750964384.237972 -72.62201863803246 47.637371335772436 -281.1945226231961 0.0582826988384455 -0.22518476714556732 0.9719747154838321 -0.03406024253917318
1750964384.570935 -72.71428775917599 47.69980353505324 -281.65822758617287 0.07449597249108177 -0.22588035085907826 0.9707167537700571 -0.03372537810773953
1750964384.971186 -72.83052177334827 47.76315743522055 -282.1960204112355 0.08847902126877942 -0.22641751571229557 0.9694957904888718 -0.0313764816120097
1750964385.371181 -72.91834665393284 47.83298267145105 -282.7367483371156 0.06921286607907487 -0.22329056872147504 0.9716864440939814 -0.034298038619636526
1750964385.771315 -72.96326255730087 47.906304264386726 -283.2832263474707 0.046994925613799976 -0.2264464847076019 0.9721298438804175 -0.03843218920590394
1750964386.038079 -72.98793804093009 47.958339404294975 -283.65326109803436 0.028113144349364422 -0.2305180941850776 0.9718339086510759 -0.04012372569993622
1750964386.571601 -72.96041206557229 48.04442761078516 -284.32266699224954 -0.019885840692088763 -0.22721830283680752 0.972710736157222 -0.04254667978121138
1750964386.971876 -72.93613016977476 48.12391081813217 -284.84037237962133 -0.030044575158927247 -0.2332064879254177 0.9710987484965222 -0.04097899658971291
1750964387.371881 -72.91269572212433 48.197631663154176 -285.36844075382083 -0.03790205606550201 -0.22950041390369944 0.9717775658947847 -0.039260114462970404
1750964387.772037 -72.87495497565321 48.26723939578492 -285.9021538836746 -0.045264461815790684 -0.22515514196172867 0.9723296728249939 -0.04279366645615479
1750964388.1723 -72.82501691086019 48.34935672243829 -286.42519464581096 -0.041760775695295266 -0.2327866228552071 0.9705138687106639 -0.046575277489834234
1750964388.572465 -72.79451920477871 48.4247543638945 -286.9384381502898 -0.03937641104714912 -0.2298152495840696 0.9713133117479547 -0.046742911044118304
1750964388.972574 -72.76923045417213 48.498400141072224 -287.470916504895 -0.0389115852424203 -0.22673182338804143 0.9721679284117952 -0.044363135197755976
1750964389.2393 -72.75482330970337 48.55119053700991 -287.83931972438006 -0.03521628652822294 -0.22895341948906134 0.9717582395170481 -0.04501187396849155
1750964389.572614 -72.74696436075082 48.61677269376806 -288.3064234309446 -0.02353435104935958 -0.22889067837223775 0.9721536260258961 -0.044413050781102546
1750964389.972916 -72.74768110778072 48.6971262131159 -288.8620748019763 -0.010840147927485036 -0.22892955354837172 0.9723779136927589 -0.04421474491129326
1750964390.573147 -72.77108571670742 48.799315136650534 -289.6709310066626 0.004720921560034834 -0.22482086393573383 0.9734272220296083 -0.043275113524217215
1750964391.173408 -72.84104553450237 48.91059403210356 -290.4895100465149 0.02861161806203361 -0.22879496936471846 0.9722501904213386 -0.03954496846554193
1750964391.773392 -72.90009719296611 49.02083162668879 -291.3009344674989 0.015956357286413536 -0.2282213443267794 0.9724884729778803 -0.043892853415751464
1750964392.373774 -72.88095731801526 49.15268369987803 -292.1189598071196 -0.015118404281567474 -0.23797620889586654 0.9699571717891803 -0.048185503486677495
1750964392.973909 -72.86638941723747 49.264705096877236 -292.90283860280726 -0.023041088229622548 -0.22945013007960183 0.9719307679671337 -0.04660824324586983
1750964393.574045 -72.80709133146436 49.38205732323248 -293.685189507282 -0.05269465430208314 -0.23653203815151105 0.9690270626987786 -0.04756490400761407
1750964394.174192 -72.68191301021659 49.501470854830714 -294.4578222963282 -0.07637782209748153 -0.2287598792892093 0.9691329959557935 -0.05115253726825253
1750964394.774417 -72.54075253290208 49.62626401880485 -295.27000903816327 -0.08675981455389459 -0.23480107186917284 0.9665620975737504 -0.05566778926356641
1750964395.374603 -72.42435034955253 49.749606038521684 -296.08205393542727 -0.06489545076047884 -0.23440504251753394 0.9683995877196091 -0.05518237959202598
1750964395.974866 -72.35960606993461 49.85679573838176 -296.8827035169289 -0.04270182356021198 -0.2279361084893498 0.9711535727998337 -0.05551957086903744
1750964396.575033 -72.31737765284373 49.970341474378145 -297.69097965704646 -0.03344821759074563 -0.23632500206723644 0.9695634458898594 -0.05457503579572251
1750964397.175333 -72.26966809440891 50.09475029975006 -298.5044129743434 -0.033114687491799265 -0.23411507385538655 0.970130896761007 -0.05421801191201497
1750964397.775547 -72.2270557463618 50.20777744840465 -299.2771467495621 -0.03352607951236618 -0.23274389743987178 0.970220647630709 -0.058122070748353225
1750964398.375775 -72.18255675037945 50.322095955034854 -300.0790052066517 -0.034835459665263496 -0.23502613838044156 0.9696968871643008 -0.05689597570788759
1750964398.976004 -72.13127430213376 50.4499109896339 -300.8611592402759 -0.034388861481826856 -0.23526428967407503 0.9696652446315158 -0.05672242558141685
1750964399.576208 -72.09001153310355 50.56761923162206 -301.6534468060386 -0.034281312358631244 -0.23315863633444003 0.9701175251646473 -0.05773932190504224
1750964400.176371 -72.04065710201479 50.68647125711941 -302.45341783727423 -0.0342673548292765 -0.23552750100978156 0.9694904109537384 -0.05865908054038304
1750964400.776639 -72.00252717503122 50.80998923470271 -303.2680684364398 -0.03193058612295624 -0.23042771221677247 0.9707938997618523 -0.058674622261787504
1750964401.376695 -71.94745804920359 50.92127441768824 -304.0352249755076 -0.03278200212127004 -0.23286364481022456 0.9700810655054819 -0.060353869887252956
1750964401.976843 -71.89121091648275 51.04165076208187 -304.81821654430865 -0.034475885902608285 -0.23231321488033635 0.9699684398133835 -0.06327091945897094
1750964402.57705 -71.83094400333607 51.16051272058351 -305.6076410496017 -0.037569325939384605 -0.23356733714918587 0.969601608100313 -0.0625105297912744
1750964403.177358 -71.75439777211201 51.28431901450824 -306.42581282202207 -0.041411793140183735 -0.2343690963694942 0.9692910815292459 -0.061894986256771416
1750964403.777904 -71.68692229823391 51.404635537597485 -307.20822280961477 -0.04491772489947179 -0.23408579760099024 0.9693480106573761 -0.05958751199665071
1750964404.378502 -71.60258862791348 51.52643203706726 -308.00195793820455 -0.054091355494189156 -0.24003783499693518 0.9673810246148489 -0.060248786260891384
1750964404.978818 -71.52706408785151 51.64329933547129 -308.7791482093772 -0.046283709553892646 -0.23043271669328627 0.9701130920715724 -0.0603255327255001
1750964405.578892 -71.49073055001708 51.76501769328727 -309.5939630669955 -0.0273984518492834 -0.23641530898937355 0.969511140221834 -0.05835473843211822
1750964406.179284 -71.49902972332929 51.883957930057086 -310.4178411779705 -0.005161400828758621 -0.22974264116364634 0.9716263659134202 -0.055981102476793713
1750964406.645934 -71.53114125623695 51.967113480972934 -311.0261282285437 0.014624155768992269 -0.2296439965476278 0.9716850877788696 -0.05364568114813694
1750964407.312793 -71.61077031331546 52.090664697668075 -311.9119052321054 0.0318341070454849 -0.2260414786357262 0.9719927303053453 -0.05587460781384932
1750964407.913015 -71.67108744199042 52.1922914557812 -312.72777344542743 0.02325526149068807 -0.2296263368806609 0.9713960504470784 -0.055862790832412065
1750964408.513233 -71.6903072034399 52.3056444373429 -313.5394438221102 0.006645038228044918 -0.22902151378883234 0.9717541549137357 -0.056558395457357725
1750964409.113547 -71.70662218921012 52.40886547149642 -314.30125621803904 0.0027449032326021623 -0.23061947794903426 0.9713544300244973 -0.05725114119860255
1750964409.713622 -71.71838389001296 52.52173780535061 -315.07140008348466 -0.0028817013408332015 -0.2316830757222353 0.9710462105685086 -0.05817134313222247
1750964410.313833 -71.70982004909223 52.62506439579117 -315.8748677322721 -0.013161031822484156 -0.229483730090394 0.9714362333036507 -0.05895463925749923
1750964410.914056 -71.6781487403576 52.74088493460505 -316.6549974915018 -0.018832898809923247 -0.23145826643055378 0.9707241827705655 -0.06137551472530085
1750964411.514372 -71.65286349004124 52.85422978910166 -317.4802409782944 -0.020737158354317702 -0.2323490733520008 0.970419302449143 -0.062211380068066556
1750964412.114437 -71.6149251564411 52.96759672492977 -318.25691051564564 -0.027255307772342013 -0.23036902965137027 0.9707351220161325 -0.06213357594767422
1750964412.714657 -71.56889264606629 53.09402642178062 -319.0599067650077 -0.03736809003856909 -0.23177329223533208 0.9700200095554169 -0.06281678052378653
1750964413.314819 -71.49824911486523 53.20375989033629 -319.8374074501418 -0.047752006680849265 -0.23086781238377907 0.9696902396907833 -0.06419219665591436
1750964413.915043 -71.41572816281713 53.32271141234654 -320.66737041988716 -0.05279119048556058 -0.23303634252124464 0.9687938801374059 -0.06592094568305465
1750964414.515326 -71.31326492037833 53.45768625695084 -321.4447186443501 -0.059820936637687436 -0.23624380566108458 0.9674874775069717 -0.06766314132343025
1750964415.115423 -71.20933774636681 53.588549625203036 -322.2681066294054 -0.059261668759999775 -0.23589189464653754 0.9672024892839161 -0.07322850113748776
1750964415.715652 -71.14079166714616 53.7056732650513 -323.0609127119984 -0.04616524176995616 -0.22824763746803192 0.9697792911581729 -0.07280050057063586
1750964416.315874 -71.10931842844671 53.81629499848232 -323.89770356566294 -0.019052124826058135 -0.2263558574296791 0.9714035637323257 -0.06910252321749664
1750964416.916099 -71.11753934895921 53.9349258743527 -324.7109278006239 -0.006540547333648427 -0.2298421754782437 0.9706949711133647 -0.06986464533101479
1750964417.51633 -71.08589818030234 54.05494013782147 -325.5273985272542 -0.023734376120318486 -0.23291963619377026 0.9697309253183701 -0.06933292830047477
1750964418.116473 -71.0545598482758 54.125382038322215 -326.0447115573234 -0.02126993537730917 -0.22517324685362292 0.9715204752928747 -0.07065808401838752
1750964419.116769 -71.06421032313423 54.27929664161191 -327.1433397465813 -0.00658568035176122 -0.2266707387667273 0.9714819606264182 -0.06928062628687144
1750964419.717076 -71.06414036452965 54.3850210907094 -327.92135039061924 -0.003782797806318132 -0.22833746567374685 0.9709680594506276 -0.07119494179455163
1750964420.317217 -71.06768542975188 54.469037604923855 -328.58635095098515 -0.001971306124109356 -0.22750824388908644 0.9712721536843202 -0.06976042138699726
1750964420.917462 -71.07415962879777 54.55320988209756 -329.27701753697903 -0.0016183689643303352 -0.22516115769949233 0.9718374294886526 -0.06951147092536611
1750964421.517599 -71.08105016942639 54.64571920806293 -329.993419496572 -0.0014020126389218026 -0.2236718285845314 0.9721664504088863 -0.0697233114359812
1750964422.117888 -71.09683393076656 54.74096093708705 -330.76908290336354 0.0006726017627183626 -0.22264442599057613 0.9725028385265936 -0.06831717382850196
1750964422.718034 -71.10474184227924 54.83405865831929 -331.55340210696386 -0.0008281371378927833 -0.22557749765930202 0.9717894497508177 -0.0688430976325975
1750964423.318196 -71.07823595830637 54.93525789198499 -332.32716273102096 -0.020070964474704706 -0.22286369823151306 0.9721441560868922 -0.06974717328847446
1750964423.918651 -71.02005204117378 55.044635332015915 -333.1231933176675 -0.03877104609118887 -0.2256819849618724 0.970884721522282 -0.07033708241933936
1750964424.518821 -70.9770275152854 55.159633138850396 -333.93659256699397 -0.033151825373026106 -0.22657007898700582 0.9707789219101676 -0.07180000388016015
1750964425.118805 -70.91839614175501 55.27300695886194 -334.7348676446572 -0.034822218836644596 -0.2259195102755256 0.9705539699246521 -0.07597880899077629
1750964425.720528 -70.86131871442072 55.380845300222525 -335.5403028011291 -0.03339853745137011 -0.22604040328861782 0.9704602666431561 -0.07744123348787078
1750964426.38593 -70.80515803050788 55.4964349013309 -336.44064878565393 -0.030951838286641897 -0.2194364505494232 0.9722364957498824 -0.07513869980866851
1750964426.71939 -70.78695063618045 55.54653726944466 -336.88666988151533 -0.03157081607577551 -0.21752937526170252 0.9727962575649848 -0.07315528510041337
1750964427.319555 -70.7491754344635 55.65186424224956 -337.70535309580174 -0.029978092705808233 -0.22271816604906633 0.9718602862608064 -0.07060818974117611
1750964427.919761 -70.7095608054191 55.772900784604374 -338.5068529038197 -0.030278848443553354 -0.22780906077003235 0.9705650788361054 -0.07203923175515234
1750964428.653514 -70.62588392054477 55.87510749643253 -339.44559774809164 -0.03511386844396488 -0.21821091085296737 0.9724386355997552 -0.0742570846485688
1750964428.920139 -70.60775892599723 55.92126508854842 -339.82066410916747 -0.036891486891840984 -0.22121008724473162 0.9718840437262662 -0.07173925735863419
1750964429.520307 -70.53781238403002 56.03487727687401 -340.621307231104 -0.03780565349692047 -0.2233416181895285 0.9712256271107644 -0.07355294277903565
1750964430.254039 -70.46951660009373 56.15316501639849 -341.5489578219336 -0.03915079604050569 -0.21927749965470822 0.9719370941947091 -0.0756497074873352
1750964430.52076 -70.44705903230515 56.205655241758755 -341.9029410955079 -0.03654849353697098 -0.2227189575898245 0.9712746677010103 -0.0754055265386544
1750964431.121029 -70.4059243104114 56.31581922456149 -342.73155968510724 -0.034339090981279734 -0.22279896798490076 0.9710771698038618 -0.07868021975798228
1750964431.854534 -70.35425921824368 56.45151846885756 -343.6920514684759 -0.01700906505104237 -0.22889407172754037 0.9696481380320143 -0.08426555669503888
1750964432.121325 -70.34863825958176 56.488326763662 -344.07152865509704 -0.011895527716978561 -0.21699777895302713 0.9726690201433286 -0.08176452533467722
1750964432.854898 -70.34776349151949 56.5849794879074 -345.00184888067594 -0.0021029538977879927 -0.21656839159803282 0.9729225387059974 -0.08071829423012994
1750964433.121648 -70.35539852546309 56.63215235035391 -345.37007011349164 0.001997268820488228 -0.22118791533574408 0.971943414415424 -0.07998697519705207
1750964433.52179 -70.36481578463615 56.693021385436744 -345.90516465170424 0.0038915327136761677 -0.21825335944455176 0.9727371209820896 -0.07831232679330474
1750964433.855335 -70.38191322192137 56.74755508945151 -346.35869893122907 0.008998438578198997 -0.21855507402843366 0.9726993067380236 -0.07751623308022845
1750964434.122026 -70.39698392482772 56.776208555805276 -346.7213389344194 0.010109332714672292 -0.215509605401177 0.9737344690827126 -0.07276396836416359
1750964434.856387 -70.46362733032048 56.87546650684452 -347.7090716519321 0.021070087248533667 -0.21002873331991764 0.97501167606068 -0.06925470488503986
1750964435.122337 -70.48817189237923 56.91465899435252 -348.0839705560448 0.026019050896637384 -0.21216677987924407 0.9744178958799157 -0.0694120356643446
1750964435.855943 -70.5706896042343 57.00260699490583 -349.0626096704123 0.029830571932455 -0.2098425673775087 0.974892101674996 -0.06827608648939862
1750964436.123589 -70.59303640832913 57.0459580572163 -349.4401952551303 0.028195172644858293 -0.2130408153604461 0.9742621169186395 -0.06805858334768808
1750964436.856266 -70.6476626134954 57.14995862517039 -350.4518519951403 0.029373626933387728 -0.21256858233661413 0.9742245556833132 -0.06955791074946978
1750964437.123036 -70.67822827625893 57.18458958071233 -350.83186367604867 0.028918798730589234 -0.21185193749084869 0.9744714403390361 -0.06846803359902909
1750964437.856577 -70.72589942878679 57.29675734570888 -351.8519294167632 0.017106560532606358 -0.21516051312902085 0.9739405252276397 -0.06966471485701943
1750964438.123369 -70.73260322695725 57.342719229890065 -352.23585668729567 0.008543967785642134 -0.2159395473663004 0.9737308279088043 -0.07173135491366255
1750964438.856954 -70.7053243894941 57.45250710033654 -353.21049565021184 -0.01756179894764886 -0.21248764565386508 0.9741867957496041 -0.0741665062499174
1750964439.056982 -70.68406100623592 57.48068472618377 -353.4915372472533 -0.023071507462536573 -0.21235157758208195 0.9739368566321398 -0.07629883574022502
1750964439.723882 -70.61958136316922 57.58006240997098 -354.40360967036514 -0.03272853172388568 -0.21385238544256682 0.9735672503696493 -0.07323120550286659
1750964440.057355 -70.58034896214251 57.62574645013801 -354.8461236596159 -0.03752752310633737 -0.21439011773683334 0.9730740200864176 -0.07586510303919797
1750964440.524182 -70.52656785632884 57.695635864259124 -355.47890607358653 -0.04331056791700908 -0.21212890832558476 0.9732829968934221 -0.07645736666574884
1750964441.124361 -70.45182579620126 57.79336221117381 -356.28752305983267 -0.04693353425831219 -0.2147961202680816 0.9723024709902374 -0.07929549158736844
1750964441.657876 -70.37354255225141 57.875568355389724 -357.05040070424076 -0.050385371471945155 -0.21329447716321173 0.972279774490758 -0.08147895721907077
1750964442.324774 -70.26340192846747 57.98191320147676 -357.9579147455061 -0.05635828285140574 -0.21493769268019472 0.9715574566586294 -0.08186354885033155
1750964442.858088 -70.2096277106317 58.06070626118139 -358.6918538849531 -0.04637420282169947 -0.2157051885724411 0.9719616209420183 -0.08130997694836603
1750964443.325078 -70.16863098576643 58.14472364743928 -359.3391138972641 -0.03409481528487857 -0.2149897050553808 0.9725077588029212 -0.08273831856527918
1750964443.925301 -70.13247076752508 58.222778567748996 -360.1578724654931 -0.02459001101602038 -0.21010933345315783 0.9739037032387373 -0.0822251553478324
1750964444.458859 -70.11237394392148 58.31386939156736 -360.79138575910434 -0.023768403845236825 -0.22596409295639625 0.9705539674955449 -0.08000179905289322
1750964447.859977 -70.10622052837549 58.377799124871295 -361.525743341172 -0.00855220760673854 -0.2128795533186817 0.9737819427789349 -0.07973633702129204
1750964448.526885 -70.11285229891374 58.46708663287567 -362.42618891243717 -0.0034680839372261264 -0.2128520328923023 0.9740608335614727 -0.0767298964481743
1750964448.926831 -70.11759147969505 58.53799548979588 -362.9833342989178 -9.947574858343197e-05 -0.22076058283566027 0.972255356614192 -0.07735810691611715
1750964449.527159 -70.12889582095569 58.60845758074052 -363.7794543269154 0.0008429520576648085 -0.2083401557800323 0.9749041021472412 -0.0784580176773652
1750964450.1941 -70.13206219787503 58.70497488189056 -364.6663205975421 -7.645603444640411e-06 -0.20811400046625544 0.9750869773304498 -0.07677206127259427
1750964450.594211 -70.13353520533735 58.751799720103904 -365.2103975036636 -0.0033518560886610393 -0.20389594536644423 0.9758460116601378 -0.07835668478749569
1750964450.860818 -70.12650696383572 58.78547675205307 -365.5754375034025 -0.0043368700083898 -0.20250513708596515 0.9760135551391588 -0.07981479309592382
1750964451.461174 -70.07877641311056 58.874660721314726 -366.3909713821952 -0.02268638843486579 -0.20630363999304985 0.9746376111066166 -0.08369983824230527
1750964452.19476 -69.97034764632947 58.979079270463274 -367.3728640523759 -0.0505827637551623 -0.211344409967784 0.9724490228667677 -0.08436718741150004
1750964452.394835 -69.93689093384667 59.0078886579257 -367.649434653993 -0.0561052719218262 -0.20925941125168956 0.972641593599831 -0.08385122339450655
1750964452.994971 -69.83203709143642 59.096582553447014 -368.43382006043583 -0.056017421474115606 -0.2096754313728134 0.9724031787426354 -0.08561728763067847
1750964453.595308 -69.7400889090712 59.193961984910096 -369.2454872334285 -0.0559154824178286 -0.2097526186233611 0.9721395438113445 -0.08844210063592718
1750964454.062047 -69.65723785451937 59.264916410379975 -369.8743075039682 -0.05694210314005711 -0.21205925242356533 0.9712423275582063 -0.09206960144838164
1750964454.6623 -69.5748567278818 59.36210002412538 -370.7115476546129 -0.04733387976490921 -0.21093169679040846 0.9720954588185523 -0.09109194289215972
1750964455.195739 -69.52153233419482 59.44931253004722 -371.45381439530007 -0.04514954729147969 -0.21275524389230463 0.9715778895651871 -0.09345121231828754
1750964455.795981 -69.45205205542875 59.525460265927876 -372.2214115726369 -0.039637890859038315 -0.20855278929937215 0.972592973985739 -0.0948550401258385
1750964456.396152 -69.38854438477553 59.630363127503756 -373.0718453964026 -0.034389068091803 -0.21183866663195722 0.9720233266660244 -0.09545901598323146
1750964456.996593 -69.36147857799054 59.7181216260778 -373.89877301112506 -0.016523865734257754 -0.20808025026018 0.9735017963143823 -0.09340141265274332
1750964457.463235 -69.36422554487494 59.78556015288205 -374.56282469659783 -0.0007496988812837989 -0.20636730805929773 0.9741469836442499 -0.09192184926749387
1750964458.06341 -69.3872715276724 59.85433702272209 -375.3890235688359 0.017630400849581205 -0.20380956759302218 0.9745858706049082 -0.0912864170657467
1750964458.596932 -69.43577169527406 59.91105981233676 -376.08707013491187 0.025023191542908624 -0.20508907187113395 0.9744488820518519 -0.08810044694517583
1750964459.197112 -69.45010992723 59.979733514292725 -376.9118512851199 0.009608803982802437 -0.20797055385122867 0.9739222257476173 -0.09017437447324178
1750964459.797311 -69.45301795719969 60.03613883607765 -377.5536602435079 0.007348494923341956 -0.20116768591538253 0.9752792499557758 -0.09114793673754243
1750964460.397512 -69.44314602373494 60.09942725122216 -378.17076112176284 -0.003200199179131076 -0.20765216327850636 0.9737676026199774 -0.09298921388371935
1750964461.197745 -69.40977860235436 60.20146281469678 -379.07828280890465 -0.02043535983139146 -0.21214190203501324 0.9726389595158907 -0.09247520695501954
1750964461.797994 -69.36188364011316 60.273392312364244 -379.7889272450016 -0.03267989441219533 -0.21060345437667463 0.9726687471281412 -0.09216136862043522
1750964462.398267 -69.29854162461574 60.360969585196585 -380.5146689387889 -0.04302196509408252 -0.2142761987913766 0.9714751196261345 -0.09203756351810657
1750964462.99841 -69.2364525953781 60.419250443855425 -381.0323108869439 -0.05096789498057978 -0.21046508904795727 0.9718572247168494 -0.09273755840514197
1750964463.865371 -69.16104110922296 60.49459292735271 -381.6931641606847 -0.0530065291498809 -0.2082715612587046 0.9721553539442104 -0.09341965765272085
1750964464.798876 -69.0787595176328 60.57921456720969 -382.38021634232115 -0.05236294825277693 -0.21042682061462803 0.9716340133375422 -0.0943717062571031
1750964465.599283 -69.03663986500783 60.64160844924931 -382.9861201780178 -0.03446606371957381 -0.20973042080780663 0.9727900131239813 -0.09222164282695804
1750964466.532938 -69.05152769117372 60.70720194595611 -383.71474743682774 0.0032362660647020118 -0.20772890593175983 0.974034261127797 -0.08997492079229173
1750964467.733389 -69.05936607824208 60.772304848671716 -384.4602822911699 -0.0035936105607837715 -0.20438386278906806 0.9746491803650366 -0.09095767042047236
1750964468.933689 -69.02795180425382 60.85838977583485 -385.344749683497 -0.0166755889755806 -0.2071227717666653 0.9737806652393436 -0.0925921063267969
1750964469.934155 -68.98906345949476 60.941631012051715 -386.1297176025763 -0.023123908238986638 -0.2064406060449451 0.9737836895079719 -0.09269782679109878
1750964470.800891 -68.93062734090843 61.015240677030654 -386.9234844486616 -0.02854325641331401 -0.20489183357798604 0.9738527561795725 -0.0938905124484093
1750964471.801436 -68.8604715866253 61.10243887487795 -387.81525200094114 -0.036938773612933164 -0.20536508201170622 0.9735732221835538 -0.09282182470427014
1750964472.401599 -68.80835153377771 61.165879336709914 -388.36922720985297 -0.03946049075070149 -0.20897538621929895 0.9726164779683542 -0.09375150350070452
1750964473.135148 -68.74407709565918 61.23564949826035 -389.02529983402206 -0.043230027727519 -0.20874324193982954 0.972422449454345 -0.0946150275819839
1750964473.935428 -68.67050894565013 61.313894058000535 -389.78776497162835 -0.04495472182631438 -0.2095846851038075 0.9720041150009364 -0.09623582065272299
1750964474.602139 -68.59883806740613 61.37327776051941 -390.4352688379582 -0.04780232841495648 -0.2047973683848501 0.9727092091342889 -0.09802943316216192
1750964475.335903 -68.52077213528521 61.45214088370095 -391.14379389220113 -0.054092075288250406 -0.2114170334359263 0.9708790564382376 -0.09884706942423749
1750964476.136207 -68.43188966901381 61.52262661808885 -391.88154750624415 -0.056754395567414614 -0.20114101880701615 0.9727982232237625 -0.09992420142159614
1750964476.736187 -68.3542007009219 61.59104629227775 -392.4454323017584 -0.0581470199197978 -0.20885723571303585 0.970951843190131 -0.10124276453378393
1750964477.536657 -68.24653442516296 61.667951847128435 -393.1813590398181 -0.058747609903635443 -0.20621832855340594 0.970905027959282 -0.10661212868447682
1750964478.136889 -68.17124752368133 61.725337719193156 -393.7407805054784 -0.061268035430398014 -0.20366202582503665 0.9709723614580117 -0.10945629427307534
1750964479.003795 -68.0578632459412 61.81675984188047 -394.56028853701787 -0.059366126280018874 -0.208906997407561 0.9698306418458139 -0.11073416646003459
1750964479.603999 -68.00936735115496 61.865829621525826 -395.0978015727577 -0.04798890409132933 -0.20271671122740997 0.9719318538288148 -0.10932278621650467
1750964480.337601 -67.98116716814158 61.92124127773978 -395.7229728091554 -0.030234360707546034 -0.2015230805554737 0.9731882691253055 -0.10667204072731487
1750964481.204557 -67.96207140407081 61.98414427463585 -396.49589892198014 -0.01365886375491802 -0.2006289240255289 0.9739452259718359 -0.10484353624307316
1750964482.138208 -67.97552191801502 62.04566099202177 -397.2969830888565 0.007161293743570406 -0.19814552842647 0.9752733804283313 -0.09761607892354865
1750964483.005045 -68.00710007042811 62.09040415618121 -398.02800975522655 0.025612023172532354 -0.19394202946868086 0.9759177025322197 -0.0965150317764706
1750964483.938587 -68.0662523591326 62.12943093892539 -398.7890349900876 0.04583349221610909 -0.18916063552346338 0.9760139095162297 -0.09754175203716717
1750964484.872066 -68.16121461183992 62.17256598346316 -399.57931197885813 0.06585201445474495 -0.189974198640509 0.974979434243551 -0.09480727211176186
1750964485.738992 -68.28755387628959 62.19839040950742 -400.2930942962965 0.0855349786511201 -0.18907035219067997 0.9740140861511541 -0.09073438889845839
1750964486.672622 -68.4570390548438 62.2205592622041 -401.0397893217541 0.10956827156089277 -0.18670906722949837 0.9724059415558962 -0.08695517758155674
1750964487.540024 -68.65942152798868 62.23324123160145 -401.7303980228998 0.13388873889311687 -0.18234618763644506 0.9708980132065305 -0.07861756421867176
1750964488.473477 -68.92295613875785 62.2155013006752 -402.4376600102699 0.15647097041158892 -0.1711074856909284 0.9705006815821148 -0.0660869942396762
1750964489.273954 -69.18922422116155 62.218170967994205 -403.10521793406497 0.18248765238336617 -0.1758496480669175 0.9654711732173931 -0.06033715015294844
1750964490.274286 -69.45884282304537 62.222134305042026 -403.816520199444 0.16571911194021005 -0.17482151552201974 0.9687051798930395 -0.059873935036259845
1750964491.341288 -69.57060086121089 62.238407646873114 -404.457751990367 0.0780232351028201 -0.1845278028767267 0.9772966490468494 -0.06894290762201004
1750964492.541709 -69.59120157447137 62.2795161827744 -405.1577236747941 0.03112266675759617 -0.19338010322200083 0.9779311139252714 -0.07270661392625574
1750964493.475204 -69.58109787304164 62.32817510166035 -405.8400904571721 -0.0021759916890808006 -0.19232227766029023 0.978229344107543 -0.07794072685479453
1750964494.475231 -69.52292711518325 62.39154177370676 -406.6177810382382 -0.032983636199773174 -0.19933440713020678 0.9758731177685525 -0.08276189880479265
1750964495.275557 -69.43868169304174 62.44416953489135 -407.262341055638 -0.057386769190462025 -0.1988379282001375 0.9746792668233211 -0.08467918194993924
1750964496.142469 -69.2258455691426 62.50290412739108 -407.89512383846767 -0.13156704134287525 -0.19658195269683057 0.9670081985008588 -0.09455576946070855
1750964497.143034 -68.85925973272677 62.59940645079416 -408.54079493176823 -0.22215884162077812 -0.20388628088352903 0.946519155809128 -0.11479251388297279
1750964498.076106 -68.43477038635345 62.71349312557903 -409.03990755415595 -0.2947157182182822 -0.21498657417031392 0.9209814561795031 -0.1368085367770456
1750964499.076314 -67.77118445437779 62.916932107986064 -409.4446998154229 -0.41912509094463185 -0.2256987015693079 0.8639155867901922 -0.16445094451398115
1750964499.876771 -67.23396197595812 63.04092212721955 -409.54561329739477 -0.5449700828736053 -0.22029039338039869 0.7919749764951189 -0.1650920590537315
1750964500.87671 -66.50382871379047 63.204183222248496 -409.5679482525873 -0.6392076194907553 -0.2178412493105974 0.7173888361556613 -0.1712076722667118
1750964501.743572 -65.93097180306616 63.33149074814754 -409.52114817393874 0.6896882255779043 0.21061529495521195 -0.6719098299960021 0.16884469012934397
1750964502.676877 -65.3896171672769 63.448559680171954 -409.3771956671952 0.7358847010108603 0.20350066625125154 -0.6223740365950393 0.1723709494835199
1750964504.210445 -64.74757781512977 63.54336016382191 -409.07686797274323 0.8028784081268868 0.18066663186904447 -0.5438093734770171 0.1643690822851587
1750964505.810965 -64.16279616185659 63.633491732687304 -408.601807767235 0.8636526111021074 0.16417940420333527 -0.44609604533974323 0.16777249150022058
1750964507.811353 -63.445771940434106 63.73583699153357 -408.01917651294696 0.8908918366329028 0.17012397689772205 -0.3889671207740958 0.16147491093685845
1750964509.545011 -62.93892275925649 63.82003619448771 -407.44875819298585 0.9149950864020279 0.16462370971526008 -0.32908034760899973 0.16549667935421314
1750964511.748172 -62.40767834465232 63.87921946380883 -406.65513494697166 0.9394962323434848 0.15566191815767735 -0.2622249391850282 0.1560585720724032
1750964513.615469 -61.94937087715572 63.93465423851241 -405.83936735597734 0.9516498248070111 0.15459753250644873 -0.21431605071070578 0.15662325592155404
1750964515.216006 -61.60437697460018 63.97231847952115 -405.10210448393036 0.960288371196045 0.15283496674685443 -0.17856704934140416 0.15033803901421372
1750964517.149996 -61.297103341390496 63.988600859162936 -404.21067526817706 0.9687504841331921 0.15009906644130244 -0.13613466835911942 0.14303888218211203
1750964518.817238 -61.052340081641326 63.98170676428613 -403.38691010227 0.9737652464395319 0.1446643520916983 -0.10197217803962146 0.14302148428226655
1750964520.350912 -60.83003124587467 63.97569388629124 -402.4832698054802 0.9755301832145221 0.14118804945972077 -0.0905956492995942 0.14212397635580473
1750964521.818278 -60.58547080777362 63.96470291625327 -401.6111852692389 0.9731167729034873 0.13982075703071686 -0.11642068087821401 0.1412095154765187
1750964522.951947 -60.333402894869415 63.97897371857399 -400.8916398127238 0.9693900541347544 0.1396942229831719 -0.14138550470863231 0.14414779244938566
1750964524.218881 -60.026413725620166 63.98749160147846 -400.1468081888586 0.9662730573877485 0.14321724009269737 -0.15869240777021887 0.14360334405178174
1750964525.419472 -59.746807281031145 64.0090720551309 -399.4791656734283 0.9627161477445186 0.14382847927543807 -0.17501675819731782 0.14785168842921903
1750964526.753082 -59.36942232059039 64.05082784421629 -398.7435701651685 0.957300736226349 0.14512742041696652 -0.19920071502428455 0.15110396221615416
1750964528.353612 -58.91121729576544 64.0957743181135 -397.88895358883013 0.9532559886199806 0.1493373962923579 -0.21490783191967458 0.1510496143932431
1750964529.820976 -58.47974228918475 64.13316760013633 -397.14577401532665 0.951296300072918 0.15362966112963664 -0.22146561159290354 0.14962038487636298
1750964531.554864 -57.983734485052025 64.16668672640344 -396.321395779721 0.9535622532432771 0.15615637033042615 -0.2116036583328789 0.14682679923969352
1750964532.821936 -57.70566839741397 64.17639179863089 -395.66965157773177 0.9645928017114805 0.14768412271772954 -0.1678899517639378 0.1398681195991193
1750964534.355648 -57.41890840797361 64.16494275774298 -394.8038118501559 0.9709456672565232 0.13878602584224953 -0.1327595644237293 0.14275100111985561
1750964535.756295 -57.152696677537115 64.15248327322445 -393.9263805105061 0.9741098588515178 0.13562365789873496 -0.11962178761876074 0.13567178864205698
1750964536.423009 -56.973623734202484 64.14895005917055 -393.3679775471116 0.9725400025823809 0.13483342273795004 -0.12667068599935183 0.14121058316672122
1750964537.423563 -56.71700926417149 64.15028665951294 -392.644795463396 0.9711469821753083 0.1344911943831454 -0.14156598202609777 0.13691139608583652
1750964538.423716 -56.38643803722361 64.17707971625315 -391.80238258568266 0.9650555660177428 0.14071949171863252 -0.16297233269258782 0.14935125685899095
1750964539.357494 -56.048906195522406 64.20499535374454 -391.1321961101622 0.9577848807232102 0.14670458276633097 -0.19716787124054594 0.1491667463071252
1750964540.557732 -55.53286504651358 64.25202360786473 -390.26551345310753 0.9519752809134057 0.15571603095662462 -0.2195270794805234 0.1459569923220878
1750964541.558255 -55.03473044227065 64.30200332554026 -389.45192766966466 0.9484581538998091 0.15821468644801573 -0.23351175100418414 0.1444558944317669
1750964542.225146 -54.673434303887575 64.32427475619752 -388.8534849568815 0.9481125756434514 0.15661944889152044 -0.23671264155600247 0.1432480975902878
1750964542.82531 -54.31238800241473 64.35589833332476 -388.2580225958606 0.9468113859221318 0.1587509773338375 -0.23845713017936168 0.14657599991262665
1750964543.625662 -53.82947158234071 64.40388270268458 -387.47917903567594 0.9459200547281558 0.16207545990660185 -0.23764273617467063 0.14997574904817798
1750964544.425907 -53.34103885278278 64.44995118775442 -386.6953121256845 0.9471116314720126 0.16147350130542568 -0.2369912328569813 0.14401743455400534
1750964545.026099 -52.96270915954962 64.48627741839904 -386.0639668152246 0.9498142694252476 0.1645434366093068 -0.22292044979866638 0.14520600582118606
1750964545.692976 -52.5779803952544 64.51286395938133 -385.3533794445784 0.9513015620473918 0.16173968993955795 -0.2187516958212933 0.14495967135640397
1750964546.293017 -52.192739359320086 64.55257775274517 -384.69888969749053 0.9513453335581934 0.162235544673768 -0.21953295379912133 0.142922939228412
1750964546.826563 -51.86712844399266 64.57173867489647 -384.12155568124484 0.9507411275692276 0.16387381386680594 -0.22014363575166915 0.14413001462283143
1750964547.493577 -51.46116457893636 64.60286316930483 -383.4162014754355 0.951023045434625 0.16258449907730796 -0.221060172474773 0.1423160140583476
1750964548.093599 -51.092660644342374 64.63156422902178 -382.7679502432215 0.9504694100135374 0.16440939942920763 -0.22207171745937165 0.14234325524059951
1750964548.894038 -50.635850173494426 64.6663736601479 -381.9311396692658 0.9536040063668013 0.16318918145733438 -0.20786329315600044 0.144227394952601
1750964549.494247 -50.30336025517286 64.67909890911514 -381.31126660051285 0.9537343026414713 0.1649561921030306 -0.20765483516386793 0.14163263778141466
1750964550.36104 -49.88671013954513 64.70637142513236 -380.50825102994577 0.9570168589395555 0.1627911081684412 -0.19469980914609925 0.14039149235345638
1750964551.294857 -49.47951440328302 64.72506786476768 -379.6627241152849 0.9572443395629062 0.16368407061609613 -0.19188252150698454 0.14167532368567876
1750964552.161644 -49.05876317353998 64.74260038638865 -378.8539139228277 0.9574565192398876 0.1613329483277303 -0.19502094186346594 0.13862007713028843
1750964553.295521 -48.5524211600975 64.77320534127786 -377.8496234344349 0.9556679011206538 0.16208776630822652 -0.19993278136519715 0.143015040175607
1750964554.295703 -48.08635081371877 64.80562684482872 -377.03741179941704 0.9534192185350132 0.16512491440110916 -0.20883748339052322 0.14181841172155324
1750964555.162835 -47.64187160070071 64.84117893877004 -376.24651539447694 0.9514269819185543 0.16698125431918903 -0.21595768745882044 0.14235953080415578
1750964555.96292 -47.24468022141804 64.86586361077129 -375.5433160335607 0.9513593016624556 0.16875512799617992 -0.21929327569538432 0.13545347965299984
1750964556.696538 -46.89200865751257 64.90313399212552 -374.88769990558546 0.9485651185954593 0.17242033654746589 -0.21921707530995285 0.14979758750190597
1750964557.363666 -46.5799283586993 64.92239899845674 -374.3556310779532 0.9490917546509646 0.16837109201614417 -0.22604002938739573 0.14064821983014736
1750964558.096988 -46.237766484803814 64.9480438674023 -373.8013190736924 0.9469701224410314 0.17096781628442323 -0.23165607842846755 0.1426641311826392
1750964558.8974 -45.860401874278544 64.98086675211631 -373.1747717679322 0.9456901029963413 0.17196156628501338 -0.23477040429610266 0.14485270478047266
1750964559.897792 -45.371987560826085 65.01902513326667 -372.3606797615378 0.9465916154944549 0.17307296903432234 -0.23188844468535333 0.14225965727025477
1750964560.764598 -44.91796514048804 65.06090652512202 -371.59822109492285 0.9474211559542405 0.17594095033893337 -0.22504570420214048 0.14419558337316138
1750964561.498293 -44.53234620834117 65.08835603118554 -370.97521244638364 0.9495357161137377 0.1760786640129478 -0.22267068747843455 0.13340162233521785
1750964562.2984 -44.12713577941396 65.11735259898555 -370.2954664589989 0.9491795766770013 0.1815028577617286 -0.21901751638302447 0.13470772569160933
1750964563.165521 -43.69836691784839 65.15411213689043 -369.5625706166973 0.9505803030929644 0.1818611743910536 -0.210258483096792 0.13825690184085113
1750964563.898923 -43.344840431777776 65.18340646005136 -368.9115613411876 0.9512576615964633 0.18026584320201694 -0.20725567785378868 0.1402075997443101
1750964564.699224 -42.95964888484306 65.20587141717898 -368.18815051073335 0.9536880382212635 0.17714983844587623 -0.20257273811190876 0.13439250822170726
1750964565.432962 -42.602376850720994 65.22389930222883 -367.5284535410329 0.9539743622681544 0.17603954990693485 -0.19978431026960367 0.13794644748499582
1750964566.233057 -42.20179048921465 65.24658050490925 -366.7549444178801 0.9542286799452104 0.17273150703523013 -0.2019812974295199 0.1371678108597174
1750964566.899974 -41.84648509427783 65.26937070063687 -366.0956249736623 0.9521834979434498 0.17207886924920449 -0.21013147098562446 0.1399293175267753
1750964567.500322 -41.54656370511538 65.29561711864638 -365.52366372860706 0.9518049526707919 0.1735879700683965 -0.208753188983715 0.14267674936027339
1750964568.300461 -41.13525016379401 65.31227018007881 -364.78898755730614 0.9510868520537458 0.17472620912478554 -0.21350928389092222 0.1389904219281442
1750964569.234233 -40.63209146930798 65.3426536056002 -363.83675062395776 0.9498907191924426 0.17758758863902704 -0.21288245920786153 0.1443998909800599
1750964569.634796 -40.3775146620473 65.36371582059274 -363.41919535426365 0.9502928570522097 0.18089439148082112 -0.21415032103564233 0.13550035043003858
1750964570.434529 -39.943197622437054 65.38884461820915 -362.6331203638662 0.9494872483075157 0.18044458295223798 -0.21603178642837495 0.13872269114020105
1750964571.301597 -39.48215522867493 65.43302101743141 -361.83824911474983 0.9488183019762721 0.17996963402996288 -0.21839504881150967 0.1402082854777243
1750964572.101976 -39.095168989761206 65.4513144538423 -361.1029374252916 0.9507738657531807 0.17580565987506747 -0.21197510285975335 0.14208441830208438
1750964572.835307 -38.76830095237808 65.4789630516967 -360.43278877211105 0.954358079698706 0.1731010528880957 -0.19871866510774508 0.14052605929373635
1750964573.502343 -38.424537974758444 65.5056764098056 -359.8028428199127 0.9519828222062755 0.17488601976970247 -0.20937694228752676 0.13894201075129062
1750964574.235762 -38.06549378618376 65.51728404889724 -359.1298658528012 0.951310322016441 0.17316082259843693 -0.21228925718569666 0.1412702092642092
1750964574.902682 -37.746316981045055 65.54922477004075 -358.5382424002443 0.9510848615091096 0.17269466578236511 -0.21298061363927698 0.14231442945939113
1750964575.903014 -37.26064121365738 65.58590650927268 -357.67598895196346 0.9508248508718463 0.17113258255972966 -0.21619652212663773 0.1410843930819952
1750964576.703282 -36.872398649168794 65.61570916844256 -356.97377510082924 0.9505419681844343 0.17081654588078066 -0.21798228230552663 0.14062502968637838
1750964577.436999 -36.479209512033115 65.65090484858429 -356.2635620341532 0.9497443066310656 0.17033930526003013 -0.21868993859507344 0.14541314886450235
1750964578.103738 -36.13199983178853 65.67901710080805 -355.6564825247029 0.9498331009637192 0.1692903627704048 -0.22025500698390035 0.14368571705368663
1750964578.837356 -35.75294105180767 65.70737813760697 -354.990743017908 0.9491713896949109 0.17000399762179216 -0.220131913007608 0.14735757412787542
1750964579.437678 -35.44415691393189 65.72692015243636 -354.4442743486157 0.9506029293676386 0.16619053593698865 -0.22215860728216355 0.13921325243341678
1750964580.437864 -34.92796090187053 65.75986326463834 -353.54385265831814 0.9504445371302619 0.170227675558332 -0.22177861942553 0.13598516198084137
1750964581.238521 -34.507560378016684 65.80865651771838 -352.8147193797839 0.9485281299201925 0.17234664823629098 -0.2242374034110264 0.14250826819275866
1750964582.105319 -34.073553115665014 65.85126226758966 -352.03448591353987 0.9481861506008707 0.16905289308825697 -0.22662947802521816 0.14492488688010233
1750964582.705481 -33.73814217491251 65.87419344750562 -351.4461315197891 0.9482357779914686 0.16475980921184324 -0.2292230946411545 0.14546438563622247
1750964583.439044 -33.316496918434446 65.90598438958034 -350.735848397902 0.9479126572415162 0.16490214893829425 -0.23050714199802294 0.14537996080878413
1750964584.039059 -32.94739286356659 65.93087986205443 -350.11553901104855 0.9475368196611055 0.16785413780613517 -0.23162269500258612 0.14265304401804954
1750964584.839509 -32.46114172938545 65.98481631226531 -349.3149522953093 0.9461648894247463 0.16890394817403612 -0.2339834233421085 0.1466124684745051
1750964585.573096 -31.991523737500096 66.03193996903265 -348.53179178595843 0.9466739780968653 0.17031570649781388 -0.23533092152357987 0.13935672459292794
1750964586.173118 -31.639536548562436 66.06029184124846 -347.9118528752824 0.9476572769369652 0.16840788110177496 -0.2310336650693775 0.14215455200533317
1750964586.840042 -31.215986162613532 66.10174237173908 -347.1972476991829 0.9495458498368174 0.1685852880071811 -0.2218801662533431 0.1439127219831545
1750964587.640454 -30.75549000451097 66.12999214977407 -346.3498074415982 0.9510189263694978 0.16478437588703396 -0.21820396236052123 0.14420867505353638
1750964588.440558 -30.303871033407194 66.16407148031165 -345.5184107482103 0.9507978517875545 0.16522903669739006 -0.21900167967591289 0.1439481669468309
1750964589.04078 -29.93835791124106 66.1891986604846 -344.86742346957055 0.951142869582425 0.16193939581235775 -0.2214325589232794 0.1416703764910891
1750964589.774317 -29.501376820254205 66.21167236230515 -344.10182142273356 0.9513501036998866 0.15765974607104766 -0.22376762672993672 0.14143703152526707
1750964590.507932 -29.067853654860812 66.2505021101537 -343.342225265628 0.9509664803525316 0.16024131637020006 -0.22280229603762555 0.14263453527889292
1750964591.108148 -28.697267023111014 66.26861579313892 -342.6847909221811 0.9509807679614841 0.1617174225180962 -0.22243418853361552 0.14144287183482052
1750964591.908385 -28.280410963528965 66.2921419181382 -341.94223178891235 0.9515205351197029 0.15765660050447372 -0.22485134774784166 0.13854580101492092
1750964592.708737 -27.817037898667646 66.33416226617223 -341.14105832568356 0.9484434291795546 0.16307343264989202 -0.22973318887941954 0.14520598864096868
1750964593.375708 -27.407115363183063 66.36657357755432 -340.45304847915327 0.9485570231782895 0.16579773497513367 -0.23130846193027596 0.13873384697220642
1750964594.109144 -26.97084814523454 66.40895139055425 -339.7258704817663 0.9465827314404572 0.1689135022247315 -0.23284329420569586 0.14571671712037246
1750964594.909437 -26.508956235495415 66.44165141789311 -338.96440231001395 0.9467283276794882 0.1671492376443792 -0.23664956758482306 0.14058302915365992
1750964595.709977 -26.06247355549378 66.47972057039517 -338.2505592321067 0.9456743922498916 0.16941787883863027 -0.23892157599641728 0.141116996481663
1750964596.443255 -25.671178214095537 66.51671951428214 -337.6107130239312 0.9440922765587173 0.17323550634164794 -0.2425671376151066 0.1408560131266871
1750964597.243683 -25.221191579094537 66.54921138084876 -336.92864704283033 0.9424672123234756 0.17375166707673886 -0.24858956029627097 0.1406027823159188
1750964597.843722 -24.82529225886965 66.5862840786461 -336.3584395207102 0.9393792571231319 0.17787825725670056 -0.256665642187715 0.14159337909125483
1750964598.510656 -24.418328452551073 66.62385201283756 -335.78868011567164 0.9371583962456188 0.17874306258490205 -0.264972028420512 0.13991026437981183
1750964599.244235 -24.049578590878237 66.65637578585674 -335.2073962281927 0.9444353491294857 0.17213641752017375 -0.24353217754954176 0.13821361574014818
1750964599.911104 -23.680572721057356 66.67650271039813 -334.5813061299884 0.9498184029286139 0.16907566691526948 -0.22404582189072353 0.1380648036561244
1750964600.577993 -23.32803739341502 66.70492233640158 -333.91602882524427 0.9542391760636592 0.1684897220031752 -0.20621008877954514 0.1360742728445527
1750964601.244899 -23.01417379988357 66.70011381541995 -333.2685353483255 0.9583618977542352 0.1621829078406202 -0.19310432149817205 0.13397723073713907
1750964601.845035 -22.682520637842455 66.71294308630227 -332.64756920788267 0.954746961971271 0.16544438447856982 -0.20694438923158828 0.13513109936909548
1750964602.645392 -22.237843697822925 66.73326147450123 -331.7816061338261 0.955055190836393 0.16353981899653164 -0.20232400814169474 0.14208907695006698
1750964603.445766 -21.893022356946336 66.74374656204961 -331.1077549426719 0.9565509637735901 0.16011450826269485 -0.20126783780186736 0.13734939175028218
1750964604.112527 -21.597091152490094 66.75024477777586 -330.5314495999432 0.9565413397305194 0.1593956616485727 -0.2034570830894218 0.13500705083402484
1750964604.846133 -21.26749609659337 66.77347447110782 -329.9214910574048 0.9544927793235893 0.1598879944440709 -0.21270042518089494 0.13467699350538373
1750964605.846503 -20.792190918236177 66.80612478984354 -329.0966490405638 0.9507712229215755 0.16302968653106661 -0.2238760938918168 0.1390499822277462
1750964606.513427 -20.495448061884765 66.8206503053815 -328.57779156630255 0.950871648840296 0.16368183071458323 -0.22565403562854225 0.13465371116390357
1750964607.647189 -19.956222272636605 66.85296709241884 -327.6660304047064 0.9494521268278336 0.1650536744614586 -0.22897273949061764 0.1373660364829523
1750964608.447336 -19.554642396027646 66.86232060264484 -326.9657446692626 0.9534159762204006 0.16251672097478084 -0.2169349894169828 0.13238391918189793
1750964609.18094 -19.319959695568297 66.84856075684013 -326.23248196117237 0.9710466193618779 0.14622193466396724 -0.13633935052309362 0.1307638724875334
1750964609.847789 -19.120608013507347 66.83228537236754 -325.4658867549404 0.9762333337308879 0.13666240637782898 -0.10437668329842437 0.1318991007525007
1750964610.581381 -18.912080746973846 66.80063719403464 -324.6783402293841 0.978687995257741 0.12800733661717068 -0.09786113287838981 0.12730722046419937
1750964611.248294 -18.70945482829974 66.7774180892113 -323.9258915963483 0.9791982346644055 0.12129218345255527 -0.09743879907345698 0.13024862340365112
1750964611.848465 -18.51534162890826 66.75417402388527 -323.2150377362455 0.9775191015358861 0.11900002609053358 -0.11263320729252324 0.13269951219927603
1750964612.582262 -18.20076295636369 66.75158606818445 -322.3438138531993 0.9728502642873168 0.11857060338670616 -0.1408945112029251 0.14018599074621932
1750964613.24898 -17.94290697057136 66.74735348701358 -321.6040085803743 0.9710658476265589 0.1165701429139772 -0.15259547381287733 0.14197585261639067
1750964613.982529 -17.60267111500058 66.75054973362394 -320.823102358589 0.9648857523732144 0.12129626172806103 -0.18412318033075453 0.14276328737761101
1750964614.649431 -17.3155057519661 66.7566847609659 -320.19891160651343 0.9629444311036482 0.11978900226054291 -0.1936507071202665 0.1445268873798771
1750964615.449717 -16.98099559739581 66.76500678796157 -319.5073661042482 0.9614789351778693 0.12011205237858986 -0.20124767682431635 0.14363399547269173
1750964616.249951 -16.621765356473183 66.77368981797875 -318.8155921897932 0.9587544607093952 0.1199979683407262 -0.21301934028586395 0.14495907121705082
1750964616.983652 -16.25970029975602 66.77819438214019 -318.1553256236371 0.9561298663218221 0.12231423893072127 -0.22494820344463576 0.14231377814267948
1750964617.783952 -15.870177728424206 66.79646938707484 -317.4383893510014 0.9552033805361925 0.12185053055076042 -0.22530485153835636 0.14824531658709236
1750964618.584087 -15.497707862593137 66.80683759772475 -316.75904974322594 0.954552337253942 0.12069203504158431 -0.2298251359424936 0.14643659040544538
1750964619.584561 -15.038310357458895 66.82954968153838 -316.00677755713724 0.947396335073824 0.12211270569620081 -0.25579060416313476 0.14866014334076919
1750964620.584763 -14.32048108417841 66.88592506967903 -315.1799601935637 0.9181036002866405 0.13321838525133864 -0.34113967648272037 0.15153336959560929
1750964621.251676 -13.627614132220021 66.95702005571904 -314.6690817933918 0.8762449515068713 0.14851328549085738 -0.43295987911395184 0.15061318690295394
1750964621.985225 -12.816771656473525 67.05074237332579 -314.18134325615364 0.8644341788034688 0.1611389770745691 -0.4519438737114853 0.15011500790524263
1750964622.385361 -12.392256047713913 67.1012856001673 -313.89786493432564 0.8735942143400101 0.1654021048072382 -0.43341823956716735 0.147050746368366
1750964622.785524 -12.015010640439012 67.15014501368022 -313.6044443533171 0.8869852606801655 0.16743142123418084 -0.40314779789053273 0.15065098597637894
1750964623.185799 -11.699381049196376 67.17781470509128 -313.29223427592876 0.9077136539998619 0.16288330544030888 -0.35762069985425865 0.1470795233430142
1750964623.852582 -11.268113795632175 67.21493730950355 -312.7110247868214 0.9374027920206415 0.1524796400652465 -0.27981458530062747 0.14046267379811936
1750964624.519416 -10.902933371760776 67.21786262985871 -312.09228531502885 0.9504834317988946 0.1463117195005488 -0.23655535049608553 0.1386206794250514
1750964624.986258 -10.66187626676241 67.22308015194042 -311.58128257345305 0.9614784517145469 0.13761789593758791 -0.1961679174508577 0.13467980460819776
1750964625.586537 -10.366853310883084 67.22165507723933 -310.9145196399666 0.9639832647903678 0.13470426228406526 -0.18682949618733838 0.13298784260598703
1750964626.186645 -10.07492154637295 67.22815067722155 -310.25867299976255 0.9661933244111833 0.13303580142687482 -0.17708877237444495 0.13195265098089914
1750964626.787013 -9.79559668053185 67.21751228306132 -309.58567333909855 0.9687946529144922 0.12865252214236828 -0.16570040267500563 0.13201827746201264
1750964627.520599 -9.522705344568791 67.2077275903297 -308.9635712242918 0.965813035947471 0.12766211288236304 -0.1831407943906864 0.1317839670001177
1750964628.520915 -9.015374590727308 67.23294125625222 -308.10245395781135 0.9505790741673824 0.13759121689084008 -0.24098890213299046 0.13925670482355879
1750964629.187824 -8.698192354196301 67.24638349474172 -307.6305339159697 0.9460772343231384 0.1415094087401142 -0.25742478983537714 0.13654827538902364
1750964630.054615 -8.2359397973167 67.2852864923527 -307.00168262918237 0.9372422197673295 0.14896614058857616 -0.2807197421795208 0.1434661520861878
1750964631.188356 -7.637809271078604 67.3118857778819 -306.1699902103379 0.9418153937163526 0.14842790639984565 -0.26893488070514454 0.13648058726712792
1750964632.188666 -7.173013493377467 67.32776603335236 -305.5254748568552 0.9413447105525773 0.14971794293497886 -0.2725552068412314 0.13102798442217
1750964633.189025 -6.554146093263705 67.36081452943812 -304.6555462000307 0.9443160332528819 0.15043534529101452 -0.2585628447286744 0.13704631171443685
1750964633.922574 -6.141193623381328 67.36460462526802 -303.95472310612035 0.9535105606167695 0.14329574372734685 -0.2288833816050473 0.13377719628904852
1750964634.522792 -5.828670839260825 67.36237280891767 -303.34581344932735 0.9577925508313513 0.14096928088903876 -0.2127141870814075 0.13233958603492987
1750964635.523159 -5.265497879970953 67.3762767890835 -302.3547670700615 0.9496051723600262 0.14642991209591452 -0.24063795943032995 0.13748334427076853
1750964636.523462 -4.894738834813531 67.37897789737531 -301.7115466815439 0.9517278197207774 0.14260423366226924 -0.23755199021604215 0.13208800723581895
1750964637.52384 -4.435581574784038 67.39157065962566 -300.9420030569523 0.9523102798671882 0.14104794530985157 -0.2356817914825847 0.13290861953502572
1750964638.324069 -4.0223357487606 67.39900626846416 -300.26482987430495 0.9522717518082001 0.1423516292706134 -0.235948888937202 0.13131125679637506
1750964639.191076 -3.5653968095238104 67.40768035555824 -299.5010444206629 0.9521399004082314 0.1428633311805093 -0.23667940158649406 0.13039378635222848
1750964640.12467 -3.054889450798905 67.40619956579566 -298.674416826965 0.9521613356492333 0.1418553388041811 -0.2375226079873958 0.12980317577888845
1750964640.925033 -2.611297452873654 67.40849737560286 -297.9196866783701 0.9519880074967803 0.14383534853395236 -0.2372582322696017 0.12937834948217064
1750964641.725329 -2.166996248444904 67.40756560650476 -297.1915697492853 0.9517757259945578 0.14339318224211048 -0.24011835377133636 0.12611319865960297
1750964642.5924 -1.708316261626269 67.41401057022925 -296.41203223342615 0.9508082835233423 0.14318746568388305 -0.2418826355572129 0.13020656001261513
1750964643.259253 -1.3406555492526058 67.41102339220573 -295.82352744262585 0.9511455925706286 0.143532234754318 -0.2412535102821964 0.12851966034975798
1750964643.926366 -0.9534523123257467 67.41193367010379 -295.18990244135006 0.9511188117844169 0.14218409733073994 -0.24301079987591742 0.12689538793710495
1750964644.726386 -0.4818651169861538 67.41502970979776 -294.41725547720023 0.9491532562701713 0.14425664734892948 -0.2481602616968248 0.12928495783323143
1750964645.326594 -0.08450704598467498 67.42324593860931 -293.81140893617714 0.948256447303306 0.14620546645860022 -0.2494425968011812 0.13119475075786674
1750964645.926773 0.31255736710609583 67.42322239023255 -293.17999156433797 0.9477909496544717 0.1460083583976582 -0.2517176924761264 0.1304303581440675
1750964646.660342 0.7843478552279203 67.43086940323622 -292.4598303748609 0.9457447075756705 0.1484974402573455 -0.25778045015382284 0.1306319174172918
1750964647.327258 1.2128679048646371 67.4378509599556 -291.8347484471433 0.9445538246815963 0.14830553101440708 -0.26186459496957365 0.13134106612679883
1750964648.060853 1.684219081531652 67.45476636495867 -291.14711956747965 0.9436650665422468 0.1457993803258269 -0.2647814394620226 0.13464609983523973
1750964648.927806 2.263135566664706 67.47606498461963 -290.3147559316767 0.9433561774056429 0.147214350770878 -0.2654508877275081 0.13395104957558152
1750964649.66136 2.768658510414587 67.50014857792074 -289.5669330175398 0.9424677891837171 0.14744280347830374 -0.26874503355157825 0.13338363091090338
1750964650.261558 3.207073140500938 67.51331727793284 -288.96405325362406 0.943610876376954 0.1464551547820124 -0.2661911889825207 0.13149772822739447
1750964650.92847 3.626608267867777 67.52336471546315 -288.24085229836777 0.9510155271717907 0.14200409264183966 -0.23899534254039906 0.1352240030287743
1750964651.662057 4.004617531306912 67.51847471669019 -287.61609441254774 0.954821599800776 0.13837639941140112 -0.23054470542268962 0.12655758942627088
1750964652.528963 4.455172737906315 67.51539063173749 -286.7965718608598 0.9597732903101082 0.13664584335787933 -0.21031930968764365 0.12620987549647542
1750964653.062489 4.722888710856729 67.50622423113991 -286.26569728827525 0.962644562802273 0.13294999104985855 -0.20184352695719937 0.12206119863634633
1750964653.862788 5.202256533812029 67.50084606134888 -285.3827593883086 0.9586332408211626 0.13395260886708735 -0.216318801770785 0.1276134168920651
1750964654.462966 5.56211363234239 67.49377612019794 -284.7408621943922 0.956088565365574 0.13775137617397967 -0.2247044627953674 0.1281683187812758
1750964654.929784 5.8395977069900376 67.48515301766159 -284.2540728518196 0.9561763648853033 0.1367607577005653 -0.22535528986087275 0.12742938326624922
1750964655.66347 6.273989874974648 67.47657673163621 -283.50678853128676 0.955520436173726 0.13803311106213073 -0.2282409937049175 0.12583165379773767
1750964656.530305 6.780202602753824 67.47423997099027 -282.62973509454446 0.9539497238760397 0.13736039257966712 -0.23549213336233077 0.12512194848085442
1750964657.263937 7.256126375916908 67.46365822193313 -281.83840163620647 0.9534008124414928 0.13790347858817556 -0.23760761858007345 0.12470822355357541
1750964658.130911 7.814573265888786 67.45470359289972 -280.95100979224367 0.9534305696604779 0.13943602674882152 -0.23657076960261872 0.12474780258995796
1750964658.531018 8.082472371849075 67.44956737871419 -280.50858346582777 0.9530859246889252 0.13607588987459832 -0.23922813544716798 0.1260177430569373
1750964659.331311 8.644577394897832 67.44219118492194 -279.6482272826323 0.9473465098074471 0.14116454745833415 -0.25857783752823443 0.1254777384070758
1750964660.131717 9.224933640301492 67.4601435251803 -278.8485880067509 0.9437984166441289 0.14113920834789867 -0.27049174728012126 0.12711603856441836
1750964660.731789 9.595024962753486 67.45354478666437 -278.2838086929723 0.9512337080160698 0.13504910151690505 -0.2498610534683635 0.12035624983005583
1750964661.265274 9.903539004103212 67.44167045087939 -277.7473803570027 0.957211898702408 0.13264590160141418 -0.2254296974967219 0.12382203865796826
1750964661.932315 10.23995307195329 67.41776990814263 -277.1210991956059 0.9615683578011518 0.12890440946718817 -0.21112832657623412 0.11914183233705346
1750964662.865853 10.66978757161007 67.3959688313245 -276.253628288244 0.9625753520101371 0.12837006426845052 -0.20588253570385134 0.12075677949675173
1750964663.466084 11.006503986038279 67.37346855710355 -275.5890290683727 0.9640147703327323 0.1266483368765194 -0.20205722785541544 0.11750999114171463
1750964664.332846 11.478835329464571 67.33887245022962 -274.66640247351734 0.9628395679099483 0.12933485533541364 -0.20514113224221725 0.11886789947135838
1750964664.933293 11.838738493795447 67.32151626100193 -274.0246001027302 0.9592843838425642 0.13211892802295483 -0.21959212849645357 0.11873229079005508
1750964665.533386 12.208591824126925 67.30655684611037 -273.39922329226323 0.9560751519927082 0.1336105493977898 -0.23214181255567468 0.11907436203946908
1750964666.533596 12.846507042149906 67.29140546906359 -272.4020463158347 0.9543815819385275 0.1340426202118754 -0.23888693670241723 0.1188335116715143
1750964667.067248 13.160395727724273 67.26727096249073 -271.8559556803716 0.9582318327503606 0.13169166654790157 -0.2264177280949075 0.1148219145897749
1750964668.067619 13.727970058439741 67.23786232848047 -270.8254172689537 0.9616151538955433 0.12870918917485422 -0.21391215116238205 0.11389395069749891
1750964668.467561 13.96615926261524 67.20699312820531 -270.37607632277593 0.961861102481504 0.1273217002276303 -0.21361906468654476 0.11392672814865243
1750964669.267982 14.433510360723067 67.176715162297 -269.52530692291833 0.9622592277614621 0.13016527014050688 -0.21075883577662957 0.11267162100211042
1750964669.734831 14.725158754279828 67.1501774739054 -268.988457220596 0.9619985541104853 0.12890050933119301 -0.21370507159706065 0.11078620382155015
1750964670.335039 15.09213675618327 67.11818770867312 -268.33958871865934 0.9604998643076461 0.13105404126058257 -0.2201841282409777 0.10855320633230305
1750964671.06856 15.53296340369484 67.0910229424557 -267.56726557120516 0.9595757889871537 0.1300014050295358 -0.2227810074620631 0.11261688414361455
1750964671.735486 15.93070248183534 67.0656608495615 -266.8649605019085 0.9587705392079438 0.13112436445841938 -0.2251193601807896 0.11351972455955125
1750964672.869186 16.584159159471234 67.02497242781843 -265.7203445744345 0.9597709327404371 0.1274366389226744 -0.22260863148565432 0.11421495924233076
1750964674.069627 17.284617285222517 66.95619777098263 -264.4944966783227 0.9630286361682322 0.12403513808746755 -0.2130511478671127 0.10862936450188396
1750964675.670116 18.05636065314209 66.8349236819823 -262.80137350500996 0.9713704664719623 0.11379669839229171 -0.18125426559718372 0.10313398811197692
1750964676.270363 18.365940677217548 66.77480950878837 -262.10506698732576 0.9719723330192994 0.11254647494729988 -0.17678843736792016 0.10653132513475162
1750964676.870401 18.650860130753355 66.71863926947353 -261.4008590664946 0.9740452730913087 0.109976880572257 -0.16634354406900437 0.10710143348544096
1750964677.470747 18.932066533272312 66.6588872170853 -260.7416013166186 0.973678291841313 0.1071992451992653 -0.1711691514936175 0.10564103086701612
1750964678.070953 19.205396099441348 66.59993155185789 -260.02888564285377 0.9744995656396116 0.10227216208919714 -0.16920756863411454 0.10611220545601957
1750964678.670974 19.493225407510394 66.53965874715087 -259.3243883145116 0.9744302019620507 0.09899968172845379 -0.1714843895241172 0.1061976867516552
1750964679.071235 19.713101505083813 66.49763518940418 -258.804547342989 0.9747162253117755 0.09921876735940563 -0.16901823060771634 0.1073161406307599
1750964679.604766 19.98928442002784 66.43772519649237 -258.1417052495134 0.9744882203049954 0.09833467367713669 -0.17256998341868202 0.10451124945425547
1750964680.271702 20.353022542743318 66.37646955735372 -257.34988197040485 0.9712636389727229 0.10277080450110039 -0.186628682843798 0.10608883113527899
1750964681.071909 20.81781633740902 66.32006297618858 -256.46227390121635 0.9641092072235118 0.1102969842861518 -0.2160453004372422 0.10794646804418229
1750964681.672169 21.192873710168605 66.27015350934407 -255.78686367429646 0.9628175079676056 0.11040191495638617 -0.22245279254316436 0.10634198895431933
1750964682.405775 21.65801062710637 66.2122132511692 -254.98228589856078 0.9615670054786316 0.10809836100690948 -0.2278667298449086 0.10853751311074257
1750964683.072649 22.058140562656543 66.15054209506542 -254.19578739624745 0.9683207327112874 0.10340628193730918 -0.20067017146413735 0.10674072204145431
1750964683.806218 22.453874582350583 66.07394795386683 -253.34856091437698 0.9724699000653267 0.0983847307469147 -0.18340313679742867 0.1048142530176793
1750964684.473196 22.787029119762593 66.008680026645 -252.55265120177057 0.9730386509291296 0.09669157486597554 -0.18072789107029286 0.10575420813017969
1750964685.206699 23.171420323937088 65.92454060828271 -251.71856834903903 0.9717545263576634 0.09624965400180516 -0.18836426593284902 0.10463291990337101
1750964685.873586 23.534548928909775 65.86004417610883 -250.95913526450698 0.9699926860991034 0.09746754349796401 -0.19712835881499277 0.10370475895360921
1750964686.607204 23.945270751705635 65.77586796519145 -250.12294620273138 0.9681052269402237 0.09812912044726163 -0.2062155690286575 0.10304408950275429
1750964687.407423 24.408390308386775 65.69352237940258 -249.1813771762413 0.9688136455177782 0.09716773057601584 -0.20431686912705582 0.10106022651556534
1750964687.807579 24.640853953828124 65.64996842715887 -248.7221635221495 0.9684553358442808 0.0962738266808485 -0.20491660090009495 0.10409034271496291
1750964688.207713 24.868915119699054 65.60120512131412 -248.26789112777217 0.968636361617332 0.09557467227059328 -0.20714118178435967 0.09849676026187143
1750964688.60788 25.094021717895956 65.56279432997589 -247.7997530574699 0.9679384520143902 0.0961137159930212 -0.2079546087487679 0.10301547170277708
1750964689.007931 25.327343154295185 65.5150983791011 -247.32854006547706 0.9677955072991703 0.0936615763835826 -0.21088633100340326 0.10062962067307392
1750964689.408147 25.56308808293248 65.46087564996476 -246.85877026306017 0.9685044385448222 0.0893149941812616 -0.21158209278638637 0.09620292274932683
1750964689.80824 25.8042140805309 65.41551446115484 -246.38361319301285 0.9681847721753339 0.08755063498954423 -0.21243168662256412 0.09912573711916042
1750964690.208389 26.039679616628373 65.3641789584884 -245.90013272547927 0.9691442386775253 0.08407453337208971 -0.20917776315984202 0.0996773839738492
1750964690.608697 26.26432278830217 65.31680614939673 -245.44394633047344 0.9697353493332103 0.08517274922752792 -0.2061261185323414 0.09935279714941248
1750964691.00864 26.512232825868615 65.27593792163451 -244.9627412553932 0.9694230472529352 0.08904807192451474 -0.20265003863301892 0.10593563226505039
1750964691.408792 26.74489426572314 65.22287794103855 -244.46878102812988 0.9726761814203374 0.088531058717954 -0.18915326190610818 0.10141174118467829
1750964691.808914 26.938143696660354 65.16207309196113 -243.97402481410492 0.9767541056003857 0.08357377620819019 -0.1716380315879929 0.09750501133630562
1750964692.20906 27.113861726699984 65.10680265004548 -243.47814961345492 0.9795062760541385 0.08011858831586541 -0.15733799156757802 0.09691864313075853
1750964692.60921 27.287202710006373 65.0418779938586 -242.99134409498026 0.98051892370144 0.07839274567741472 -0.15366754281648362 0.09393350825594675
1750964693.009136 27.456060317472314 64.98447478748467 -242.49939318926224 0.9806273747632341 0.07583629008932946 -0.151190885262931 0.0987933458481175
1750964693.409439 27.634097843416463 64.93426930419426 -241.99551604993962 0.9808678678403203 0.07499509466995245 -0.14885215805871116 0.10058328218492966
1750964693.809575 27.805280693248257 64.86619848048096 -241.49940128276813 0.9816797707330662 0.0738243976852552 -0.1480114299535028 0.09459071118774466
1750964694.209779 27.981700241222768 64.80575881775175 -240.9902491743278 0.9821204811549259 0.07103109553885122 -0.14601594608765345 0.09525380543944142
1750964694.609897 28.16415450208171 64.74837860454228 -240.47544893968117 0.9817233090072859 0.07256732307647316 -0.14771449862286343 0.09557068101617748
1750964695.009819 28.341256048114644 64.67294403216499 -239.99000502690822 0.9823848667068075 0.07256615072119414 -0.14979876344616352 0.08493796503894582
1750964695.409965 28.528162743980147 64.6173281727116 -239.48611494216183 0.9808165410713542 0.07575123850524128 -0.1549299073658844 0.09087016248111947
1750964695.810289 28.727339642091863 64.5517537867457 -238.96786813750742 0.9798702878889912 0.07675205480913247 -0.15766908783957362 0.09541383408478045
1750964696.210394 28.923252802847504 64.48684739737821 -238.47696771019525 0.9797517704831994 0.07916196255982097 -0.1579258555460118 0.09422991069068158
1750964696.610558 29.113774527872913 64.43722684179902 -237.98377057663396 0.9800034950592932 0.07943223570128469 -0.15498136283095015 0.09625199622930776
1750964697.277253 29.41805226185958 64.33236691383293 -237.1791932659146 0.9807439743577423 0.0794501183839573 -0.15014778775159032 0.09635651136824482
1750964698.41115 29.910857434886974 64.16285553709508 -235.8015148200112 0.9810447676025414 0.07699221082101995 -0.14876706286404828 0.09742548146851122
1750964699.077852 30.203230555090776 64.06931215056302 -234.9896428009558 0.9811761452703245 0.07784839777819527 -0.14621481408872314 0.09926845952685602
1750964699.811611 30.51211984822852 63.95645297792164 -234.12015350807457 0.9824015874360265 0.0825107874280312 -0.1398124003305647 0.09236657228125007
1750964700.211785 30.68396873067963 63.898849435061315 -233.6265188490916 0.9825806901514524 0.08364757122216535 -0.13784173346871517 0.09240090737902902
1750964700.611919 30.85533934771678 63.8241117080713 -233.13722862745757 0.9832865058789082 0.08275438407989026 -0.13841335746468017 0.08450503977491818
1750964701.012041 31.021547311127872 63.74916244490747 -232.63437612880224 0.9834320413690807 0.08120688701012867 -0.138292971080898 0.08450985540388053
1750964701.411978 31.178334326687956 63.68661057238378 -232.13420158778777 0.98535147628004 0.07523611274663924 -0.1343403788079955 0.0733120600804864
1750964701.81228 31.34151456640393 63.622037762999 -231.60795234376087 0.9846308423001867 0.0799880643135532 -0.12549408725627798 0.09140704580233042
1750964702.079039 31.46897118858035 63.582045979842036 -231.24330714412645 0.9847410094619897 0.085456040898899 -0.12218377474516225 0.08974148732158797
1750964702.879432 31.742654750707143 63.43471876698123 -230.25311884423536 0.9867716032877153 0.07606257190906114 -0.11767298252727573 0.08154359130370782
1750964703.212894 31.855559111970244 63.37453347771678 -229.8434809286642 0.9880166400904078 0.07718661791858905 -0.10869301015351159 0.07778929529517464
1750964703.879769 32.08460480733757 63.24046944811958 -229.00720697814336 0.989081860190162 0.07769937158355734 -0.10072708550160175 0.0743904277756364
1750964704.613188 32.27391700403269 63.105733832424896 -228.14094238242697 0.9899751895049036 0.07140340164184192 -0.09475630857785057 0.07662845674684476
1750964705.21346 32.44326327672791 62.994868506550645 -227.3818963458201 0.9900670237550643 0.07039401812460461 -0.08985314686995008 0.08208765243706766
1750964705.946994 32.64518926342763 62.86038242687232 -226.45041799860505 0.9906777717099892 0.06842336709898957 -0.08289892700277307 0.08368729519082564
1750964706.347204 32.74265197469015 62.77486738679168 -225.93663287978595 0.9916487768925751 0.06506131482286297 -0.07654992364963945 0.08086926356913542
1750964706.613939 32.8124748601485 62.72334561690297 -225.59196667972589 0.9919369423464521 0.06434781594237064 -0.0752698749260681 0.07908796950505297
1750964707.347331 32.988868946928626 62.58661076080138 -224.67429478022558 0.9912454149481971 0.06297804958877014 -0.07656101053246052 0.08720495559553623
1750964708.014391 33.14065665220081 62.456169848509504 -223.84759503181036 0.9917728588127046 0.05924006737203601 -0.07673702892048945 0.08359808211129982
1750964708.747983 33.316663615326796 62.32072284783956 -222.9306269354673 0.9918580892735764 0.05978878027677194 -0.07511002144195705 0.08367387390682107
1750964709.148116 33.41262981878142 62.24562576248207 -222.42424765224985 0.9917045576313652 0.059896035816232616 -0.07991354010879448 0.0809219461824736
1750964709.414951 33.49713616990645 62.194553660504624 -222.0666792229201 0.9914050965059097 0.06369583417582096 -0.08076987699531327 0.08083936108676504
1750964710.148441 33.705131253563074 62.0596476281552 -221.14247001431522 0.9898587252692568 0.06686746930514766 -0.09194974403786693 0.08516859825321658
1750964710.548599 33.83576885669402 61.98412176741858 -220.6409895203338 0.9895136571414939 0.06933677584338231 -0.09645093189181835 0.08217269365981895
1750964710.948896 33.96300901599177 61.9118462800351 -220.1294345188082 0.9889412734785373 0.06992017530194942 -0.10085676356462932 0.0832720837956038
1750964711.349028 34.09379585594924 61.8449866784544 -219.6350017498002 0.9884850425494333 0.07327237756901836 -0.10009321613623434 0.08665926046841903
1750964711.682398 34.19895719887055 61.778458056118026 -219.2271141775342 0.9888550177754784 0.0699602864224401 -0.10266736908428425 0.08204098652051847
1750964712.149097 34.345356972330826 61.695036656022765 -218.64819373471752 0.9886767434865064 0.07131978359497727 -0.10344659468667836 0.08204015726833233
1750964712.482538 34.460762034630875 61.631713892262454 -218.22082125117387 0.9885778021776647 0.07251764714999497 -0.10140029326255838 0.08469415812010841
1750964712.882694 34.59534348776629 61.560483194279755 -217.70920142133 0.9884434570031599 0.0726610189100267 -0.10122748490987393 0.08633020871873352
1750964713.282842 34.7242073522235 61.48792684939126 -217.19397111179583 0.9886194727671301 0.07084859776138494 -0.10227082810371986 0.08457358913908453
1750964713.682779 34.858759808321764 61.40389735029246 -216.67002212872373 0.9886526164008638 0.07236427720646277 -0.10189139270819193 0.08335202193167146
1750964714.082933 34.98549127747489 61.32734476046689 -216.1610573068278 0.9887320369271474 0.07241248625961033 -0.1016083816921132 0.08271111024225021
1750964714.483242 35.118208699783196 61.252569837867135 -215.65719632977712 0.9886179530849438 0.07337700991612651 -0.100750571241082 0.08425959677390035
1750964714.883366 35.25033584859887 61.17853228576011 -215.13003427592818 0.9891808680802799 0.07266551470751638 -0.09592573896035772 0.08389985578739098
1750964715.28367 35.37031985332877 61.08999549860125 -214.6130635092734 0.9896339639835221 0.07301663508272982 -0.09188578153134308 0.08276588357427726
1750964715.550072 35.4535832793039 61.03551370055728 -214.2594537994403 0.990221845810647 0.07259912262322608 -0.08876118165219586 0.0794450508552866
1750964716.150291 35.61523664894477 60.918924894559446 -213.4708755026881 0.9907677472212836 0.07286850319234553 -0.07933527796365915 0.08231261129984138
1750964716.750685 35.749133003057295 60.810861750717 -212.68175537233307 0.9917013551515838 0.07685642616883262 -0.053447033705212844 0.08811882055032838
1750964717.350901 35.834744020346925 60.671991802869435 -211.92784312258854 0.994520347283795 0.06968548998617517 -0.029019534406380682 0.07232619129156072
1750964717.884221 35.84196442233486 60.54749697513572 -211.24483077781886 0.9957067402340922 0.054634168464466344 0.002673351141657759 0.0746729421026639
1750964718.484581 35.820375847910334 60.40157868402309 -210.46166896825906 0.9958920904904784 0.04688396132905832 0.026575115715002436 0.07276401235043599
1750964719.084796 35.83540469307585 60.255489833208756 -209.6577267980887 0.9955614924196549 0.050333904976657774 0.019491224075768192 0.07709672499515494
1750964719.551626 35.858712204885144 60.149578287116505 -209.02738185329264 0.9955892067250925 0.05583798941672649 0.00045708544082093637 0.07539258228299577
1750964720.15165 35.90559302977455 60.01010945978615 -208.2213581148999 0.9953934650341374 0.05695279435348301 -0.006706083854687038 0.07683265856390208
1750964720.752017 35.9681448206062 59.88066106012077 -207.43355358706336 0.9951976827039376 0.058295196222150715 -0.018790081301549327 0.07635558449003516
1750964721.285518 36.049924046141264 59.76744984800135 -206.70890896919676 0.9948412436862684 0.059928430333585705 -0.030232192020521537 0.07606245896725697
1750964721.885552 36.13503698039139 59.65260751848281 -205.91268099660758 0.9937968316933625 0.06288258016832164 -0.030058818247685148 0.08666086702290468
1750964722.485914 36.216321455878486 59.51703046267429 -205.112455468848 0.994792409327088 0.06055241515979704 -0.027948754496112033 0.07707356541408322
1750964723.152835 36.29186211058725 59.36894887079515 -204.23399877543235 0.9956097179607207 0.058885415575357876 -0.016848333317700307 0.07078086605225459
1750964723.753058 36.33120111297959 59.22453142396518 -203.43643839553215 0.9958794615111174 0.05218837550906966 -0.017945510587053397 0.07196131079838204
1750964724.353086 36.38283706217161 59.08649987452116 -202.65013150986454 0.9955310640224334 0.05368047109829561 -0.014024123294050157 0.07641748199764131
1750964724.953426 36.42860074342102 58.94311783502514 -201.8788489225918 0.9959433695717294 0.05517946982615906 -0.014542161578578754 0.06957410619214778
1750964725.687264 36.48742884915291 58.76505039407663 -200.9368523073429 0.9964526683790689 0.05135301151580864 -0.014023515288169013 0.06517889925008824
1750964725.95359 36.51357118207902 58.6974344980043 -200.55866568184817 0.9961964277083001 0.05056452201569041 -0.012595515253777155 0.06983737917503996
1750964726.687333 36.565317117766 58.52132894841254 -199.64123793952035 0.9966082228054862 0.047375922353946366 -0.011483187145310448 0.06630014050202873
1750964726.954342 36.58601950417474 58.45560233250672 -199.27306981097212 0.9965595191519759 0.04698087355652247 -0.010486362981393809 0.06746820361378296
1750964727.621182 36.62764689704046 58.29386261054229 -198.4224367440505 0.996713178515578 0.04455786380653859 -0.0076089735619304 0.06722752462872388
1750964728.020959 36.64764167413504 58.19815691032041 -197.91236448405064 0.996646341898167 0.04375780845041923 -0.01053475802032409 0.068339902356322
1750964728.4211 36.67100071382407 58.10492347741429 -197.3960527529485 0.996680223653375 0.04064183551101292 -0.013094584428602625 0.06932030613893975
1750964728.68787 36.702560223296985 58.031283050276976 -197.0346344081815 0.9968164522035254 0.04307855532962216 -0.014072165676512455 0.06559857346209831
1750964729.021459 36.72655552768296 57.94498780989125 -196.5936378591841 0.99676422536438 0.042155419018473354 -0.01813042769050726 0.06599460033126597
1750964729.821738 36.821834909731834 57.74584389009981 -195.55281042647186 0.9966249353002714 0.04421923740052702 -0.028192803120709767 0.06315507290505296
1750964730.088341 36.85561986364719 57.68224247287267 -195.1934206423477 0.9964297961256571 0.04462991844219644 -0.028208913494405487 0.0658793516383515
1750964730.42179 36.90132983065364 57.59562437572424 -194.75188942587607 0.9964631908702337 0.04423075807846648 -0.028864497917827494 0.0653574023387398
1750964731.088854 36.99434814365741 57.431876943262296 -193.9081879136572 0.9963525913245732 0.04666482928334804 -0.027488590552206576 0.06594152605314034
1750964731.488996 37.04600824888208 57.332152051420174 -193.39319125814708 0.9965810520026598 0.047187370025133436 -0.029978075087416033 0.06083480840305472
1750964731.822435 37.090150659160464 57.24983205426883 -192.9645906191842 0.9964607695461052 0.04815580282861188 -0.029208884863352096 0.062400276077555605
1750964732.088996 37.13049701971748 57.182846812635745 -192.5905192819763 0.9962772804383173 0.04880362203042027 -0.029508477500511245 0.06464546940616897
1750964732.889446 37.24289012875628 56.97942453434135 -191.56102847856528 0.996259169496234 0.049970229793612236 -0.030060822709397424 0.06377295874492245
1750964733.222891 37.291052490406315 56.89770699859305 -191.11808326889914 0.9960271730578847 0.05123576156783195 -0.029812589331041788 0.06645281622521142
1750964733.623036 37.34097735705416 56.79342836006798 -190.6076743430122 0.9960990126398985 0.05185595493570245 -0.02964167889762373 0.06495450583028003
1750964733.889791 37.38072834292861 56.71697704160325 -190.23835052355497 0.9963406220566814 0.05107952295560403 -0.029539430301665115 0.06183582482498277
1750964734.223046 37.42305951961318 56.62509899515225 -189.77994704356186 0.9961164420858045 0.05154829511019441 -0.027002980957792345 0.06607303608086745
1750964734.889953 37.486515800100435 56.449822934617465 -188.92452179015623 0.9968448134213808 0.0474209097354918 -0.008794628239015601 0.0630422857206831
1750964735.223572 37.46113652134901 56.34867959001985 -188.48052727878485 0.9971432951543681 0.037491385135789056 0.029003811168186143 0.058808365961052565
1750964735.890458 37.28426590826367 56.17006172755894 -187.70314963391172 0.9927380742377335 0.013638069231099031 0.10674625909396661 0.053762023732814614
1750964736.490489 37.01089129576096 55.99874750773612 -186.99343673271426 0.9853085265315183 -0.00438768875155238 0.1636533089798794 0.04863589406645632
1750964737.090877 36.72268989033503 55.80979767231903 -186.19587813382984 0.9836502274656536 -0.011579619253714486 0.17085603680787972 0.055734702932834265
1750964737.424323 36.56872610787943 55.70516863892337 -185.75609204490843 0.9837635318044563 -0.011659817476466983 0.17059023376199864 0.054519118601317834
1750964738.024501 36.33428278384308 55.517197565566114 -184.977514316211 0.9878044012529562 -0.0053661885929798935 0.1479184639677255 0.04830938731449611
1750964738.624532 36.15729318858361 55.33446924007605 -184.17066818887332 0.9919634024831603 0.00594440144676897 0.11519111291745722 0.05200268964495053
1750964739.09137 36.083340632795505 55.1958790859506 -183.55059600005336 0.9951665692486772 0.018630446295131747 0.0792941426769049 0.05485293846091289
1750964739.691738 36.093931783741816 55.01754162558341 -182.7858735630956 0.997804092820563 0.04019457316471049 0.013573217277222193 0.050864097469485045
1750964740.291758 36.12573451885228 54.88645609478257 -182.11504821154753 0.9968924469835408 0.04209117921841993 -0.0005455380066034687 0.06658441384779633
