1758726725.770314 0.0 0.0 0.0 1.0 0.0 0.0 0.0
1758726727.636913 0.0 0.0 0.0 1.0 0.0 0.0 0.0
1758726727.903568 0.0 0.0 0.0 1.0 0.0 0.0 0.0
1758726728.10357 -0.023871049467653865 -0.15519052908775738 0.44374648010783824 0.999885573601498 -0.004667041612829456 0.014379758670738435 -0.0005300629761412729
1758726729.236866 -0.016192342989970195 -0.4820093954928722 1.3829390616394936 0.9999591652750398 -0.00406791686619308 0.008069684684245645 -4.890001009875641e-06
1758726729.836872 -0.018701272800513195 -0.6801137142703302 1.9870751304559293 0.9999324811432355 0.00278075375729458 -0.01109756477836274 -0.002035833800739667
1758726730.636848 0.03557578297527025 -0.9801026692876713 2.9031817055102223 0.9998768683989112 0.004505286045463724 -0.015031555841832179 -5.260616732880503e-05
1758726731.17013 0.05964555299341812 -1.195344864047232 3.529201281110192 0.9997782191560721 0.0065068447869815835 -0.01994665811280047 -0.0018177739579615635
1758726731.836921 0.12486131200446923 -1.4506553775010191 4.301007679532544 0.9996775327998305 0.007965305771727044 -0.023872341815670505 -0.0033905184621808486
1758726732.370405 0.17523643518891568 -1.655375030893737 4.8863593373317 0.999559522180209 0.010050127223066809 -0.02788567484499822 -0.0014648208461369666
1758726733.103452 0.2623777556074718 -1.9423186386515905 5.726884168822541 0.9994441712230636 0.012789401196446103 -0.030641158603879257 -0.0029831568332478165
1758726733.770089 0.27170849528159546 -2.206392044662169 6.468538533493163 0.9999877576462637 0.0023696978068378526 -0.0026204944004253584 -0.00346440456632698
1758726734.503429 0.32474737289228095 -2.488500931984988 7.276113051510682 0.9999259627839336 0.005409281835457605 -0.010464966527127036 -0.003048458009244998
1758726735.303404 0.36426739897456 -2.7922077655191546 8.134495704886996 0.9999299385705988 0.005470733016195701 -0.009714383379627052 -0.003977409460650962
1758726735.903393 0.35133084318986263 -3.0275594286655925 8.807967843657517 0.9999450068380312 -0.002546330747219289 0.009851844366906523 -0.0025378459342345
1758726736.703367 0.33534318150121817 -3.3207719929386226 9.660489844715263 0.9998737592571999 -0.00539512621764693 0.014756446783891762 -0.0023675811041828972
1758726737.370018 0.31955040551789776 -3.569938459858558 10.371299982414342 0.9997982332920464 -0.00809480476983594 0.0181875999443051 -0.0026791883298686696
1758726738.178427 0.2888868965944333 -3.882611720104528 11.254246458680068 0.9996992270237357 -0.011026982404326027 0.02178990507426703 -0.0022497075486861153
1758726738.836647 0.25457403992964117 -4.135066516756196 12.007440351606473 0.9995963532072765 -0.012639494738131557 0.025275178504530805 -0.0029221873729625624
1758726739.503291 0.21852329652362446 -4.383015653453677 12.725285459026649 0.9994705681086558 -0.015777055745042227 0.028155227279286845 -0.0041171802766403615
1758726739.970438 0.18046919350611396 -4.571628350134387 13.250125601261473 0.9993901688593504 -0.01654367955011511 0.030325807198884534 -0.005093375301136603
1758726740.636596 0.1595984002259829 -4.832878075227193 13.98344215994778 0.9997767584501345 -0.013120007261342492 0.01594922378796927 -0.0044632872375785955
1758726741.436557 0.13344607049352236 -5.150613044603631 14.863741462631078 0.9997633547224999 -0.014582638412356201 0.01456954960508681 -0.006950498921088043
1758726741.969902 0.12621015092698476 -5.343718122961949 15.439004003905941 0.9997411542736179 -0.015116248540570419 0.014978426766988474 -0.00804799436504793
1758726742.569888 0.0984815497436803 -5.574176657811232 16.117427420910904 0.999783473282302 -0.014705176823891435 0.014395781251699179 -0.0030863908222532868
1758726743.369885 0.07264737058464565 -5.875658622861326 16.98416967288693 0.9997415028851758 -0.016567639268040394 0.014368391639378803 -0.005999171582116952
1758726743.969837 0.05563703125327784 -6.099344091546415 17.64951850815197 0.9997528377408013 -0.015429681482181129 0.014969213323524092 -0.005666657837587254
1758726744.569831 0.03916737793623463 -6.333690595747076 18.34076613213753 0.9997377358189818 -0.016405522574778078 0.015164050325758575 -0.005036862743991327
1758726745.103176 0.024070168967533112 -6.5362699921823975 18.92875983338086 0.9997481882474728 -0.015256990886226679 0.015741310385276916 -0.004795359459691517
1758726745.836453 -0.0009000060321544377 -6.810679827940994 19.71796629444444 0.9997195567076804 -0.016125303607560818 0.01629342408548341 -0.005941956860630673
1758726746.569801 -0.023896111504293525 -7.090578077115329 20.54522133400349 0.9997366417001509 -0.015428623730387616 0.016031292797911437 -0.0056216068092563975
1758726747.169782 -0.041640722797955845 -7.31912950520481 21.195105249260777 0.9997139952071301 -0.016657041893612085 0.01636706904565509 -0.0051565291822563055
1758726747.836398 -0.05756595592189429 -7.549735771898893 21.90791494469488 0.9997390541487722 -0.015335084920825059 0.016167188116364316 -0.005028002446267794
1758726748.503064 -0.05468838263420533 -7.793909411781534 22.609209449515383 0.9999395151623031 -0.00976215886978204 -0.0018255557414839116 -0.004725845682436903
1758726749.103062 -0.025792574142826895 -8.004960112307709 23.215338474851976 0.9999381536672254 -0.007090269330426858 -0.005807189059946247 -0.006300275916523143
1758726749.703018 -0.011420804301558661 -8.223190298107234 23.870536074381825 0.9999177642309528 -0.006425810714568654 -0.009429587596290498 -0.005852914641183241
1758726750.369702 0.014633772243382652 -8.483497651628321 24.611432885670617 0.9998817223642777 -0.005590505907280331 -0.01364833284510268 -0.0043601073490606235
1758726750.969682 0.04209732799473594 -8.697410436444798 25.261906631757864 0.9998369702453658 -0.005029783062922136 -0.01649149861585181 -0.005363271978076979
1758726751.502973 0.06688987833082403 -8.897020876021845 25.838115842991662 0.9997913785422803 -0.0034699758280695723 -0.01902849630440421 -0.006563153866305169
1758726752.10298 0.1140853554752497 -9.138385116571776 26.49479917320731 0.9997484580302667 -0.0029950890768133415 -0.021115369272026025 -0.006941994528371866
1758726752.836324 0.1637035703280165 -9.407949726329544 27.285669702186663 0.9996667230531744 -0.0018264881375758112 -0.024961560655285913 -0.006326709323477665
1758726753.502912 0.22053686720390853 -9.657692291016877 27.99101025553562 0.9996087960942842 -0.0013833897522646042 -0.027333674210385822 -0.005762920951186654
1758726754.302977 0.2873749582648451 -9.961562548667892 28.853738907401414 0.999531568560569 0.00021540335931019425 -0.029883356889301646 -0.006601668975946108
1758726754.903116 0.32479229969265183 -10.194403290911344 29.530255160476482 0.9997906389157394 -0.0023468982667638697 -0.019768221897640686 -0.004731575634901868
1758726755.636575 0.35859325854076074 -10.47557890951113 30.339398109283923 0.9997369866284848 -0.0014124855887301258 -0.022125584714313834 -0.005866937234061344
1758726756.302879 0.41779989902882647 -10.74244725648845 31.06599283792698 0.9997728679661396 -8.786059200819667e-05 -0.02065670287903235 -0.005244557697637307
1758726756.969539 0.4518752223717536 -10.98508400567889 31.776087657816888 0.9997872741874038 0.0006302122305930247 -0.019881909098742014 -0.00545150401769065
1758726757.703056 0.49673834987914534 -11.27757584594336 32.58093848961404 0.9997859463427913 0.0009768146424066516 -0.01979196131957144 -0.005948579303335435
1758726758.302826 0.5358823331529166 -11.520245926490409 33.292055984184955 0.9997894787879958 0.0014125563614568115 -0.019423456204392467 -0.006460041673979202
1758726758.969493 0.5392745126660576 -11.769684277145743 33.96518893974246 0.9999658043893971 -0.0032882793449175874 -0.003303949313170317 -0.006830899629773451
1758726759.769441 0.557685872177073 -12.075154894100388 34.85387049662837 0.9999521106891303 -0.0032299184897592033 -0.0016276687723995095 -0.009093659839159218
1758726760.436115 0.5713693733710336 -12.336312989391958 35.58589978181529 0.9999461506232179 -0.003098909476649324 0.0012921332434689963 -0.009819521655639554
1758726761.10279 0.5725084682832624 -12.582312181796153 36.291065558423995 0.9999385287582854 -0.004828505702629962 0.0029184132018109732 -0.009545004021937305
1758726761.836102 0.5692074377428641 -12.846747084611156 37.05170166287964 0.9999303492693891 -0.005155707066883292 0.005648559320192964 -0.008989386644501492
1758726762.50272 0.5584373976620799 -13.092738730450266 37.75037416998887 0.9998884688730244 -0.006168491605871549 0.008225480936728419 -0.010832404600403467
1758726763.169389 0.5727616112271522 -13.338491228174005 38.4424250634717 0.9999239583273883 -0.0005251429240662587 -0.005685102824307373 -0.010930754487849772
1758726763.902672 0.5847907012569443 -13.60526811762346 39.19232521925542 0.999931419531617 -0.0014248144928837804 -0.0014271324384134184 -0.01153643923181163
1758726764.502679 0.6013237475078886 -13.834375616532606 39.8176229139512 0.9999250715991449 -0.002199812882146227 -0.001780925668549936 -0.011909673147969977
1758726765.169336 0.6158188512544454 -14.080821541070884 40.5102874530336 0.9999186596342285 -0.0027229044438559715 -0.0022379184651773066 -0.012257717063984378
1758726765.835959 0.6156478576380063 -14.349261681350034 41.22424517722974 0.9998799192187143 -0.003579296970442266 -0.0026985126479547573 -0.01483421065859832
1758726766.369279 0.6212700867861793 -14.556611780709671 41.785333750188556 0.9998552290268428 -0.003473568349578526 -0.0021957003966904557 -0.016511638633657878
1758726767.10265 0.6348943905512185 -14.838161788575746 42.567745003792446 0.9998677085419667 -0.005057264302334554 -0.0027990795720809493 -0.015203770794193569
1758726767.635958 0.660497808388428 -15.05433395121012 43.16542610609227 0.999874601541644 -0.005628230570548376 -0.0024989401233091097 -0.014589705646222868
1758726768.302654 0.6969789470424983 -15.32080571523534 43.883716719243786 0.9997937299181449 9.64863523143354e-05 -0.014836624585161006 -0.013869494499308474
1758726768.969249 0.7276503277440247 -15.57805176362566 44.57614939140633 0.9997932645576031 -0.0002947527313143592 -0.013251004388916778 -0.015419213623367506
1758726769.702564 0.7478413377475992 -15.867416888650386 45.35275929361395 0.9997676943032437 -0.0013314241890378861 -0.015250191621175113 -0.015172883467619963
1758726770.36921 0.7655936629017274 -16.139136735778507 46.09461142602186 0.9997512732560958 -0.0004910762960807991 -0.01710173019056933 -0.014306686946174395
1758726771.035862 0.8148289075715381 -16.395925251963828 46.80046336313149 0.9997543661982855 0.0007254902567323558 -0.017398511112283643 -0.013710315183371891
1758726771.769182 0.8519292927536035 -16.69517562347285 47.60895673488598 0.9997054505729803 0.0015939298371584457 -0.01919690666148508 -0.014763138452877954
1758726772.369452 0.8929220302300326 -16.934952157591322 48.26709416205469 0.9997168540824146 0.0023700176156620247 -0.019498827170708295 -0.01343095004191424
1758726773.102486 0.9392074543514871 -17.21959006430408 49.03662614028295 0.9996997893536419 0.004955002536154939 -0.019942138186748993 -0.013345045548488798
1758726773.569147 0.9661103673367767 -17.409450066598925 49.56161704684784 0.9996931983609119 0.004588817938620602 -0.020538127399915916 -0.01306281836976822
1758726774.235762 1.0110005495439747 -17.685626380919548 50.295808433773516 0.9995947966065407 0.0041095725983375225 -0.022205161471480377 -0.01732872800331635
1758726774.902456 1.045020792733116 -17.947675954471695 51.01464623566737 0.9995668517611536 0.003422015195678733 -0.024465310635834053 -0.015995225781111233
1758726775.50246 1.0891709943398702 -18.20104966595482 51.663145499694416 0.9994655965486836 0.0049562950110293704 -0.02652971133340844 -0.018442637336172213
1758726776.235728 1.1511544148701849 -18.495312421624483 52.44730598143591 0.9994676224478789 0.0052200696081342824 -0.027345856956322436 -0.017012544165842712
1758726776.835714 1.1883041495969284 -18.740630594026047 53.10062022412178 0.9995164463145734 0.006964553995899626 -0.025320861865508283 -0.01664999966104093
1758726777.569199 1.2466335241010094 -19.047937958564713 53.90080960026184 0.9994337765290303 0.006932458726797949 -0.02488896639747762 -0.021554737311938618
1758726778.168984 1.3012302284344257 -19.280363317260996 54.55764686147748 0.9995954413555181 0.01140013075561789 -0.024111010618258003 -0.009881791689154658
1758726778.702348 1.3461474764330243 -19.488413030794135 55.192270026340225 0.999667775667995 0.011185562371898296 -0.022983221612123295 0.003315570803904285
1758726779.435699 1.404976505528175 -19.789525463947935 55.990349931171004 0.9995788482060598 0.013168578374898246 -0.021658171856374555 -0.014129343738155532
1758726780.102319 1.4464292259346303 -20.04381532262058 56.683834012042965 0.9996092643079723 0.01350363717515904 -0.01969269815943728 -0.014531625233174696
1758726780.702344 1.495918827098571 -20.289861001207807 57.37101933650085 0.999667226838541 0.01706098595322969 -0.017398294266027757 -0.008465087115750704
1758726781.368942 1.5362573917864877 -20.554101578352277 58.09770501009916 0.9996866430641294 0.013311715454979466 -0.018640705278779205 -0.010096435882390824
1758726782.035966 1.5811015262905905 -20.823766681070055 58.867879764110654 0.9997761812358169 0.010593906009748045 -0.017555465863408823 -0.005211737455241233
1758726782.70224 1.6322790365805209 -21.09549294489962 59.61459350322305 0.9997450854697527 0.01252538188706036 -0.01549196359711823 -0.010624403586355623
1758726783.368899 1.6904618175008876 -21.356318123511322 60.383136983390926 0.9997528407536854 0.01597103319979565 -0.015465504836587202 -4.078745733228009e-05
1758726784.168902 1.7304240968921851 -21.69108999141949 61.22021819241594 0.9996075867627241 0.006255552786911801 -0.0222848659086714 -0.015777366610615916
1758726784.70218 1.7660008857416474 -21.904484270779747 61.875019117169074 0.9997595785698865 0.004751824238502551 -0.021405000160678218 0.0001766133938708979
1758726785.368866 1.8179408824859224 -22.18774319965225 62.60091888842843 0.9995325539813915 0.0040347544730212 -0.023414153453810985 -0.019239846824248622
1758726786.10235 1.8713968607187517 -22.49246956187574 63.41077276775056 0.999563731911912 0.00039389120374920127 -0.025016866081428155 -0.015695448624204605
1758726786.502196 1.895449910315231 -22.655115799268316 63.86237131593203 0.9996277992630199 -0.0005627213634162886 -0.02311224243864172 -0.014483457277045975
1758726787.368904 1.9498178188936572 -23.004588297147986 64.83945329670273 0.9997315027077291 -0.0019996386658848748 -0.021119129973177192 -0.009322354215945773
1758726787.835699 1.9744652691045839 -23.198015334151275 65.35781260353725 0.9997361270680294 -0.003014934525573525 -0.01937165362196267 -0.01197186037231644
1758726788.502082 2.0071408836838787 -23.469956156343027 66.11248431513137 0.9997852014825229 -0.004885028837712449 -0.017093858878049636 -0.010653045501779361
1758726789.035419 2.036799138606205 -23.69009314293016 66.69980949282316 0.9997977656834554 -0.0043559460011332336 -0.014577770916527759 -0.013150743853912251
1758726789.902088 2.067771760267622 -24.04497083917648 67.66598166184589 0.9997927932314328 -0.0062590157222207725 -0.01333965160408862 -0.014044537007679702
1758726790.43541 2.0913929371501316 -24.262543234135194 68.25998787482247 0.9997642844116881 -0.007847949089843917 -0.01308578310226395 -0.015444985932950296
1758726791.035369 2.10561602031889 -24.5161808547665 68.95770368498613 0.9998597182798252 -0.008788183050307194 -0.01007080884093254 -0.010094077934714802
1758726791.768729 2.1342149142260984 -24.814420453317602 69.77802049347791 0.9998367714617992 -0.010373229762924674 -0.008753994842444355 -0.011924517240962393
1758726792.568651 2.1572688307632313 -25.147654020161983 70.68012396401774 0.9998114554604963 -0.012724840236147592 -0.006334505590293286 -0.013228983704540708
1758726793.235311 2.1787375074318054 -25.417254570644065 71.40043959337955 0.9998501863996445 -0.009913686143275263 -0.0030085863798805373 -0.01386621764013123
1758726793.835327 2.2462090570157196 -25.636094227948774 72.0324488714666 0.9989952884459955 0.001141234680709006 -0.044285744817347816 -0.0067737767957298895
1758726794.501992 2.3247525443105337 -25.902946512209546 72.71823049096409 0.9984681192893982 0.002292450792181971 -0.05210090523897881 -0.01848391477303224
1758726795.101941 2.4121264978719505 -26.152098789124928 73.35760886065268 0.9984654609408111 0.007981179597224275 -0.051418799662596326 -0.018950755176195332
1758726795.7686 2.5122389670528182 -26.43060268425925 74.10401300208477 0.9984242300153781 0.011721118324962107 -0.05241940025913661 -0.016244346089760928
1758726796.502032 2.6214564250345913 -26.737459120285042 74.9225979774249 0.9981846101969183 0.009910438099197266 -0.05723763193402705 -0.015909766600838045
1758726797.301894 2.75380122974349 -27.075366999774303 75.81858508766443 0.998004568894285 0.011356731348581957 -0.05993362982499292 -0.016305371360662606
1758726797.835216 2.8328746652460635 -27.280148687104496 76.36636935366526 0.9979680482606321 0.012034982513361579 -0.06109514667781717 -0.013502477520205591
1758726798.435191 2.9365443545850907 -27.51644444164281 76.98799415907868 0.9978625342242594 0.016101307530578646 -0.06124830339897353 -0.016116948163087896
1758726799.101848 3.0500179064953814 -27.778891021187594 77.71256626366326 0.9977854669212379 0.017032535034665546 -0.06353731187807363 -0.009852144455322747
1758726799.768491 3.138776609330587 -28.047944627959286 78.42231192229447 0.9987946230576746 0.009238674928758473 -0.04572303156616565 -0.015275870549256972
1758726800.501818 3.1729061064278534 -28.31547277947678 79.1266138432192 0.9995342173578564 0.00534551602974379 -0.024395983702125857 -0.017538807496483465
1758726801.101782 3.21631732901438 -28.565001988064235 79.7641900790813 0.9995890143569853 0.005426712776195977 -0.02055615903053709 -0.019230119375257242
1758726801.968443 3.280181506482567 -28.92507408653612 80.73392690572346 0.9996647210146364 0.005072539820963735 -0.018123765274923473 -0.017783251411178966
1758726802.568432 3.321881727427565 -29.171398193095282 81.40218343409532 0.9995228872577611 0.008647768752251137 -0.023366490917821846 -0.018254343201113528
1758726803.235082 3.3999196562252108 -29.44183745353489 82.11264055747087 0.9991272464790614 0.014737029230808453 -0.03399477823158683 -0.019285236985954295
1758726803.768396 3.4681493472098235 -29.659988571453002 82.68969220859145 0.9988431726847008 0.01755219103364385 -0.038628841893884915 -0.022628511772030447
1758726804.368398 3.571311647239841 -29.905092977454224 83.34660619727731 0.9979408002136999 0.02403798235020254 -0.056556867137639334 -0.018375403477120706
1758726805.101697 3.752708408688667 -30.201700521603115 84.12194933597246 0.9947677267476183 0.03625514952710114 -0.0928170216267607 -0.022532963641756484
1758726805.701702 3.9541198521079215 -30.44300275546083 84.7695906238319 0.9909045157928884 0.048393824302619015 -0.12400440198035623 -0.019727813870843474
1758726806.301692 4.212026637463207 -30.667122027816124 85.4166879327447 0.9885982288854501 0.059205610543649305 -0.13795136592978138 -0.011732781546269704
1758726806.901625 4.430732709656681 -30.901739776629547 86.036411401494 0.9911269017935116 0.05455060757872638 -0.11937457432649572 -0.02100968249057192
1758726807.768305 4.465061741094822 -31.2107953236607 86.82224943188665 0.9991843649244077 0.024293267352799196 -0.026621545421069915 -0.01821360401808295
1758726808.434984 4.550172032625794 -31.49341910663033 87.55899615976111 0.9992086688719932 0.026101221742901994 -0.02197621160270939 -0.02044036198750778
1758726809.034933 4.59923091301219 -31.73624886638447 88.2095643780407 0.9992364781459637 0.025012974408186176 -0.022690235524831112 -0.019645993625525805
1758726809.634925 4.662095915976244 -31.983752639538928 88.86251673474175 0.9992913234841303 0.02432586886343915 -0.021192179742116225 -0.01939057583342693
1758726810.235066 4.703331331621019 -32.23668492393018 89.5159834822717 0.9992480306704654 0.022288538579560636 -0.02065010188488363 -0.024086667293920307
1758726810.8349 4.752234809311198 -32.49188587784764 90.18061545724183 0.999373361101156 0.021459402771392824 -0.018708551763554303 -0.02103257580477924
1758726811.501545 4.803215156776442 -32.76023513318375 90.91368904836398 0.9994467214844954 0.02191605896293056 -0.01691507197729821 -0.018434142600880797
1758726812.234864 4.856439612763831 -33.07031268965814 91.71565982501468 0.9993797793076032 0.021633349333027872 -0.014897521918679804 -0.023454610386955437
1758726812.834855 4.896088347781367 -33.32968442442245 92.3917115599308 0.9994183906085423 0.020278683746770533 -0.013695185018090401 -0.02375073485705286
1758726813.501546 4.928148605480703 -33.60813764277613 93.09587244400207 0.9993972918237845 0.014440792884970475 -0.015133266577850146 -0.027703805493514193
1758726814.234984 4.957338341630428 -33.92652880325512 93.90974830812804 0.9995386492595938 0.008300799845512423 -0.01463083895298452 -0.025288809971271847
1758726814.701492 4.99252066336763 -34.12331078073545 94.3957508699989 0.9995153167110115 0.010652197755981615 -0.01274192453994545 -0.02633069885271418
1758726815.634776 5.056135913189878 -34.50386444149295 95.36982291731495 0.9994994211662158 0.014142904073478967 -0.0113305798675121 -0.025932668829756915
1758726816.301429 5.0930575234439965 -34.784888412088456 96.08850325174708 0.9995215846952864 0.013263434356000688 -0.012155442978751105 -0.025158065173973163
1758726817.035509 5.126878952526655 -35.092106805840636 96.88283113813625 0.9995670450626529 0.012322000194061771 -0.011049108453232538 -0.024327102957867098
1758726817.634762 5.1703030339888 -35.348652199301874 97.52848208311188 0.9994738186187837 0.011174687808383044 -0.010788734737727217 -0.028474821346779613
1758726818.301496 5.197066486232087 -35.63058026699074 98.23566892679196 0.9996167969824118 0.007587918523159046 -0.00959417534686672 -0.024832126016976992
1758726818.901422 5.209107884408408 -35.886464814305924 98.87311528189313 0.9995519890970224 0.004381924973823395 -0.008630457557549936 -0.028321988419906578
1758726819.501338 5.221435297860345 -36.13425703964558 99.51625569311022 0.9996387517978189 0.003326556602172177 -0.005292644475580946 -0.02613977505117571
1758726820.102538 5.239693395427836 -36.3881337635546 100.15566938333765 0.9995760818665013 0.0022668440737527197 -0.0037563287080570403 -0.028782077287712583
1758726820.768 5.256020754490173 -36.671017150151734 100.86565335686824 0.9995670489873096 0.00082766750989483 -0.0027478096994403133 -0.02928274384599756
1758726821.367939 5.268937675963388 -36.93017077164223 101.51181033781567 0.999564274409811 -0.0003575140748674578 -0.0015015658025030584 -0.029476750285863915
1758726822.034627 5.280722295019149 -37.22566640374596 102.24094833693766 0.9995941263035925 -0.0009874127318829286 0.00023481097866339138 -0.028470204411963417
1758726822.767955 5.296757809530698 -37.54437465363418 103.02549668723925 0.999550215946369 -0.00041575047646950995 0.0009605496799254163 -0.02997115775910392
1758726823.301282 5.315921409310864 -37.78179719155718 103.62705847298761 0.9995721933699152 0.0038397970265339654 -0.010044903317994564 -0.02719900950005282
1758726823.967929 5.375027669406366 -38.073278178326696 104.33823191630918 0.999099601748002 0.008349887007739037 -0.025178180743197196 -0.0331107896070827
1758726824.834564 5.445228362151763 -38.46046107308329 105.28730004405912 0.9990627308667138 0.007229180710239997 -0.02535326884188515 -0.03433089713995027
1758726825.501199 5.511230993623859 -38.741787926999585 105.99649921990164 0.9991588815159259 0.00883211202905027 -0.026588241783864177 -0.029943090752178214
1758726826.101189 5.5686130082165795 -38.99886533215853 106.64578189134056 0.9990981766107162 0.010290425852948325 -0.027825996542469443 -0.030375229140298644
1758726826.701189 5.634511876566021 -39.26706976344761 107.32691118321259 0.998984026217045 0.011036159877033776 -0.030383275537836388 -0.03140024053957361
1758726827.501146 5.708683963140064 -39.6136400661816 108.1658247579329 0.9988122569833646 0.011796227641421596 -0.03254278000063559 -0.03429127852762529
1758726828.101138 5.779606139822664 -39.8714346849004 108.83682695041088 0.9989604614538087 0.014639823263770627 -0.03253511781117281 -0.028374956137625425
1758726828.701314 5.842279937788468 -40.1418094618405 109.48599908828147 0.9989030921480541 0.015648133991957133 -0.029226822911362537 -0.0330687348130218
1758726829.301137 5.875477636089274 -40.40784469042726 110.15845702228111 0.9994763784720596 0.007733301300402733 -0.010637834724318486 -0.029563514671828554
1758726829.901094 5.910308629029873 -40.66546244455048 110.8092921506648 0.999425842129543 0.010524237348435338 -0.010783080735587642 -0.030347185730104292
1758726830.501099 5.938412681506225 -40.9308738388093 111.46067761975391 0.9994590023249328 0.009189238916795411 -0.009635001527829996 -0.030073697899305474
1758726831.167761 5.9713014527249335 -41.24112040590518 112.19283693122954 0.9994097237804687 0.006947359456441298 -0.009560788872345601 -0.03225723989693768
1758726831.767694 5.9963632462618 -41.50970962914241 112.84173644535187 0.9994078537579352 0.005787301717583779 -0.009423365322092482 -0.032582958303287765
1758726832.501033 6.0413796796587915 -41.839804585061344 113.64782609030104 0.9994132781858396 0.006064016893253104 -0.009773445224501798 -0.03226153829865575
1758726833.167699 6.066095313463376 -42.159094773493926 114.40860169361177 0.999425314175779 0.0047528697219135435 -0.009715845796258091 -0.0321255965627946
1758726833.767663 6.086486884298328 -42.41506008544659 115.0562993880893 0.9994306114993443 0.004321054668647553 -0.00807036567553704 -0.03247538271461143
1758726834.500994 6.106129678853754 -42.74385288602084 115.85699282985426 0.9994557002169491 0.001364397131291541 -0.006857886977909126 -0.0322398993564573
1758726834.967659 6.12466808542866 -42.955965624769576 116.37648717765714 0.9995428311840174 0.0016288540579482388 -0.005560452443473295 -0.02967417786090142
1758726835.767601 6.152126440951804 -43.3088428984195 117.20059926077992 0.9992959298621445 0.004412482201516611 -0.005381477278268786 -0.03686752316167559
1758726836.300931 6.192342862728331 -43.552991112313904 117.77626091518408 0.9989673343855737 0.008328115938223694 -0.025501339900011053 -0.036668637536796826
1758726837.100947 6.26782363176629 -43.89525198336726 118.63949804234002 0.9991022431511394 0.00743081429076355 -0.031086048378007304 -0.02780554487108671
1758726837.700884 6.317699866772881 -44.17186239808103 119.26485282802882 0.9987152295054087 0.0067873388721441915 -0.03222898226124083 -0.03851123326249229
1758726838.367774 6.391985124991539 -44.50086210265126 119.9539571047264 0.997973643512816 0.008588384613211038 -0.032767060118594614 -0.05386247557135324
1758726838.967562 6.457601711537029 -44.78879942752526 120.60446287282701 0.9981062789435348 0.009713800991086801 -0.0351053750369874 -0.049569251026304675
1758726839.767496 6.53741762692985 -45.16879268288577 121.50841211241752 0.998677643160832 0.00900632769880355 -0.03720066220340877 -0.03432144874179583
1758726840.434169 6.612834980481079 -45.468205761674675 122.28210442536192 0.9989067372808275 0.01014575898816386 -0.03802952110664156 -0.02522200059324196
1758726841.034374 6.6762332965762345 -45.73261874536498 122.95921876975682 0.9988392332650823 0.011105449313840287 -0.03770810865513281 -0.027837988929033157
1758726841.63419 6.740156717242702 -46.00590440213234 123.63165969268937 0.9988545953825508 0.011404783167146522 -0.0379868760671829 -0.026766125059998733
1758726842.300794 6.811117413710323 -46.298175063445 124.37708108514137 0.9988510912152738 0.012393281432081144 -0.03756805026761744 -0.027047102478669705
1758726842.967445 6.891389485715419 -46.605896678081834 125.11388043359251 0.9988084595052119 0.015092879836208333 -0.03626952690464393 -0.02895492388504071
1758726843.567456 6.967141337660415 -46.88509573717135 125.8041116688405 0.9987450313061539 0.016749537737298086 -0.035945872383080495 -0.030589372100062122
1758726844.100732 7.04560747787936 -47.12572309741159 126.41110503172924 0.9987413765538659 0.01838603374643775 -0.03559266309079301 -0.030179112917202006
1758726844.567442 7.0923354440141315 -47.34578821678334 126.93668117754697 0.9986234021551147 0.019697404834286485 -0.035490902987873905 -0.03322211185406078
1758726845.234066 7.142671860099676 -47.66108277764399 127.6693067172364 0.9984127743149332 0.02113654994486791 -0.0363430487629664 -0.03747480684138468
1758726845.700747 7.2188059411761225 -47.880955061974554 128.20645673582266 0.9985412741264184 0.021441669560718708 -0.03647646321619531 -0.03354170990983213
1758726846.100705 7.273739894775895 -48.060897951181474 128.6517939368188 0.9985765587702601 0.022954313932630845 -0.036161912078681566 -0.03178477404735254
1758726846.567354 7.333038233208026 -48.27404775098261 129.17118259042013 0.9985250022477594 0.023660038576257605 -0.036226165942439145 -0.032797673115524804
1758726847.234018 7.418906978015661 -48.574483442554374 129.9103884914385 0.9985817352843342 0.024612850657158486 -0.03593402986542525 -0.03061814881221258
1758726847.700688 7.483718753999679 -48.78929855500999 130.43931042702363 0.9985141041688144 0.025355897199148887 -0.03572387047346242 -0.03241091377254975
1758726848.1673 7.547891691017463 -49.00038377189655 130.96685592218043 0.9985067675461493 0.024650751345059552 -0.03603951629742128 -0.03282878139243246
1758726848.767317 7.627819925948771 -49.26940498366542 131.6476264022029 0.9985014778232951 0.02523100141646957 -0.0359017539078109 -0.032699532390551275
1758726849.500658 7.710458791241111 -49.59888473045102 132.45437138116753 0.9985114188714408 0.02494141832581182 -0.03672557423295084 -0.031687603767073635
1758726849.967308 7.749702637550156 -49.82256922867914 132.9983512454019 0.9990094059834304 0.019066804553805317 -0.022041694653552973 -0.033627777469527775
1758726850.433926 7.788712957147795 -50.03228453813533 133.5242228128568 0.9990604653648333 0.01898210893662162 -0.02316781350706507 -0.031322811218390194
1758726850.96726 7.834655304943576 -50.28000986614045 134.12478038006398 0.9990740002008849 0.01693642627635428 -0.02074808354622156 -0.03367219352443588
1758726851.302856 7.866876308645881 -50.43289007719524 134.49192906183586 0.9989961360927693 0.016060388580238182 -0.019675933464457455 -0.03690042862449056
1758726851.967363 7.916164376627265 -50.74254157097426 135.24381175038755 0.9990929342331796 0.01367257357632702 -0.017941483116418983 -0.03611748441847016
1758726852.434017 7.950887192924119 -50.96070262354116 135.76937598948314 0.9991437612181252 0.013557952338617032 -0.016276966565598766 -0.03553852426176522
1758726852.900647 7.962048261876521 -51.167571744976 136.2855502662239 0.9992334385182512 0.012899185102133124 -0.013900789829237358 -0.03424783807507569
1758726853.500559 8.00690188420682 -51.43926787718639 136.94264146198464 0.9993120087394405 0.013408927321373736 -0.011312299179579424 -0.032676317792954115
1758726854.101133 8.032304208930817 -51.713193678660986 137.60109377814473 0.9992308366251 0.011114177678543058 -0.010217866282469417 -0.03619123375440695
1758726854.767164 8.057947076658808 -52.00767936355849 138.32800152346383 0.9993971121734079 0.010102272769175738 -0.007979316286522334 -0.032244174294740795
1758726855.367162 8.084393590111322 -52.29728999901261 138.97625008196232 0.9991773957475055 0.006862766683834455 -0.007376465993631261 -0.03928131884395784
1758726855.96716 8.108139581969613 -52.568122816651744 139.6133965276102 0.9991761378673188 0.007715585129310288 -0.011943554644072665 -0.03801140309334794
1758726856.767114 8.157177667363094 -52.91560232806689 140.43970751896458 0.9989768672850777 0.010937681397297686 -0.02153607461750659 -0.038233274055624086
1758726857.433942 8.235073675536677 -53.21646509822618 141.11971814052367 0.9983960438241902 0.015908155667018146 -0.03542660193839651 -0.04119740446409189
1758726858.033776 8.294988057323508 -53.496788341200535 141.76221119134235 0.9984065184613918 0.014179318902747895 -0.03614673567080919 -0.04094855686836109
1758726858.70046 8.37996248404219 -53.779289455578436 142.5210645065793 0.9989952361110261 0.016736083456180603 -0.037657180100542066 -0.017616995342518003
1758726859.367061 8.462806053273159 -54.08064874826144 143.23789733973382 0.9984570936643167 0.01907433937740107 -0.0403870676358715 -0.03299221812029486
1758726860.033729 8.546239571300653 -54.388085613391524 143.95188326576192 0.9981636138126458 0.01782040888985935 -0.04251489420753134 -0.03929779711383234
1758726860.633677 8.625352171124034 -54.65884872149424 144.58833149522084 0.9980799206360822 0.018368407109604294 -0.0446340074744415 -0.03881853964408428
1758726861.233687 8.710249468514728 -54.93538261598601 145.22897207528467 0.998034515488402 0.02050448356606512 -0.044840066082580836 -0.03867868303380077
1758726861.833855 8.789704246735313 -55.207043266807744 145.86430441184547 0.9980024946279137 0.021415438929625562 -0.04565287050733191 -0.0380554215106517
1758726862.566968 8.889647963981092 -55.54590637423324 146.65221197147386 0.9978980180785736 0.020748057216498604 -0.047945734677367596 -0.038344102060723126
1758726863.300296 8.998595813755955 -55.893851038076654 147.46714736612807 0.9977964204616627 0.020280859237875107 -0.04966415561532459 -0.03904435566740905
1758726863.966964 9.095454516998684 -56.20407431072172 148.21450735003276 0.9977964588960132 0.021246517902200036 -0.049792059419784915 -0.038360955545251596
1758726864.566902 9.17860359544399 -56.481167615429996 148.87139577211968 0.9977150667440492 0.019367264341981612 -0.05249405081905013 -0.037867258844973606
1758726865.166905 9.276249518147292 -56.76509765854626 149.52682102063864 0.9977101969830451 0.018198852793472418 -0.0523391834039078 -0.03877853109217622
1758726865.900239 9.397698847308334 -57.11105291521208 150.34001638380067 0.9976373561267234 0.01801942304329885 -0.05273238442164825 -0.040178373372692165
1758726866.500179 9.486201086169219 -57.39286471248155 151.00978946542673 0.9976809382444635 0.018800329707178272 -0.05230878973591297 -0.039282102577544324
1758726867.166865 9.592396120255643 -57.724645554563075 151.7815584202737 0.9976402529828728 0.018384842982322503 -0.052393489226622736 -0.04038372770615071
1758726867.833557 9.693383373356577 -58.032249908324744 152.4998391341129 0.9976469275474148 0.019830700004373477 -0.051850263014465395 -0.040235575276993917
1758726868.233527 9.752063750098742 -58.218934252128285 152.93271371901864 0.9976102461038288 0.019666471271934917 -0.05176716850619537 -0.041318120010711064
1758726868.700127 9.818217651735893 -58.4351216233865 153.4622973861581 0.9977689641915984 0.020224005604681492 -0.051157380983168896 -0.03782864079331454
1758726869.500145 9.943060459217493 -58.80143130431894 154.3258453255494 0.9976285898388367 0.0212916716616684 -0.05145811589183424 -0.04044655440069535
1758726870.100154 10.039429992671039 -59.09787361508513 155.0151233643185 0.9977105669801904 0.02107301753143875 -0.050855410756235814 -0.039284598317928014
1758726870.833433 10.154927549229427 -59.43616448808879 155.82573712725008 0.997667466350448 0.02014313160611226 -0.05183201651145679 -0.039589429136230384
1758726871.233418 10.207388673640187 -59.618034385253324 156.26298863474852 0.9977048939677577 0.019235768288349126 -0.052499133735601916 -0.03819385720444207
1758726871.966766 10.310979925082473 -59.95472747294857 157.06542482555642 0.9976770051263207 0.018474821333298346 -0.05298178576563391 -0.03862906672393819
1758726872.633426 10.408715478436763 -60.27081837143102 157.78955951924664 0.9977083165700651 0.017417015655552037 -0.05183746146469196 -0.039845202992048384
1758726873.500038 10.515877198838112 -60.667371154498525 158.68651655303535 0.9976031351280418 0.015749256419344666 -0.05157038835131166 -0.043364049052580636
1758726873.966703 10.593085126480041 -60.89735668893649 159.2426522057004 0.9979214726301292 0.018272949488916737 -0.048878513560796887 -0.037811700474547065
1758726874.433395 10.664708680384178 -61.12702712222663 159.75351359054866 0.9976313312782121 0.019103509544250916 -0.04947640922259672 -0.04380488221183567
1758726875.099988 10.765073720287553 -61.44249625981072 160.49066085962568 0.9976585110796873 0.019761366666115596 -0.050334441124046225 -0.04187395007016589
1758726875.89999 10.833387351867316 -61.816478993642335 161.31990323473659 0.9986488479326301 0.010545550486744994 -0.024874731051930766 -0.04439051298257584
1758726876.633326 10.914455491076136 -62.154823256895426 162.0960849519157 0.9985775137662452 0.012844067450494677 -0.025262077285694042 -0.04516421573506303
1758726877.299937 10.964117977903301 -62.47022783374173 162.83100828529757 0.9986744327668192 0.010102660525914844 -0.02255619511069507 -0.04515010133209296
1758726878.033269 11.001946819132268 -62.81569348111323 163.5980922435676 0.9986636898329255 0.0055861644819248 -0.020891483785235133 -0.04693799400185906
1758726878.233267 11.008732173332769 -62.91328546555452 163.81885323050946 0.9985738613725418 0.003064921525001211 -0.020736472519091262 -0.04910039049785917
1758726878.966551 11.065007287745711 -63.24904255553403 164.58359785059503 0.998552917509314 0.004452175456632357 -0.025112742534863022 -0.04734553019787784
1758726879.566552 11.111430629806428 -63.543507871038244 165.21891283189808 0.9982915448451828 0.007391680444204873 -0.027181206074424088 -0.05119117684883655
1758726880.16656 11.172905291845757 -63.82514444748005 165.82324806276907 0.9980841399483393 0.010435504964764915 -0.03376968618259023 -0.05078147413027291
1758726880.899825 11.241095552169202 -64.17545634629921 166.59429831338772 0.9982073212882163 0.011063917825622034 -0.03265838311707276 -0.04891996996248191
1758726881.433236 11.286425468975944 -64.4386389828695 167.1561806029722 0.9979169852296353 0.015102021225916843 -0.028481116197314034 -0.05587884720753255
1758726881.89983 11.322560662726511 -64.67388879126358 167.60611207323223 0.9967854868046062 0.01768683182785103 -0.027097682941099002 -0.07329109669544617
1758726882.63318 11.39019248390355 -65.0299754253499 168.41932634333972 0.9983293759619049 0.023359880659783068 -0.025567200919689854 -0.04625031139577808
1758726883.099773 11.429420377570056 -65.25018967985936 168.92173750883416 0.9982866595411122 0.023699257925172183 -0.026109912323616088 -0.046694357630197296
1758726883.899801 11.5071759035874 -65.63866102638974 169.7779769467801 0.9982735486973627 0.024229664903168222 -0.026574128337181403 -0.04643986448056532
1758726884.0998 11.526221067249903 -65.73936452115312 170.00215254863684 0.9982093519688843 0.024005878160205094 -0.02721469438627769 -0.04755173882287538
1758726884.700087 11.577135676642918 -66.014381455552 170.60875940921653 0.9981008551180968 0.023925922163785997 -0.028001448292851432 -0.04937764833038605
1758726885.23306 11.634463097128231 -66.27038342821614 171.17468857762523 0.9980987608937764 0.023173093105021306 -0.028694949188801843 -0.04938087837722576
1758726885.966402 11.716594697268812 -66.63094585568821 171.97441673976698 0.998072603294838 0.021476439681688025 -0.030158843213238275 -0.04980246245822625
1758726886.366631 11.758294824758645 -66.8231468674625 172.40667427596145 0.9981640890415203 0.021249321618332935 -0.03013261508461963 -0.04805146394060076
1758726887.033072 11.827239961239531 -67.1327386687609 173.11080864915596 0.9981702822910313 0.022220710072925472 -0.028730387901245897 -0.04834141501799316
1758726887.766367 11.911104108283963 -67.4811785515802 173.9072042512606 0.9984478043724608 0.02746553238735849 -0.026779996996465043 -0.04037893306367029
1758726888.499693 11.960000650297888 -67.83657120503845 174.66883603766408 0.9977743965054789 0.023189211622569372 -0.03002676863106539 -0.05483527430429449
1758726888.966489 12.004814754170969 -68.06197702945386 175.14690564725348 0.9974460540050812 0.021906615477035703 -0.030664713833210015 -0.06067243915948142
1758726889.632974 12.069940410055482 -68.39386629640335 175.83498832524091 0.9975993502135247 0.024691406700241246 -0.027533329878943087 -0.05854730253815253
1758726890.299639 12.12965248201307 -68.70097687692835 176.53437778393192 0.9980964046475921 0.025119617123288175 -0.027629888485550914 -0.04908320616469115
1758726891.032975 12.217587810705432 -69.06043164258637 177.2801604389473 0.9974168627255064 0.025936917012584715 -0.03443396661197378 -0.05745589813113899
1758726891.699595 12.299275360746263 -69.39171012259959 178.00231870476807 0.997528720875184 0.026288055178717438 -0.03495734846445662 -0.05498520685033855
1758726892.166256 12.358432942085958 -69.62296342648717 178.4923640987042 0.9972771005264142 0.026845688525610093 -0.03757028355202341 -0.05749928318714027
1758726892.766261 12.454702355105436 -69.91663054008093 179.10216324843083 0.9968816781665425 0.029735407373994435 -0.04609490349331484 -0.05672728757928184
1758726893.232929 12.528579638944997 -70.15003139704545 179.609410018939 0.9968480248193622 0.0302078082824902 -0.0483597452432923 -0.0551619322767859
1758726893.899524 12.628442814115719 -70.48046523677911 180.31297712093212 0.9968073403047409 0.030184280175434782 -0.05049513600047332 -0.05398404194919919
1758726894.566189 12.729733295559305 -70.81213648973028 181.02587347292507 0.9966152429418947 0.030166609690038728 -0.05343352800479222 -0.054707323829977623
1758726895.032929 12.797501114609412 -71.03720281857377 181.51911501190693 0.9965033591965079 0.02975275580210931 -0.055185721085513596 -0.05523010791703554
1758726895.566135 12.89473505255913 -71.30825948010555 182.10423704378576 0.9964509620012065 0.030155511555433157 -0.056463330713639605 -0.05466276369177116
1758726896.099485 12.982021954541402 -71.57223823830898 182.67753273788412 0.9964815435042739 0.029492322819452067 -0.05677538123769007 -0.05414141146449784
1758726896.699477 13.087243587960957 -71.86492893566651 183.3162056045753 0.9964188474929055 0.030646371205890467 -0.05847976482923317 -0.052824212235848614
1758726897.166144 13.150160231804682 -72.09211681236314 183.8139553535717 0.9970083538302891 0.026624187311799247 -0.04883304547222011 -0.05367335197759961
1758726897.832759 13.230566866164537 -72.41395961170834 184.51370548450672 0.9976612918170503 0.023132589598736875 -0.037877765325568254 -0.05198177567505681
1758726898.568696 13.292162428019402 -72.78093388129086 185.30121603578587 0.9979716545664739 0.020477466937730688 -0.028258478461653695 -0.05324197990966268
1758726899.299511 13.340976089374903 -73.14750703745476 186.09483309712851 0.9981686785426688 0.018791978645032684 -0.023387392318562173 -0.05252790301853397
1758726899.766043 13.373205951233608 -73.38525459404855 186.60555487219122 0.9981779365974234 0.016851731198948422 -0.021459158197220787 -0.053817567533057956
1758726900.432721 13.431199965555281 -73.71987380169958 187.3306421373773 0.9982906484981938 0.015201011575415839 -0.017352392522435128 -0.05369920708806654
1758726901.03273 13.472114319393144 -74.02270377898614 187.98736836442845 0.9982317585143639 0.013145856426350817 -0.014139392270226935 -0.05621939468161346
1758726901.499375 13.497376841425146 -74.26830040355458 188.5171991199614 0.998401455943519 0.012252936052711867 -0.012623592190228992 -0.05371259859813521
1758726902.09934 13.531454317859009 -74.56820375472806 189.18148897153577 0.9984731442368293 0.009180444298115547 -0.01131321167806271 -0.0532833080977176
1758726902.632664 13.602644799561476 -74.81917031530605 189.72453667638206 0.9973911672560407 0.02239416121335007 -0.04419819542821685 -0.05249648125419771
1758726903.166016 13.696918604078052 -75.07412521998738 190.26829425079328 0.9968314533987104 0.02518007774056179 -0.050101419143837415 -0.056416885768071086
1758726903.832722 13.808592560928357 -75.40228985351011 190.93820577824803 0.9962755766591107 0.02756046034874452 -0.05375219311783996 -0.06153127751756992
1758726904.499282 13.917965243160126 -75.71630454252374 191.62872224121526 0.9963843123310215 0.027564151782219787 -0.05633108401755945 -0.057317786511437936
1758726905.232613 14.041642033009301 -76.07408217353496 192.38900656304114 0.9961398888244682 0.029665861510166227 -0.057809580663950595 -0.05901958096338823
1758726905.965895 14.168424408767425 -76.43391483307515 193.14737772312995 0.9960230335174453 0.033397759391410306 -0.060553962684815804 -0.056177610962960575
1758726906.56589 14.27231724821146 -76.72835143490057 193.77145384271535 0.9956914166114689 0.03445241759517157 -0.063829179626975 -0.05777083724719205
1758726907.032563 14.353621645070746 -76.96786846402082 194.24013744918057 0.9954638450584234 0.03450635024284222 -0.06416058497369037 -0.06119202815932036
1758726907.499227 14.44783369282416 -77.20491953743809 194.72825891981336 0.9949694383750558 0.03390795029216699 -0.06591572684003083 -0.06738831175923975
1758726908.099177 14.563248631824257 -77.48176004003155 195.37000725883786 0.9957847827236292 0.034109938968228073 -0.06774702694106848 -0.05157052356030954
1758726908.832705 14.697524385480392 -77.83765225829237 196.13632432514103 0.9952637781981611 0.0327211008362711 -0.07041212558219703 -0.05849336661349594
1758726909.432524 14.825355775406655 -78.1258050520543 196.740486952107 0.9951572587507667 0.034216721192947136 -0.07014210641499616 -0.05976061624624596
1758726909.965791 14.933883986432361 -78.37625667406735 197.27408976672896 0.9949671765232538 0.034609561216653525 -0.0711685066852082 -0.06146169188960353
1758726910.500687 15.042666483593992 -78.6249968338388 197.80714400896383 0.9950693177825805 0.035718779752931876 -0.07176005043409156 -0.05840990277656948
1758726911.099123 15.15465533221158 -78.90136070756348 198.38615353405825 0.9949510481606774 0.03503440408509933 -0.07300520095427437 -0.0592894841265914
1758726911.565799 15.2374906896655 -79.1271042974791 198.85214265824897 0.9948360615093735 0.03549738811771213 -0.07401023436551346 -0.05969615872483184
1758726912.299075 15.400720210522673 -79.46830566981139 199.56634977794366 0.9948000512656554 0.03766112331224364 -0.07319299717920014 -0.059977353698167306
1758726913.03248 15.542580102354504 -79.80373940101906 200.2842668971673 0.9947464138723627 0.03985634314976759 -0.07323911545049258 -0.059389190656479025
1758726913.499089 15.623685454463569 -80.01086466460688 200.7186813610137 0.9952324670602846 0.037352325925920665 -0.06655230799661072 -0.06072833405707325
1758726914.099018 15.71015385629361 -80.2714307106519 201.2783680289369 0.995771748358311 0.03507411953948112 -0.05956701473991664 -0.060499603841161216
1758726914.565691 15.786343637023942 -80.48944832545024 201.73590484919205 0.9958114067117374 0.03413762165612775 -0.058071144153438704 -0.061822384838863965
1758726915.165729 15.877706437061256 -80.77347805465817 202.33550241896944 0.9958709553239298 0.033500095938797436 -0.05640573131883763 -0.06274693130888598
1758726915.565684 15.941985925642573 -80.96656077118033 202.73391253969385 0.9959591270722191 0.03376494025151815 -0.05470295844873273 -0.06271309550891996
1758726916.365635 16.06773981540122 -81.3502964334066 203.51420221934583 0.9960509243785799 0.03260316213025986 -0.053025718312992146 -0.06330768563986387
1758726917.099054 16.174158519632726 -81.70413908117139 204.25283657868113 0.9962064970853806 0.03211247095659224 -0.05098776764371613 -0.06278257660090072
1758726917.832458 16.278248016568675 -82.0350156350472 204.96388707351167 0.9963059696114172 0.03123017669924002 -0.05028722414416996 -0.06221162325371406
1758726918.16559 16.327815502025782 -82.19729544599316 205.29616924957284 0.9963838387412096 0.030766438385988883 -0.04928346005001949 -0.06199848973862384
1758726918.832315 16.43031118835859 -82.52699793442233 205.9623989764515 0.996452285190519 0.028877335323870327 -0.04827510424718235 -0.06259758104838614
1758726919.565601 16.516807054921752 -82.89267973387888 206.71828278194687 0.9966969704628261 0.02639384495143043 -0.04826825383768984 -0.05973851094866963
1758726920.16554 16.602060862549074 -83.18220048716346 207.3135695415361 0.9965458694290239 0.026025644047478043 -0.04720745694418367 -0.06317002441607891
1758726921.033142 16.716288576193016 -83.60720128277882 208.20370913787355 0.9966018287092927 0.02478651910349184 -0.04535740653611279 -0.06413368191788106
1758726921.698885 16.816049302034696 -83.9509975390204 208.9040467013989 0.9959457958766877 0.030650374965435354 -0.05860919809059669 -0.06097120705059466
1758726922.432151 16.963688175710686 -84.31255740983512 209.66104738282846 0.9952323111072084 0.034367756380411674 -0.06730936711687445 -0.06165187221737092
1758726922.898814 17.062518753380477 -84.5372187302173 210.1197996347923 0.9950420539607532 0.03544466084618183 -0.069286239921018 -0.06192256313067089
1758726923.365506 17.146659640114805 -84.76970750805943 210.5969450458387 0.9949126108113158 0.036157917690935855 -0.0701613588577979 -0.06260100286811886
1758726923.965483 17.278707115216854 -85.07291353870201 211.2317400261383 0.9946409519722466 0.037271821709748965 -0.07228746617625485 -0.06383345674485016
1758726924.698764 17.424912963535892 -85.44244882372843 211.9815073584505 0.9944409283850741 0.03820739143294294 -0.074488129864807 -0.06386668694840217
1758726925.365448 17.566860246846208 -85.76712658289802 212.644171560395 0.9941937966654584 0.039308247383997845 -0.0765439516046684 -0.0646109884792192
1758726926.098787 17.71453143147649 -86.12266806937771 213.38051093483344 0.9940069701996401 0.040616629496368184 -0.0783682801898775 -0.0644891096462585
1758726926.832069 17.883888064175306 -86.47399568249433 214.1042718832584 0.9938294891354656 0.04250787435352473 -0.08044909469011532 -0.06343477205937818
1758726927.432057 18.023896434768833 -86.76321318620919 214.71119518099127 0.9936240301265127 0.04315113642617536 -0.0815699397354166 -0.06477353712618336
1758726927.898716 18.112889006691262 -86.98887495919728 215.17455447734858 0.9935083574188321 0.04405568838531952 -0.08281203264901785 -0.06436153593853723
1758726928.365335 18.227166915338408 -87.21708743981286 215.6507100407498 0.9934430507076227 0.045487433700381746 -0.08312947372503979 -0.06396318452268433
1758726928.965339 18.382115059056346 -87.51552635258619 216.26707062446968 0.9933097380286553 0.04684114366387399 -0.08369599281148067 -0.06431681261540571
1758726929.498891 18.50231579284309 -87.77261275862307 216.8000227068938 0.9930966881660216 0.0481350829830152 -0.08492995853582068 -0.06502986916027069
1758726930.165344 18.671953991521242 -88.10620791067656 217.47165205465518 0.9929666045180551 0.04818508088216328 -0.08652252065206194 -0.06487968643787868
1758726930.898616 18.856592624010762 -88.45911254126796 218.20887700834476 0.9928733742369578 0.05024199950977596 -0.0867681357421208 -0.06441657268447623
1758726931.631989 19.041537265775442 -88.84739214345691 219.00829584920282 0.993038162800083 0.04955532181219873 -0.08534110909707378 -0.06431463597663226
1758726932.365478 19.156927387260293 -89.201010475776 219.74274702304615 0.9958517021179127 0.03569513845931512 -0.053464746694401245 -0.064395382910034
1758726933.165243 19.27738396439031 -89.57117367914783 220.5205611336697 0.9959791614710004 0.03527118910106136 -0.05181071759536355 -0.06400861408571164
1758726933.631903 19.337855416653053 -89.80899840782467 221.00181221531798 0.9959501104656934 0.034645360651180186 -0.05238613408551567 -0.06433326825443629
1758726934.432073 19.48967092495895 -90.19065076199313 221.78439543757707 0.9947904531974121 0.04151284397622843 -0.06819785031390675 -0.0633852603122753
1758726934.965186 19.615727428538584 -90.4360364745974 222.30137556904592 0.9943115719402841 0.04377239421363579 -0.07262295364897346 -0.06445449568297293
1758726935.565198 19.736598168948632 -90.72161657701152 222.89102566752155 0.9942122328362774 0.04419188037202361 -0.07378048920631002 -0.06438597052437967
1758726936.165184 19.86263667431066 -91.01200767936923 223.4968056284274 0.9941352224018927 0.0446685498189045 -0.07381249680757986 -0.06520426022926924
1758726936.6321 19.955362800196827 -91.23112290996039 223.94270006597085 0.9940629082560474 0.04409447935367985 -0.0746471500117216 -0.06574507065312522
1758726937.165211 20.074316476685482 -91.49817960675698 224.50488917377635 0.9940674343197674 0.04429109625502333 -0.07467261580122755 -0.06551515295597866
1758726937.631952 20.173816773787006 -91.72378893802988 224.9732662181517 0.9939776540507324 0.04416101745765308 -0.07505145579505225 -0.06652448247037097
1758726938.165146 20.280609736446486 -91.97760121031033 225.49894050939596 0.9939381206228267 0.04506833997368732 -0.07497129087184584 -0.06659701682349294
1758726938.698422 20.394872217762703 -92.22808895896594 226.01963509692715 0.9939348406091002 0.045086157297361436 -0.07508041333980835 -0.06651092072918315
1758726939.165082 20.489121297399553 -92.45307578282456 226.4790648451808 0.9939197294549451 0.04480697003655899 -0.07546775942605695 -0.06648702221909364
1758726939.765111 20.61000500662934 -92.74108051770943 227.08103048409993 0.9939459885124623 0.0445860995101866 -0.07581774972405733 -0.06584163179350894
1758726940.231782 20.711349198379875 -92.96405085947657 227.5562036371709 0.9939304760477508 0.04461833166017683 -0.0761262489484058 -0.06569784992219574
1758726940.965035 20.851413261010432 -93.29649708468477 228.24191522967755 0.9939553869636054 0.045214439246209236 -0.0757417034673565 -0.06535700089158886
1758726941.498388 20.965837668905362 -93.5242380498434 228.7074031562686 0.9938944011417071 0.045202272994224475 -0.07624982777169713 -0.06570112373551452
1758726942.165043 21.095325778620225 -93.81714095302259 229.31935681411935 0.993932768046314 0.0461652951794734 -0.07570046359052182 -0.06508346899915762
1758726943.098331 21.277690686908002 -94.20666188587458 230.1351306314211 0.9938386248449088 0.04614057756271491 -0.07638833914963178 -0.0657317009556324
1758726943.831649 21.423125649212924 -94.52360207907664 230.79631547528948 0.9939316442926871 0.04611316472165422 -0.07571917138354273 -0.0651158168034356
1758726944.431859 21.529627619469398 -94.75721624515612 231.29784500776663 0.9939084025366325 0.04680225515642403 -0.07544263564114743 -0.06529965548813765
1758726945.098269 21.6853787251345 -95.03219984865976 231.8739424971561 0.9915447497608421 0.056564027078355894 -0.09760743637998275 -0.0641272830058762
1758726945.831717 21.87280214076982 -95.3135317077499 232.46142584000873 0.9886211788397179 0.06694485271177937 -0.11807459635224879 -0.06484551751060574
1758726946.298283 22.027330845770788 -95.5023566458417 232.86715371467125 0.9863743554741107 0.07486159634309324 -0.13174982861476842 -0.0640574345097875
1758726947.098257 22.321369323062658 -95.79671083173487 233.48613046077764 0.9801541816368279 0.091412667678525 -0.164388546496236 -0.06259321200090717
1758726947.631549 22.586393009015794 -96.0157901013188 233.95289847177096 0.9755654231737023 0.10059390986077246 -0.18534325224716705 -0.061651027998575594
1758726948.164873 22.85794828829047 -96.22088730610207 234.39198023909682 0.9696245219297731 0.10943009060799853 -0.21014210836062902 -0.06077529132578332
1758726949.031604 23.384506782357022 -96.51516086408746 235.06904532935354 0.95461655589838 0.1308067372011976 -0.2607537370514891 -0.060035966896308746
1758726949.498775 23.700933730586158 -96.66168427780931 235.39732398004097 0.9444606523664277 0.14331398014154387 -0.28982187464290354 -0.05880867458159537
1758726950.231652 24.247053180197803 -96.86709131813086 235.85574473472224 0.923142421413465 0.16425445037155964 -0.34286596168134104 -0.057196832432841786
1758726950.764838 24.704913977677798 -96.99987540245509 236.1636738703164 0.9045132350750497 0.18051956197935665 -0.3824867539950698 -0.054519522514085796
1758726951.564819 25.449315835060606 -97.17049644604114 236.56087738114334 0.8702491692647429 0.20491780829487194 -0.4449753543860898 -0.05169148118040835
1758726952.03146 25.894603341187015 -97.24563664263736 236.73715562398624 0.848747636314151 0.21984375123894703 -0.47841853948142293 -0.04911085392040796
1758726952.564813 26.462214462381308 -97.33119190738225 236.9558514428784 0.8358398072695338 0.2293675794272842 -0.49667139114082 -0.04560547460053308
1758726953.098107 27.06963993355161 -97.38140193831845 237.1204004654773 0.8110546660341359 0.2437895712591394 -0.5298791262895978 -0.044554294653980905
1758726953.698071 27.772916500743175 -97.37531693417617 237.19980425806216 0.766095701054681 0.27022561542919254 -0.5819555545129027 -0.037459660476716145
1758726954.298074 28.41528269800539 -97.40036322003833 237.23711923207674 0.7376273199179115 0.26929743431454256 -0.6171025169599529 -0.05068838470512562
1758726954.698082 28.856269100621397 -97.40222382639716 237.2189213080282 0.7174913117439768 0.27091204479242553 -0.6393680421266861 -0.05496715624245407
1758726955.498028 29.733257467301225 -97.38912076101498 237.1562797656015 0.6869293474578795 0.2728198241201957 -0.671215895475255 -0.05627287827603045
1758726956.164665 30.489898678990823 -97.35386964688277 237.0562400398842 -0.6656679200643912 -0.2766099443187935 0.6910297548382458 0.05339510117318886
1758726956.831342 31.27015286721857 -97.2864952043768 236.92102439726227 -0.6470049527785089 -0.28934168719383646 0.7038616385704619 0.04737903419032792
1758726957.434062 31.95483176165368 -97.22373455828311 236.76962021961407 -0.6315000294068497 -0.29328606632633925 0.7161155611639348 0.04867750216304248
1758726958.164642 32.80321456699345 -97.1287253184795 236.55645207966325 -0.6161663903159913 -0.3000773991363921 0.7265809891338416 0.04870934409112989
1758726958.631286 33.34000432255412 -97.05808296127759 236.41188245439295 -0.607420261279695 -0.3028689302116739 0.7328317831461502 0.04762997911165931
1758726959.231289 34.02519362787548 -96.97236990590385 236.22215154917754 -0.6106042436192736 -0.3009530091776566 0.7310912216959048 0.045775206173621234
1758726959.764622 34.64038227180586 -96.92585319039948 236.09592414419188 -0.6314611894165166 -0.2901604410722197 0.7173086845428603 0.05031834433727269
1758726960.36457 35.31892232980412 -96.88209757147493 236.00369214305832 -0.6544668597992195 -0.28364428546381987 0.6990414180132436 0.05059787199380393
1758726960.897984 35.92540802571639 -96.86828886454309 235.9602202350492 -0.6766737740436286 -0.2763343226712547 0.6805620231219285 0.050865295826907984
1758726961.431197 36.532534583028195 -96.87462773584586 235.94009598451353 0.7015594661686558 0.26716429026297506 -0.658347951220347 -0.05491386492866248
1758726962.231227 37.42420839688005 -96.89957126357034 235.93927400506757 0.7139783925894279 0.256870723716189 -0.6485749813912548 -0.06002315991575082
1758726962.96453 38.288582445340126 -96.92453417274108 235.94469539605544 0.7186400174911587 0.2561337521685478 -0.6439738104704259 -0.05700664600349834
1758726963.631139 39.090697559444536 -96.96746720858918 235.99580480479642 0.7357196695086073 0.2496004066354102 -0.6269673012949486 -0.057690623263339236
1758726964.23115 39.79843583990436 -97.02393867500733 236.08359295674876 0.7612777169944338 0.24033174441473568 -0.5997163040141178 -0.05511120515792818
1758726964.697819 40.304953849569415 -97.08874265017448 236.1801652039582 0.773871133159951 0.23098587068313772 -0.5870822595285827 -0.05570832391393652
1758726965.364477 41.08710992749973 -97.1653340616566 236.33508752781856 0.7794287112966612 0.22565484016749557 -0.5825652857030409 -0.046781032578835625
1758726966.164421 42.000693161048595 -97.26690241844278 236.53356679187286 0.788514739788735 0.21898525967877933 -0.5727547021225966 -0.04734989309150378
1758726966.697761 42.61278402046322 -97.33757930171345 236.67268356713996 0.7943520017025 0.22023615264682295 -0.5642040592255221 -0.04663382905145549
1758726967.164567 43.16971571832665 -97.39829371471272 236.79896489479216 0.7981264998951304 0.2225580162943144 -0.5580057370135484 -0.04573419954754629
1758726967.831041 43.94137711102737 -97.48716401993738 236.9952951532706 0.8029661943599485 0.2215932474311233 -0.5515347612480779 -0.04417160335618407
1758726968.297724 44.474967094299124 -97.55137988946404 237.14193933721936 0.8061066748498588 0.22266238447217115 -0.5467736833146825 -0.040645178535297574
1758726968.897726 45.16538816374309 -97.6377692011299 237.33899579901737 0.8108074371727509 0.21827148487033252 -0.5416352154741936 -0.03975112672717259
1758726969.564373 45.930620872480006 -97.73771187026897 237.6044481500513 0.830664637119444 0.21854557004361086 -0.5107519504528268 -0.03696673588739646
1758726970.030998 46.47320396644229 -97.80811988193686 237.80424545557634 0.8339679487166575 0.2204724598152314 -0.5046758675243166 -0.03451990317092838
1758726970.564331 46.98559185639248 -97.95184323826884 237.9958391046014 0.8370634786445013 0.18726180366401496 -0.5099284208424868 -0.06504425589669133
1758726971.164609 47.54312034934472 -98.11078285037392 238.26618180744285 0.865095182428269 0.16745644167054696 -0.4685648917393921 -0.06336882286811585
1758726971.564318 47.893838542485256 -98.24252955967954 238.5053837160134 0.8878221533974909 0.15570534804538902 -0.4283484231183816 -0.06360264883400801
1758726972.364268 48.470219684674746 -98.52190767632935 239.0231385360788 0.9268618655709921 0.1273081644954273 -0.3475980174710488 -0.062412592104972915
1758726972.897593 48.81107557296709 -98.73261107704002 239.44615609771964 0.9485805280332638 0.1082311848187421 -0.2903976083777279 -0.06442221291884846
1758726973.497606 49.1069894237509 -98.99378970335685 239.97508808771352 0.9673509825591419 0.08967713837860238 -0.22788919873249086 -0.06524262789887568
1758726974.164248 49.44223336269235 -99.2976912477994 240.58908946031787 0.9727433389371254 0.08231412193428217 -0.2059469340267809 -0.06768044214254029
1758726974.630907 49.65291503845117 -99.52539941576339 241.0378477609404 0.9791247014179864 0.06958208490074722 -0.17833705905021704 -0.06833041711656408
1758726975.297544 49.912317623779025 -99.85544692876077 241.73155454302375 0.98652049504999 0.055408085487692556 -0.14053317215726593 -0.06291012980695371
1758726975.63088 49.999778891600926 -100.00935786357168 242.04071424380732 0.9890710589373531 0.04837665274620568 -0.12348681535858208 -0.06441386709561414
1758726976.364173 50.2061244514432 -100.35759017967688 242.76657438053175 0.9913863001550525 0.043048329902776544 -0.10469070883144388 -0.065877922264047
1758726977.03083 50.37014376050684 -100.68077023252991 243.41922467948675 0.9930896828158752 0.038559472005081585 -0.08808040896610968 -0.0672896021664308
1758726977.564164 50.512509680330865 -100.93787424193516 243.95098941796314 0.9923037646167495 0.042700437252361 -0.09408427161711287 -0.06824999062388848
1758726978.230874 50.66209802779924 -101.26394018321791 244.62305902356474 0.9939445875474406 0.04072044567195205 -0.07718518777346407 -0.06677161805588439
1758726978.830887 50.786355417758806 -101.57520599262527 245.24347720089295 0.9947799214699196 0.038898048493052645 -0.06520606072603417 -0.06817638380205743
1758726979.364141 50.88531403058863 -101.83819830738466 245.78759917385773 0.9954810576690358 0.03787672377046873 -0.05721937831829077 -0.06564114840114889
1758726979.964111 50.97257106531753 -102.1278638081233 246.38418362837803 0.9961153567552636 0.0349039515842168 -0.048625096043139554 -0.06458722965831487
1758726980.364124 51.02992983429482 -102.32859430256266 246.79102671974348 0.9965510430015806 0.03242356901350379 -0.04399951311446891 -0.06244016103901462
1758726981.164114 51.13228506851699 -102.7228382494778 247.60869233696428 0.9970151429517992 0.029464690936727524 -0.03385920500482531 -0.06281871496017698
1758726981.764075 51.193210542301216 -103.02184919412532 248.2449149928735 0.9974721284402283 0.02539288899449225 -0.02819180007032357 -0.06008141628015369
1758726982.364052 51.23577929810871 -103.29656867167438 248.82934189153562 0.9977122948396094 0.022510188818760764 -0.021310526371568383 -0.06007769628564774
1758726982.897389 51.26893402121265 -103.55302899464186 249.35777518541036 0.9978082802988699 0.020650498020229665 -0.016725886522638452 -0.06060063876363034
1758726983.497343 51.299001088568865 -103.83328640637276 249.940951174557 0.9979239758506653 0.019551872844394393 -0.009907746491180248 -0.060558230242830885
1758726984.297343 51.319073374947834 -104.19222444786769 250.70202328118842 0.9980683172093241 0.01738511682972139 -0.003936852507151994 -0.05951380586134551
1758726985.097324 51.33451448936938 -104.53708486094689 251.42853721866067 0.9979052213494788 0.014691746307627984 0.0042353429361672995 -0.06286003232653402
1758726985.697312 51.323533589915215 -104.81825110424384 252.012900394895 0.9980553707334429 0.012086814771548157 0.007671461257535421 -0.06066740921600705
1758726986.497256 51.30100225418352 -105.18867209794738 252.7842538981693 0.9980465967699683 0.008612690566871105 0.014020164031961217 -0.06026812787535886
1758726987.030605 51.27814224565058 -105.41579026383116 253.25861216585906 0.997861488696042 0.006404709268608675 0.018548362015520365 -0.06234891613368147
1758726987.830584 51.22135379630182 -105.7720917954996 254.01103786021577 0.99791222256046 0.0024143117676233075 0.022689697797447745 -0.06041973830622154
1758726988.630698 51.176263777248096 -106.12946598229746 254.76743473169012 0.9979226311776539 -0.0017952284043763274 0.02638080642793458 -0.05874736071225778
1758726989.430555 51.13165504765585 -106.4329741005403 255.4234953239185 0.9981162309070306 -0.004164289615088965 0.018239747611940284 -0.05842910147347461
1758726989.963867 51.15696136397184 -106.65951305728377 255.91146992127867 0.9984065983778958 0.004922821232568356 -0.012854796023308822 -0.05472462303013382
1758726990.763853 51.314417146166434 -106.96088347244982 256.53856725735113 0.9934105437089488 0.03537923102580877 -0.09157779606459318 -0.05913804974688313
1758726991.563823 51.50319051039849 -107.3066057767729 257.3204101604004 0.9937148434163662 0.037416847557851 -0.0917466223646862 -0.05208979532970806
1758726992.230496 51.6405706094889 -107.62126938430488 257.98014172364526 0.9949175906321365 0.030358085947307826 -0.07631021596563267 -0.058259122956314274
1758726992.697107 51.71674947933955 -107.85352815353718 258.4913627093938 0.9963051698121345 0.024664827518167374 -0.05938056531163558 -0.05693508015611877
1758726993.2305 51.79257529661263 -108.10401776778528 259.0527087580174 0.9967908158351435 0.02312187315362967 -0.05562134068508814 -0.05272300170674875
1758726993.763769 51.87326789596642 -108.3576908206849 259.58779340125625 0.9968334335226436 0.02387868917809754 -0.05182752643021984 -0.05537889055152691
1758726994.431708 51.96465521331287 -108.66675502368338 260.2700246284733 0.996974252553263 0.023279900733128668 -0.051239239019967055 -0.05361833970175593
1758726994.963726 52.04661690266924 -108.92169825098087 260.828745511589 0.9970512222871684 0.024661840068912574 -0.0481121411748572 -0.05445985357719473
1758726995.49709 52.125853222743224 -109.1735361052965 261.38721486044466 0.9971333508043715 0.023555575339109337 -0.046569988880439936 -0.054785506475393785
1758726996.097056 52.19529900824916 -109.44955295110834 261.9942717574668 0.9973062014985914 0.02303790702235398 -0.04560364463120713 -0.052629866889734034
1758726996.563723 52.25271764427039 -109.67370729811712 262.4775807403182 0.9973574444776285 0.02271219853892418 -0.04438700441949706 -0.05284011564376223
1758726997.163681 52.330591302661084 -109.96380181298224 263.1021412677894 0.9973059364232142 0.022410108451768797 -0.043087498795854134 -0.054973845251293896
1758726997.830374 52.396948404778016 -110.28263328027738 263.8061393335521 0.9977386108133909 0.019719887934075885 -0.03795167538105453 -0.051850369794279816
1758726998.430326 52.45898990987434 -110.55853778555577 264.4182211078549 0.9977678345231754 0.017802320664403657 -0.035783995413915914 -0.053497022740631124
1758726998.963636 52.50361484781162 -110.81285932657758 264.9629912296153 0.9976920304498516 0.014442979890514572 -0.03487126137555878 -0.05644473260466542
1758726999.763626 52.57453186856762 -111.20065652729873 265.81207240352745 0.9980152517320174 0.01143979218772572 -0.035120357771015166 -0.051002440480972744
1758727000.230284 52.60642672160371 -111.41609954220458 266.284316432154 0.9980740893374214 0.010132824748414648 -0.03277762897215304 -0.051682348000636424
1758727000.830237 52.650882125226396 -111.69615180096488 266.8925773868678 0.9978924979800916 0.008232564605061912 -0.032316494565764006 -0.0556635566062529
1758727001.49693 52.70660403973952 -112.00031441762623 267.58542697838305 0.9983146169649618 0.007379908639939209 -0.02869508267980982 -0.04990044822009718
1758727002.296912 52.754173746398216 -112.35483334603299 268.3817131684414 0.998391038453298 0.008888023430335318 -0.02459793778892732 -0.05031181602942725
1758727002.963527 52.79972717441412 -112.65516913501297 269.0514840166698 0.9985019225795936 0.012464235301073118 -0.019600031924955616 -0.049541822652739854
1758727003.430195 52.8320854320269 -112.87605621061125 269.5384782322433 0.9985878242938844 0.013172804516821495 -0.018491767344936256 -0.04803008363128762
1758727003.89685 52.8705461206557 -113.0941347352378 270.0274337487305 0.9982994767527609 0.021001732528108524 -0.027673671156685953 -0.04681078797342712
1758727004.430173 52.94285774731253 -113.33323776698221 270.56955569490077 0.9976209435907233 0.026888947256724395 -0.03624074077861871 -0.052115699481029606
1758727004.897142 53.009092630574045 -113.5555307666865 271.0755676334874 0.9975598598579944 0.029132949731136053 -0.037119766878231306 -0.05145600204997898
1758727005.563913 53.09507767580613 -113.88663928573897 271.8158252698157 0.9975435233741261 0.030841125472137708 -0.03859049118937584 -0.04966405081856431
1758727006.231609 53.19298362777039 -114.2186158854833 272.5191435290988 0.9972906843386597 0.03169513157714007 -0.039865709339595184 -0.053079513792860876
1758727006.69682 53.254052518027244 -114.45461885002985 273.0133582054928 0.9968978977578211 0.03196024791841238 -0.04118870653812204 -0.05896282263212
1758727007.363424 53.35512625822717 -114.77341791070805 273.7069379223526 0.9968194637231508 0.034526681863067545 -0.04315639375775797 -0.05741420259867607
1758727008.030122 53.44430326726505 -115.08877832340106 274.3901958604121 0.9968907881044439 0.037126451909286366 -0.04184681569794375 -0.055490784613938096
1758727008.696749 53.55801748019411 -115.38918807288152 275.08218095007675 0.9969018631299015 0.04197332242835211 -0.04514866356961069 -0.04885195666843754
1758727009.363381 53.65489379717363 -115.68904630244533 275.71143409642076 0.9963269929484753 0.04040799833710865 -0.049315643834162565 -0.05716366036092587
1758727010.030589 53.7448136875445 -115.98970480184373 276.38596063576443 0.9969834147647499 0.03821862282870125 -0.03916979742401991 -0.05503757373701358
1758727010.56336 53.8039506307831 -116.24654920956048 276.94032977997597 0.9974213624334428 0.0340386377934747 -0.03366881335442914 -0.05346408052032563
1758727011.163317 53.86923547383267 -116.5284345162074 277.5507246513055 0.9972961951632391 0.03336004251355179 -0.03143371763393093 -0.05743977778622309
1758727011.829998 53.94435396289169 -116.84333595164155 278.23148110163356 0.9974464201603274 0.029541554096425084 -0.03217168712726735 -0.05650591153411053
1758727012.496654 54.008235929396506 -117.1703178499874 278.90037431717593 0.9970597216599353 0.029887468185899806 -0.02926005105672069 -0.06420669825654618
1758727013.163305 54.0822554982444 -117.48801585511353 279.5932982739053 0.997594250133547 0.03599937678891813 -0.023549018730024913 -0.05436175758884611
1758727013.696605 54.144162911624115 -117.75472913147959 280.13962078739365 0.9970061298877874 0.03531552842525394 -0.02361139027717545 -0.06460721838463801
1758727014.363293 54.21031160571637 -118.07840999847674 280.8014413877675 0.9972241136910577 0.035720703020389516 -0.022337450189582404 -0.06139329578904811
1758727015.029923 54.28242084828983 -118.39727593752941 281.48935543464694 0.9972586294643813 0.03517980219862985 -0.02112457956084527 -0.06157401736501053
1758727015.696542 54.34782320305582 -118.72587477956749 282.1728745507784 0.9972267416655665 0.03148020511511206 -0.02311022365000889 -0.06335408397123636
1758727016.229903 54.3987368712023 -118.9705752270604 282.70325588486355 0.9971513394603849 0.03340618539596447 -0.022972390220057114 -0.06360426304288282
1758727016.963216 54.47365284997362 -119.32796403395055 283.4430598877161 0.9970958726658625 0.032969176647496136 -0.02796544999072665 -0.06269599437527204
1758727017.763163 54.5564526390293 -119.70444490540544 284.22863643926195 0.9970884928408886 0.02853511074556065 -0.02792826091910201 -0.06496381408952369
1758727018.429833 54.622826952535405 -120.05103250636863 284.9194155455087 0.9969512516825371 0.027146025665939474 -0.026628126511183625 -0.06813397051156882
1758727018.829828 54.655048819773874 -120.24975874276853 285.3290536561307 0.9970775195803474 0.02698380908768881 -0.026424415840912777 -0.06640816397166688
1758727019.629969 54.73360612026237 -120.64674508989211 286.1562338683269 0.9970158729252634 0.025217101966093548 -0.025081806867732134 -0.0685153257874205
1758727020.429841 54.8079217619812 -121.04577469639183 286.9677741520235 0.9970558970168009 0.02352565593448968 -0.024168631694042188 -0.06886188335292663
1758727021.163195 54.87812527890049 -121.40785443850996 287.6966347111915 0.9970610289319803 0.022964894718200634 -0.022864630408960265 -0.06941993137380886
1758727021.629716 54.91525675096024 -121.64066339617038 288.16041691651867 0.9969228742005595 0.0224128213634762 -0.02235058108178428 -0.07171401438722262
1758727022.229744 54.970830512708396 -121.94930583827339 288.78260460601376 0.9970151786405126 0.02055850439674584 -0.022460421557136675 -0.0709479451490425
1758727022.963103 55.02781170870283 -122.31822914469427 289.51036754398604 0.9969031797022229 0.019126890200839946 -0.022031208469904986 -0.07302628447482519
1758727023.564771 55.068581100770245 -122.64090111206664 290.1332106835613 0.9966479993060863 0.01766919480524476 -0.022089785731416237 -0.07676331415754413
1758727024.296367 55.126987916059775 -123.01112597854177 290.87493915634747 0.9967001701041954 0.017105254111842234 -0.020325869450459208 -0.07670097931004512
1758727024.896373 55.164478213219304 -123.3257501946112 291.4884053392292 0.9965227939442018 0.016839642241786617 -0.01988962684582663 -0.07914006787174438
1758727025.696333 55.2250438714251 -123.76155838500064 292.3262904381806 0.9963496596777099 0.014941502841407396 -0.01897049333303769 -0.08187934743055222
1758727026.229637 55.26122612582748 -124.03472268303176 292.86290388768833 0.9964092768698382 0.01468846622098821 -0.019321141116436267 -0.08111408899667183
1758727026.829633 55.306385674499055 -124.3574658237446 293.49075381534396 0.996564268471714 0.013205365552969583 -0.019594979910786892 -0.07938081561905291
1758727027.629614 55.34936755459642 -124.7764993751378 294.30166807118735 0.9964780052842435 0.01128728560384098 -0.01950057773793387 -0.08077072264329031
1758727028.162923 55.3897387003433 -125.05758094710437 294.8370412863342 0.9966679606608474 0.01096103000489484 -0.019049761009428214 -0.07854895682861122
1758727028.829588 55.50361874112225 -125.41002026871428 295.49265235321514 0.9946489462674464 0.02775223609011535 -0.05454965424457863 -0.083232339285004
1758727029.362915 55.59442849075277 -125.6967137324777 296.0400952131564 0.995002538228606 0.026334712070182488 -0.05361156481716104 -0.08001394863814358
1758727030.029562 55.70959140311275 -126.05231947370262 296.7164286984985 0.9948605096261326 0.029544857567334944 -0.05485402637025074 -0.07981668728235612
1758727030.696213 55.82886379980059 -126.4130096063726 297.4069693117265 0.9948087089267248 0.03118342458514262 -0.05594793084670438 -0.07907626514105318
1758727031.362913 55.9385872738369 -126.76830137226565 298.0863351992044 0.995276802078404 0.027382723803859733 -0.04379789874450789 -0.08219499831031751
1758727032.029489 56.02582317641023 -127.11753061790984 298.761861213781 0.9955826941514118 0.027605438658933442 -0.04117480023145828 -0.07973502798998532
1758727032.629474 56.10859157709058 -127.42720184203405 299.3484200181127 0.9956044173240937 0.028201293808060992 -0.04156648457229252 -0.07904908976455624
1758727033.296159 56.20112027646037 -127.77252747791673 300.01048786111437 0.9955568923180493 0.029584428427121577 -0.03917332509430589 -0.08035350865845338
1758727033.896154 56.27699502841737 -128.07645375556197 300.5852308263931 0.9954894696849157 0.031184872343851745 -0.03848635514818242 -0.08091365738088338
1758727034.696101 56.386194020837344 -128.47598480165212 301.34824961004625 0.9954293205271897 0.03277378631319598 -0.03683534659411758 -0.0817893881060721
1758727035.362764 56.48102444983398 -128.8427520031479 302.04782864074065 0.9955887112454982 0.034037824075832036 -0.03573507729379744 -0.07979692239376893
1758727035.96279 56.55671086714716 -129.16009691252285 302.6728502121857 0.9957421415207648 0.03523063333982772 -0.03428432008440548 -0.07798060957998397
1758727036.696082 56.65302852413342 -129.56209834408511 303.4408756436966 0.9956156044098897 0.03783643110591764 -0.03175573995301267 -0.07943264893438771
1758727037.362708 56.73823883142592 -129.9144699686051 304.133749722352 0.9957728081668997 0.0373262177914587 -0.031861842612263276 -0.07764078159152418
1758727037.962713 56.8154691086252 -130.2531371177926 304.7836961926718 0.9956836176058499 0.03972330583288292 -0.02911238195026403 -0.07866804829291811
1758727038.62933 56.88240415941486 -130.6150103785061 305.5147082613137 0.9969106608392034 0.033698933424555 -0.014988211598259568 -0.06934601433590694
1758727039.162666 56.90415098820903 -130.9140487284648 306.0785812712955 0.9966359511029823 0.02848111151713705 0.002157016426436371 -0.07681767072710634
1758727039.829331 56.900277638482855 -131.28041366246242 306.80866230015823 0.9967685196149567 0.02466783931534122 0.015971159376475447 -0.07475920061297882
1758727040.562626 56.890111928447055 -131.68962213632938 307.6001679755563 0.9966256127007836 0.022659552604895807 0.022526500151114903 -0.07560747036817914
1758727041.29598 56.88307007020169 -132.08894855507984 308.3909798033202 0.9968912881165994 0.024308624837277807 0.016287302081499352 -0.07315445459200302
1758727041.762649 56.89156952940716 -132.34248515108524 308.9041582218351 0.9970396747284018 0.028067208798836597 0.010276948091674126 -0.07084139429490588
1758727042.229273 56.93063659131322 -132.58740950793964 309.3956011586569 0.9968354980000195 0.03184524813659136 0.006672673313500843 -0.07252823952794767
1758727042.829232 56.94788426357664 -132.90469159294562 310.0252360881933 0.9968480765198525 0.03155065049482753 0.008307245807830899 -0.07231499470449922
1758727043.429278 56.96232750970193 -133.22342658459354 310.68790034676573 0.9973036760548781 0.030375108516394796 0.009153729793278586 -0.06617355771692852
1758727044.295975 56.982104344150684 -133.64593647370572 311.57050951789773 0.9972697913340629 0.02959116709629147 0.010926399087223055 -0.0667678060548697
1758727044.762515 56.979117603901976 -133.87941336380234 312.05333523683794 0.9973940361611032 0.026472325915629882 0.009628654123228043 -0.0664201897818403
1758727045.362554 56.989831674931615 -134.17305371331005 312.6571918882602 0.9974906284655736 0.024749510360986923 0.009179521039194097 -0.06569356325955583
1758727046.029197 57.00348938060496 -134.49388373914414 313.3292182664771 0.9976952569349951 0.021168663879977574 0.007498020229081048 -0.06403000586908389
1758727046.829122 57.007099502771126 -134.8788781714579 314.12619759317516 0.9977700098057355 0.01929363188452554 0.005825316759331059 -0.06363040928377166
1758727047.562465 57.02291371606085 -135.24490639074278 314.8815130091712 0.9977614685525583 0.01887357237473116 0.006628432508464935 -0.06381147248057054
1758727048.162609 57.050706167419584 -135.53770601718352 315.4917630788567 0.9979396267345368 0.018189764847116437 0.007660793472624284 -0.06104871899646764
1758727048.895736 57.084194751551 -135.91822960525374 316.26279540991294 0.9978132690274967 0.017734657443754676 0.006363357490357487 -0.06335352996844905
1758727049.76261 57.08943338466781 -136.3884633328166 317.24394277442605 0.9978018272468395 0.01512567306631149 0.007309707251639611 -0.06410378878860927
1758727050.22909 57.07022664868479 -136.62783713963157 317.7446693112084 0.9976146950113111 0.006134903704920559 0.028204126836800486 -0.06270415044790836
1758727050.762389 56.96668817757263 -136.87898144747845 318.25249390116886 0.9946765957990868 -0.017467773506485852 0.07818783396998606 -0.06480747856033264
1758727051.56239 56.74823202152433 -137.28714117507684 319.06169500059593 0.9902934009223994 -0.03503882524486253 0.11810211367269524 -0.06436731749148708
1758727052.029031 56.59426762742181 -137.5251257989649 319.5397324360939 0.9875816057554994 -0.04344592111455783 0.13546664272773407 -0.06666192781470835
1758727052.898782 56.17144943982953 -137.95988543153425 320.4268702953706 0.9765684808314995 -0.07267015277392344 0.19285412221915665 -0.06197046623473607
1758727053.428978 55.80047939688219 -138.19778290703772 320.9304927109082 0.961764480783249 -0.10230012513959386 0.2473734683957224 -0.05788035101846837
1758727053.89566 55.420034144367314 -138.3677180869356 321.29757429094826 0.9392064648958169 -0.13869008184388293 0.3092556542841646 -0.054929207069761225
1758727054.562305 54.83365642257298 -138.5792092312291 321.6586742405762 0.8826819099472638 -0.16964915009831966 0.4344163271357846 -0.05808843637612618
1758727055.228926 54.222006710004145 -138.71409082336663 321.78541963456945 0.8134057128027119 -0.19936422038494395 0.538282368349392 -0.09421860715583211
1758727056.028957 53.46808556871047 -138.74072890119274 321.73859226458865 0.6969547744588396 -0.2561578188241195 0.6654000191664438 -0.07668134523855094
1758727056.828907 52.673503668431934 -138.6940872767679 321.4912256589662 0.5940949788523339 -0.2848697851461884 0.7484436314693619 -0.07571322292812176
1758727057.495538 52.05789538601942 -138.55030248198747 321.1097427178708 0.4856969958520064 -0.3156255657463091 0.8121158586373963 -0.07033322555736228
1758727058.228918 51.568660187482855 -138.3175673160921 320.5665550061421 0.3371623415108513 -0.3477871058519985 0.8729209441710628 -0.05809225161336836
1758727058.962259 51.20215400380396 -138.03302039932225 319.95122734450854 0.2582840846196229 -0.36697157176002065 0.8923601254897824 -0.04811032724938955
1758727059.76233 50.808365806903325 -137.70072079590508 319.23750687334723 0.21668196137258355 -0.37243707954385913 0.9014753203296672 -0.04100970901012579
1758727060.495497 50.50944773159367 -137.37628004269584 318.57502550976466 0.18835259259824633 -0.380140499311422 0.9044024840291467 -0.04552634980635521
1758727061.228932 50.22454463666784 -137.0497504224701 317.90065917673036 0.1711224616819577 -0.3767558278897092 0.9093743177664206 -0.042549964111662
1758727061.695656 50.02516036576751 -136.84438993520894 317.4690701995524 0.16801356628782363 -0.37757279029550034 0.9100130449515463 -0.032961911196593884
1758727062.295462 49.77345569656564 -136.58964288632959 316.92805140186545 0.17090051305936127 -0.3687525758839414 0.9132729202129777 -0.027333598750719303
1758727062.895434 49.53474595708748 -136.3299547891416 316.3996148455478 0.1670691230724535 -0.37209620928634435 0.9127489754306554 -0.022839154993635282
1758727063.362088 49.33075580130257 -136.11859549175614 315.9549488587403 0.17475041308130845 -0.37318177872004993 0.9107786603687261 -0.026074604046860628
1758727064.028748 49.06899077733231 -135.85009523723727 315.3382230009849 0.1706658126850638 -0.36528181014870365 0.9145672959073503 -0.03176540274812182
1758727064.628772 48.819625947400745 -135.57120959998784 314.7570482143777 0.16354889624865754 -0.37311517792397925 0.912855403568432 -0.0270524437808924
1758727065.095372 48.62883726053859 -135.34742592917914 314.2932005847672 0.15955001264682414 -0.3781415502242883 0.9114988872091024 -0.02688010556039925
1758727065.562013 48.45889430499089 -135.13380475901926 313.8425955337137 0.15489955762038954 -0.3760615946687833 0.9131379149062837 -0.027621593451207162
1758727066.095332 48.26509296936062 -134.87857794198328 313.3257435151458 0.1512941187460258 -0.3804345142040462 0.9119452624086422 -0.02712025821461559
1758727066.428692 48.12914391828398 -134.71062723719797 312.97411250160167 0.15032867296433045 -0.3785813406129379 0.9129173893117709 -0.02567681671614776
1758727067.028683 47.89471301064597 -134.40356575753452 312.36445631039817 0.1470702712375094 -0.38039882445581324 0.9127419701890174 -0.02385719024175987
1758727067.761991 47.64057353633215 -134.06748085858268 311.6410505467653 0.14325796740877014 -0.3728043910206309 0.9162370993088825 -0.03167994096726104
1758727068.361957 47.44345844287259 -133.7703317866856 311.0376108614483 0.1370992536583168 -0.380975581222162 0.9136449265671804 -0.03625395587821765
1758727069.095308 47.19720057426883 -133.41984373504428 310.30771305331893 0.13307377824668748 -0.38212155366503364 0.9137972850489696 -0.03534132998210886
1758727069.562224 47.04908599350928 -133.18590332266766 309.84401827326343 0.1309814357673668 -0.38473273896838456 0.912937380451958 -0.03701246308638081
1758727070.161927 46.8616666591265 -132.8464508364715 309.23895529635064 0.12841867269731566 -0.39717843611326803 0.9077626859477128 -0.041531197794820514
1758727070.895247 46.64688272284759 -132.48655444333457 308.5151659978983 0.12292460219252332 -0.3880400678519685 0.9121122304800416 -0.04863873894307857
1758727071.362214 46.50878980426261 -132.27015319430743 308.0394565137073 0.11980244411471012 -0.37717858258155557 0.9169982616473442 -0.0499787891175764
1758727072.095187 46.275488057642974 -131.89401009862607 307.30982866943583 0.12266029978616107 -0.3845940537036311 0.9140152834995305 -0.04022345387271575
1758727072.895175 45.947820085265285 -131.50169318678317 306.5345402370953 0.16369190219231505 -0.38805262276767394 0.9063414374015379 -0.03413681251530241
1758727073.561857 45.67563529443757 -131.19843978728116 305.89096512553067 0.16898003506357426 -0.3783116297872187 0.9090449347047541 -0.04430987706235109
1758727074.161802 45.44975788738414 -130.94372672074994 305.3216900094895 0.16959419609023002 -0.37045829969388905 0.9116068354731106 -0.05451086459708966
1758727074.761812 45.21010759783743 -130.67971736602414 304.7325599947307 0.17119233879492066 -0.36445907970251745 0.9136753386101747 -0.05531851386201329
1758727075.295152 44.890035427303104 -130.33936860109492 304.0396118269976 0.16799516759636401 -0.3775494384951315 0.9095134828726369 -0.044936284105010285
1758727075.828415 44.70150082028371 -130.00575756814533 303.3650810581173 0.11156538436784806 -0.3867969838299171 0.9145696445054504 -0.03877658649374717
1758727076.56176 44.46239964707723 -129.58665088729902 302.5199313084247 0.11602775051656672 -0.38974571376398714 0.9126959477837553 -0.040273398314250294
1758727077.095092 44.279381732340525 -129.3046530157639 301.9349034034727 0.12131299319545723 -0.38695213967638725 0.9131484809190609 -0.041364853161059055
1758727077.828424 44.03530117464465 -128.96182645212187 301.18207390551663 0.1299320703214891 -0.367902382770029 0.9195736859289491 -0.04636518091362403
1758727078.295031 43.8220183832586 -128.65846478248253 300.57301715011965 0.13272817089570604 -0.37967913360816197 0.914486205765945 -0.044067761652269964
1758727078.828408 43.55748939708924 -128.26269835755073 299.79087144857226 0.13276951561029057 -0.38689396270700904 0.9117480205734086 -0.0374281221269176
1758727079.295053 43.312880112784626 -127.89733004023492 299.0502084256856 0.13317053026122633 -0.38069632666923225 0.9143469337852158 -0.03613310681454482
1758727079.428358 43.22642551204889 -127.7628647721455 298.7956453282988 0.1318158267363539 -0.38365933631493404 0.9132838811001671 -0.03664224341947073
1758727079.828476 42.98115922699094 -127.39060145382933 298.03779067670393 0.1292267079857798 -0.3813278926323261 0.9146090156437626 -0.037146261546685266
1758727079.961699 42.89218284372593 -127.24884130946991 297.76935862351195 0.12857341459145089 -0.3839368875397614 0.9136313444511496 -0.036593850343472005
1758727080.228306 42.71157609821033 -126.98382713712755 297.22524551546184 0.12811888335794644 -0.38467598198493125 0.9133906532323467 -0.03643425858760888
1758727080.561702 42.49815593871324 -126.6499171806073 296.56642323630246 0.12931171195976737 -0.3846952963227291 0.9132224697163482 -0.03623162903286343
1758727080.895056 42.271214527326585 -126.31217605039465 295.879697191568 0.13013536206792004 -0.3842984434364435 0.9132309435340977 -0.03726577093794504
1758727081.095017 42.13832474421357 -126.10749811734804 295.46785422344004 0.1309736888585424 -0.3841797479200186 0.9131728459441181 -0.036975228805467775
1758727081.561652 41.834161236755236 -125.64471923779514 294.5491789963615 0.13182655684913056 -0.38505220873420626 0.9126555057298249 -0.037636196928616174
1758727081.628353 41.78287848855082 -125.5707472206949 294.3995418482572 0.1319932887419859 -0.385653985428679 0.9123876615758028 -0.03738355593425114
1758727082.095141 41.53567862422002 -125.16981322595025 293.6244482788239 0.12819715012761765 -0.39546987681372625 0.9087636861825076 -0.036299172278085344
1758727082.228498 41.485062642789984 -125.09383417892305 293.45731376203275 0.12786405567322934 -0.38974274016959165 0.9112119763836413 -0.038001497956132495
1758727082.761598 41.321676506977816 -124.85074949797276 292.949442636061 0.13067580373788623 -0.3818589175602526 0.9140820083659414 -0.03951813987090817
1758727083.428278 41.09078668119761 -124.52057886519196 292.2997704738558 0.1300700469506204 -0.38502195880125983 0.9129039144616343 -0.038030475775743804
1758727084.094878 40.89265666039353 -124.2095337624028 291.6921347495991 0.12912723668559198 -0.3876351490111991 0.9119453008223102 -0.03769504350859488
1758727084.828598 40.69143560567494 -123.88698952860551 291.0418178493158 0.12819104560015607 -0.38508324815942335 0.9131340522288615 -0.038264219252789035
1758727085.561763 40.50382426709258 -123.59309130368071 290.4608585743024 0.12754398915813067 -0.3860676533929378 0.9127986197939569 -0.038509447354493714
1758727086.361489 40.31051796381445 -123.29888070450875 289.8687642852358 0.1260951417204505 -0.3854236035184825 0.9132263837928675 -0.03957566209085141
1758727087.228187 40.12018544806096 -123.00015410922933 289.2562832501458 0.1250808400146336 -0.3806042112132762 0.9153357833141543 -0.04068933094334376
1758727087.9615 39.89588739399856 -122.64586181055392 288.56786357699895 0.12349145608095229 -0.38562761952273517 0.9135285429959107 -0.038817527845076645
1758727088.628102 39.70552069473732 -122.34208600640778 287.9650212726031 0.12286305754372535 -0.3859152236493961 0.9135088525461857 -0.03841465301671885
1758727089.428121 39.47834796907957 -121.94946281494494 287.1849359705784 0.12241358123300919 -0.38552528665603064 0.9136500855256859 -0.040357027856391475
1758727090.028121 39.27240369913077 -121.67306588682067 286.63241546827913 0.14481251534000053 -0.3835809983725846 0.911107756206559 -0.04216170855933907
1758727090.761403 39.02872736838519 -121.34762472565554 285.96752047774817 0.14346930910558167 -0.3806488057436322 0.9124824739209517 -0.04357497926348826
1758727091.228085 38.780163953524784 -121.01384854830548 285.2910093248996 0.1466121701915504 -0.3808912410430226 0.9118657288331659 -0.04390474493707055
1758727091.694789 38.469083829566735 -120.61123048583742 284.47726221753237 0.14966156471780634 -0.3827066647344218 0.9105970204778532 -0.044159835947711445
1758727091.961396 38.27559512431785 -120.36902543642883 283.9724312746292 0.15045857993615264 -0.38113421041771617 0.9112044301676201 -0.04249018493444273
1758727092.294749 38.01760909658785 -120.01844347092945 283.2970724521069 0.1525002868169602 -0.3894054892707855 0.9073694951439478 -0.04228033501218252
1758727092.494678 37.86423752471052 -119.84979911810743 282.92562623406013 0.15380637957407697 -0.378909923798706 0.9115562513225282 -0.042849363169054924
1758727092.894676 37.56593130870969 -119.45335336695611 282.15535791212307 0.15378948324304084 -0.3883345619129016 0.9075049615272754 -0.044495029735147636
1758727093.228012 37.32663556734523 -119.13034451233668 281.5066072601978 0.15262424141661618 -0.3863157207544013 0.9084222725018516 -0.04727557141465138
1758727093.494673 37.11879883335869 -118.85913372870782 280.9590505801782 0.15294435132067677 -0.3853150858559544 0.9089298843693798 -0.0445732578031011
1758727093.828238 36.8680178023041 -118.52021316008204 280.2854153342103 0.1524584472284343 -0.38555933589513963 0.9089272492879913 -0.04417777579914323
1758727094.094682 36.66306761946807 -118.24267886633281 279.76673468698147 0.15159451211539407 -0.3888556168821324 0.9077873972967062 -0.04162276330307513
1758727094.294686 36.51221134152508 -118.0352400392731 279.37247260496474 0.15139311134355432 -0.39063539887964205 0.9070478724228954 -0.04181229619334611
1758727094.694668 36.23051299565699 -117.66724389780335 278.6262603798294 0.15272456728622524 -0.3872521441445126 0.9082321135348825 -0.042724832903984065
1758727094.894621 36.06616441321386 -117.4603017320342 278.2278433591112 0.152440228124473 -0.3892376925351919 0.9075566410874212 -0.03996171639651726
1758727095.227971 35.82598529027859 -117.12833495585865 277.5890933664871 0.15199375888959754 -0.38904582358729856 0.9077138148428653 -0.039960915296125596
1758727095.627982 35.52776135120112 -116.75016044274228 276.848242453232 0.15648891001101795 -0.3881451110342476 0.9073399019638786 -0.03986095994773021
1758727095.827966 35.37615116892594 -116.54761738873266 276.47191992835434 0.15613862360263478 -0.3935378064844059 0.9050816000823452 -0.039699147085282625
1758727096.227957 35.080740999032365 -116.18528876089695 275.7354964840303 0.15766769429904337 -0.3867751902583446 0.9078970426136206 -0.035620364800018664
1758727096.561265 34.824805121494364 -115.85204521974411 275.0851847156705 0.1576534500567753 -0.38874067243903243 0.9070363661986862 -0.03620924840323968
1758727096.827913 34.637272006512966 -115.59305677555407 274.57161539448964 0.13464192510004755 -0.38879220129771047 0.9107483858836247 -0.03534902864020356
1758727097.227898 34.44245666455336 -115.20221725555287 273.84266396377683 0.10615892948433647 -0.39944515712567835 0.9099789425049174 -0.03334924792575985
1758727097.561262 34.29083617472931 -114.95574353535359 273.33862312045636 0.11339570827537818 -0.389054724060651 0.9134745199659317 -0.036635179866167884
1758727098.027928 34.09053750291712 -114.59420263745571 272.6458429759985 0.10946012131465278 -0.39239352688518114 0.9125675403156882 -0.03558491622253351
1758727098.49457 33.8993483819639 -114.22155844299228 271.922629827084 0.10448221382727405 -0.3899528781311476 0.9141684406810385 -0.03628059941325096
1758727098.827874 33.75868741317593 -113.91599035594193 271.34775460353495 0.10353989935996598 -0.3922157615365861 0.9132941336589068 -0.03660752746404356
1758727099.161192 33.60052129033934 -113.59428865739301 270.74204694861913 0.1038133144472552 -0.3971883115918832 0.9111416471481812 -0.035848845314228675
1758727099.494537 33.415317446006696 -113.33054582684356 270.2098498956339 0.12897001515387874 -0.38925377411448797 0.9113035698372374 -0.03706802032403416
1758727099.82787 33.226524211869574 -113.04019032111869 269.64137961904305 0.1268880018575966 -0.3874449873194703 0.912325286189178 -0.03805770573006965
1758727100.161217 33.022046807265056 -112.7088481466406 269.0002455146491 0.1281201836826969 -0.38692353616512093 0.9123918860578666 -0.03763564733546471
1758727100.361197 32.88789397481652 -112.48623568771374 268.58246130301814 0.12780260599353505 -0.39336010832355733 0.9096757587585171 -0.03774033661822123
1758727100.694538 32.67980261735354 -112.14655404574481 267.9086654287205 0.12892290835735043 -0.38905709637634034 0.9113055386962363 -0.03918768430840997
1758727101.027821 32.45710834979524 -111.79826327279416 267.22148277186295 0.12781370218438765 -0.38900829981633356 0.9114464901002713 -0.04001869427932639
1758727101.494486 32.1563855431179 -111.30886166547823 266.2686821358925 0.12891752591568983 -0.38864769246386993 0.9114360507912054 -0.040219000141944204
1758727101.694493 32.02889354021944 -111.10083744398356 265.8693122926646 0.12775881576447395 -0.3853182339624615 0.9129788398188936 -0.04095340783690765
1758727102.027824 31.801067918677436 -110.75078038168974 265.18500109391323 0.12893348667533155 -0.3879371952157025 0.9117170246683267 -0.04065655558270829
1758727102.361162 31.593000710699226 -110.4091855930228 264.5178372658505 0.12789411791337638 -0.38675218664879923 0.9123201333512657 -0.04168710840848105
1758727102.694496 31.37584919394315 -110.06382283479604 263.83692897304314 0.12854642784695453 -0.3868760351797776 0.9121725884658967 -0.041760245961790246
1758727103.094429 31.117744570171585 -109.65699292141687 263.0314265295215 0.12771744065367263 -0.3870978506647894 0.9121881761080753 -0.04190752596132566
1758727103.427765 30.901000650006953 -109.33107624741356 262.36775956718543 0.12713866745946706 -0.38787507502222807 0.9118587359689078 -0.043615720220094405
1758727103.694441 30.727793568698853 -109.05651853711953 261.835276852357 0.12737881075299048 -0.3872327481716602 0.9120338394804184 -0.04494121668562114
1758727104.027764 30.517934699390803 -108.73267916592565 261.18310646996997 0.12651546837766467 -0.38585294934759645 0.9126733929820787 -0.04624516713691824
1758727104.294447 30.33914755461278 -108.45084317412818 260.64440918820316 0.12646007210259924 -0.3925637634593519 0.9099128130519715 -0.04427430887414666
1758727104.627776 30.121384227595044 -108.09740062046016 259.9435888745366 0.12548391524779154 -0.39011610893963594 0.9110933059139228 -0.04440941880640007
1758727104.961056 29.9184387330346 -107.74964702721861 259.31497348060856 0.1268919586846443 -0.39756099314301696 0.9074344250020988 -0.04905559981717534
1758727105.227731 29.750675613073483 -107.4732905977241 258.77125518003396 0.12659127160788886 -0.3939906260079863 0.9087381226747648 -0.054231549563669997
1758727105.494477 29.582050749261416 -107.21075129227185 258.255281882833 0.12453163929887985 -0.38988589519251915 0.9106362293590613 -0.056767220490109765
1758727105.827714 29.376439608751276 -106.87430367220655 257.61160100323525 0.12438231497212092 -0.39379489380236077 0.9091184037673332 -0.054390709398754344
1758727106.094422 29.20459630501255 -106.6067201525566 257.07204043383507 0.12175962561030244 -0.39140820664235054 0.9106134907063838 -0.05250980753909345
1758727106.427712 28.986721257762962 -106.27513458706198 256.41789494656354 0.1220607296355636 -0.3904742732212127 0.9112091078146847 -0.04825952826920322
1758727106.69439 28.826103664604148 -106.01660861471113 255.90435282672829 0.12106169238718537 -0.38767362356798274 0.9125149418533167 -0.04867965817935108
1758727107.027644 28.618780843722117 -105.68465281874121 255.24019559869896 0.12077243417392935 -0.38589091822558413 0.9133317280101783 -0.04824285423418608
1758727107.22767 28.506233674556878 -105.48927529849936 254.868463646913 0.11981514956696243 -0.38675403392159874 0.9130086958422019 -0.0498073136812145
1758727107.627662 28.263831200406877 -105.10368205357202 254.11891569041865 0.12003370184549224 -0.3876627564913642 0.9127031390799083 -0.04777528194020606
1758727107.96103 28.06973403483264 -104.77300893443956 253.47265364276592 0.11869734196039361 -0.3879628967783795 0.9128355726410644 -0.04611885792087651
1758727108.160994 27.943584075481105 -104.56398298566208 253.06867077752455 0.11852773409904929 -0.39090819121628173 0.9116940025993708 -0.04422677824235425
1758727108.561007 27.71990701185878 -104.19470044005986 252.31893059486586 0.11700998333780026 -0.3882509796913251 0.9129809805174071 -0.045117289163780154
1758727108.760987 27.60822449892576 -103.99429768949933 251.93357402720227 0.11750699539079562 -0.39055014529421644 0.9119367007562615 -0.045101483996413526
1758727109.161096 27.456129870736188 -103.72011271434496 251.38923902402288 0.11380218221318185 -0.3932546206766606 0.9112293325367582 -0.04539790925348776
1758727109.827626 27.27708479072341 -103.42279053489689 250.77663986893722 0.11403515423962236 -0.38833821173990996 0.9132531473381376 -0.046455417091881335
1758727110.494298 27.08429659766887 -103.08535306104919 250.11877339027708 0.11354065942466957 -0.3876225694044796 0.913629672017529 -0.04623942857370839
1758727111.294223 26.889739234620183 -102.68882631784768 249.34495986297082 0.09386088196070713 -0.3901482313394225 0.9148691402315098 -0.044597630792867084
1758727112.160892 26.765478497484043 -102.29635470923064 248.56612277819485 0.06173053900668529 -0.3912186539918895 0.9171722234796635 -0.04395927433532511
1758727112.62755 26.720813807584342 -102.06174248741523 248.11969856669373 0.0397699685368054 -0.3920930054993876 0.9180680867438487 -0.042806690406148734
1758727113.160905 26.714790986469847 -101.78565387313051 247.59840068868706 0.013256896466679598 -0.39383841307547407 0.9180795625717205 -0.042959002204221206
1758727113.760847 26.737576719472873 -101.46477447569735 246.99629334888485 -0.019258316952068262 -0.395973165882211 0.9171190440593113 -0.04155752823650128
1758727114.360843 26.815859205278155 -101.14818694499131 246.43206844537926 -0.05582994101172758 -0.39781823866074356 0.914899563397986 -0.03978009011635425
1758727115.027524 26.959529075824033 -100.81131840063382 245.8206870834881 -0.09833451106153117 -0.3969890080113815 0.9117625905518888 -0.03767001357230273
1758727115.827452 27.20314846942771 -100.41777986282735 245.1078789313946 -0.14280181819027032 -0.3978860655234929 0.9056143465940736 -0.03401433266693106
1758727116.427464 27.4306878790856 -100.13217284017024 244.61483814064837 -0.18337528202860076 -0.3960394195254828 0.8992383841051833 -0.029943491358700124
1758727117.227473 27.792842754543113 -99.7537706827301 243.94782521373426 -0.22815057977766157 -0.394550716838809 0.8897770776791675 -0.02395405656292078
1758727117.827412 28.0794600418744 -99.46449161098093 243.45065512528623 -0.24748983113286716 -0.39548541112783947 0.8841854556872109 -0.023582896812472456
1758727118.360723 28.400769705353518 -99.2150693663831 243.02991828039012 -0.29692444318371164 -0.39327441828744425 0.8699322694946384 -0.01972190286516442
1758727118.827615 28.738992876191382 -98.98758371654175 242.68528939937406 -0.3350903697759163 -0.39182605927208725 0.8565911505056958 -0.020937627231250464
1758727119.294089 29.098850681916687 -98.79725834974424 242.3809185082979 -0.3809926149201166 -0.38418688738576273 0.8408734660197091 -0.013299514320904123
1758727119.760724 29.53188132782583 -98.60991104786036 242.1357632737936 -0.4375839033249491 -0.3759435965302677 0.8167206986912803 -0.012411289538798395
1758727120.360688 30.105671426544728 -98.3861875050383 241.81606971892825 -0.4817055961870796 -0.36601718515830817 0.7961999016006132 -0.007540256097300248
1758727120.694036 30.43726718641019 -98.27430753026302 241.6554886684193 -0.4975239175058856 -0.35867088701093536 0.7898198232826238 -0.003129388149543959
1758727121.494605 31.143051815139536 -97.98594484687224 241.2258032320644 -0.457284981730925 -0.3686983360538283 0.8092719360965573 -0.005560208720504857
1758727122.293984 31.86409666756247 -97.6908344974183 240.75450283783584 -0.4573511811249263 -0.36127946659099025 0.8125900153425925 -0.002123937120027206
1758727122.760669 32.32211807308349 -97.51684898197797 240.48337087109715 -0.4664061731033558 -0.35781993371960563 0.8089663062173378 0.0019214913624411591
1758727123.360656 32.90402521894836 -97.29709627113937 240.1469131993987 -0.47501368941303057 -0.3565638484270694 0.8045014415793245 0.0012834959633017142
1758727123.827242 33.366644612806525 -97.14387145712686 239.88232684792456 -0.48080753379232594 -0.34971898138928526 0.8040606824903809 0.0026773826183159213
1758727124.493923 34.008361701282695 -96.9468205532003 239.54790928048843 -0.4905777792687 -0.3387796504916562 0.8028436498951633 0.0019658900157932062
1758727125.094388 34.61059166483333 -96.75786617537878 239.2293997068625 -0.5003514909838851 -0.3374548168569166 0.7973444742218815 0.0037975621258471847
1758727125.560589 35.07819312166402 -96.6166134085831 238.99263780670617 -0.5066659866542469 -0.3354064106969652 0.7942004517637457 0.006144920611334368
1758727126.16054 35.688219799741475 -96.45129356742393 238.697587969775 -0.514369068414255 -0.32900547013682135 0.79187866484165 0.01039433727114071
1758727126.627194 36.17088579400718 -96.31305422478952 238.46509711970918 -0.5199891439226991 -0.3300122986773806 0.7877680826570091 0.011163371852156679
1758727127.160554 36.729922023523585 -96.16763904192814 238.21083279103829 -0.525040089558819 -0.32674477200742613 0.7857042839096751 0.015476968949611319
1758727127.693898 37.284381406728926 -96.02211808459255 237.95735062410895 -0.5305096507723545 -0.3295617031730068 0.7807788568648855 0.01824749056347731
1758727128.293837 37.89444083522886 -95.87402156423252 237.69096893236284 -0.5353820723081902 -0.3282997785462377 0.7778920245171306 0.021663108043835432
1758727128.693848 38.319646881568 -95.78149247512735 237.50433488703786 -0.5379808119858783 -0.32517371613955004 0.7773704179553721 0.02310700229152361
1758727129.493842 39.160813220776376 -95.57344409492599 237.15408457027212 -0.5455129224553382 -0.32937797756172116 0.7702667577695927 0.024797604858251207
1758727130.160424 39.872495786669504 -95.41333949216757 236.87660306585605 -0.5499135174828473 -0.3261647716934893 0.7684067733777822 0.027616944489240024
1758727130.893763 40.68177003556163 -95.21211284734787 236.56679364582905 -0.5559962893685715 -0.3352485540325471 0.7600887885042001 0.027231724471345843
1758727131.627103 41.426513616246304 -95.04596442850462 236.27113625360937 -0.5505882787761402 -0.3329800179944435 0.7648261355040639 0.03190356313433615
1758727132.293707 42.05304113834276 -94.86942582520516 235.98944648490354 -0.5302255223924028 -0.3403351182897561 0.7759596851839019 0.030322757653303167
1758727132.893712 42.6038106845089 -94.680959534597 235.6913925970786 -0.5016502519663134 -0.35253466621506074 0.7896042718546539 0.024319286331055893
1758727133.427049 43.05692490980856 -94.49413830460594 235.38954785927135 -0.46561576875652416 -0.36376203621896 0.8065354564019621 0.01948575011606434
1758727134.160327 43.58551885941138 -94.21196688854171 234.90653995715502 -0.4008721239347502 -0.3716469269458818 0.8371782513605656 0.017682686237970858
1758727134.827 44.06741037056386 -93.91799642886255 234.44560784788618 -0.375939578963672 -0.386659801334907 0.8420255734419654 0.012512580469134504
1758727135.427007 44.514205994423634 -93.64426094161759 234.00417253365842 -0.3649631341163877 -0.3896215451855461 0.8454788096770463 0.01274929999082853
1758727136.093661 45.00354060959262 -93.32011461938484 233.50774112593683 -0.3527382882493318 -0.394981258390754 0.8482330850157911 0.008132589229851387
1758727136.693612 45.406631736197404 -93.05508406353762 233.05984675578722 -0.3423472496639742 -0.3917603623390775 0.8539696567003014 0.007616073964749925
1758727137.427728 45.956347668549014 -92.70047402475689 232.4657977288683 -0.3337182052798277 -0.38852765063776296 0.8588819795573618 -0.0004115171182739496
1758727137.760285 46.19615951641676 -92.51987365434253 232.18804704999226 -0.32960383736486915 -0.3904638836858706 0.8595922600206835 -0.0006422179020066241
1758727138.426873 46.63887701053231 -92.2280139753959 231.64141635711607 -0.322763156226053 -0.380631693187902 0.8665204146294152 0.009264456507192575
1758727139.026894 46.976616602106176 -91.95704177928408 231.17906906942864 -0.30178678738632586 -0.3872048945012401 0.8710673058258895 0.015454881253192578
1758727139.960241 47.37413927908385 -91.58956135549757 230.471600178989 -0.2414833454928126 -0.38321866332736937 0.8914486668954699 0.012187051221397486
1758727140.427625 47.54427062249487 -91.36061172954996 230.08262235664932 -0.2090807055293581 -0.3891958153045048 0.8970907778146813 0.006325526433235887
1758727141.360169 47.738723299979824 -90.97483809427646 229.36297139132273 -0.14344401333335555 -0.3915737372070495 0.9088847679659989 0.004722491706371486
1758727141.893511 47.81058719277077 -90.73801618339432 228.9215169036055 -0.1122807782159263 -0.39698892354705273 0.9109110214478388 0.0058251548506119515
1758727142.8268 47.90162459546428 -90.3386711694645 228.1878975844706 -0.0714898409162303 -0.39756625985440763 0.9147840164042209 -0.0006892042600204381
1758727143.893491 47.92011256346365 -89.92827805056255 227.3785605356413 -0.027377217399114907 -0.3925316575445864 0.9192996387249257 -0.007586832870324163
1758727144.49346 47.92986863998269 -89.67907981646708 226.8983937772316 -0.015150180488242286 -0.3957396011304741 0.9181793011150811 -0.01036393419933943
1758727145.560097 47.90784528222114 -89.21027158973706 226.0510285302476 0.003038723796127836 -0.4013130159536805 0.9158274058368711 -0.014099365303399744
1758727146.226738 47.854389968011304 -88.85866549352995 225.39840862995428 0.0166424231981274 -0.3981283720026273 0.917015560913142 -0.017300005774210776
1758727146.826741 47.79218496120303 -88.51788023246924 224.77105835602006 0.02752376980046367 -0.40100286481327474 0.9154815918208922 -0.018237311879853613
1758727147.560032 47.6973770211666 -88.11973728054036 224.01999249319414 0.0405996125974558 -0.40010903507347245 0.9153539732136059 -0.01978724921702463
1758727147.893355 47.64733074260125 -87.91879606080867 223.65230701972303 0.0464741592645942 -0.3994600793717915 0.9153522810017717 -0.020049917051813117
1758727148.626684 47.51733345887318 -87.51331528643017 222.9050322729137 0.05760293189900649 -0.40174180643849017 0.9137416052920374 -0.019018463515953328
1758727149.359968 47.36879434105873 -87.09976189479892 222.14762445164803 0.06809174441932074 -0.39907776933920475 0.91419492425333 -0.01865713886496348
1758727149.559991 47.326095229804054 -86.9836072746935 221.93590728653 0.07014519120757869 -0.39785962871053265 0.9145700744633702 -0.018680120150437747
1758727150.293312 47.172626466155 -86.57599942278739 221.19733430316202 0.0710665592866962 -0.40080376759800096 0.9132580514684598 -0.01629771328837563
1758727150.559978 47.13351019311393 -86.41483696994848 220.90757579044663 0.056022476958732886 -0.40343950192568984 0.9131916829289309 -0.013379110238963795
1758727151.159914 47.08479735122715 -86.06959383685505 220.2805127194789 0.020640373807161952 -0.403232430140653 0.9148229386883507 -0.00875060578326923
1758727151.826611 47.08036902914852 -85.69310486862794 219.60701337716333 -0.0067807748914631046 -0.40480476974033636 0.9143664398423181 -0.004597083578666777
1758727152.359925 47.07373713291982 -85.37650013140792 219.05073127536613 -0.007255788951140598 -0.40450725286250294 0.9144811704147005 -0.006739797125085829
1758727152.826593 47.07294988772446 -85.10968313735324 218.56657292137925 -0.008835146015279629 -0.4031581069715696 0.9150512846968105 -0.008162557975645609
1758727153.693199 47.08700364675762 -84.63838567657926 217.6935922086356 -0.01632885108743216 -0.3984436472423848 0.9169934575261324 -0.00995125362050733
1758727154.226536 47.08763741729737 -84.33335286551001 217.14381447972204 -0.016469398654140266 -0.4026512380659284 0.9151516195958798 -0.009912242076557337
1758727155.026485 47.05822506549754 -83.90043484014517 216.3506741101375 0.0024358945221435962 -0.40590358080212247 0.9138100735884959 -0.01369302443141953
1758727155.493166 47.040728382488915 -83.61594605128357 215.85804963431931 0.0035429805826265124 -0.4107020070914938 0.9116447413928188 -0.014668815576934302
1758727156.093155 47.02365507803 -83.26863011702741 215.2409060247812 0.0055844915663978935 -0.4073326059108547 0.9130665739166507 -0.018931276024784637
1758727156.559817 47.00269300375984 -83.00695932422876 214.76375955119218 0.006858628507589035 -0.4080236711427621 0.9127152913967848 -0.020504630029836577
1758727157.093089 46.979894986406634 -82.69180423177885 214.21489222055058 0.006469688756363988 -0.40929775841839783 0.9120849903980207 -0.02311835573117082
1758727157.826716 46.94197407182155 -82.2721739332565 213.4665153750072 0.013073140945982236 -0.4106242126052524 0.911401518209422 -0.023751244465996104
1758727158.093099 46.918838149337944 -82.11081169048656 213.18732234885033 0.014621600656296349 -0.4092490453708171 0.9120476949116515 -0.02168939518902678
1758727158.626444 46.893573565649596 -81.79729086007248 212.62353962087522 0.01634891474802625 -0.40817228564734226 0.9124404397400488 -0.024094442159397808
1758727159.09305 46.85434108980591 -81.51613123607669 212.1432055552658 0.018008011320052975 -0.41123772353756144 0.911026486599701 -0.02428964762498287
1758727160.093048 46.77578574077595 -80.91342086652591 211.1248535683048 0.022127230850857094 -0.41859855406332785 0.9074213968402194 -0.029530403781678413
1758727160.426412 46.746246126551114 -80.71254060162157 210.78099577335615 0.02217472612850903 -0.4171210629219865 0.9080977012690193 -0.02961191209430229
1758727161.026401 46.685594666695565 -80.3364949869316 210.154109810386 0.02307590094219634 -0.4194050642852036 0.906979174846957 -0.030913932806472706
1758727161.626334 46.64106063345697 -79.98752755631914 209.5497064291648 0.024679481414275558 -0.4177430141281074 0.9075956553538508 -0.033938528652556935
1758727162.093021 46.59168314887532 -79.71377831966284 209.0634107688092 0.024139127625900127 -0.41525588700381283 0.9086861830212936 -0.035626838371225336
1758727162.826336 46.52718600509521 -79.2833698795291 208.31466055543933 0.024411282400008904 -0.41495822103482266 0.9088648768950104 -0.034327825940772744
1758727163.492995 46.475711981972495 -78.91380938025007 207.67527777964534 0.023544775399059557 -0.4168493761340118 0.908014777291274 -0.0345167407031868
1758727164.026296 46.41486257607569 -78.58114299405644 207.1115564507002 0.02329504667580834 -0.4190978616277407 0.9070228642474274 -0.03352382603194262
1758727164.626298 46.355402954246586 -78.21362461310255 206.48939223194893 0.02425193781650999 -0.4161820679555149 0.908400642767013 -0.03182140859378609
1758727165.359563 46.28916933214456 -77.75243927952471 205.7326202099385 0.02497802626461133 -0.4240550876457109 0.9046854044641169 -0.03313155286595992
1758727165.692913 46.270057669875634 -77.55654644529605 205.3970834738526 0.02425767998021183 -0.4230449126256691 0.9051544509199922 -0.033763691196979494
1758727166.426237 46.20943708510226 -77.1282536347267 204.66195484085446 0.02403907957266202 -0.41524292647509903 0.9086256919263752 -0.03734684239678974
1758727167.15977 46.140788301795936 -76.68309231118201 203.8726630568222 0.02460987178747611 -0.414552367375361 0.9089332848966111 -0.03716143863124583
1758727167.826196 46.07506938102339 -76.31893222413339 203.23075888828788 0.024407423005451668 -0.4117608178887966 0.9102100844330542 -0.037079762002399076
1758727168.559508 46.006422176615956 -75.89469729731033 202.49106077041515 0.02446393990866146 -0.41091771920377684 0.9104912592637029 -0.03941840297257055
1758727169.226166 45.949882822287144 -75.50497860860985 201.79848787361465 0.024031618865396568 -0.4119241281413519 0.9100343085672736 -0.039730985139808994
1758727169.692776 45.91779797004732 -75.23853404024275 201.3391120979545 0.023609458825820464 -0.41235246251225677 0.9097875731393062 -0.041165663790607654
1758727170.359456 45.87177421432844 -74.85872408147696 200.66962422666387 0.022609900302394733 -0.4119021483847238 0.909970789265004 -0.04217315791816534
1758727171.026125 45.817198639316494 -74.48811363363876 200.01959082818163 0.023267436589826 -0.40946623063654236 0.9109818730610778 -0.04368133831478296
1758727171.626078 45.76467911106305 -74.13189502413347 199.39407307273999 0.02282985443698203 -0.410181086529601 0.9107204065585937 -0.04264522338471384
1758727172.292813 45.71417880031162 -73.761902577666 198.69983790354857 0.022692173674870572 -0.407911117364373 0.9116950460947194 -0.043654650506055374
1758727172.892738 45.66091484381063 -73.43886818828942 198.12183300784451 0.022075049865198208 -0.40892136156687997 0.9113745634538786 -0.041138999951265263
1758727175.426028 45.602778858241486 -73.10430401232655 197.50480798337693 0.02283598080539112 -0.4069933242601232 0.9122644544846412 -0.040106322097522844
1758727176.025985 45.538382421006894 -72.71057885506004 196.7934365298201 0.022217689303800137 -0.40704989407283054 0.9122508090530684 -0.04018979222786812
1758727176.692658 45.48158372386201 -72.31053264007943 196.0630528091862 0.022274118414651954 -0.40588243136628227 0.9127803816124669 -0.039941087872572056
1758727177.293058 45.439454618289766 -71.95647206732743 195.41451866753005 0.02270994150207724 -0.40345418800890787 0.9138341107745133 -0.04020192433204815
1758727177.825939 45.39114975064213 -71.63610075589376 194.82175800169617 0.02221649674367076 -0.4025380527477806 0.9142861094759742 -0.03937579690305349
1758727178.425936 45.335287943053 -71.24403262567324 194.08389887550283 0.021386729411701555 -0.39992835852879366 0.9153967439107953 -0.04060439738561804
1758727179.025937 45.269514229050586 -70.80282922465956 193.25699101320902 0.02220008720555243 -0.39767065859553985 0.9163349916475337 -0.041175071372976844
1758727179.359258 45.23430930313877 -70.54876310209148 192.7547806987067 0.02153610834925251 -0.3923272278021919 0.9186237160433262 -0.041785292687340714
1758727179.692583 45.185722827152055 -70.2375929483435 192.16191759352853 0.022510757933403232 -0.3910975204011356 0.9190800297594475 -0.04275387948151494
1758727180.025866 45.133690661931205 -69.86257883898055 191.46688302314757 0.02233591261620351 -0.39481620620705465 0.9175055710014501 -0.04248290838882064
1758727180.493058 45.05001782050749 -69.34385528387992 190.4844109864248 0.021377766588169134 -0.3972820655087952 0.9165193474236528 -0.04125817881207007
1758727180.892553 44.96624530524854 -68.91137104380846 189.64461941924569 0.022817893537330294 -0.39616290748043004 0.9169358845616922 -0.04198664161657088
1758727181.225879 44.90193315584372 -68.5312841834485 188.92226279068893 0.022497792618935895 -0.39378570528901835 0.9179845519619951 -0.04160564861218624
1758727181.559208 44.83533303386219 -68.16954171278903 188.2145125871976 0.02217857106466645 -0.39287316043934606 0.9185080452401887 -0.03875256921775697
1758727182.025839 44.79048424329009 -67.65631706593821 187.25638279617533 0.0042924392893990025 -0.393725790492745 0.918433863377806 -0.03795807511883999
1758727182.359157 44.80056103694977 -67.31791317754454 186.58749865897352 -0.014682917200172663 -0.3926210775218582 0.9187784963583187 -0.03846005795126706
1758727182.825814 44.816027685385805 -66.85643381697504 185.71498922936823 -0.01660375515746419 -0.39413449937599104 0.9179845035462867 -0.041070219931059776
1758727183.159152 44.8252094305742 -66.50490350319811 185.02903757867062 -0.00872048514181661 -0.3939097189451021 0.9179097428049909 -0.046912583846529375
1758727183.492845 44.74763715085521 -66.13295811500382 184.30263833389606 0.04512515240071047 -0.3903236642636403 0.9180096283092279 -0.053567528113313306
1758727183.959152 44.56981151006447 -65.65557538539677 183.3522754058051 0.059976688163222096 -0.39065630788203604 0.9171762829011229 -0.05077511272884339
1758727184.359123 44.42406869808575 -65.25308596614879 182.55536877276168 0.06127866032662654 -0.39021672337616664 0.917372003096866 -0.049035115174596584
1758727184.559108 44.3495927694447 -64.98015724575353 182.02787335102457 0.05771774491553358 -0.3948364557426375 0.9158046940515323 -0.045547749578184756
1758727184.892432 44.28068303557931 -64.62252150297775 181.3354704359595 0.016535046239928766 -0.3952720474009426 0.9175272513135242 -0.0403775170900774
1758727185.29244 44.27142996154933 -64.19678855805701 180.51546991196653 0.001869386820792492 -0.39492037227211646 0.9178439127557474 -0.03996194157679422
1758727185.49268 44.255683002955045 -63.95079017302183 180.04639458053788 -0.001027660678012616 -0.3942686173820797 0.91821892660345 -0.03775187529596638
1758727185.825771 44.21846410467617 -63.58186036241464 179.32485355474523 0.012683552623269805 -0.39460784155154505 0.9178983365073243 -0.03982992236962343
1758727186.159055 44.177416327550276 -63.23496823870372 178.65356618361162 0.011851338617970402 -0.3904030025518828 0.9196578477437627 -0.04092046498693565
1758727186.692623 44.13423472658743 -62.709640812629836 177.64505254495978 0.011517475823340137 -0.3903138496830906 0.9195594562168826 -0.0439642238454813
1758727187.025713 44.10472035414806 -62.34780306087158 176.94311281190025 0.010066844702703012 -0.3912489356202629 0.9190721763548272 -0.04614394504314178
1758727187.4924 44.060845489289306 -61.8838884944051 176.00798353357894 0.007963127232945457 -0.38789433707775284 0.9204267485325561 -0.047845297088315954
1758727187.825736 44.0062465550866 -61.54448516969641 175.32412951884749 0.006982426802400906 -0.38975064338966964 0.9197130419937701 -0.04662190557939004
1758727188.092565 43.9943582639492 -61.23270999683406 174.71272776616897 0.00594124367641677 -0.3903147453504466 0.9193948597632007 -0.04829278441546051
1758727188.492599 43.97791604194562 -60.81731992239293 173.93087953881079 0.004467239196153994 -0.40007725881163186 0.915240716981256 -0.04746220322921634
1758727188.825795 43.96124143425497 -60.55986838990893 173.40356118191136 0.0026220291763084888 -0.3955693037639713 0.9170885106623345 -0.04966602957582492
1758727189.225766 43.9471014994999 -60.33205355160226 172.94369072844356 0.0024058207626631877 -0.38894826471723043 0.9199483247404089 -0.049076870389507504
1758727189.559063 43.926899522101614 -60.144482396463296 172.5749233489822 0.0034748826663076613 -0.3910520816027437 0.9190749758263937 -0.048655765067772645
1758727190.35894 43.91215829092156 -59.72817570289283 171.7547955270984 0.0002113839275674866 -0.3902848988870387 0.9194010354554223 -0.04877898134511047
1758727190.558957 43.90179838325764 -59.610266614173455 171.53022185938502 -0.002392618095480951 -0.38824061544348665 0.920378101257814 -0.04655803500764286
1758727191.292269 43.892880660563904 -59.23660351270695 170.76882044143574 -0.0032244346784871527 -0.38777183244708563 0.9205591272395921 -0.04683483999667289
1758727191.892549 43.88522555144785 -58.91947328001086 170.14962717754142 -0.004081509034159571 -0.3853962977900296 0.9214476252377127 -0.04886009493976136
1758727192.35894 43.883114405859885 -58.6855961722922 169.6748499649367 -0.005495427402822127 -0.3835943418274487 0.9222259345295882 -0.04821314008291086
1758727192.892246 43.87628828985411 -58.389594467072314 169.0876768427762 -0.004728106948279116 -0.3859893733365216 0.9210606826575706 -0.0513523859069365
1758727193.358905 43.869617357952094 -58.133286202886275 168.5769604802952 -0.004843788442560904 -0.38210086085249445 0.9227988253988637 -0.04917110626967784
1758727193.825612 43.86346250247227 -57.89143892405 168.07375676259943 -0.006063645213478406 -0.3839004317842763 0.9219084453795318 -0.05165761338337228
1758727194.425575 43.84836380868031 -57.569950589660884 167.4307462137772 -0.003774093765448242 -0.38439965946820764 0.9218484926892653 -0.049173311292865444
1758727195.02552 43.83141985003118 -57.25247767684837 166.79167483892033 0.006801297246632475 -0.38150125123708806 0.9229537570135108 -0.05066458403011433
1758727195.492164 43.816936996014476 -57.00628332382775 166.29775426016352 0.00398348709196988 -0.3788966412135006 0.9240969246917244 -0.04966226820246379
1758727196.292175 43.7866229381598 -56.59380789548136 165.44625440165422 0.005053289768874164 -0.38134616597008814 0.9230118264643383 -0.05097778113445085
1758727196.758841 43.76564767358773 -56.35083753867944 164.94392048379015 0.004186238824723207 -0.38321160507116525 0.9222429564775968 -0.0509830400304375
1758727197.558799 43.74478303153253 -55.92417094315498 164.09455388064112 0.005136570230446893 -0.3812335285274443 0.9230101350385154 -0.05183534497776021
1758727198.025457 43.72122396292138 -55.68428774929596 163.60896211873683 0.003698116317180546 -0.37981391267941983 0.9236590681432333 -0.050809856402362026
1758727198.825411 43.69118068865708 -55.30602725639555 162.81721988502946 0.0036371244555436274 -0.37688150008036203 0.9248439425713604 -0.05109587176997077
1758727199.558749 43.66989969210496 -54.94239793153566 162.0757322953611 0.0031120710149728304 -0.37954864986965303 0.923700677804815 -0.05205953533260157
1758727200.0254 43.646042535413024 -54.70553827768025 161.60294741608615 0.003897791763614747 -0.38205356637207716 0.92268049204307 -0.0517744072385429
1758727200.625375 43.63070776689466 -54.39752841233883 160.98569518935588 0.0024211521042772103 -0.3801556403638461 0.9235611044662229 -0.050107019859221974
1758727201.225371 43.60641808319443 -54.08687759364113 160.38032810033977 0.002137867360931401 -0.38419974313186783 0.9219611279089965 -0.0487202783789731
1758727201.692021 43.592040293880935 -53.84744888299376 159.8959217615492 0.0028320965133854835 -0.381993198140021 0.9228129584975632 -0.0498940821448043
1758727202.22535 43.5752669694559 -53.579246560901176 159.3486696162521 0.002235664900514356 -0.37905605176804597 0.924119913974454 -0.048102973050746345
1758727202.891981 43.54850339617776 -53.22231940403805 158.60937782778961 0.003419955756330978 -0.37654570904582657 0.9250221861180458 -0.050354623334821984
1758727203.35864 43.527637104098986 -52.86931026681114 157.9100950460664 0.0027443282603281743 -0.38090054115772737 0.9234455106594878 -0.04642881918580197
1758727204.025416 43.485824788230055 -52.34449777665357 156.8253885058658 0.002038109010862444 -0.3773525029052693 0.9250729933040944 -0.04290561411041046
1758727204.225314 43.48020350985944 -52.175185408641646 156.47184295644777 -0.0009631021465133255 -0.3792537127079037 0.9242940482476513 -0.042967501736716505
1758727204.691986 43.46266362700889 -51.790727287075036 155.66889187656733 -0.0013965609264376148 -0.3771387624030125 0.9252146316401489 -0.04174073441719005
1758727205.091941 43.45075163732532 -51.49712298403632 155.05319002328795 -0.00380496136794269 -0.37893102056285405 0.9244391178019998 -0.042533767780937065
1758727205.425278 43.445184878979525 -51.232877868793935 154.50151998696356 -0.004488808659857179 -0.3744709062286919 0.9263226347132002 -0.04096055911572193
1758727205.691912 43.43128417788811 -50.98592395953903 154.02735549425628 -0.0033092546409713873 -0.38093893265025636 0.923481727135477 -0.04534399708760943
1758727205.891926 43.424141003552556 -50.79476496140273 153.6269205217811 -0.0036083949588279307 -0.38082649726038154 0.9235637390465243 -0.04458899403006418
1758727206.15858 43.404775284913704 -50.54774089337943 153.10237783216593 -0.003943883913532286 -0.3792467957409311 0.9241523480981823 -0.04581212944766022
1758727206.491932 43.401228839882855 -50.243508835700744 152.46106190161382 -0.004096502200511323 -0.3789787370622801 0.9243336975724157 -0.04433453570870421
1758727206.825241 43.380951345147956 -49.9293516884704 151.8291627313024 -0.00523554040413331 -0.3804983634174341 0.9236608481423152 -0.04521307512600648
1758727207.091876 43.37616757958612 -49.68757357561335 151.3306649075951 -0.007444129152323149 -0.3805121154897645 0.9233663481866498 -0.050494573402676435
1758727207.425238 43.378795253490864 -49.392084193653034 150.70070129546863 -0.0077227607164154855 -0.3803478859034833 0.9236062367289596 -0.04719495874600249
1758727207.891864 43.37733292426736 -48.97656084462242 149.83488417768513 -0.008830324926153084 -0.38169083775052304 0.9231138417001774 -0.045770787632967644
1758727208.091859 43.38371820082551 -48.782059856342514 149.4277194099639 -0.010127129204816076 -0.37645323204091463 0.9251720124755853 -0.04729854830640872
1758727208.49186 43.38502862093159 -48.43375902529126 148.7317100152777 -0.011390471733655906 -0.38340741223040803 0.9220870216323613 -0.05123024436431887
1758727208.825206 43.4042656342699 -48.14306235978425 148.1077812487154 -0.011956541008393417 -0.3775084667126063 0.9243011335557042 -0.05487998902197389
1758727209.158483 43.41217750250609 -47.83816521539638 147.49002898907753 -0.0128932104175973 -0.38082648298492755 0.9230126252510283 -0.05341019200174282
1758727209.425163 43.424299983276136 -47.58630436478816 146.9734560581905 -0.015075121470132095 -0.3804369433532789 0.9230788617884017 -0.05445996478243104
1758727209.825176 43.42911386867134 -47.25002969708394 146.26878384242286 -0.016426841620923168 -0.3790420948181771 0.9238672268287736 -0.05026526058741234
1758727210.091832 43.43225321278746 -46.981187116408194 145.72494137760933 -0.01594009847479218 -0.38136925733130644 0.9228139259035572 -0.05213310830600573
1758727210.358497 43.43552905389065 -46.751456061085406 145.21770821819553 -0.017208296407664646 -0.37515247900335885 0.9256448125783014 -0.04632680627090112
1758727210.625155 43.44572118791335 -46.49344480302963 144.68945270262617 -0.01519103414223498 -0.3785637947657612 0.9246641740701323 -0.0381425086410972
1758727210.825162 43.447319886633395 -46.281412773570125 144.24535987434672 -0.011997881185728098 -0.38075589577471164 0.9237089276080251 -0.040531663389037756
1758727211.158466 43.44614545198732 -45.96253569779283 143.55412104507369 -0.007259481346042625 -0.37562684960631054 0.9257621458474241 -0.042617122162308965
1758727211.35848 43.436881247611346 -45.74313803785867 143.11057434048152 -0.009766598093404051 -0.37632599546948386 0.9250974213847696 -0.04978071557173519
1758727211.6251 43.42137267184109 -45.45361440323553 142.50579407203784 -0.008422738069028915 -0.3786819812041247 0.9246669125671877 -0.038988657301891286
1758727211.958697 43.41451297265015 -45.126528234162265 141.78969791240092 -0.008095445696147684 -0.3743922086781641 0.926182336950455 -0.044172577025350504
1758727212.158444 43.4194691316699 -44.91323544417741 141.349332307632 -0.002641860821617782 -0.37337025438758714 0.9264313439341019 -0.04808990212509985
1758727212.425107 43.40952863339486 -44.6300887714493 140.7553807107019 -0.002415095412437209 -0.373225318403913 0.9267093074933055 -0.04366793356371261
1758727212.625108 43.40457884119135 -44.412750868605485 140.30478572460163 -0.0040111930316936465 -0.37698610582335185 0.9248885393604651 -0.04946287604125186
1758727212.958634 43.40022274699665 -44.09585345688516 139.60511488355132 -0.003875993686077302 -0.3740049554472811 0.9260053066221426 -0.05118048535774549
1758727213.22506 43.389829785923936 -43.837161217900764 139.03433344016437 -0.004454487480875083 -0.37114342246079063 0.9273161539397816 -0.04814008877957266
1758727213.558407 43.393832095656 -43.5158429851383 138.3555126465478 -0.005170232850316278 -0.3718055618073339 0.9270003022550006 -0.04903399352024877
1758727213.7584 43.38360084425308 -43.296872363241114 137.8979858459766 -0.005332250762359122 -0.37434644261612454 0.9259794996003727 -0.048972179064270226
1758727213.958459 43.38356633579382 -43.08843725692207 137.4645757248524 -0.0064675950241397575 -0.37627260674819074 0.9253696503610388 -0.045476431436667665
1758727214.1584 43.37155394820841 -42.88149264222499 137.04141658202832 -0.007677528528423688 -0.3796962195110968 0.9242008908701026 -0.04030570380956984
1758727214.42506 43.36276744153551 -42.6187408421798 136.49997308313746 -0.007767133507202806 -0.3774234255928545 0.9250539568458304 -0.0420286375547531
1758727214.558404 43.36452244758443 -42.48861208271459 136.22194751767677 -0.007639030476540277 -0.380074349568014 0.9240436704703772 -0.04035379879841075
1758727214.825053 43.36136524927666 -42.26415470661124 135.77090742656802 -0.009306776514199257 -0.3813898123451916 0.9237474707007504 -0.03384974629418442
1758727215.225019 43.34977963228693 -42.00228376281936 135.19779654234975 -0.008739516147897582 -0.3811165884200156 0.9237120964681511 -0.03781176704416446
1758727215.758872 43.35527040489101 -41.76382061556307 134.63742349470812 -0.007589922037240985 -0.36469005340383565 0.9301803998558478 -0.041327735914168794
1758727216.358329 43.35359514473267 -41.45487567919988 134.0119932998049 -0.010607174086289368 -0.3726822285375197 0.9268504748114094 -0.04408675234212855
1758727216.958346 43.357297910322664 -41.17675676737754 133.3830740119289 -0.011850152759207176 -0.3661737348181622 0.9294721085562785 -0.043104167140168084
1758727217.758302 43.36007777613293 -40.78893206859693 132.5349834922825 -0.00968107357392962 -0.36920932914541893 0.928129130551957 -0.0465517465549262
1758727218.226407 43.359381794703914 -40.55830801531766 132.0334258906097 -0.010765779246356725 -0.36896876497044356 0.9281474891294313 -0.04783708703648767
1758727218.758283 43.35727622110776 -40.29991792372847 131.45489112806825 -0.009845971039669322 -0.3681454973020959 0.9284312326148073 -0.04886098623470558
1758727219.358267 43.35984043143226 -40.00064286782502 130.7925189490895 -0.011140035121704224 -0.36747647994557187 0.9286244460589048 -0.049935703520536744
1758727219.958247 43.36625381242955 -39.70259787621498 130.12877687949347 -0.011162237233105263 -0.3666442622456295 0.9289501879550174 -0.04998937607779963
1758727220.624908 43.366862985989236 -39.368336921832274 129.40478616700602 -0.011941712908247713 -0.3705375078896348 0.9273565122118559 -0.050687769708459736
1758727221.35819 43.36828857859019 -38.99578292554684 128.5851130327944 -0.012249625784552739 -0.3698276133262569 0.9277925271415824 -0.04773373722828685
1758727222.091529 43.37203426348739 -38.63605893404799 127.81359045313363 -0.013755913518280769 -0.36978434694949747 0.9277901443383642 -0.04770492283830483
1758727222.824853 43.383350856534655 -38.27264404608812 127.01809369811545 -0.015058510780262175 -0.368262145141303 0.9284601732902465 -0.04602108563313087
1758727223.158425 43.38983439277054 -38.099970104717045 126.64156089114658 -0.015869321796103692 -0.3689248243802833 0.9280891810428631 -0.04788643453940412
1758727223.891476 43.40651209698566 -37.72899155810776 125.83408284394811 -0.016750697632788056 -0.3701326678598589 0.9277096119373502 -0.045564220950318195
1758727224.424814 43.41417351228499 -37.47969344335751 125.27965554562118 -0.018954669698596858 -0.3675534294559752 0.9286213621299385 -0.04698470801980229
1758727225.091459 43.416970870499256 -37.15227635757216 124.54863921826811 -0.019202160378048113 -0.36692661729831477 0.9289147868290286 -0.04597231085351347
1758727225.691478 43.43819120993269 -36.8465021115257 123.88536190981723 -0.019898911898994124 -0.3697428446099897 0.9277373210422768 -0.04687990305289155
1758727226.424754 43.45813538438875 -36.47364332455752 123.06988700263456 -0.020356779285440205 -0.3666640964718454 0.9290376954929924 -0.04507773562057939
1758727226.691458 43.4554540000309 -36.339229756255435 122.76422394993338 -0.01534448759143261 -0.36673685364915537 0.929113509402311 -0.0449078336395336
1758727227.358148 43.45398921980429 -36.008283577072525 122.02276352139027 -0.004841701903835283 -0.3653783383166634 0.9297327101467495 -0.04552269208656887
1758727228.024699 43.38390940555613 -35.67829770253258 121.28356857389291 0.026164635593833984 -0.3660039880160931 0.9291349434152574 -0.0454395150203415
1758727228.824692 43.2341308383993 -35.312394850220834 120.42066450390219 0.06830345563065288 -0.36131987533777365 0.9287050169919965 -0.04784952506245584
1758727229.158046 43.136869564690244 -35.15939920225654 120.05698849724432 0.08739573239903012 -0.3576767043560683 0.9286177068568778 -0.04580955829619333
1758727229.624649 43.003093607778496 -34.941965465732075 119.54359038256544 0.09581024168748742 -0.35920879315555776 0.9273251736077723 -0.04309829347929969
1758727230.091324 42.908129170226324 -34.72510999051633 119.0339222314245 0.07240249576627597 -0.3599504637055998 0.9293642741987846 -0.03841338474938312
1758727230.558001 42.86876296195361 -34.499707664870904 118.51762816160837 0.039786718961741206 -0.36172353974696286 0.93070147079512 -0.036984727212553255
1758727230.891327 42.84960534831098 -34.33436817130033 118.14996635441113 0.025034279463406438 -0.3617220997017622 0.9312511798399989 -0.03607835203701127
1758727231.49132 42.803183421196145 -34.05306284434737 117.50175578075384 0.015232822037424626 -0.3620055046222596 0.9315499731203504 -0.03057160995816081
1758727231.957999 42.777541902970846 -33.83183929287816 116.98515269924889 0.012676496742035564 -0.36136462902899513 0.9318505850768373 -0.030156233336443912
1758727232.157927 42.77081725596539 -33.72102383282286 116.75010787842285 0.004406596269081287 -0.3646817584178995 0.9306879080205193 -0.028422083859906674
1758727232.891264 42.857022596098545 -33.367443263966635 115.95321552755817 -0.0428647743684294 -0.3634638532791111 0.9302375097098763 -0.02673600580887188
1758727233.691246 42.934557900580515 -32.98161049059081 115.06855043026832 -0.05163655861662808 -0.36321798382359227 0.9298604237090441 -0.02767588229837091
1758727233.891254 42.95217924322804 -32.876250435024225 114.84228572149992 -0.053790731040470344 -0.36265124402507753 0.9299984793853636 -0.026333643920032637
1758727234.557889 43.038119468199966 -32.5425871260479 114.10440042088142 -0.05963452166561792 -0.3634723570626074 0.9292452376142244 -0.028893906768542806
1758727235.226533 43.12798833830678 -32.21254703672792 113.36185470827428 -0.06399270318684828 -0.36152791717397365 0.9296596409258566 -0.03058514469960401
1758727235.757832 43.202096325254615 -31.94970987723564 112.77640341619237 -0.06856190272949303 -0.3621347567986008 0.9290397390646615 -0.032293136286146065
1758727236.557917 43.312306332838084 -31.55346687409085 111.89168823002377 -0.06252887435869912 -0.36015870121628135 0.9301506184504954 -0.03457855991501557
1758727236.891214 43.348265374325386 -31.387707590083604 111.52086866227832 -0.057140234868328095 -0.3618892431926086 0.9297763110920652 -0.03587729857033068
1758727237.557844 43.43206180366661 -31.069720365578103 110.78438676633198 -0.05981778885166859 -0.3582265174351525 0.9310300597951889 -0.03575782573013242
1758727238.22445 43.51204485736901 -30.75114455778704 110.0583870983444 -0.06190205546298564 -0.35986669737553834 0.9302215884220084 -0.036768085116250335
1758727239.02444 43.61350108475411 -30.365217379156245 109.18042700399103 -0.06414327946891231 -0.360776434330753 0.92966064387459 -0.038171866095903235
1758727239.291111 43.65293889062844 -30.235147687576397 108.88275060675358 -0.06535170917152093 -0.3598738170067122 0.9298905187612349 -0.03903348638466679
1758727239.957735 43.73737339470989 -29.905945530205493 108.1359826406122 -0.05525781522089348 -0.3565399903050786 0.9317422996183443 -0.041013366994035315
1758727240.557736 43.779294805304964 -29.600701217642616 107.4597896406522 -0.04059363310943019 -0.3568323360853026 0.9324203824609537 -0.04018794901772844
1758727241.091103 43.78526582192966 -29.342322043331322 106.85629510563447 -0.0234569838143014 -0.3568314142953813 0.932976522181287 -0.040938010953197525
1758727241.624395 43.803200745954996 -29.09178228152353 106.26234701610467 -0.02155610553996477 -0.35506147270202504 0.9336946639238053 -0.04099950581203736
1758727242.357687 43.81364950966843 -28.75328565134502 105.44454717116797 -0.01793556217630164 -0.3547846237924886 0.9338358274882329 -0.04191459923713684
1758727242.957687 43.81380688024712 -28.47988545838522 104.78535786337434 -0.014665566835662397 -0.35378472838096725 0.934290438084881 -0.041504992675039425
1758727243.557669 43.81188243196019 -28.20397446364563 104.12762257928834 -0.012515057841079471 -0.35390011258272747 0.9342848483599074 -0.04135100683504723
1758727244.091001 43.80989792864227 -27.963248487889835 103.5518854743366 -0.010142523705512475 -0.3533698560653025 0.9345476282468772 -0.040590695675326215
1758727244.75767 43.81365895352791 -27.669484915009342 102.81618595595754 -0.00818353943808236 -0.35307886478640965 0.9346586468666236 -0.041006813590641664
1758727245.49095 43.798439494212374 -27.322290890214774 101.98009423119669 -0.005488882982054692 -0.354506505322046 0.9342503314499631 -0.03835789401927244
1758727246.157595 43.79845538469127 -26.996649839980854 101.21934136323371 -0.002445439257441865 -0.3558643593855075 0.9336228945512051 -0.04126582503488721
1758727246.824246 43.78161862598651 -26.67803489354545 100.46101682017384 5.963689553722426e-05 -0.354478338072241 0.9341583886674595 -0.041148622859077444
1758727247.557563 43.75545954752032 -26.324233445045298 99.62073967423085 0.0012783095654751216 -0.3540577994438622 0.9342860287943193 -0.041845632715553055
1758727248.357534 43.72850436116493 -25.948077442620185 98.72662221517945 0.004487671083662892 -0.3534875015026345 0.9345425032909905 -0.0407032754490181
1758727248.690877 43.71675089547962 -25.78608729007022 98.34480308021529 0.00568417248275905 -0.35282643066145186 0.9347806158723603 -0.040821565369015995
1758727249.357545 43.68284650374817 -25.476805606694 97.61079023205687 0.006799207289262718 -0.35341088688479466 0.9346217175786414 -0.039201541320345444
1758727249.957526 43.65299581580729 -25.18914885886307 96.9209647783577 0.008281658912321363 -0.35194314710574703 0.9352292537320007 -0.03759891347961368
1758727250.690867 43.612866250192376 -24.84385213946301 96.09043257403575 0.009457949387601222 -0.35313870403281417 0.9348725788567018 -0.034883580797069116
1758727250.957495 43.60443926907067 -24.714527270514456 95.78985556088574 0.010175299876423087 -0.3540010170142368 0.934508864307297 -0.03567808509991726
1758727251.157493 43.591458071208635 -24.623391164761518 95.57155653175153 0.010758784668748186 -0.3540519490233542 0.9345354284965955 -0.03427825593434109
1758727251.624136 43.56731822948515 -24.405372389702137 95.04407022038481 0.011423337997939518 -0.3516564305576372 0.9354654381298365 -0.03334180950397693
1758727252.357422 43.55027602568727 -24.052316363544445 94.21465239425196 0.00028272963405256095 -0.3538466652382452 0.9347631444229806 -0.0317855531993587
1758727253.024131 43.567631836929046 -23.73559204738906 93.48103728939563 -0.021665939853202594 -0.35757222428348895 0.9331009894431845 -0.03154734491816487
1758727253.757426 43.596030096029516 -23.404011230311102 92.71626458125903 -0.03085696725145486 -0.35706965282964964 0.933060419359689 -0.03077928563949272
1758727254.424052 43.6262592732586 -23.098757375070075 92.01272102642652 -0.03414492022594796 -0.3575271756131257 0.932722413198577 -0.03220781020013429
1758727255.090715 43.66885663358671 -22.767396623330555 91.25104209562177 -0.03814523569618376 -0.35537030384779894 0.9333798646823745 -0.0325409947960688
1758727255.757366 43.72318627599903 -22.43877425467432 90.51941194660925 -0.04194334445672027 -0.359675134795918 0.9315820398417345 -0.032085141571074303
1758727256.491139 43.80286067311936 -22.073303450911038 89.69787303647755 -0.04634893476502693 -0.35960300044789106 0.9313398928067484 -0.03381512060803303
1758727257.22403 43.86829524722441 -21.70737106306491 88.88168794062057 -0.051444266154380545 -0.3611219500254447 0.9305084454968298 -0.03314298641840967
1758727257.624007 43.90740719727449 -21.504202900299113 88.42223020367277 -0.05388994688854801 -0.36090184422752336 0.9304969015002273 -0.03195698289886159
1758727258.290674 43.98398996227752 -21.179137794571474 87.68136237472 -0.05736536520617374 -0.3605290409638639 0.9304087134359293 -0.032674936249939224
1758727259.02397 44.07307302503108 -20.809390803666645 86.8578407048361 -0.06211022662370669 -0.3636278751173773 0.9289581895615618 -0.03088317070635949
1758727259.690612 44.16220201616297 -20.47604791073939 86.10765084188627 -0.06364384884521039 -0.3610826345280308 0.9297651423408516 -0.033250137358520795
1758727260.357269 44.22635871093107 -20.113937042421142 85.34178332259009 -0.0525088332694132 -0.36940490517718666 0.9272594724780742 -0.031188285611784893
1758727261.024038 44.23005731277007 -19.779690732569083 84.59881430514451 -0.02510631655427012 -0.3639823299943957 0.9304704428503148 -0.03333603610009343
1758727261.757228 44.25753191470885 -19.398279728858643 83.75755040948684 -0.021833644062741738 -0.3638486998799249 0.9305552759745989 -0.034702938470222766
1758727262.423882 44.266045095934125 -19.057044827921967 83.00571348580544 -0.020364956034047657 -0.3694873587603799 0.9284337350427772 -0.032789631235007964
1758727262.890537 44.270387359065374 -18.818456445954713 82.47941225706364 -0.019418460740283437 -0.3652795405290842 0.930104916987784 -0.033145498163201836
1758727263.557177 44.27926915368121 -18.4941381882101 81.78098482071594 -0.017534482095343123 -0.37028425575191665 0.9281013216692275 -0.034785752769353015
1758727264.223845 44.28036523726507 -18.161690123856424 81.07037846078518 -0.01693984763614541 -0.36997436325730926 0.9283135396168838 -0.03264941436511844
1758727264.823801 44.31676344110608 -17.855342773967717 80.41574773515136 -0.03378221007285984 -0.3698816583428887 0.9279379809460807 -0.031263790906074285
1758727265.557115 44.34474899368023 -17.480283088538968 79.6079650123979 -0.035962550223514196 -0.37067491278720455 0.9275567347923925 -0.03074585749161068
1758727266.290447 44.39066418417945 -17.11134978076211 78.80657287467928 -0.03869714094574455 -0.37123346356744363 0.9272572701878136 -0.029701880314028248
1758727266.957088 44.431491889490786 -16.756021200878223 78.06374437659561 -0.039573318061895915 -0.3739564007901234 0.9261245448014308 -0.029730293002448917
1758727267.690414 44.477065249964966 -16.383349641409737 77.2750678139177 -0.042233534535080115 -0.3737029137048509 0.926158175969671 -0.028169024365619837
1758727268.157111 44.52227519550954 -16.124110971159478 76.74483096740715 -0.043917346526525534 -0.37582998657021943 0.9252448661503119 -0.027295155819107113
1758727268.823696 44.58008025019464 -15.778903308390873 76.01726108606589 -0.04631206745686965 -0.372508941303584 0.9264654923850691 -0.027458559256539703
1758727269.490396 44.63468072603761 -15.437222890648496 75.30877251109727 -0.047319250421510015 -0.37475143578204695 0.9254803340208909 -0.028432398059628078
1758727270.157027 44.683275256647406 -15.103188235058898 74.62509254936846 -0.037774971378415616 -0.38005608518085765 0.9237209817735996 -0.029495279038818555
1758727270.756979 44.66983442223237 -14.839610847729762 74.06547629788489 -0.0016375936039704486 -0.37564551996908746 0.9262619516869909 -0.030439422979891224
1758727271.490319 44.532499824430246 -14.50634940656515 73.36795010648449 0.07141098465275189 -0.3725257560345999 0.9247180929821318 -0.03196061440685196
1758727272.090314 44.291732196496866 -14.251942257189983 72.80306641120917 0.1476978954695427 -0.368282503545192 0.9173518134314385 -0.03192146065588262
1758727272.756977 43.95846947204261 -13.947411413693668 72.1452695278787 0.1834890888924454 -0.3714470663053855 0.9097568766006983 -0.026481251259801376
1758727273.290271 43.67968031486751 -13.69317481169148 71.6093688939415 0.19454890597411692 -0.3701846351046503 0.9080589265040827 -0.02330332836665805
1758727273.823615 43.38178090314876 -13.425144280393637 71.06034122525121 0.20564641357057686 -0.3735586811751328 0.9043355596988184 -0.01845697072869107
1758727274.423582 43.031085981302446 -13.131644467404415 70.4715315730124 0.21956113639478803 -0.3718959593928112 0.9018198490250666 -0.01439662032339246
1758727275.023587 42.76766009771174 -12.84892268246524 69.91561055022807 0.17115455827620601 -0.3808502248361308 0.9086368659699525 -0.006186212399191746
1758727275.623572 42.74243737491778 -12.663500937478311 69.52220148605929 0.03687487897806272 -0.3830560040777362 0.922965965436688 0.006493665057038829
1758727287.556573 42.811848932351836 -12.398128597520948 68.97696059450455 -0.041136074800940434 -0.3733862339517212 0.9266760346957961 0.012730685990847701
1758727288.623233 43.05995832494394 -12.038157262207651 68.28616957970368 -0.17309104929189298 -0.3741720491752024 0.9107741875774352 0.02291605362456933
1758727289.489838 43.40702920465121 -11.630903080768357 67.44435957101011 -0.1883546354896882 -0.3772530440941604 0.9065848192965318 0.017511065995845402
1758727290.156545 43.691434692321835 -11.31077918784652 66.7845335895183 -0.18598604092600948 -0.3766154624665758 0.9074302262203942 0.011847807955914901
1758727290.823208 43.928000853966296 -10.945150425964869 66.07972962445115 -0.15972477596189893 -0.38158746685127515 0.9103948015569293 0.00776571851584859
1758727291.356472 44.0587786339041 -10.668654533373099 65.50516172941296 -0.12591731138839413 -0.38042910650053247 0.9161944091406432 0.0025160046407476013
1758727292.023142 44.26665319953879 -10.31379796922661 64.8021181269245 -0.12898495361071152 -0.3804700403598407 0.915753645311876 -0.000831401608372751
1758727292.689985 44.46366403505004 -9.94701829301518 64.07164542910775 -0.12704874180614442 -0.38145433671887063 0.9156101061692106 -0.003056089764555256
1758727293.223173 44.61725749494305 -9.667232873431146 63.51615960746465 -0.12765638633057855 -0.3807650981622045 0.9158018778099698 -0.005357952060063318
1758727293.95643 44.82483095163428 -9.279380675493742 62.743290948274264 -0.1269863720257442 -0.379878081514521 0.9162565056614282 -0.006412514147775173
1758727294.623111 45.004158200803964 -8.91293399984214 62.01315792310445 -0.1262510452190762 -0.382561723547216 0.9152366760369006 -0.007002006469571265
1758727295.15644 45.095476220622075 -8.648929299789183 61.47974171117654 -0.10077737306552906 -0.38273084747688624 0.9182936332292891 -0.009890532755497856
1758727295.823041 45.251024676571184 -8.299489724058562 60.76769279598354 -0.10503610557815042 -0.3843756814561374 0.9171086082114555 -0.011599688554130166
1758727296.489709 45.397669986783896 -7.931052362142099 60.04679689680772 -0.10278874478827711 -0.3851667006603046 0.9170213133112877 -0.012369219059701259
1758727297.156528 45.551752865570364 -7.568158853818882 59.316699851285826 -0.099931258657987 -0.3844018742744706 0.9176135820477871 -0.015305444741453171
1758727297.756354 45.67435980164344 -7.240407873680114 58.67174736402978 -0.09767894195684623 -0.38591091869279565 0.9171998161422338 -0.016615787689012906
1758727298.356349 45.806362824119304 -6.89853033658866 58.004265986918064 -0.09575274504324066 -0.38421544092818216 0.9180663626815145 -0.0190803690158378
1758727298.889965 45.88842157189138 -6.636933889930289 57.45314495138494 -0.07936241610082317 -0.38340182874443257 0.9199352807137561 -0.020584555476559054
1758727299.756302 46.028758019213186 -6.178893611213052 56.5379737133299 -0.07490201139181442 -0.3826722936817969 0.9205545868657959 -0.023040332856034084
1758727300.422963 46.127023418876874 -5.820346316455716 55.819836217137755 -0.07168299540118844 -0.3811056922487222 0.9214512855816466 -0.023399312081048295
1758727301.023308 46.21795691448495 -5.5068908792834055 55.179100331559056 -0.06806224259799702 -0.3811652180462032 0.9216373719071849 -0.02579074229911262
1758727301.689557 46.31507963012046 -5.155446006382812 54.4529405466684 -0.06513763452427686 -0.3803744315286241 0.9221339097348535 -0.02722926596459298
1758727302.35625 46.403137885228176 -4.786553463799965 53.71321689756044 -0.06239769471976071 -0.3799376618614194 0.9224589998274946 -0.02869310771240336
1758727303.022923 46.47147446223326 -4.438886817053139 52.99249597489741 -0.056623388443335886 -0.3801101816391644 0.9227281260701448 -0.029712742292076755
1758727303.690108 46.52641167177714 -4.090843582002513 52.30484964970501 -0.04827280772651332 -0.3817046337087776 0.9224727032059898 -0.031865663013360274
1758727304.356185 46.57676479190564 -3.754575243517648 51.60389042232518 -0.04523491130271565 -0.38035943933452454 0.923183471163419 -0.0318241775890917
1758727304.889529 46.619741054719725 -3.448321640173491 50.98724564001229 -0.04311280592190407 -0.3793740209566231 0.9236507988083386 -0.03295208717914231
1758727305.556157 46.663761952226984 -3.0956289937979387 50.26638242861998 -0.039938846575675264 -0.37730128228721627 0.9246650230211263 -0.03229901112985931
1758727306.222825 46.709868562722235 -2.7389153868251883 49.53834908357812 -0.03789455580833318 -0.3759293024746786 0.925234617952488 -0.034381156514931434
1758727306.889479 46.74513747073608 -2.38781978079316 48.81108914999188 -0.03550203036692358 -0.3777535741005598 0.9245576577632604 -0.03514229026960118
1758727307.489466 46.77108628808221 -2.0782423164319863 48.155585159909144 -0.03452998052614839 -0.37470901288155545 0.9258522459449414 -0.034618705765839745
1758727308.156096 46.806366095133384 -1.7386526088543963 47.42930125024872 -0.03151877592132447 -0.37361577095810883 0.9262975440100628 -0.03729185456269199
1758727308.756103 46.83178543425109 -1.4016936949756162 46.7589685450279 -0.029057515724412303 -0.3790051388214727 0.9241493328654514 -0.03819392741238773
1758727309.423278 46.85035293245755 -1.036615838577087 46.00317874231802 -0.028156402240294122 -0.3796887532369638 0.9240180452327587 -0.03513288719240352
1758727310.156026 46.88295467593831 -0.6644714887937657 45.216696673800946 -0.037572836361349254 -0.3784305328575473 0.9243522113665873 -0.03084806494119194
1758727310.622703 46.91089133850995 -0.41320318152125846 44.69862928278515 -0.03787683545838616 -0.3753167171360552 0.9256566082676922 -0.02936921422552884
1758727311.4227 46.97552707231757 9.354624220557061e-05 43.83094558342837 -0.03876289695291705 -0.3743676874034917 0.9260565264732242 -0.027669156552475337
1758727312.089305 47.02142950409179 0.3412405606393207 43.08447534325703 -0.038911319278414534 -0.3686736132216495 0.9283959629197809 -0.02542857015956149
1758727312.755985 47.059544291050585 0.68665955764267 42.34112741290367 -0.03921604690292806 -0.3716939299599355 0.9272693465696731 -0.021846807741577906
1758727313.289306 47.0836334108467 0.9703985155371918 41.75373679610863 -0.03865274287409551 -0.37766005347967757 0.9248524600350173 -0.022951615220130863
1758727313.955912 47.12965554767423 1.3136711294542134 41.03774481585685 -0.03885914062136573 -0.3739857958656421 0.9263478343157451 -0.022456213826917083
1758727314.622595 47.19731085170268 1.634837683619677 40.35588027210111 -0.05880942645810432 -0.3731794231800184 0.9256335638490066 -0.021933420865988894
1758727315.289262 47.26837938221157 1.9483418578460563 39.69424814262752 -0.05643705236465194 -0.37292137982052465 0.9259110604851196 -0.02081373739785393
1758727315.955911 47.339477208770404 2.259712613490894 39.02474460660701 -0.058119952136540615 -0.37157498845024933 0.9263378889071752 -0.02126534027099503
1758727316.622541 47.41765514467891 2.59352764178256 38.31750564869516 -0.06051353383182465 -0.3734977920580072 0.9254397207715283 -0.01997084798635159
1758727317.155871 47.485069789309414 2.8659029660882536 37.75455852037926 -0.06060347730346351 -0.3728784566877513 0.9256358156672881 -0.022072875454811184
1758727317.955864 47.57783968524068 3.2617418102659883 36.91368166662834 -0.0640532845934828 -0.37182252042176955 0.9258790370577336 -0.01982924045527731
1758727318.622494 47.658746040783065 3.5726924161802613 36.2642750465868 -0.06509604874868676 -0.3733784753910216 0.9251627673033088 -0.020612436723209678
1758727319.422485 47.74457389862282 3.9133379961512373 35.5670714367171 -0.06692670540000877 -0.3740796111310495 0.9247369358923728 -0.021139064234938366
1758727320.155799 47.827726413302756 4.210178438511392 34.94184750375189 -0.06887829954275025 -0.37091884424186006 0.9258833781627938 -0.02037058860796546
1758727320.822502 47.90671255311322 4.52125391659359 34.27344697469135 -0.06865897138185667 -0.3689399513292171 0.9267504734601527 -0.017401663810192064
1758727321.355764 47.976689485549414 4.792513513857427 33.716083711496836 -0.07096251156235107 -0.37229874094908705 0.9252533014135113 -0.016257234201600548
1758727322.022423 48.07760470580609 5.118619237173365 33.01562144882221 -0.07267257257966551 -0.37394139265802656 0.9244753427335536 -0.01522736777343536
1758727322.689084 48.18060160294997 5.451925229085272 32.34017621476104 -0.07400019663061339 -0.37501784562194246 0.9239061051395332 -0.016825434603761975
1758727323.489066 48.27866512463284 5.777285774930414 31.628988227737896 -0.06490344446690098 -0.37036391479292735 0.9264275278194237 -0.018712274420285103
1758727324.355665 48.36221857616554 6.082303020096001 30.97631637721309 -0.06692320750794188 -0.3689526448187244 0.9268528837105708 -0.018410924352572165
1758727324.955717 48.451434515373535 6.383846424068179 30.347107587613714 -0.0655382616673329 -0.37393155171082615 0.9249089371998486 -0.02057641321038872
1758727325.555658 48.530672859672244 6.669648369530298 29.73352669495071 -0.06447892329129123 -0.37015126373692725 0.9264223730644318 -0.023918551185608598
1758727326.088995 48.540836522467316 6.928907526852766 29.166025787630414 -0.03235743505545788 -0.3694910634517875 0.928290051373177 -0.026588173075323712
1758727326.75563 48.57493991412296 7.240945323624382 28.477579271419984 -0.03547486550514654 -0.3703293385046297 0.9278115336308967 -0.02763101557305707
1758727327.28894 48.59766528061636 7.489445516190665 27.91730001127433 -0.03209236001354069 -0.3634133339272529 0.9307038617715943 -0.0262897477371216
1758727327.88896 48.61928724216473 7.82561878216596 27.200545376802364 -0.029273334276833343 -0.3671742004657153 0.9293713970827315 -0.02439230815587138
1758727328.355566 48.64289944833458 8.089501668361068 26.60609681243937 -0.027536736622070557 -0.3670578028780585 0.9294607546166659 -0.024758899611192285
1758727328.888889 48.656353728557946 8.382175883420395 25.97458624280413 -0.02753993391437526 -0.3660501299434358 0.9298538277291855 -0.024914121814101603
1758727329.622439 48.76686247406646 8.781812035061956 25.112643653560816 -0.05600440062568436 -0.363583441194839 0.9296069033875547 -0.022396284818658636
1758727330.088905 48.82390757984401 9.035094818321248 24.55726378708327 -0.05775169635193527 -0.3660240520296869 0.9285642468825047 -0.02143768447779605
1758727330.622185 48.88367188789912 9.309134453144203 23.979313450264314 -0.059255339484181505 -0.369689525913875 0.9270061894182218 -0.02186284410813608
1758727331.222196 48.95136208129565 9.617510435376744 23.294366038507814 -0.05836436508239565 -0.36471679702053805 0.9290505024953747 -0.020986249610166263
1758727331.822205 48.98889349788971 9.969783661537914 22.52533172012134 -0.03305877854944196 -0.36511158309624925 0.9301351473780393 -0.021195675544861205
1758727332.155531 49.00996956320727 10.156635231154734 22.098813280674953 -0.03480621509050935 -0.3630520786682585 0.9309047679208291 -0.01995065482627561
1758727332.755468 49.04413292497683 10.494319528598785 21.353338094162975 -0.03339441075841139 -0.3626505683903246 0.931108819872727 -0.02014309140849149
1758727333.222144 49.06665190939516 10.79877533642162 20.67507489360958 -0.02877072576838444 -0.35984304690423435 0.9323654035744171 -0.019493105215734746
1758727333.688822 49.076526836856374 11.158526977994951 19.860915829185846 -0.02379435479265901 -0.35880291343939175 0.932993647367912 -0.014736076768451508
1758727333.82217 49.08118222882121 11.27511393822391 19.55208179026623 -0.020511624947301226 -0.35396378564019837 0.9348963322533542 -0.01605489447198901
1758727334.288814 49.09259942134867 11.698668795007418 18.62609180444908 -0.015985817376190984 -0.36302355178791607 0.9314202561045427 -0.020363226862395934
1758727334.488766 49.09666198515418 11.873850093398165 18.20612110493232 -0.015479940193324982 -0.3588981377594058 0.9330428365389485 -0.019584773365925887
1758727334.62209 49.09779404736204 12.018225278698571 17.890572200225655 -0.015231331315467247 -0.36101107505405783 0.9322176764655282 -0.0202290365535219
1758727335.088874 49.09776443430296 12.431250111478716 16.900033115019934 -0.013626943994718303 -0.3575641141641489 0.9336225199288569 -0.017640888329776835
1758727335.35549 49.128081558027034 12.680477144496308 16.32007938786764 -0.034174217017921824 -0.3565168404965593 0.9334715299677921 -0.01894117401726053
1758727335.555443 49.161040097297615 12.867015183239156 15.880929727243007 -0.042571210514823994 -0.35991383227284196 0.9318024327750382 -0.019848215247213207
1758727335.688762 49.1744939718749 12.987411250292578 15.5966338752036 -0.04141959900810778 -0.356820464726043 0.9330505927452423 -0.019497798553952235
1758727336.155438 49.22375358071792 13.345919727373131 14.721622579412298 -0.0421918389806791 -0.3518949602999525 0.9347383593246993 -0.025573135237836078
1758727336.422124 49.26617557498167 13.558203527279952 14.234384415011341 -0.04361829402730071 -0.35561375624550157 0.9332975061851108 -0.02433240110975494
1758727336.755424 49.30783034266479 13.85238820116529 13.497796140098211 -0.04448784854090143 -0.34968107673875254 0.9355295229615253 -0.02298885752727505
1758727337.088951 49.358002905518184 14.127192487599224 12.813110202411758 -0.042834993636572026 -0.3508676894569971 0.935135585261504 -0.024051299193341872
1758727337.555408 49.42583285631262 14.488247529066125 11.924178118794718 -0.04388844506533141 -0.3494090966897769 0.9356594694249833 -0.022987927604292965
1758727337.688827 49.449205978483405 14.603088886346521 11.642289835333948 -0.043273278470445584 -0.34713122937952684 0.9364967504301678 -0.024518755955670424
1758727338.222058 49.51350351361807 14.94143915736245 10.828994513695902 -0.04708474610734353 -0.3525793931868613 0.9343703008963179 -0.02056548046888785
1758727338.422066 49.527575820291666 15.045495185045311 10.562815399564482 -0.04561787522405556 -0.34848428029474415 0.9359777843184804 -0.020574331332141257
1758727339.088669 49.57751809201619 15.33326012664476 9.855447267626406 -0.04567216736818128 -0.3466983443224798 0.9366166816079794 -0.02152911762244843
1758727339.822073 49.641135112750035 15.637394991910455 9.087878176444873 -0.04546197169423362 -0.3449575960686203 0.9372815820482535 -0.020992903499858592
1758727340.555282 49.696414838635626 15.93869792802277 8.36082455756865 -0.04520308367614639 -0.34797070405296077 0.9361725917607605 -0.02130607385218004
1758727341.155298 49.756305359861756 16.15938210169227 7.769289560543348 -0.044415744896713835 -0.3439868016060589 0.9376521498119039 -0.022555883472366672
1758727341.821983 49.77856062208279 16.428058002245432 7.083882901474374 -0.018763643212695476 -0.3476520813883214 0.9371898067036679 -0.021476084617455392
1758727342.488603 49.78894836724763 16.71934438222225 6.355061058467237 -0.018601000760808867 -0.34617704507650354 0.9377217773646392 -0.022210909231701593
1758727343.221907 49.795224030676025 17.03964070084988 5.534730405498115 -0.015161215541116196 -0.3437469948046295 0.938555432657804 -0.026867097621895427
1758727343.88856 49.81111556562417 17.32526670473616 4.800054748819006 -0.010745231367519002 -0.34048865271197426 0.9397067853863083 -0.030052868019109526
1758727344.622098 49.80188871342706 17.620953357599355 4.020384330842093 -0.007833780997261874 -0.33789469003919 0.94063094597296 -0.031292711557502906
1758727345.288508 49.79298574356893 17.908057693436696 3.2726620474737222 -0.005644877901933829 -0.3378608301061136 0.9406686889298388 -0.030993749377871496
1758727346.021853 49.77632908217073 18.19188709284348 2.487575893135376 -0.0028317635557283108 -0.33545040703278173 0.9415382039893507 -0.031157919783149794
1758727346.555187 49.767219891273555 18.40619803079164 1.901921746007433 -0.0016172490829012723 -0.3349820933171615 0.9417285215422233 -0.030524963163853162
1758727347.02181 49.746882364440744 18.612691509721557 1.3653329424384752 -0.00021551733679524488 -0.3357783766064097 0.9414542666860857 -0.030277039062733498
1758727347.688473 49.72710144239931 18.866172079074946 0.6459740533122116 0.0009575116964867229 -0.3340680535808851 0.9421305477623273 -0.02806509791693176
1758727348.355118 49.70858863789846 19.147890483082605 -0.09242816325377946 0.000845999276732828 -0.3345426664808846 0.9420081858785927 -0.026477657124565526
1758727349.088418 49.68431397668142 19.43323619180876 -0.8896743880721457 0.0030178296899831375 -0.33308666490610345 0.9424572458585659 -0.028609545511558684
1758727349.555081 49.66049399527819 19.627631819699346 -1.4218359086669776 0.003310965817821553 -0.33321243303629927 0.9424390134316065 -0.027698699201284014
1758727350.221747 49.63456655265717 19.89960087309479 -2.148162113958689 0.005071899027753302 -0.33121881577440565 0.9430892067491462 -0.02917396151568399
1758727350.955027 49.610304057890964 20.1727390880008 -2.9290141997748607 0.005300882747978422 -0.3273288305206192 0.9444585097748662 -0.028737791598085025
1758727351.555023 49.58098560652417 20.403934284812195 -3.581179961687918 0.0069084162358867465 -0.32307608323127135 0.9458662720854127 -0.030184657697187773
1758727352.221685 49.540969137025954 20.660134599159605 -4.298032400160207 0.008064019953043062 -0.32830845199302783 0.9440072716497785 -0.03160384477369874
1758727352.888317 49.5039619027684 20.927151498843287 -5.037145005992987 0.008459575677689929 -0.3315908027483889 0.9428409122786797 -0.032046672924647156
1758727353.621648 49.460875997032126 21.23389437155299 -5.85177654487844 0.008987466855413974 -0.33391130638940525 0.9420009688679742 -0.032505992626610934
1758727354.288309 49.431231528854454 21.495250988849172 -6.578569031817207 0.008970710932666466 -0.33008281729807276 0.9432601458088936 -0.03500224847798019
1758727355.02161 49.38032893178942 21.784527374817184 -7.372425818028092 0.009571335049831776 -0.32766436955913225 0.9440292813061979 -0.03678541155517528
1758727355.554938 49.357446311215405 21.997339329837068 -7.959894555874694 0.010465623261534046 -0.3298179618586146 0.9432192679631417 -0.03805253353262983
1758727356.221717 49.33045130440982 22.25067837872925 -8.662724040973671 0.010293273974809876 -0.33003517294662993 0.9431524164152943 -0.037872846987764726
1758727356.821596 49.26679458509117 22.49138706271347 -9.315629196592498 0.02647087643200888 -0.33388628548957394 0.9414379312844771 -0.03890838729246455
1758727357.488215 49.19583286362878 22.781670031677677 -10.060520315331887 0.028558418954948078 -0.3384297286927645 0.9398410583633571 -0.036722206608268824
1758727357.954886 49.14949963291872 22.977388553668206 -10.587473551480814 0.029549238967177885 -0.3390672095489399 0.9395433585431616 -0.03766360713728489
1758727358.688199 49.06762472838981 23.260321341109677 -11.331922256887914 0.030100758954137424 -0.33831037679299747 0.939936635618847 -0.034046354960376835
1758727359.288159 49.01191801256527 23.52816121989498 -12.008941868725634 0.031087901694586296 -0.3430294309194839 0.9382608080483599 -0.03210931285035092
1758727360.088147 48.91520492931319 23.8611734738129 -12.855898654309469 0.03219954280564693 -0.3422420901529598 0.938595111363264 -0.02954247951378705
1758727360.821504 48.8440699819301 24.150554894334284 -13.608943609307072 0.03310626735778695 -0.3436346551667152 0.9380990972576904 -0.02809417296155583
1758727361.288097 48.79630328345538 24.34190982656219 -14.098576626793932 0.033232838499750145 -0.34315896637613635 0.9383238718985386 -0.026188044337944125
1758727361.954769 48.72661922734032 24.62568740422492 -14.793353543466692 0.0329397938104729 -0.3477357254887827 0.9366600523398415 -0.025744544145097914
1758727362.688104 48.65951669079198 24.936105365821806 -15.579378865904507 0.03269302389992046 -0.34967856717065965 0.9359950783148018 -0.02385957292622534
1758727363.421413 48.577562163434024 25.26024981994391 -16.332462711238566 0.03244581441877351 -0.35269906002205975 0.9348485576530597 -0.024674205970035973
1758727363.754761 48.55112151443777 25.405474119730908 -16.698602658673114 0.030946283617465025 -0.3505956687902839 0.935689491104139 -0.024701837847384767
1758727364.488042 48.48670530462983 25.715169450228018 -17.4635198697228 0.028940130755731434 -0.3511943905796414 0.9355309245723372 -0.024634488548848657
1758727365.154659 48.42646440073968 26.01440533019508 -18.18147864572178 0.02828932966318659 -0.35183115641471463 0.935277292549028 -0.025902456355568152
1758727365.887993 48.371394408231 26.325732123889193 -18.930283166688426 0.02703016316389154 -0.34653721686055067 0.9372334656084524 -0.027834484968231897
1758727366.554678 48.31318940809318 26.619724095540683 -19.641492874068497 0.024792282216757253 -0.3498554010068107 0.9361192592310958 -0.025831640007413774
1758727367.154666 48.26481070934084 26.884667931318507 -20.294595376580244 0.022341282188543532 -0.34788705575556356 0.9369074941971507 -0.02607318287270317
1758727367.754675 48.22770682756589 27.170505959838145 -20.969622776325703 0.022410750544155287 -0.3523496716962363 0.9352069380573212 -0.02711918370916999
1758727368.688341 48.16559065788279 27.59655831832076 -22.005474668838716 0.020836570802490857 -0.34997042293036384 0.9361756847279353 -0.02572212501556433
1758727369.154774 48.135308420333416 27.79374857144237 -22.514927796166475 0.01915257517715989 -0.3439470959193033 0.9384072565004223 -0.026933158376084915
1758727369.821259 48.1038755320347 28.08996947917564 -23.244599953340966 0.018043575035538516 -0.34784633190310116 0.9369563508758477 -0.028109701793327748
1758727370.421235 48.046315918594665 28.357291737829442 -23.907790763630853 0.0310600741625367 -0.3504452777347753 0.9356671167825735 -0.02739389855789047
1758727371.154569 47.90238863460325 28.66482924106124 -24.692183589211158 0.060777522688791365 -0.34631071796946067 0.9358274901840422 -0.02453340520854625
1758727371.754511 47.78840914964196 28.93730666239074 -25.356407269865144 0.06154687072613486 -0.34989875346536276 0.9345203782312544 -0.021319186141098952
1758727372.221198 47.71520751572407 29.157154886912124 -25.880017410109804 0.06282225795360397 -0.35303646403813227 0.9332384679443985 -0.022013198628442907
1758727372.95451 47.57463534599487 29.49167187035293 -26.688582390045976 0.06686726766260205 -0.35173200554710254 0.9334501953104694 -0.022002219524350986
1758727373.621141 47.46481541152096 29.781915817872985 -27.403107464078012 0.06768441245327118 -0.3482652159065588 0.934645512831152 -0.02383117800290887
1758727374.354481 47.319328953357186 30.117086832738444 -28.203083189611892 0.06855093759864236 -0.34941414366064655 0.9340948560720206 -0.02602546875726366
1758727375.087793 47.15779421456748 30.43253299932466 -29.006454148727226 0.08610990067181233 -0.3472317825680579 0.9333850539799357 -0.02841681171018586
1758727375.421067 47.04063682378838 30.572957972928435 -29.364842202799206 0.10906959821069785 -0.34392490197647363 0.9322443987635176 -0.02720046912605552
1758727375.821091 46.90246679838221 30.71985482946429 -29.741605077279864 0.13963886000759662 -0.34076080691173677 0.9292586708952623 -0.029349340957022723
1758727376.554419 46.59557639681645 30.972104432024196 -30.402660391657797 0.18110738709576155 -0.33828222779464023 0.9231091745346011 -0.02519326472866146
1758727377.154415 46.31067341290257 31.203006548583566 -30.988224417698653 0.19584151135124628 -0.3377289266139054 0.9203479535682008 -0.023343498510374424
1758727377.821026 45.97321981732196 31.448595407382413 -31.650113971402124 0.2081296862123318 -0.3359361897918846 0.9183141400443264 -0.02297934507153237
1758727378.421204 45.641758924386174 31.682648587905618 -32.239066046863016 0.21472315406108824 -0.34005364642411234 0.9153715336217708 -0.018773388043990275
1758727378.887771 45.46826749539627 31.87176942126778 -32.65965471684587 0.17187473449099877 -0.3525271769356657 0.9197386648339222 -0.01626202862291532
1758727379.5543 45.305476502035006 32.05708634631406 -33.20736799405031 0.13355965291637195 -0.3345042311659877 0.9327327175584167 -0.01668580357670853
1758727380.220989 45.072973016646266 32.32351165547489 -33.8797493509277 0.1388945852507997 -0.34132836016873486 0.9294682779774469 -0.017086982359983963
1758727380.754332 44.88213809094336 32.52775732233715 -34.41425994593175 0.13775697925204342 -0.3360900357546644 0.9316224432804148 -0.012088246771585431
1758727381.3543 44.685369301512004 32.789000512071716 -35.04145486124387 0.1259238618580226 -0.34676295707906485 0.9293844547816155 -0.01196527571031461
1758727381.95425 44.59993719205679 32.99464186416537 -35.54632367101356 0.08268543447085984 -0.3460955937995494 0.9344732398558058 -0.011862667166210513
1758727405.287062 44.51547202242183 33.17825997568188 -36.011992228204385 0.06628440166431807 -0.34086909097917784 0.9377007266493118 -0.011488609680242843
1758727406.287023 44.457495022878994 33.478664798308216 -36.783671020109615 0.024839299477854435 -0.3362874686841929 0.9413997411711216 -0.00776369308851827
1758727407.020312 44.45434388297255 33.78802430745932 -37.59385879300625 -0.007583920774132503 -0.3377000153065659 0.9411968520386506 -0.007047660616916235
1758727407.686978 44.48390361972635 34.07320501605596 -38.3325107105011 -0.03453192128347685 -0.3382880932058616 0.9403866147837561 -0.006459655034260905
1758727408.353608 44.52917995644778 34.353642836447435 -39.07128743158198 -0.039477077767408525 -0.33526305357739916 0.9412266650348693 -0.011515653009793052
1758727409.086942 44.590489346934596 34.67904374066792 -39.91222429918631 -0.04676436508919005 -0.33755689255893656 0.9401034310761461 -0.008601007069948282
1758727409.753602 44.65857535855275 34.95217914537618 -40.66221796029643 -0.05134827799564026 -0.3329553463678372 0.9415039022981618 -0.008630969197563912
1758727410.621293 44.741237132484784 35.32501728979626 -41.644914159044106 -0.042890438001626084 -0.33299479707038787 0.9419156544472705 -0.00835316462485911
1758727410.953558 44.73316346488897 35.46487264717969 -42.016675850271675 -0.02310535839290147 -0.3338370335897659 0.9423033140644909 -0.009134643977653371
1758727411.753551 44.650605260469895 35.767803312496966 -42.86400671166747 0.021009698990262348 -0.3305836698427763 0.9434807871798703 -0.010818225551028807
1758727412.220166 44.61200292277892 35.962085369715155 -43.38737068692617 0.02062105416451739 -0.3302875505647464 0.9435756339221611 -0.012244555340067343
1758727412.620203 44.58049190708181 36.1234888433599 -43.83541714623004 0.022531189017424413 -0.3278188054342695 0.9443688162968283 -0.01395403637794101
1758727412.954891 44.5472916841235 36.26078503919704 -44.21679976424614 0.023991879924816266 -0.3255802760948545 0.9451113219363358 -0.013655133226132729
1758727413.286829 44.518985828425166 36.39987065625056 -44.60131887001507 0.02463147783845495 -0.32736075357488953 0.9444610933696286 -0.01488188258990811
1758727414.153466 44.4384721008622 36.7567777238074 -45.60274194820244 0.025546274659908677 -0.3272991782121169 0.9444598307948248 -0.01477375401461404
1758727414.353466 44.41911135596733 36.83512319328893 -45.83118106999838 0.026023439265206786 -0.3258467411122312 0.9449361032148844 -0.01557057341326451
1758727415.220107 44.3428057259134 37.17830434360526 -46.81482338858689 0.02600770652725199 -0.32409557324972144 0.9455002710247467 -0.017745311867009617
1758727415.553451 44.31382930534804 37.319037051957885 -47.200996154510584 0.028043712810227075 -0.326265447190769 0.944675424994735 -0.01878162805088909
1758727416.020142 44.2660094919546 37.51062877929274 -47.7321182315143 0.02550768704508733 -0.3282775805398519 0.9441580038790358 -0.012200480632570726
1758727416.486764 44.21313102742994 37.72444136208951 -48.27617224695829 0.02783738941946716 -0.33574105758811323 0.9414108206031052 -0.015769871632714507
1758727416.886741 44.17868151592208 37.88802521519763 -48.73817863641638 0.027977721670242515 -0.3300255008039249 0.9433966214833703 -0.017413514378885123
1758727417.220241 44.15603753996873 38.0192844526329 -49.12314388531759 0.028880060782271146 -0.32560632491870056 0.9447540352741473 -0.02421313889947732
1758727417.687297 44.11066508903406 38.20520491858115 -49.660521485459846 0.029232568816231135 -0.3244739448153949 0.9451172279856523 -0.024810107235900127
1758727418.020069 44.07819740158609 38.3354321633987 -50.03924227010656 0.02961416000330968 -0.3232649284834142 0.9454852395586362 -0.02608542345180176
1758727418.353366 44.045618387537985 38.46511443897859 -50.42125835106016 0.030126680700544466 -0.32235559916610057 0.9457471677022765 -0.0272313345129052
1758727419.086678 43.97805484617518 38.75305580905576 -51.254182591050395 0.030480899623329918 -0.32377483212836 0.9451756714929507 -0.029727476452847113
1758727419.753359 43.91199461592089 39.024448602559765 -52.02485996744735 0.03203734034601301 -0.32656557431034033 0.9440889931403764 -0.03200792917546508
1758727420.353305 43.84364978518634 39.25466470466332 -52.715213390547724 0.03116215979446774 -0.3223002774289055 0.9456173234782077 -0.03097302865567355
1758727421.219951 43.75304981329125 39.587468839624236 -53.68388259933323 0.030545536893765275 -0.31919560443551426 0.9468064508395627 -0.027178685279257812
1758727421.420403 43.72825881145804 39.67251611272309 -53.93172713207314 0.03100223414627555 -0.31961875816107044 0.9466943067412593 -0.025546046527811533
1758727422.086627 43.652253448284945 39.983061641240134 -54.80481630240773 0.0329424430958698 -0.3279523976091339 0.9437039931803248 -0.028014167858517743
1758727422.286578 43.628470693948984 40.07906835699049 -55.069979015681184 0.03385327345997215 -0.3277156080907701 0.943701122111716 -0.029742700193983986
1758727423.086574 43.48343719064575 40.410029354076435 -56.045653064806864 0.06579800548459669 -0.3221167187422686 0.9439014705238419 -0.031007352739184334
1758727423.486569 43.37753029586375 40.57363795887581 -56.5141276312221 0.0794643591860768 -0.3217532856413542 0.9429625049007144 -0.03133613169345509
1758727423.819936 43.29429270701177 40.716795971340545 -56.93142958545026 0.07938353501709665 -0.322550437504918 0.942759219103502 -0.029402796277401336
1758727424.219917 43.204801732078046 40.87191546596042 -57.38354568805439 0.08200478505111831 -0.3217777877413435 0.9427988398290034 -0.029404390183985624
1758727424.819865 43.06240863407404 41.08986888406312 -58.029269386035324 0.08556135133314652 -0.3209578426812639 0.9427716509105534 -0.02910210677638937
1758727425.353223 42.93587244155851 41.28622042794873 -58.59980003593463 0.08832994871273361 -0.3208400913407961 0.9426270747656776 -0.026714300805691114
1758727426.019864 42.78111597333957 41.52437013251918 -59.30358085843746 0.09276636209866806 -0.3194408549471433 0.9426490176693135 -0.02765450669773507
1758727426.686475 42.61300027183935 41.7634865415183 -60.01090580730882 0.09728126804508905 -0.3185626349136143 0.9424506639982541 -0.028999111256810393
1758727427.286464 42.45008208596228 41.98133407489947 -60.64817004455475 0.10073221255119895 -0.3203536920356446 0.9414867948760488 -0.0287949375358954
1758727427.886472 42.27831943447215 42.200350731314586 -61.319764328360435 0.10416738227513649 -0.3187132704665845 0.9416514140490546 -0.029387448304596085
1758727428.48645 42.10675387962722 42.42708468900688 -61.99418998475017 0.1073149264608953 -0.31957274571752303 0.9409662173144915 -0.030648729600317053
1758727429.153108 41.96379740285546 42.67113567117241 -62.706387477046306 0.08692157008067311 -0.3215174899100515 0.9424083930834235 -0.03061968292732895
1758727429.886417 41.80027883715461 42.91846653326897 -63.478134917081746 0.08848559162875477 -0.31928733177116425 0.9430282170841974 -0.030392131013795776
1758727430.486382 41.66050211623243 43.14026299108646 -64.12329717947124 0.08859731918693256 -0.31985217032015945 0.9428412229554558 -0.029925448538543217
1758727431.086395 41.51605654533815 43.36809818915556 -64.77594048581798 0.08888148882229138 -0.32171146689052343 0.9421977594802938 -0.02941419803759511
1758727431.68639 41.37134074210625 43.570633164635005 -65.41825403692478 0.08879755885379635 -0.31567778127357754 0.9443226736786395 -0.02678096204813308
1758727432.486329 41.18045084941909 43.857070173063 -66.2496583557974 0.08897067870449951 -0.31928447529848863 0.9432176825248935 -0.021955535443225056
1758727432.886364 41.0842093296085 44.01956270450837 -66.69385143250992 0.08906412768022628 -0.32636642333541066 0.9407602846317024 -0.022861009152930697
1758727433.686389 40.90237660182454 44.317011155829576 -67.54481284249022 0.0899721203024177 -0.32247333881157203 0.9418146091287061 -0.030020082540643277
1758727434.086315 40.80310899509543 44.45680305207712 -67.97655436680768 0.09029917588027671 -0.3194556032497433 0.9427530760230383 -0.03179330175972375
1758727434.819612 40.63179320067889 44.71887287397186 -68.74369178126138 0.0900290814303144 -0.319190373323389 0.9428398608854475 -0.032638425207097636
1758727435.486298 40.480939058339565 44.96493301629176 -69.44384152024563 0.09142541646243839 -0.32474401077586945 0.9407955587427329 -0.032961148945701915
1758727436.286292 40.30042050029529 45.24579685544907 -70.25445255126891 0.09045539394931595 -0.3226483321056919 0.9415650545937769 -0.03422168117885297
1758727436.752909 40.18485838119414 45.40943120983815 -70.74195639368075 0.09054506405712247 -0.3209998285219025 0.9420705683524977 -0.03554920122594387
1758727437.219563 40.08143139261867 45.56049398313911 -71.19023430094707 0.08997685122151344 -0.32128833829841547 0.9420746620792624 -0.0342534813697578
1758727437.686226 39.97364650286468 45.72404368868966 -71.66719096990428 0.09002043647877578 -0.3219723227412538 0.9418471216354328 -0.033972693031650146
1758727438.086228 39.880801244515 45.88241558235633 -72.10624062475235 0.09111220770220393 -0.323161853938737 0.941314498169899 -0.03452531392558513
1758727438.486225 39.78788831901059 46.03149390829195 -72.54480035385079 0.08843620402697773 -0.3222158057631247 0.9419292511057159 -0.03354546534398143
1758727438.886184 39.71793505112898 46.20191915610543 -73.00134659885111 0.07300512405993134 -0.3281238934189492 0.9411370642520603 -0.035580735231263864
1758727439.352863 39.654383880265726 46.37807336510936 -73.50693834000248 0.05375196304153417 -0.32624489132352635 0.9430716982715486 -0.03592727757149558
1758727439.819519 39.62140108435674 46.54434744137071 -73.98931709995327 0.032256503464275416 -0.32536011970074097 0.9443807343331069 -0.035289362604624126
1758727440.286185 39.613908279799766 46.70833592681516 -74.4563354692471 0.012558273717676342 -0.3263774802345571 0.9444578591092446 -0.03632330551802088
1758727440.619455 39.597288391768004 46.84762484732971 -74.82939163575016 0.013452334799653569 -0.328551684276452 0.9436468869080645 -0.03746169078222782
1758727441.086121 39.575636336790325 47.02687536548326 -75.33019504646944 0.014542914028285895 -0.3276084547253036 0.9440160993928961 -0.035983442457420446
1758727441.552797 39.513587407666954 47.20247297539577 -75.82971226100415 0.0381584844921511 -0.3262114306155873 0.9438031215501009 -0.0369553832246367
1758727441.88613 39.46476737352634 47.34811884738035 -76.22007233966234 0.045210550807449026 -0.3323089407457837 0.941351894719387 -0.03719387455378184
1758727442.486129 39.3471143363337 47.55254637692214 -76.81832380746445 0.06906207283332562 -0.3249381011636959 0.9424086903628979 -0.038878282325532074
1758727442.952781 39.266077346066865 47.73256014496462 -77.31541443169154 0.06981669678454701 -0.3274881585202773 0.9415105184760367 -0.037882429674941834
1758727443.35276 39.18691527945455 47.88652767464651 -77.75473379578149 0.07065716227387543 -0.3273277460198616 0.9415143120363336 -0.03761532049191475
1758727443.819399 39.1044389709465 48.05365112873258 -78.2351972605125 0.07216060531221036 -0.3260718453062217 0.9418119674550619 -0.03821278186675725
1758727444.286068 39.0207722682854 48.23425649938528 -78.7154498859593 0.07470632682455687 -0.334426596989045 0.9385622568350905 -0.040972014880049513
1758727444.752743 38.933147982876356 48.40267331627971 -79.20127463810195 0.07663068654429539 -0.3323572137561137 0.9390637231726051 -0.04272872763408247
1758727445.219395 38.84631179599742 48.55297448782083 -79.64640320672348 0.0761481427917294 -0.3260844855592217 0.9413689710239896 -0.04116830115735682
1758727445.686014 38.75775155311608 48.72080161563901 -80.12756926375643 0.07769953758708911 -0.32846577240283664 0.9402807717013123 -0.04410315847357341
1758727446.086024 38.687325924341685 48.863432747358715 -80.53333487758731 0.07954336599924111 -0.32758095436713364 0.9403683421556576 -0.04550771728892584
1758727446.419574 38.61907028186456 48.99501088707954 -80.89038228729221 0.08026649383127063 -0.328614397252288 0.9398621701582501 -0.04721195814594462
1758727447.219318 38.543108605181445 49.27287846815025 -81.66776625357465 0.02301725088455891 -0.33008157111336517 0.9424566654899545 -0.04787270878700971
1758727447.952682 38.56219447599472 49.534455000635496 -82.38397517911311 -0.006009024277555859 -0.33007804522315753 0.9427802837772563 -0.046665964146975734
1758727448.752606 38.53995693643106 49.839689017120456 -83.21764277125857 0.004898157106435249 -0.3304745066584919 0.942614373062434 -0.04733658418075373
1758727449.219274 38.49955827477122 50.015842518795914 -83.71516210996208 0.023736347135013804 -0.327951469670289 0.9431798705247694 -0.04791817194617144
1758727449.685925 38.46531607000265 50.194660385408405 -84.20825851709535 0.02049433782711955 -0.3314929258326927 0.9419860702932644 -0.04852489684030058
1758727450.15258 38.43821228704276 50.38851832271455 -84.73230016146175 0.020412059905896698 -0.33315083985819194 0.9412935896111612 -0.05059885244858976
1758727450.485928 38.4120493810274 50.53481603465468 -85.122167846331 0.02007056243142445 -0.33448318010127165 0.940765605274596 -0.05175181818400019
1758727451.085906 38.372095332981075 50.78365199635168 -85.780910532816 0.018785124601265517 -0.3347716323752637 0.9406141020992205 -0.053105406340535045
1758727451.552556 38.34485722013778 50.969891041365685 -86.29649760441049 0.018037377046738717 -0.33347058057245293 0.9410745189089293 -0.0533926472678788
1758727451.885878 38.32696052031425 51.113611463866526 -86.69029900008344 0.01792383906762239 -0.33320193882990856 0.9410518238418486 -0.055467727526899484
1758727452.352555 38.29575888187276 51.31981685388081 -87.23244364581132 0.018312887547261125 -0.33305283157502247 0.9410267126597671 -0.05664958596753598
1758727452.685864 38.264604836904674 51.4655212979006 -87.63716804366969 0.016904342274502986 -0.33259494823583696 0.9413041113224775 -0.055149012934668985
1758727453.019159 38.234200450819195 51.613588006355265 -88.03600129098555 0.01793302445146733 -0.33485087425222804 0.9403502367503846 -0.057399746428336965
1758727453.819181 38.11230540293209 51.93432707515925 -88.92676141464564 0.06456638866857786 -0.3320699416345181 0.939270663520599 -0.05771789988140268
1758727454.019166 38.06449056507179 52.01456022294467 -89.14136183833389 0.08136125958384588 -0.3314394467845305 0.9381297651681784 -0.058658181523066066
1758727454.619186 37.92732968643445 52.252448583410064 -89.8258240709603 0.08517417367223361 -0.329899134403511 0.9383164109396697 -0.05894263499677597
1758727455.552458 37.69155612771347 52.62613759172264 -90.88323216771632 0.09015587173987392 -0.33180818704212983 0.937186083308313 -0.058800434146884774
1758727456.019148 37.59399512267936 52.82302773993898 -91.42143068914432 0.07713378676487637 -0.3346495800836538 0.9373061901368411 -0.059305509190161566
1758727456.485776 37.52854621621902 53.02129488508526 -91.95369405582223 0.059600397674349055 -0.3367171657860255 0.9378936258057996 -0.05852255577925933
1758727456.952394 37.479096605553224 53.222671282459075 -92.49064813021222 0.03697765284097075 -0.33767872552994604 0.9387557499845501 -0.05782191094895606
1758727457.152404 37.47114172443174 53.30852066353755 -92.7222087939818 0.028921591004702322 -0.3376443074830309 0.9389415942610313 -0.059569671516755074
1758727458.219108 37.40246212950164 53.790597927513865 -93.9487215348583 0.01788351914245498 -0.33809411800749817 0.9391384565411379 -0.0582366427375632
1758727458.61906 37.378522267907215 53.963018594611526 -94.40536696346369 0.0154400194041421 -0.34249508463919537 0.9375662010552617 -0.05855204042212894
1758727459.085685 37.357897164868554 54.137406502724275 -94.89130579543982 0.011450055440623799 -0.3378669412022336 0.9394117481888993 -0.056748512207186415
1758727459.352376 37.3509334320119 54.26101168152746 -95.20085575547506 0.010694527787388684 -0.3393568031534475 0.9386995845448541 -0.0597132916878254
1758727459.685674 37.335716324976694 54.40740143636743 -95.57059508570984 0.008000937287747275 -0.3415087460301004 0.9380584355953722 -0.05791487542789922
1758727460.619007 37.36660295192094 54.78981503387366 -96.57441509178649 -0.02410215666161647 -0.33896967318330745 0.938692378447728 -0.05809703392091576
1758727461.018976 37.40728805194688 54.97479641568058 -97.0269398578593 -0.04039935088548806 -0.34378105583593804 0.9363963818056585 -0.057829873228550634
1758727461.485822 37.46581982612742 55.17136932598182 -97.53855333891318 -0.053516753270546884 -0.340343036024782 0.9370938527481114 -0.0561932922199274
1758727461.818985 37.50394003708456 55.31731145546642 -97.92431209047218 -0.057722008186628794 -0.3377434085743454 0.9379079074462495 -0.054095442370711934
1758727462.152291 37.55413288629708 55.475474395338345 -98.30535999357848 -0.06193228649375022 -0.33959209970151333 0.9369440462693348 -0.05456603220337806
1758727462.818958 37.58404501790473 55.7648152245498 -99.04545092253187 -0.022514243483637335 -0.3392904556746482 0.9386935804541697 -0.056828316379954176
1758727463.618911 37.63427236753011 56.111677739087064 -99.93306194758073 -0.03468855824400813 -0.3404787164603335 0.9379824945842878 -0.055315345229983603
1758727463.952233 37.664430410714544 56.258930642554645 -100.32267536874348 -0.03267287691236086 -0.33876369888108776 0.9383287611607002 -0.06091613426095729
1758727464.61896 37.71697987833351 56.565433236225616 -101.09187804624 -0.03692245430627477 -0.3390472780883977 0.9378594026037563 -0.06405791548727695
1758727465.352203 37.76156116128075 56.892479453293916 -101.91474131732544 -0.03998884020811798 -0.34371969997509827 0.9360145307734902 -0.06429975652147467
1758727465.752194 37.79248363753814 57.076492108066006 -102.36564087891296 -0.04196331168499949 -0.3476403573924647 0.9344403138501164 -0.06485801597461226
1758727466.085536 37.82011826607235 57.22765044688883 -102.74810150435054 -0.041502413499319366 -0.34518996670056895 0.9353278877653951 -0.06544600011701403
1758727466.418845 37.843121861767536 57.38848170995987 -103.12961908586858 -0.04324016668740376 -0.3464692789921474 0.9349663742686267 -0.06266742125287496
1758727467.352142 37.95002198180987 57.80638388291691 -104.16875194472486 -0.049927104956370996 -0.34277386793534365 0.9359479471633004 -0.06336244828068809
1758727467.685513 37.98126275476273 57.9567593596683 -104.54857991922619 -0.049851021133232545 -0.34067215906119036 0.9367387499822831 -0.06307035765072798
1758727468.019087 38.019047923504985 58.117039946694504 -104.93229572538044 -0.04990517854455446 -0.3459204727158392 0.9347937445137402 -0.06331788790276227
1758727468.819188 38.11190479750838 58.46567316224798 -105.81934114090679 -0.05523225751594565 -0.3426280343041823 0.9359030729352745 -0.06033958823902079
1758727469.218756 38.17153337852581 58.63474614940581 -106.26016000033235 -0.057096652839045754 -0.3333901095315787 0.9388310950835377 -0.06470843844001213
1758727469.485453 38.20596629940805 58.751626846858706 -106.55855613495619 -0.057016514532544894 -0.33619784067335146 0.9376992001824875 -0.06663586852633555
1758727470.352088 38.31054568479314 59.126589130525716 -107.5162627024668 -0.06159786911463545 -0.33468772107822997 0.9383090810964569 -0.061366930931240786
1758727470.685427 38.34049096334231 59.275714521058035 -107.8934482375325 -0.04625071156427724 -0.335398615904428 0.9387553496010053 -0.0640861430005474
1758727471.352057 38.35852297067063 59.549375215259296 -108.61116160152811 -0.028618855302548065 -0.3364237754204624 0.9393559080971186 -0.06008728963809171
1758727472.218954 38.38705524126718 59.89490440180496 -109.53814767326124 -0.023631707800795373 -0.3374986222617589 0.939138853717495 -0.05961908919148482
1758727472.485398 38.39360479347461 60.01160729469982 -109.83136077550128 -0.023944901027862602 -0.3404752672583866 0.9383174863895007 -0.05534915388499778
1758727473.085348 38.41618701562642 60.238644810631335 -110.45574125074614 -0.023113187312277753 -0.33474058064805173 0.9406176606806248 -0.051506704955583855
1758727473.88533 38.4340404204592 60.54900493314092 -111.27353877665641 -0.018905953162814845 -0.3400616453911758 0.9389002616150359 -0.049668309897447326
1758727474.285345 38.438142212349526 60.71670845952562 -111.71622869120364 -0.019187407758102577 -0.3375378284500808 0.9397989604554517 -0.04977922935904474
1758727475.018648 38.45346433596234 61.016911447379854 -112.52769847387216 -0.017582561153254114 -0.3352688905414859 0.9406841431290296 -0.048979255241138615
1758727475.285339 38.458042884761106 61.143158710082304 -112.84350933214674 -0.016033017183993564 -0.338600767140662 0.939509820343688 -0.049130034902327126
1758727475.818606 38.46981734954886 61.366055605548596 -113.443565023895 -0.015918285717998693 -0.3364682230963845 0.9403491235858759 -0.04774168825499317
1758727476.551952 38.4744934463131 61.67893469685147 -114.26079684950412 -0.0167921508498768 -0.337719654199993 0.9400233535492065 -0.044939443910397635
1758727476.885453 38.47191004106367 61.80786151458617 -114.62834169208308 -0.01749390457899897 -0.3331954062600585 0.9418689519734575 -0.03946722511396032
1758727477.485232 38.4738755234213 62.08057996300001 -115.29315130475543 -0.015464570814737249 -0.3471845367370735 0.936748716574048 -0.04154017930935553
1758727478.08526 38.49676309669635 62.346413216002446 -115.97726899266405 -0.032224361873738575 -0.3400463176433397 0.9388566421146416 -0.04333933451559959
1758727478.818654 38.67237194526235 62.62904381796672 -116.68563825410419 -0.10957735523945059 -0.3412108938604574 0.9327405475826368 -0.03953479511667989
1758727479.35185 38.85672067726568 62.878729982756965 -117.26506333210457 -0.13578149118097024 -0.34452527145759443 0.9280621450313723 -0.0395775054735787
1758727479.95187 39.04970548605988 63.14314117698206 -117.89958731375425 -0.14001278003747805 -0.3421200969266319 0.928290269366786 -0.04034149853474492
1758727480.485217 39.18514986446077 63.370902877368046 -118.4670847772387 -0.12162372126940714 -0.3409289501859255 0.9312652734035384 -0.041474231787187135
1758727481.085173 39.300356301432444 63.6182681493762 -119.10780543778897 -0.09286426880711282 -0.33453802623686035 0.936919536178075 -0.04052553896405305
1758727481.685176 39.36694564647145 63.865481336281945 -119.7608192874834 -0.06906683193477868 -0.33733544708658203 0.9380391505689271 -0.03895023575429013
1758727482.285156 39.44137344903576 64.12512346203984 -120.42863033876161 -0.06614234650043475 -0.3384654320588335 0.9379162230422762 -0.03714161890326069
1758727482.81861 39.518015093991984 64.35763372155613 -121.0367569518596 -0.06329695090864308 -0.3369320705918667 0.9386043991380018 -0.03862716312566582
1758727483.55175 39.614359836244724 64.65210228269403 -121.83866427492511 -0.06320401258706718 -0.33168085362287475 0.9406077315677054 -0.03535759392196174
1758727484.018905 39.67026893754323 64.85878809001865 -122.36364588413544 -0.062427890687102666 -0.3360533769641048 0.9391752758494982 -0.03347667140561004
1758727484.551747 39.73297378930377 65.10925974882018 -122.98174266491817 -0.06103423762513272 -0.3379213894224846 0.9386769767208415 -0.03113663087935728
1758727485.151755 39.80002881156435 65.38228861918996 -123.6703281352105 -0.058399192982343404 -0.34141089706089917 0.9376140237864751 -0.03013429982625334
1758727485.685039 39.85537658243628 65.61799903818648 -124.27047086940578 -0.05705244860922019 -0.3389227777942272 0.9386506695572107 -0.028483141324957426
1758727486.151706 39.90346764421997 65.80956088548771 -124.77856639347722 -0.05710968931248984 -0.33638979871343605 0.9395773099826646 -0.027836401956868085
1758727486.885019 39.97581374658001 66.11770652948437 -125.57766759515016 -0.057616297965623016 -0.34005205884305434 0.9383214822771817 -0.024449036432734397
1758727487.485104 40.03830205703182 66.38706061918234 -126.24887386584574 -0.057291982000807914 -0.339863493769521 0.9384037433419326 -0.02467486338446723
1758727488.084981 40.10679631430254 66.63255230273221 -126.90575745994848 -0.05789357335358291 -0.33575320550774823 0.9398053136226001 -0.026155145619009015
1758727488.61831 40.16683203876848 66.85068274521902 -127.50279048009652 -0.05966290871462387 -0.3315216532039218 0.9411832148747954 -0.026606142497434433
1758727489.218304 40.23986110074278 67.11450405877962 -128.17708405276608 -0.06057095304427235 -0.33425692547766533 0.9400760167107673 -0.02933513631712117
1758727489.884933 40.31423615402345 67.39495761795864 -128.91141566484905 -0.05996472070996316 -0.3339676174661163 0.9401714911987308 -0.030780349110051824
1758727490.41827 40.34223251398887 67.61655733503602 -129.4583840601279 -0.03492586595386991 -0.33787622159550845 0.9400110593668168 -0.03160776859871429
1758727491.418719 40.33973785893342 67.99836830588593 -130.5026013007858 -0.01945731105787535 -0.3328281428397067 0.9423976534611758 -0.02708326293374655
1758727492.018205 40.33576730563176 68.2548658335515 -131.18922860829136 -0.015586233681064583 -0.3342643176836612 0.9420821093661655 -0.02248854053316394
1758727492.684906 40.31881264834334 68.52205084707164 -131.90354760794602 -0.01267570257057052 -0.3316184878009627 0.9431383608805669 -0.01893508247837187
1758727493.284856 40.261899084060424 68.76691457243516 -132.54308349969253 0.011295389671761077 -0.33596292993904947 0.9416562558671913 -0.016876601112636568
1758727493.951495 40.178373065024466 69.0333742758268 -133.24224107393448 0.03775873755546764 -0.33751719619502146 0.940441390282517 -0.015046974923724863
1758727494.418167 40.075279191519655 69.19998319572989 -133.69029155672376 0.07017046636874107 -0.3347455052442829 0.939531362325764 -0.017388834769390085
1758727495.151484 39.82656429299391 69.46137885394354 -134.3799453190137 0.133579056181408 -0.333237361805907 0.933159455953706 -0.017970147759729337
1758727495.751441 39.58129220261386 69.67067743110456 -134.9262723142911 0.1714253976308067 -0.3310438008972806 0.9277800672257324 -0.0157315540623577
1758727496.351477 39.26574809180494 69.86164987221268 -135.42558118920604 0.2189774687824798 -0.3287913315914801 0.9186325747479015 -0.007702015837468954
1758727496.884764 38.9344643397167 70.02257119770803 -135.85976978492263 0.2724609418196778 -0.32420996345501796 0.9058968568420671 -0.0019543650869931688
1758727497.484723 38.48695258469568 70.18781731290268 -136.28467874930413 0.34052151229253347 -0.31637298863557783 0.8854110185729449 -0.0007482762983910303
1758727498.084739 38.02910950443088 70.29520443968089 -136.67761706225508 0.40682310136378597 -0.2951428693636763 0.8638994118321943 -0.032610689911672416
1758727498.818086 37.409410368754074 70.35268093126976 -137.06090441663147 0.48056344868278256 -0.2638016136791918 0.8350048951482676 -0.04726844072735933
1758727499.284732 36.95598096499333 70.402135442573 -137.22988222014143 0.5351471450674607 -0.26421029095369153 0.8015101770351485 -0.037308060649098765
1758727500.018019 36.2501360664401 70.41214979980509 -137.4368994037645 0.5972063105998577 -0.24280002990049995 0.7631845944254185 -0.04406861572289276
1758727500.55139 35.62939254906269 70.43260730625374 -137.57737023083195 0.6136709746955182 -0.24737928507933032 0.7488948467111118 -0.03698557420714426
1758727501.418027 34.71211256006488 70.43736747250001 -137.74948027709664 0.6342424356318647 -0.2359565346320009 0.7356393070830615 -0.02993086170778518
1758727502.417997 33.65205832463674 70.40752762935175 -137.92576890217052 0.6485790548933403 -0.2180600340934668 0.7284351967628414 -0.03431027837103523
1758727503.217967 32.823996378179814 70.40939112636669 -138.10317472923114 0.615169573458085 -0.23054422761377352 0.7536043848313373 -0.022275236662003133
1758727504.151308 32.030277061836344 70.41588800292011 -138.36794213679573 0.5914679927056382 -0.23125733875433324 0.7720174636144347 -0.025974848437704333
1758727505.417918 31.269055797720124 70.41622890324807 -138.5985581455475 0.5931576611338016 -0.2254451332712135 0.7722070194652432 -0.03216830755896835
1758727506.551213 30.582184469796722 70.42497522207022 -138.8017206545123 0.5903648368064845 -0.22780045944713087 0.7740227696220642 -0.021565301869388962
1758727507.617833 29.844242090864604 70.44649296840701 -138.97665156698883 0.6110576405678989 -0.22224184923306953 0.7595938462111145 -0.015307160130600307
1758727508.684483 29.08261812206863 70.40347299887534 -139.19105132200667 0.6151266221441395 -0.21279611692247963 0.7586062245734067 -0.029217244749246998
1758727509.951104 28.19815644011328 70.40133647957863 -139.47209411795023 0.5750165270054098 -0.21291676499817205 0.789505200511565 -0.026532682083483364
1758727511.084443 27.536123842403565 70.41570911613725 -139.69610466240536 0.5820990892955453 -0.2244942223781718 0.7813756589538695 -0.01466539991008286
1758727512.217708 26.803993427552196 70.40895572009065 -139.93783694847343 0.5969635271102604 -0.217220165006301 0.772070189896721 -0.018909497284537793
1758727513.284373 26.181908845087165 70.42466897414998 -140.12189968088697 0.5984740626947413 -0.21922951800811333 0.7703862070076452 -0.016501720151395803
1758727514.551035 25.521695423968453 70.37265254070901 -140.231037623347 0.616431410130794 -0.19712010110101727 0.762055110253049 -0.020687950195684687
1758727515.950949 24.760282391735178 70.37538976317917 -140.4194022098963 0.6211305532378748 -0.2129290235435422 0.7540997341460195 -0.013844050278290084
1758727516.684304 24.2448598415409 70.36864619839955 -140.5141862042502 0.6253184884578731 -0.2116644198520474 0.7509719740167211 -0.014698829983571488
1758727517.617583 23.57750323371883 70.34399625613463 -140.64040726745924 0.6404045293395579 -0.20709976777720943 0.739438124541242 -0.014932681036434163
1758727518.617559 22.798911397416042 70.31171840299449 -140.77724305919952 0.6432356330423256 -0.20095693608644338 0.7386354732948248 -0.016788919379099713
1758727519.484214 22.02765767019561 70.27178877225404 -140.89461410049623 0.6482984860323946 -0.19250307224243315 0.7364661431478936 -0.01640914934406773
1758727520.084212 21.38503327344418 70.2521939292431 -141.0138722141681 0.6511770257041051 -0.19776005665146615 0.7325507814444712 -0.015125931160056736
1758727520.617527 20.79128429406525 70.2189504378104 -141.08479896388786 0.6520983555600407 -0.19707855829512344 0.7319604207631534 -0.012716877463978139
1758727521.084304 20.333009095454855 70.18932349118845 -141.1522965974154 0.6552078020782165 -0.19002926039080154 0.7309348463766709 -0.01805177673998258
1758727521.684123 19.69956884471506 70.17141947957447 -141.22840908883597 0.656629839077182 -0.18927888991578876 0.729838215075388 -0.018626220263179623
1758727522.818392 18.64277877348899 70.13288645321926 -141.37883505455227 0.6579596020890859 -0.1894792633490031 0.7286071889286005 -0.017841945551246807
1758727523.95076 17.648625910451145 70.06129318786981 -141.4781060474251 0.660923804289955 -0.18495472482951317 0.7269585410647834 -0.022422182299989307
1758727524.95077 16.613436782620592 70.02722923416341 -141.60959088878576 0.6607749162087478 -0.1958433449748086 0.7245798974042468 -0.002422109834764367
1758727525.817377 15.673621935034907 69.96031163409685 -141.7176903755126 0.6640699151614503 -0.18035871189905936 0.7255402361269794 -0.008558538449018648
1758727526.417389 14.97537590635958 69.89337748886494 -141.79892713950366 0.6676557160602982 -0.17737123720016 0.7228757892896235 -0.015029380725736365
1758727527.150707 14.129059719899384 69.81881141667704 -141.88666158323016 0.6713480204331471 -0.17861203452837687 0.7189097840944862 -0.023628349822785062
1758727527.617359 13.59148789191727 69.77059264426886 -141.93439706926463 0.6776625883755643 -0.1786134787495842 0.7129766137969787 -0.023129844437349858
1758727528.350649 12.723152105660615 69.69930133227885 -142.01745070066548 0.6842505065494284 -0.18663888568058956 0.7044251300455334 -0.027430034617036483
1758727529.217323 11.73272691860176 69.66959999264525 -142.09476009941898 0.6908808483405274 -0.21421481364864173 0.6902497544584044 -0.01873348552361342
1758727529.817296 11.03983057311872 69.65628815045777 -142.1236666859053 0.6921295999094649 -0.21771108340058226 0.6880839350642296 -0.009949844231649485
1758727530.417365 10.354824041184006 69.64931974734047 -142.0966828458036 0.7052927546353095 -0.21723654660144298 0.6747550304300615 0.008721352472125481
1758727530.88395 9.804252828188359 69.6208707743612 -142.06441338529382 0.7213135376080487 -0.209643689774544 0.6600640479943419 0.008470911780903739
1758727531.684087 9.024615693349427 69.54655985450798 -141.8924461315462 0.7756637610605387 -0.18750026195819014 0.6026513130477724 -0.0008811497179086485
1758727532.283911 8.380587363488102 69.47671431838249 -141.740898606266 0.7836722564692401 -0.18359726276398983 0.5934130423052284 0.00328645219546508
1758727533.083894 7.539147601765227 69.36215334826136 -141.52100137368083 0.7913153397273527 -0.17026624984450348 0.5872179744769703 -0.0021184256507264802
1758727533.550573 7.016768967010637 69.28935293932251 -141.3444104181468 0.808009277880682 -0.1628328406099665 0.566217293167206 0.0021094539649741495
1758727534.283822 6.366668534680984 69.1363662085817 -141.0231036920873 0.8448549704304277 -0.1389647903372255 0.5166140914149556 -0.004329727131355551
1758727535.150505 5.610338966788869 68.944664867639 -140.5674264785234 0.8638837414044069 -0.12466884169565456 0.4880028294245588 0.00397488628923197
1758727535.883787 4.935863384537652 68.76319018868037 -140.13028690936895 0.8704615541741793 -0.1057385475367578 0.4807164117623762 0.00527007891729447
1758727536.350481 4.492537209130365 68.64081082227435 -139.82846606980743 0.8741461566520807 -0.0954315664382538 0.47611030299067286 0.008960598398916919
1758727537.21712 3.651569636350568 68.40474765843165 -139.27641631592581 0.8825280388138672 -0.09162666852385744 0.46117274768389566 0.00827714420885304
1758727537.95041 2.9889667900819274 68.19647891654304 -138.80346203366022 0.8871088006563141 -0.08142216681971039 0.4542904478025046 0.005347483884881508
1758727539.017106 2.0541988665431448 67.88753346783953 -138.152916564221 0.8958176373118161 -0.09023571157737882 0.4349174805539407 -0.01466499730010658
1758727539.550505 1.571009030049848 67.7415791964224 -137.77726633862255 0.8989841504286677 -0.09553590924302578 0.427415502258746 -0.004046696437691787
1758727540.283686 0.9610491754790411 67.53873732030186 -137.2814733149527 0.902473094020194 -0.09395348425409542 0.42037415798702693 0.0007903561422379141
1758727541.017031 0.4338011663426764 67.3142489553432 -136.74253164484213 0.9239365511424908 -0.07183667131685796 0.37557087678442186 -0.01128089661390571
1758727541.950312 -0.24187060369467725 67.00779194472848 -135.98242567525688 0.9342856476361844 -0.06811964003631966 0.3498343181698508 -0.009273246087181063
1758727542.483786 -0.6519692660610816 66.83412239132653 -135.52638644380463 0.9370718115244284 -0.06883009298851141 0.34225737657777944 -0.004327415350403383
1758727543.217156 -1.2069860382136752 66.59208365416853 -134.91020749170988 0.9324277763050206 -0.0681528836312878 0.35479877450409725 -0.007173286415961068
1758727543.816985 -1.6908846131651847 66.40159158918684 -134.40149472408123 0.9314938968181422 -0.07373066119306798 0.35619229082915127 0.003156223133198981
1758727544.750291 -2.4053873668892187 66.10300018665025 -133.6279277793055 0.9332844652330159 -0.07008562709824467 0.35222393357976706 -0.002532280111942566
1758727545.750257 -3.165195655839864 65.77559954451017 -132.76837037008136 0.9353504885239284 -0.06642687397610987 0.34742823645355525 -0.0007446788454026113
1758727546.350208 -3.64921488752216 65.57628989955339 -132.24530582465835 0.9363501191883681 -0.06655720180633597 0.34469815908056617 -0.0013312813782423243
1758727546.816883 -3.9771064749655287 65.41422111732938 -131.8121501637447 0.9426507187921097 -0.05808550762255301 0.32867463844869066 -0.0029458794224488448
1758727547.550201 -4.4588448505997595 65.15633165361669 -131.14301341432477 0.9508276167542399 -0.050564081999260053 0.3055105970326567 -0.005778575064331668
1758727548.283484 -4.90323344714692 64.88251518776791 -130.4837221643978 0.9529965505090204 -0.046832834958620166 0.2990698137616513 -0.012708531945816814
1758727548.750308 -5.221530244621861 64.71241523454523 -130.03395212872957 0.9536353129161195 -0.047276232839161055 0.29716207155534696 -0.006273037290437229
1758727549.41681 -5.634897672399459 64.46258278862761 -129.43230900557697 0.954507990491495 -0.03883369444059753 0.29559860981308883 -0.005282247679885437
1758727549.883502 -5.920745432776817 64.28820646049166 -128.98785641325105 0.9557077254945995 -0.03754787740516245 0.29177965450585164 -0.008805313665733441
1758727550.483468 -6.307636096399843 64.05228148182019 -128.40370981957054 0.9575132211061236 -0.03874419289206964 0.28560453890420445 -0.009867435403122961
1758727551.083441 -6.690384156091079 63.84245610492354 -127.80721668892556 0.9579299827865764 -0.04048279600568168 0.2841000542801991 0.0042954003375212406
1758727551.7501 -7.118891946621155 63.60433333261587 -127.13792493666654 0.9580660589846158 -0.034990701032967766 0.28432210543142733 0.006783644002197051
1758727552.483405 -7.571634642260075 63.342889036162475 -126.42299540224663 0.959682731268664 -0.03174209469257721 0.2792420247191867 0.005038487865800179
1758727552.95007 -7.840053569727912 63.16817381481591 -125.97958987055468 0.9600561436076507 -0.027339607644694543 0.27846417815744073 0.0015647549780365175
1758727553.483404 -8.171907235199106 62.96859207114162 -125.45743793138634 0.9611967519260683 -0.029861268651127267 0.2742423462464243 -0.000494213089329544
1758727554.083336 -8.545173595617028 62.763025813731424 -124.8566292767438 0.9631201480050183 -0.036634696501232474 0.2665655141786309 0.0005533260668956122
1758727554.550005 -8.845706238463023 62.60534963710761 -124.36580921073195 0.9643845388344547 -0.04731572628524071 0.26006669955480594 0.00943372067779624
1758727555.016688 -9.135585181652234 62.4620024913626 -123.874298974165 0.9649012538572825 -0.05456747067401434 0.2565103273946502 0.013799035791459647
1758727555.549998 -9.457988049404346 62.2702160425784 -123.33904872786535 0.9657351477463688 -0.05139418594903141 0.25429445458429534 0.00697082675234944
1758727556.016672 -9.702074265114694 62.08876627880439 -122.90336213398227 0.9668382573142933 -0.04287879243010221 0.2515734477557688 -0.009797639382641998
1758727556.616611 -10.014574878171134 61.86911155982422 -122.3333074979041 0.9671145686913672 -0.040445286819686066 0.2507254185715645 -0.013796893893105903
1758727557.216613 -10.349761992331253 61.64638705200946 -121.72398005626745 0.9674985766405132 -0.04154012110556223 0.24924721608811384 -0.009836046433470962
1758727557.683294 -10.626535997497424 61.47398610034287 -121.24327989066492 0.9668651431285791 -0.03742877065887087 0.25252850563975066 -0.00048576668529201096
1758727558.21702 -10.924513557049739 61.25444866933221 -120.70619575614236 0.9693092839340106 -0.03566546042954182 0.2430430684691337 -0.00987693681220923
1758727558.683345 -11.162259249331239 61.1200238674073 -120.19852958799845 0.9714022904947321 -0.027469821713669497 0.23559597296656573 0.01084142234877992
1758727559.349922 -11.500984017984527 60.8703425883791 -119.5367164450844 0.9730471773064165 -0.02325803969826911 0.2294085137172789 -0.003160404948444536
1758727560.283186 -11.954441587879064 60.55157972008086 -118.5552981525808 0.9733222827469534 -0.02153760512901882 0.22830893528321808 0.007409152678230427
1758727561.016512 -12.301058173124424 60.296752692137645 -117.81481037009937 0.9735189711373374 -0.014698172135344417 0.22783513734814842 0.01165876327617857
1758727561.749847 -12.695777194595875 60.04570416073016 -117.01603844676805 0.9743188248777337 -0.02115819206973099 0.22322278489783784 0.02065784837939707
1758727562.416458 -12.998801580709818 59.82427091778735 -116.38047658184443 0.9748481101317271 -0.021313898111024927 0.22156600939859988 0.011197472888658487
1758727562.883291 -13.218251129241672 59.65547660601951 -115.89117089966712 0.9750397719141017 -0.01929384540725679 0.22108608852176617 0.00679206722899684
1758727563.416465 -13.473568090380448 59.458092313327064 -115.33451373634493 0.9753964257029609 -0.016499893101580083 0.21981805211428648 0.003096807744358227
1758727563.816466 -13.656925398152314 59.315439160111886 -114.9125648668311 0.9754343893824489 -0.015049189761364868 0.21974005696687932 0.00394731070579978
1758727564.549772 -14.013401301719568 59.040272409082334 -114.17018123110306 0.9757395952334932 -0.014922421379077613 0.21842428973794017 0.0006271253786064185
1758727564.949753 -14.194338802317597 58.887950494278684 -113.77307396960705 0.9762335977663501 -0.0155604750799665 0.21614150959633505 -0.0029465296318148537
1758727565.683104 -14.566138661086672 58.623733401820985 -113.04714698169764 0.9721234801181847 -0.024796796361479703 0.2331545743447867 5.249017212997668e-05
1758727566.149748 -14.785684916187634 58.45526480084117 -112.58663543512719 0.97253446405232 -0.023093515161964975 0.23160889631381917 -0.0008514318676376296
1758727566.683036 -15.047461989504527 58.259695002834604 -112.04812687143912 0.9715883639331878 -0.01952583443985374 0.23586249083768476 0.0019178829218503535
1758727567.283046 -15.340660305121958 58.04433458826302 -111.45115803868339 0.9718069296415387 -0.01733849066705739 0.23513668490192316 -0.001186446546397064
1758727567.749693 -15.601590161138999 57.85406078095089 -110.98186508687328 0.9687918484415539 -0.021638212327745286 0.2468042838762768 -0.007860510210864646
1758727568.549647 -16.05191272781424 57.59977850104714 -110.42489152603576 0.9516925589303072 -0.04253251432740609 0.3033524356653103 -0.021202789382446765
1758727569.216577 -16.487465277513824 57.36565436748722 -109.93385881751027 0.9422360170278189 -0.05578965012410751 0.32907271761258133 -0.028106043436454894
1758727570.083024 -17.047316710836522 57.058501724384406 -109.30313136335121 0.9376314288600504 -0.05951129270724072 0.3408614778659693 -0.03345388708656911
1758727570.682917 -17.47278638110204 56.84603386845956 -108.85509849781725 0.9358210637145804 -0.06385652771072067 0.3452950445110036 -0.03053871007402582
1758727571.34989 -17.91735444218348 56.61209177772199 -108.39405984408207 0.9323486273887455 -0.06837424463012742 0.3531519172084556 -0.036533861684383946
1758727571.949595 -18.366912745640683 56.39173140160516 -107.95704045540181 0.9275458026187502 -0.0797592071350153 0.3631301160322202 -0.037865178620449295
1758727572.61622 -18.892650251018463 56.17626805300822 -107.5782551456879 0.9085549189736037 -0.10127704672602829 0.4025202724162907 -0.04741676190164457
1758727573.417325 -19.544516601206684 55.98165086069999 -107.23845449708571 0.8768305513824063 -0.12823960162962497 0.46050913281378286 -0.051518223294269
1758727574.549484 -20.41924060310858 55.730280415376235 -106.84542492217619 0.8533654540457166 -0.14463011945247878 0.497798422208441 -0.05519294552111119
1758727575.149509 -20.931281824908822 55.62214967417657 -106.72142009589425 0.8181169186142869 -0.16369599410248148 0.5478528840540297 -0.06120086948358422
1758727576.153439 -21.783618446608674 55.45240878378834 -106.62730840551424 0.7670762137908852 -0.1757368365984872 0.6131596960353031 -0.0688900112969339
1758727577.082782 -22.61309610487126 55.28973846534034 -106.581530937935 0.7341543188729726 -0.1758836597557457 0.6517411250855737 -0.07291008286428989
1758727578.14958 -23.50258145310226 55.228875005829174 -106.77954500626157 0.6470789191753539 -0.21018845938158523 0.7295913559225142 -0.06932631004747727
1758727579.01606 -24.18324955353597 55.23966014319695 -106.99992674508653 0.6010118342006224 -0.23320683849034204 0.7622809523023056 -0.057680979440654645
1758727580.216077 -25.048902214344373 55.24731107320483 -107.32411751234469 0.572611955691736 -0.24613094448804396 0.7792807979383981 -0.06524219745534816
1758727581.149334 -25.79287009612023 55.23271822121377 -107.67771735995967 0.5609479673132787 -0.22961526137189345 0.7906453787886876 -0.08656843947022871
1758727582.149341 -26.56929999572712 55.15110159777934 -107.99132447609489 0.5799419359647319 -0.20390569824604557 0.7812358036145107 -0.10844554524304321
1758727582.749281 -27.01690764315944 55.066657405720775 -108.18960587840655 0.5769177836275708 -0.18500907814212653 0.7857329252955984 -0.12474486781296311
1758727583.68264 -27.814384103817435 54.941450853779365 -108.53082484464477 0.5793416272844629 -0.19508487711055394 0.779746203831394 -0.13528128927786173
1758727584.549236 -28.627630369841714 54.7893696872961 -108.91927223402271 0.5723988756282351 -0.18807502747867708 0.7846936831943214 -0.14575024793583385
1758727585.149541 -29.197312622485935 54.68826447317427 -109.18210001522733 0.5628438020301356 -0.1882762073395956 0.7924187460837189 -0.1408241993450909
1758727585.882576 -29.880329004634337 54.57051229262879 -109.51113104155918 0.5550594702315162 -0.19010644385432993 0.7984553849962612 -0.135046372338694
1758727586.615853 -30.64385904608494 54.532358533375316 -109.83500866246357 0.5509494573474223 -0.22528343026960604 0.7975806637901506 -0.09781184101428285
1758727587.349187 -31.4406733638212 54.515943425833356 -110.1930494951503 0.5482020439723825 -0.23137218484699387 0.7996730024852006 -0.0804022397693927
1758727588.082536 -32.1757024894533 54.5122517181071 -110.52431373923477 0.5460045148461219 -0.23882827452147787 0.7991806268119008 -0.07842480975611096
1758727588.815789 -32.785466688182105 54.53278239750642 -110.85693164729868 0.5146766420202832 -0.24590407994900804 0.8173384498927792 -0.0812218932925483
1758727589.482469 -33.280006857404885 54.57642993046702 -111.21723202616877 0.46146706101277146 -0.2567314691107809 0.8456097260262063 -0.07798266229322602
1758727590.282489 -33.793956268247896 54.67085088178545 -111.709085493105 0.39226419862229306 -0.27780723999623747 0.8742336677896876 -0.06831859181711246
1758727591.215927 -34.253210678621215 54.82781489035312 -112.37419183206366 0.30262168127855704 -0.29154064068967234 0.9047417006521881 -0.06976122094245056
1758727592.082466 -34.66252765253799 55.000322896107136 -112.99515579230713 0.2703919157751331 -0.2988546838505644 0.9129309806403394 -0.06427374589286483
1758727592.949034 -34.94971802282238 55.19778635770259 -113.69886516497958 0.19848043781287963 -0.30436047244062975 0.9297177587672156 -0.05995921659085914
1758727593.749043 -35.22621489530191 55.40369562549258 -114.40512885700063 0.17353758253111587 -0.3060500032311076 0.9343044777874984 -0.05738680822040278
1758727594.549082 -35.4919277360421 55.637873636784406 -115.1728442479146 0.15383047079932793 -0.3094938738580211 0.9367255103055606 -0.05563314336615679
1758727595.349235 -35.73327233091898 55.904436573246144 -116.00311711037727 0.13325298705218183 -0.3148698904817108 0.9380372471191666 -0.05645100997149833
1758727596.082329 -35.922223428789444 56.133169666170865 -116.75510575668326 0.10563998901417322 -0.3150192270329481 0.9416189400546106 -0.05437693491804238
1758727596.54899 -36.015653625799594 56.29537821378385 -117.23911210575204 0.08726359737043105 -0.31653853368350754 0.9430170088087348 -0.05391977712206121
1758727597.08232 -36.094216445582255 56.481197652322095 -117.81070763436674 0.06798914199387696 -0.31538093667528266 0.9448043877029096 -0.05707022279689931
1758727597.748937 -36.18293417913852 56.71395908994193 -118.50163213211819 0.05404964476928193 -0.32055995728095094 0.9437729688067641 -0.060104351240289386
1758727598.349101 -36.2485973899769 56.925489888911336 -119.11084861273153 0.04098447527060167 -0.32490331898696667 0.9428091983548713 -0.06220065590885685
1758727598.94891 -36.31521211975072 57.104690468389684 -119.64872165541158 0.055289359167153294 -0.3179815651955669 0.9442203180885447 -0.0654125512988943
1758727599.548908 -36.44342365557553 57.278238476083075 -120.19026562273223 0.08378230063708936 -0.31765526951602346 0.9421844030727917 -0.06606214086014636
1758727600.14894 -36.599975537554535 57.46049732032801 -120.76710056317421 0.1236095298951419 -0.31519790081163496 0.9385940610895319 -0.0664240613821575
1758727600.948833 -36.885464657338844 57.66878603331725 -121.49794812348613 0.15871751876175577 -0.3073662927423461 0.9361616707928255 -0.0627378471285357
1758727601.615502 -37.14827708405348 57.884318039632134 -122.1824538166715 0.161066502971778 -0.31242954944727547 0.934481836065568 -0.056471730238586315
1758727602.148983 -37.2920148629094 58.048125859721104 -122.70586582332612 0.1305684835250434 -0.3142291342123181 0.938599747018527 -0.05694240264428971
1758727602.815454 -37.44582186666722 58.253796021155935 -123.3552708639704 0.11100809149016282 -0.3112962775592864 0.9419077418562856 -0.059846779634634056
1758727603.415454 -37.583379807565535 58.44688854483944 -123.97145181010877 0.08998085821593085 -0.315868714749713 0.9427470244533164 -0.057952118869864205
1758727604.282991 -37.7202524951924 58.720217784911725 -124.85217914012598 0.0641104547573978 -0.31279899138128775 0.9458353652266376 -0.05866943384967758
1758727604.882067 -37.797381671020325 58.92907689913487 -125.47843673341562 0.05944682552607571 -0.3158917967254931 0.9450571369917253 -0.05954372777560593
1758727605.482077 -37.88118107439065 59.13752517653095 -126.12506768107797 0.05465869775867827 -0.31649487862994174 0.9451867540232468 -0.05886780596677856
1758727606.08207 -37.970131351158116 59.34540619756069 -126.76621165842478 0.06102807168345592 -0.3142806850143378 0.9454097334588607 -0.06085771417629356
1758727606.748691 -38.11256568333418 59.55660931726453 -127.4433683727048 0.08313968753435044 -0.31162011532596684 0.9444747539660955 -0.06283418815903637
1758727607.41537 -38.25100475771955 59.76832063980736 -128.1172608741952 0.0873359612856098 -0.311720057723526 0.9439292966424945 -0.0648114065513598
1758727608.082033 -38.37874249291508 59.98391361801198 -128.80644147844018 0.08768181338843371 -0.3086994530644527 0.9448821367942726 -0.06491760043095447
1758727608.881964 -38.5471676654091 60.23348983483102 -129.6306208574536 0.08572196660826907 -0.3091804902461424 0.9448388259512106 -0.06586927862899242
1758727609.482222 -38.67051315423749 60.431488307473614 -130.25150785746888 0.08438989435102921 -0.30775975871154876 0.945358684081127 -0.06677750430819858
1758727610.281984 -38.834706776893896 60.692304315900316 -131.10123708186472 0.08291135095082545 -0.3104484757265504 0.9444712618467993 -0.06871307989084033
1758727611.015272 -38.978037854585516 60.90782255130765 -131.82881398367593 0.08200630480550113 -0.3106132156690369 0.9444555637277647 -0.06926820603680874
1758727611.681945 -39.11786831283782 61.122410111648996 -132.51599804748483 0.0924272567199478 -0.3110841660801651 0.9432600878137272 -0.07031536508525464
1758727612.348579 -39.28557434705604 61.32103778936615 -133.1969461120168 0.11005235876092395 -0.3059369233248104 0.9429700685882737 -0.071403970648222
1758727612.948524 -39.44468737077402 61.50846792989413 -133.80429951105498 0.10899385307466977 -0.3084534947691122 0.9424754494562158 -0.06867902684927044
1758727613.681901 -39.640159427725465 61.734352258096706 -134.58113132468168 0.1096661311348865 -0.30751416002484233 0.9428459379940141 -0.06670770775786912
1758727614.415655 -39.85088873627882 61.96166742917029 -135.38033659590147 0.11276672875971508 -0.30351131380978114 0.9436847592535791 -0.06799722366985368
1758727615.14848 -40.04705509030647 62.19685080375497 -136.16815933796735 0.11549608335077029 -0.3041877727005968 0.9429829059950139 -0.07009773656317833
1758727615.948486 -40.26308380531724 62.43041938184995 -137.01057674965793 0.11609077089064258 -0.30073878274800936 0.9442537120467948 -0.06681350725048787
1758727616.548475 -40.41183693996285 62.628590510565935 -137.6096905275278 0.11045128379500095 -0.3073839206369869 0.9424982223944272 -0.07080070638924323
1758727617.081768 -40.51740297900658 62.78556490368674 -138.17781802288326 0.09590403371785615 -0.304538792372954 0.9446566022168328 -0.0753819881988774
1758727617.815102 -40.6452544852422 63.0208937666105 -138.9293116816279 0.07382515819580229 -0.3071056891201721 0.9455964805232321 -0.07799511362556973
1758727618.481774 -40.71391295080594 63.23138050234755 -139.63118907262086 0.05120826937676707 -0.30699815914458173 0.9469278644819104 -0.0803583405565563
1758727619.081716 -40.74565286548491 63.42923382709142 -140.27664366033252 0.027695571352047012 -0.30764485504010114 0.9474843435166478 -0.08283125790223138
1758727619.885767 -40.76599098737981 63.699820210225155 -141.14238841704153 0.007981242060587956 -0.3076905991643163 0.9477289856354463 -0.08409854188678006
1758727620.481707 -40.86851018679181 63.88765807284895 -141.77628572031037 0.0682955720179171 -0.3033716217998353 0.9467192380847653 -0.08380965439306381
1758727621.281707 -41.09363583044683 64.11472277770355 -142.6189077407988 0.10836637115029907 -0.2982699096071076 0.9446710377424521 -0.08299651244047611
1758727621.881672 -41.24411767157611 64.29262290914372 -143.25753612841632 0.11036008892434296 -0.2986676466190711 0.9443304071517024 -0.08281527494573057
1758727622.681669 -41.467232557110385 64.52585122150148 -144.13144951553514 0.11155719671489246 -0.29995438402000135 0.9438783167504773 -0.08170729793954777
1758727623.281633 -41.64143326517889 64.70916251308083 -144.79905422233568 0.11219256728670889 -0.3011729311200294 0.9434647142641291 -0.08112968842965336
1758727624.081628 -41.87234578029028 64.93533917847444 -145.64590028737862 0.11112588172243086 -0.2984257511757866 0.9443577723119493 -0.08234990783596735
1758727624.681633 -42.037539604624826 65.10809524072779 -146.28136984233382 0.1103124403987085 -0.2986387222263466 0.9445020423903095 -0.08100599361053579
1758727625.414904 -42.23975235163621 65.31305717474547 -147.05480377787538 0.10826385024411048 -0.2959834636132936 0.9458637240345719 -0.0775534883370841
1758727626.081557 -42.415461459700296 65.5217703194377 -147.77717837275264 0.10745364467119795 -0.2975376855358373 0.9456989799978045 -0.07468921718672084
1758727626.681557 -42.57050208914899 65.68288286377579 -148.39660860333788 0.10637138525279428 -0.2964843439488387 0.9461232789769777 -0.0750526693094937
1758727627.481517 -42.78833304308992 65.9179716590069 -149.2712949588988 0.10610913590958886 -0.2971351861721248 0.9461905386116951 -0.07193745239225233
1758727628.081509 -42.949997856436866 66.08299110262152 -149.89054022050735 0.10571734342484981 -0.29381274441243455 0.9474798799714141 -0.06913603669129727
1758727628.748191 -43.12194535798844 66.27832276625148 -150.61132616018952 0.10770452791858667 -0.29216842847254576 0.9479182264524395 -0.06699537319083135
1758727629.548133 -43.35610343196083 66.49674939994621 -151.44508980216906 0.10724473131944927 -0.2926785982017654 0.9480352518749391 -0.0637727760199393
1758727630.348121 -43.5725927440555 66.72691315274574 -152.30257153206452 0.1054126482717643 -0.2926070721901006 0.9484614832783232 -0.060746107909508094
1758727630.814793 -43.69205258091803 66.85301062541059 -152.80032100565967 0.10547610737164138 -0.29052401397847155 0.9491689310231318 -0.05957288356264185
1758727631.748108 -43.93194450150159 67.12357516878951 -153.80756427091362 0.10455619364315386 -0.2899669267628692 0.9496995724374758 -0.055298335116237364
1758727632.548081 -44.15046184398579 67.35035828410054 -154.65680673716946 0.10605956396205256 -0.29246809477985514 0.9488190217664455 -0.054371374473949685
1758727633.281379 -44.351184962988135 67.56260272835337 -155.452799355144 0.10467243815476902 -0.28951494622963886 0.9499319163182318 -0.05342406723899951
1758727633.948044 -44.53494054553785 67.74490338510388 -156.14313524016256 0.10291532613524017 -0.2894778094524409 0.9503322919959477 -0.04979526353803452
1758727634.681751 -44.717005546011556 67.94740680251712 -156.91949498854297 0.10199887473995041 -0.28764557434511084 0.9511540787968744 -0.046499155901204146
1758727635.214642 -44.85785747497345 68.09817594563626 -157.50437110227767 0.10201178914767592 -0.28867678924838974 0.9508298931953595 -0.04670996071751827
1758727636.081336 -45.068903958291514 68.33909026981348 -158.40533658281538 0.10270100227321759 -0.29060223223855386 0.9501793011670726 -0.04649884282108166
1758727636.481301 -45.17500314887407 68.44073356078032 -158.82498208052988 0.10151509914724745 -0.29096546694908293 0.9501236652929347 -0.04794582712338836
1758727637.081329 -45.29651893272221 68.60227157200943 -159.44860314068526 0.08097915702962742 -0.28924353186372276 0.9525996264135229 -0.04831673787195515
1758727637.881276 -45.42362761476935 68.83229751852453 -160.2556006183617 0.06772283948414831 -0.29616100877485374 0.9513748807967178 -0.05087347130574178
1758727638.2146 -45.48725323224474 68.92338235177918 -160.62158940038123 0.06540032637271495 -0.29217466735041014 0.9527184219254448 -0.0518109022591725
1758727638.881262 -45.59509199590362 69.105539677251 -161.33160073199718 0.06044922648207477 -0.2898395838397763 0.9537020151598996 -0.05283344525251722
1758727639.481212 -45.696241230142334 69.26053286600052 -161.92589105798172 0.05872206658665773 -0.292118354100469 0.9531316597389211 -0.05252261700215259
1758727640.281272 -45.80437308301538 69.45089369263026 -162.69868299913455 0.05391695256727055 -0.28579001116605335 0.9553531306352729 -0.052128950967278063
1758727640.614623 -45.87631461116717 69.53648759872202 -163.04652406701598 0.06675122152115306 -0.285062169385099 0.9548234313284654 -0.05095143763457965
1758727641.347839 -46.02526561295039 69.74353156779722 -163.8038350375494 0.07663152051829301 -0.2915849282296099 0.9522147053467731 -0.04891824418093715
1758727641.947809 -46.140906737459034 69.90428031356316 -164.4411875535959 0.0763880353780904 -0.2881372130873309 0.9533195415457117 -0.048204420880408896
1758727642.614742 -46.268973621256215 70.0750714807103 -165.13411702748945 0.07659036576978633 -0.28441252973332326 0.9543949254493069 -0.04872119742528921
1758727643.347808 -46.400607061707866 70.28612586715677 -165.9070913005639 0.07949462569684837 -0.29042536412553605 0.9522264943371471 -0.050974658804694116
1758727643.881143 -46.510441235922876 70.44149438210833 -166.4967135894527 0.07949733565383303 -0.2896391985924054 0.9524488842968525 -0.05128772820443267
1758727644.614439 -46.6574223528097 70.62251579403954 -167.233282977629 0.07975729841164853 -0.28391574508150585 0.954317068061831 -0.04805784692179942
1758727645.21446 -46.78330203010171 70.78510096775534 -167.89178295170274 0.07841514515249474 -0.287571360305026 0.9534874813094554 -0.04489321473431121
1758727645.881066 -46.908761557030935 70.95878738807542 -168.57089137085183 0.07452494418205068 -0.2848059161298169 0.9547435580546848 -0.04238350133245844
1758727646.482045 -47.03132252275836 71.11790929901076 -169.22575606173544 0.07426722259538258 -0.2863689041705379 0.9541723849719773 -0.04508092866192722
1758727647.214404 -47.18018608668265 71.31523545876958 -170.0313238015201 0.07654757072132592 -0.28394529295673687 0.9542526030973427 -0.05401397510202248
1758727647.747671 -47.28175209121115 71.45888330394985 -170.58030851886167 0.07553172153073986 -0.2843319193273465 0.954136138444284 -0.0554486069154146
1758727648.3477 -47.39246336307805 71.61314822527908 -171.1919301989328 0.07617271221111495 -0.28770152605364047 0.9528977358374425 -0.05840766094173507
1758727649.014348 -47.499360739936954 71.77818760401226 -171.86246744759765 0.07489748731086504 -0.2839370266788273 0.9538873874554307 -0.0622011521497708
1758727649.747642 -47.643131813959656 71.9786581435601 -172.62947678375582 0.07317861370867357 -0.2874159593962862 0.9529177212571575 -0.0631250607449647
1758727650.414516 -47.76948766978988 72.16372073319397 -173.33719332148667 0.07305003020567712 -0.2923710967128442 0.951398305990943 -0.06343578052993817
1758727651.014289 -47.8766538310249 72.31698102769035 -173.95177161197208 0.07101876693936086 -0.28690509585908397 0.9531520341212542 -0.06436614454057508
1758727651.747602 -47.98915308604551 72.51386396648526 -174.72120391546684 0.07221259570064445 -0.29190151493249916 0.951392821634762 -0.06656234328907647
1758727652.280915 -48.08670116815479 72.6564481833376 -175.30360245937734 0.07070069783115915 -0.2892136881236277 0.9524918229614292 -0.064157471269755
1758727652.947567 -48.196659869525924 72.81339357087538 -175.97520698020938 0.06350887253582023 -0.27989886810774695 0.9557681208345168 -0.06426932345752077
1758727653.614204 -48.26663803500684 73.00358899185618 -176.67335539386764 0.04866123271638244 -0.2860198659404568 0.9548186205387164 -0.0643903920664256
1758727654.347519 -48.34787163566666 73.1852506300375 -177.42891489181923 0.04214546492396077 -0.27953559904828296 0.9572939107128589 -0.06059684119772164
1758727655.014175 -48.42920163510417 73.37494333829031 -178.1586305583215 0.04304924658822285 -0.2873014891506686 0.9549383405105629 -0.06080610596746633
1758727655.614172 -48.47374349959334 73.53216215550076 -178.80507432501986 0.03720710977372382 -0.2834853679948415 0.9560779430002176 -0.064549547044017
1758727656.280823 -48.539341848768714 73.70247488804442 -179.51385068650364 0.03555414073026728 -0.2781743990797329 0.9577387958333704 -0.0639633154957401
1758727657.01413 -48.60348028294476 73.89413000331713 -180.30726697365247 0.032165876864300856 -0.2790207184714776 0.9572557694971192 -0.06909549040052745
1758727657.680758 -48.6474783661249 74.0664764693152 -181.00984116223893 0.03004435826146808 -0.2774768899228566 0.9575793757559208 -0.07173319470298584
1758727658.280769 -48.68905277616224 74.22284051185396 -181.6604475480862 0.027353828784188645 -0.2772312950276191 0.9577882349992909 -0.07096671054161656
1758727659.014087 -48.73792671565291 74.42228397704461 -182.46012751863998 0.021971895050440716 -0.28193924629518397 0.9566666754834383 -0.0694000666128056
1758727659.680739 -48.76886139547625 74.58850666756226 -183.17367200071337 0.01750734521177993 -0.27590165733455424 0.9588317249377302 -0.06491141345417391
1758727660.347375 -48.81899902530121 74.78525132145795 -183.921814295984 0.013410518518481202 -0.2878377262467826 0.9554927161015578 -0.06327140601421362
1758727661.014045 -48.84495758382711 74.97676878515405 -184.6383070968924 0.010497966459938007 -0.2907774657417158 0.9544388359714271 -0.06621756947018356
1758727661.680944 -48.860619884271586 75.14221122314663 -185.3543581755747 0.007445420774996279 -0.27919687715123587 0.9576772668174177 -0.06962702147587248
1758727662.347334 -48.87428461984717 75.32062786116228 -186.0741783329643 0.0026631470175961574 -0.2803281438055077 0.9575310156104337 -0.06740470000357884
1758727663.080651 -48.942244070498546 75.50991577993263 -186.87868870888462 0.029182585498870716 -0.27593891564530054 0.9580682082719639 -0.07149405454053835
1758727663.813973 -49.02006877865943 75.70056364429861 -187.68202914492818 0.03568954196154659 -0.2776307608333976 0.9573103256793327 -0.07214123357258145
1758727664.480611 -49.067158318739274 75.87548746129079 -188.40620282076412 0.03590639530023218 -0.2762926403032743 0.957367022414194 -0.07629870303333477
1758727665.147281 -49.138804463612544 76.04576379277891 -189.12208530404993 0.03739727640773802 -0.2783706491886648 0.9564234801971322 -0.07978315558543848
1758727665.880572 -49.21947062557021 76.22314183446382 -189.9027875200087 0.03756331925920597 -0.27724128230796397 0.9563792095820712 -0.08405400591072053
1758727666.547242 -49.2629012036801 76.39457872735838 -190.6188229058819 0.037103912690863806 -0.2770300728399792 0.9562166662883332 -0.0867601608904175
1758727667.280553 -49.33706300106925 76.57481107331942 -191.39233915267192 0.033952498777061905 -0.2796272181442822 0.956065541814575 -0.08120668971511262
1758727668.013864 -49.39021101564789 76.7416327936732 -192.1519706531513 0.030869251172373862 -0.2737285004202924 0.9581286978088789 -0.07816134482451606
1758727668.68052 -49.453530247870894 76.89756664566416 -192.83642525235533 0.029986906482113735 -0.27503846078926236 0.9578828712212833 -0.07690926827877498
1758727669.347159 -49.507644142244736 77.0642690734559 -193.52096333673026 0.02937691997979873 -0.275431421258675 0.957753945466425 -0.07734279991972798
1758727669.947144 -49.56566749777615 77.19816941107156 -194.13580670082632 0.032528254904469964 -0.27358138214558597 0.9583976891435525 -0.07462579594536417
1758727670.613958 -49.6199239120609 77.37500886039925 -194.8676990994724 0.033495115218379105 -0.27602471360872644 0.9577739458246204 -0.07319496863354247
1758727671.347223 -49.69160439667844 77.54258522410673 -195.64518040614675 0.034119515633129614 -0.27000998676752425 0.9594664298657022 -0.07317537604635738
1758727671.680536 -49.72244063141543 77.64082324101922 -196.0367997294422 0.03496791311380011 -0.2741964074366926 0.9581474357714027 -0.07447863133787236
1758727672.213739 -49.74949328071875 77.75859419873142 -196.59577042379686 0.03378418093668245 -0.2684545223480978 0.9594717041970288 -0.0787708537121538
1758727672.94707 -49.8227067266797 77.93739506922027 -197.39380754340726 0.03339558931875087 -0.2724129036671813 0.9583568837232743 -0.07891785571011625
1758727673.613734 -49.89102383815691 78.08198442862953 -198.1113431816548 0.032216430197236356 -0.26609537407542444 0.9604945327948284 -0.07487059497727358
1758727674.080412 -49.917423963200115 78.2055671269015 -198.60077019634497 0.029359343847860805 -0.2700913244979769 0.9596608128525052 -0.07238666752255335
1758727674.813687 -49.98132543492502 78.37387070657103 -199.3798267717778 0.029863015935605718 -0.2689055901142883 0.9601928951319781 -0.06948084644408244
1758727675.280367 -50.026308117485954 78.49670587289057 -199.9048065925372 0.03158527666569142 -0.2697480346820124 0.9598878845771194 -0.06966790599125498
1758727676.013645 -50.09602777546982 78.65271369898367 -200.66941648423168 0.030470904285116177 -0.267051520787793 0.9608308178477667 -0.06752146851902761
1758727676.613695 -50.154872691663655 78.79977294680275 -201.32345400773116 0.029740814340893446 -0.27007584676140756 0.9601104336201104 -0.06604904399196716
1758727677.080297 -50.19457656962977 78.9065429414583 -201.8082209485808 0.028684294274255864 -0.27061516445592876 0.9602824591149429 -0.06166232840751516
1758727677.813597 -50.25591788524724 79.06537824506323 -202.55812179085794 0.028081060965607182 -0.2671412195964914 0.9615031359951999 -0.05795465709450054
1758727678.613621 -50.26566300500891 79.24987423667555 -203.37947347926314 -7.447559293722434e-05 -0.2686117734461944 0.9613352340798058 -0.060681771037119206
1758727679.213649 -50.26903924166565 79.38984904906734 -203.99099662677924 0.0006439305210189013 -0.2659288970383502 0.9619832138611014 -0.06220693950771818
1758727679.813574 -50.26979694994679 79.52836416175546 -204.61789293967726 -0.0019431058977522461 -0.2642429979912918 0.9624022630704876 -0.06287882305552625
1758727680.413662 -50.27283133305198 79.66067863847834 -205.25155926015836 -0.0031067758247879072 -0.2677835929177142 0.961261514135909 -0.06525792479993704
1758727681.346883 -50.24548193236123 79.89477039174942 -206.19441060958002 -0.021675022466662766 -0.2668008363951208 0.9612730346957477 -0.06558704038727046
1758727681.680214 -50.21496022063489 79.99769612238019 -206.55967577212897 -0.032353550430231706 -0.2778465746076814 0.9573324481889542 -0.07258865199106397
1758727682.013493 -50.19102748062816 80.07473353314035 -206.9038984580932 -0.04761680845588428 -0.2743950801249228 0.9580586167614971 -0.06755491399417006
1758727682.813494 -50.101921929588826 80.2658674949338 -207.72292950782818 -0.059228758688304635 -0.2730466055635954 0.9576417102891066 -0.06971269646912051
1758727683.213485 -50.04128520384835 80.36585746314293 -208.1538984738651 -0.06423912619973308 -0.2682226165610268 0.9586908336094437 -0.06958339014075833
1758727683.746978 -49.98463092033219 80.50049454704293 -208.6912181661981 -0.07105090091320461 -0.27162666928379964 0.9578979477283158 -0.060018695013239226
1758727684.146769 -49.939864453024676 80.60209623256262 -209.11228261358997 -0.07388856972707003 -0.28062585016410063 0.955042321079774 -0.06069412187289263
1758727684.480126 -49.88716600023437 80.69031069512181 -209.46441120933426 -0.07357397728551208 -0.2725038570154316 0.9571065002476089 -0.06538856904595744
1758727685.280096 -49.74528405590303 80.91021331974089 -210.30410443240598 -0.07048148064730321 -0.27206487243076827 0.9573473895420528 -0.06707489703317142
1758727685.546774 -49.72986390451099 80.97373206912339 -210.5791721597856 -0.07416235134359336 -0.2718486619758619 0.957464054662633 -0.06213561502160801
1758727686.413407 -49.59882150920684 81.18160907366887 -211.46898431848783 -0.07434995095521821 -0.26688073712688587 0.9584230890785309 -0.06835158567826351
1758727686.813385 -49.53018902694211 81.3073294648283 -211.91387081156745 -0.07835483494033432 -0.27546700995744994 0.9557486390267264 -0.0672531431617548
1758727687.213394 -49.45668717701344 81.4153927727133 -212.33186998258375 -0.0801293087005073 -0.2742146192391125 0.9555640007395094 -0.07268477814116289
1758727687.680053 -49.39259570476594 81.53783151400407 -212.81195970004867 -0.07557499635910682 -0.27370698364588364 0.9559928119750182 -0.0738285207822184
1758727688.08003 -49.354749018376346 81.64338732108313 -213.25189391412684 -0.05158422074359789 -0.27320564440729783 0.9577921407216251 -0.07302026572230325
1758727688.413348 -49.32587811607299 81.73482899294984 -213.61059741618706 -0.048689056782929875 -0.27338328977023085 0.9576708381418279 -0.07587831308564913
1758727689.146681 -49.27280295575998 81.91547354041249 -214.39028987863108 -0.048776460151120644 -0.26716546822476905 0.9594594339943268 -0.07537283358513361
1758727689.880009 -49.21113254181936 82.11034141735263 -215.18165760583784 -0.04821289263978544 -0.2708530895835164 0.9586620342788337 -0.07267203642899006
1758727690.546613 -49.1720341545538 82.26330906988144 -215.85470964416874 -0.04812484198603663 -0.2684182296840356 0.9593159338141697 -0.07313407336771842
1758727691.146658 -49.105559998119304 82.42125552810849 -216.48698403547783 -0.04865338865443837 -0.26937981551844004 0.9590259474227697 -0.07305200157114336
1758727691.746607 -49.03069133768183 82.5770035888363 -217.09156887908887 -0.048770115647056037 -0.26938686041376836 0.9590843676911629 -0.07217597180937639
1758727692.279931 -48.98140894242666 82.70277365156369 -217.66165776219893 -0.04891745993029258 -0.26481622740907046 0.960376701303974 -0.0718055666873628
1758727693.013235 -48.89234281195096 82.87957636504832 -218.41811532704142 -0.04849672668981261 -0.2660285222902873 0.9597527343094687 -0.07583918389538417
1758727693.679887 -48.84950102635428 83.04743266019106 -219.12173984528548 -0.047921094800791486 -0.2692717864246333 0.9586857657153766 -0.07821685447205429
1758727694.279854 -48.79523300311729 83.20892176088911 -219.79381452446145 -0.04957307598463194 -0.26880774322004225 0.9588180592329049 -0.07715462793128754
1758727695.013213 -48.732272573107096 83.38118573935701 -220.54791702273684 -0.05015327573279772 -0.2685978003124565 0.9589514930398515 -0.07584131194289462
1758727695.613288 -48.6601595865433 83.51693546050059 -221.15869494714963 -0.05120165665192154 -0.26249016268646824 0.9606010559386507 -0.07564995821862223
1758727696.21314 -48.60600789401249 83.65656545090677 -221.74985071953785 -0.05136117265623108 -0.2673668614924686 0.9594233694440156 -0.07337431078883033
1758727696.946475 -48.53155581844737 83.83587104790902 -222.5366626626731 -0.06802978959351988 -0.2661966926388143 0.9588785098749886 -0.07115667119771331
1758727697.279818 -48.4539815667189 83.91102514234089 -222.88025625196593 -0.08251612923184984 -0.2612341920546081 0.9590015534556002 -0.07255209016916221
1758727697.879788 -48.33483997532807 84.06167155587947 -223.4990743098378 -0.09011647929136242 -0.2629947846541127 0.9577723433719986 -0.07338188929549842
1758727698.613088 -48.19418538059683 84.24207112995796 -224.2580005001271 -0.09740807849259975 -0.2643877158198428 0.9568286254872422 -0.07134271803162766
1758727699.346421 -48.035685303401 84.41337096053377 -225.03780400035896 -0.10256025527138046 -0.26416854783366095 0.9564198166618784 -0.07040956377214065
1758727700.079734 -47.866349316248716 84.59563391646222 -225.79126104712952 -0.105253605912569 -0.2639449917868938 0.9559885676902399 -0.0730792597019281
1758727700.813035 -47.69702728797477 84.7691642841984 -226.53245203752502 -0.11321713162632178 -0.26510875491331404 0.9550109053625765 -0.0696663463457957
1758727701.54639 -47.5091413574702 84.95799269357374 -227.33167108101634 -0.11977559897807198 -0.2644585167800369 0.9546732764976498 -0.06568435074802002
1758727702.279669 -47.32780042951985 85.14020990323665 -228.07454317831719 -0.12448632565499164 -0.2628936437532542 0.9543995740985954 -0.06716799654207443
1758727703.279652 -47.09468822544754 85.38830726644089 -229.09220450099158 -0.12853596010562923 -0.2642669461154483 0.9533683951460823 -0.06877638611560069
1758727703.746329 -46.960812111982115 85.51096431029295 -229.59503291202773 -0.131407928737617 -0.2657294211979754 0.9525036243371576 -0.06968986008923615
1758727704.212937 -46.82784542410308 85.63251697006133 -230.09941792125394 -0.13489445781000406 -0.265974159666901 0.9521170353580419 -0.06733782460582033
1758727704.67962 -46.6854154110409 85.75528962887633 -230.60921504574344 -0.1380915287091015 -0.26666088798056176 0.951545139840424 -0.06621591475068177
1758727705.146272 -46.554240428350894 85.88492369765017 -231.10961851016066 -0.13207052574586978 -0.2664898616480028 0.9525399868486246 -0.06486989534799731
1758727705.612958 -46.4146593216141 86.00348614140111 -231.64126690888548 -0.13496904975098312 -0.26671330883462846 0.952051808148813 -0.06515152416004266
1758727706.079618 -46.27152746619451 86.12685410429113 -232.14835791219028 -0.13809480391565054 -0.26630322337817935 0.9518481919324772 -0.06322529450120147
1758727706.546236 -46.13774610942089 86.24465619881852 -232.63429271837506 -0.14070109180311924 -0.265324099861953 0.9518216278292981 -0.061983171863336614
1758727707.079593 -45.97325172974283 86.38460260161067 -233.213723876607 -0.14375767015113056 -0.26741885959098843 0.9508250291785362 -0.0612588744216683
1758727707.612901 -45.8462497831172 86.5080539550009 -233.75863775329887 -0.12216223376277452 -0.26568269380591913 0.9543063868030556 -0.06155010122669466
1758727708.079541 -45.74290602271935 86.62053620134544 -234.22685091190624 -0.1182097658549968 -0.2657828662599327 0.9548078300002224 -0.06105675252933029
1758727708.412831 -45.65695616981567 86.71704629511486 -234.61409191931622 -0.11816353231238358 -0.26705278767028695 0.9544254462008483 -0.06158129483293025
1758727709.54619 -45.37309238534573 86.99797400453977 -235.80404842558656 -0.11771855909089374 -0.2653034383057176 0.9552491023391195 -0.05705768089428846
1758727710.012845 -45.264628906013336 87.11964313693679 -236.31067093092076 -0.11644504172648479 -0.2647810567739753 0.9555517396796722 -0.05702996603651468
1758727710.546122 -45.14197065747569 87.24509968085994 -236.8763608967354 -0.11576860721286662 -0.2643585917181045 0.9558503336839771 -0.055338089640348614
1758727711.012793 -45.03181842662111 87.37131767672595 -237.3850798305338 -0.11520186923343884 -0.2660541342029512 0.9554735449049523 -0.05490020023099891
1758727711.546229 -44.89794966679057 87.5040010331578 -237.92323213801455 -0.1156391921873554 -0.2660638114549811 0.9554494937101269 -0.05434970499796864
1758727712.012807 -44.78809929227765 87.6146664954778 -238.40409887133936 -0.11682429810047196 -0.2652847107846751 0.9555518518920151 -0.05382159364942547
1758727712.412737 -44.69754426848961 87.71939674578867 -238.8332997354028 -0.11660900164310958 -0.2670366936667026 0.9550370721471382 -0.054753408989530926
1758727712.813038 -44.606807904161634 87.8219901911401 -239.26293797627451 -0.1155346566253381 -0.2674280802004572 0.9551495922346919 -0.053133995639935476
1758727713.146081 -44.52598852058201 87.90273175008753 -239.62985050589856 -0.11519618123493802 -0.2634030234732939 0.9562421863723444 -0.0543099259422549
1758727713.879492 -44.363187432621025 88.09317082836779 -240.4160711363423 -0.11583030851716458 -0.2667886461391788 0.9552706997840489 -0.053526143650893816
1758727714.54607 -44.198239287712894 88.2575083820068 -241.10704092405706 -0.11667580080840594 -0.26505860512109164 0.9556919869558601 -0.05275906960266286
1758727715.412712 -43.99503906327241 88.45639138160465 -241.96188701977735 -0.11592645809667065 -0.2627372542582168 0.956415699955495 -0.05290747032938305
1758727715.812697 -43.90630263978249 88.55821736323495 -242.38695270280812 -0.11673841078249518 -0.2676191204511603 0.9548795967736349 -0.054379274382298254
1758727716.212656 -43.81697585571459 88.65987361433771 -242.8070325913042 -0.11671725687373087 -0.26729583801633644 0.9550232909205456 -0.05348392960793805
1758727716.946002 -43.64912571086173 88.84208428643882 -243.5779922245313 -0.11708754724560828 -0.26730737635266644 0.9550743425081037 -0.05167468539018795
1758727717.81265 -43.42014557874193 89.06292789902525 -244.52279955456848 -0.11793310353783173 -0.26691479751384606 0.9552419291761446 -0.048591467377670665
1758727718.212627 -43.325121058036565 89.16549257520555 -244.96639047892975 -0.11874290079983735 -0.26710031042338306 0.9551788189098755 -0.046807815451136804
1758727719.079276 -43.10790979194528 89.41440484753137 -245.93692444970017 -0.11994246814246338 -0.27288920234639624 0.9534368261052426 -0.045863996827610755
1758727719.412587 -43.018072107817574 89.50076995822569 -246.32654103540602 -0.12173232681039296 -0.26819110456141537 0.9546945287094829 -0.04258085127887731
1758727719.812592 -42.896329882673264 89.61340487461042 -246.78796329454866 -0.12327709328173785 -0.26788714619045784 0.9545055324606705 -0.04425408094074234
1758727720.345902 -42.75028437382574 89.75784257467781 -247.38924581660874 -0.12244696670295424 -0.26663587851119863 0.9549667003304867 -0.044166162338482806
1758727720.679226 -42.649500551339116 89.85931561679264 -247.7706181630157 -0.13253940068886158 -0.2717555941875219 0.9522650426215358 -0.0421128590080164
1758727721.14589 -42.47182631974054 89.9954255028922 -248.28900756401598 -0.1556741395081824 -0.2728314608054482 0.9484027312361489 -0.04313717268163397
1758727721.612564 -42.31417417105681 90.12735935681727 -248.81598109709373 -0.15447545554711664 -0.27180968336739236 0.9490674404328877 -0.039087378671326695
1758727722.01254 -42.1741965551101 90.23596321327663 -249.26156097866567 -0.15709860895392933 -0.26934656968036635 0.9494322107022052 -0.036754996222056094
1758727722.479166 -42.0031862210574 90.36515625062461 -249.7801201683768 -0.15874430730157596 -0.2698730903873747 0.9489967643600374 -0.03706617350482912
1758727722.812504 -41.887002253580235 90.45761098350276 -250.1525338910079 -0.15995892571623682 -0.2698768920926396 0.9488091880549393 -0.036615978215147484
1758727723.345841 -41.706409955873426 90.59592882999976 -250.7366003548518 -0.16202455739375282 -0.2691360956304041 0.9487234618980296 -0.03517950645473539
1758727723.679162 -41.585493867673485 90.68377484322289 -251.10298924085953 -0.1621010648036153 -0.2701484390152476 0.9483772512641081 -0.03638206937344319
1758727724.145811 -41.411354372265926 90.8097709651372 -251.59639606299868 -0.16387989791954394 -0.27022072136757436 0.9480143001355221 -0.037323284153777406
1758727724.545768 -41.27126750604134 90.91714622118678 -252.02767051752505 -0.1644852662129403 -0.2696438275472516 0.9480516361126489 -0.03788005713638405
1758727725.012443 -41.100925334524476 91.04364060771705 -252.5346910426883 -0.16635472445736632 -0.27202077675144304 0.9470072627881542 -0.03883357944798587
1758727725.412477 -40.94600673446638 91.15683966708899 -252.96989686358603 -0.16753704269989225 -0.27258226450065903 0.9466317670889358 -0.03896852500603612
1758727725.879115 -40.81540380474232 91.27368444483957 -253.4470857124719 -0.15186074564977833 -0.2720942028149489 0.9494508808271167 -0.0380274061934676
1758727726.279084 -40.706586231882746 91.37770668774559 -253.86671807514142 -0.1438638496578012 -0.2713235780149514 0.9509358530515135 -0.03751949034825126
1758727726.67905 -40.58646194902657 91.47535907907952 -254.26732918350285 -0.14345683729081926 -0.27164844760922335 0.9508562466904004 -0.03872537767225528
1758727727.479051 -40.362263621443816 91.66944288967082 -255.07061711484474 -0.14262892990343445 -0.2745378149179357 0.9502777317239889 -0.035471243623491765
1758727728.012452 -40.206337777871866 91.808366694794 -255.62072160458666 -0.14228938770442892 -0.27296022061219066 0.950822370101446 -0.03439867184517348
1758727728.41233 -40.0988995780082 91.91875624637167 -256.06055697939297 -0.1413869925985923 -0.2748279712470648 0.9504440479619475 -0.033695938002305616
1758727728.74567 -39.99609062041185 92.01212872175628 -256.42404578843184 -0.142078073257464 -0.27596128435546874 0.950072337172065 -0.03196474271344716
1758727729.479009 -39.78622445886737 92.21557248541966 -257.1881437668045 -0.14057943078831453 -0.274343399065355 0.9508426870884538 -0.029517917252230356
1758727730.212691 -39.56538167351077 92.42132978093892 -257.96349351808186 -0.14064089138476404 -0.27762924015178564 0.9498950884348659 -0.029008027346914524
1758727730.945616 -39.35725487183813 92.61044954440969 -258.7154607089646 -0.13952751032943347 -0.2768273862972619 0.9503910075116648 -0.025604782718451832
1758727731.678981 -39.158542491666516 92.80718841541102 -259.48367350034954 -0.14035546516988986 -0.2795928963550254 0.9495226151119261 -0.023129182773300106
1758727732.412239 -38.94305063498 93.01653468610368 -260.2500424203484 -0.14087392116670644 -0.27839019319385755 0.94979795078186 -0.023179546138413467
1758727733.145573 -38.737719245379786 93.20642889291695 -260.99015444880786 -0.14135094317176472 -0.27806500298837594 0.9498075063444058 -0.023779526264176436
1758727733.878918 -38.53574136513976 93.38670396988364 -261.72662562225685 -0.14194612267110412 -0.27518022272204445 0.9505123731895387 -0.025561136415989574
1758727734.612855 -38.31807363601555 93.57984967998314 -262.48089186751105 -0.1404347350981385 -0.276176319407753 0.9504623956246613 -0.025019198223208944
1758727735.412192 -38.09233108196568 93.78149426929694 -263.28960879640863 -0.14110443162090544 -0.2760051236438861 0.9504244816217845 -0.02457673357520433
1758727735.81219 -37.97546817679309 93.88824234323339 -263.7049634166538 -0.14146422634763006 -0.27649141892320545 0.950259201807822 -0.023405497329900334
1758727736.145526 -37.88125056152602 93.97914358986198 -264.05296758181953 -0.14276639841551592 -0.27810051500353744 0.9495732600951929 -0.024258663409520608
1758727737.078791 -37.610420454141405 94.20928571430048 -264.977422443582 -0.14392480117052997 -0.27247053125192294 0.9511098175033589 -0.020870463723782384
1758727737.412138 -37.517464640700055 94.2938517948493 -265.32376810250787 -0.14432005686862207 -0.2743205745652923 0.9504779644841274 -0.022618191477555928
1758727737.81226 -37.400572474653906 94.3966565708964 -265.7315191581601 -0.1449406823027167 -0.2754744145287726 0.9500995802618668 -0.02041649186019534
1758727738.54543 -37.18180823261416 94.58384266786034 -266.4842412325107 -0.14568687728607832 -0.27792414552036526 0.9493535596240908 -0.016165455529426477
1758727739.412095 -36.937331430740755 94.81251001081249 -267.40108593025485 -0.14728172371080453 -0.27800188271099485 0.9491483000240646 -0.011855447327907689
1758727739.745416 -36.83375873547993 94.91621508547776 -267.7726163072626 -0.14712933206414827 -0.2798115437509224 0.948653299664286 -0.01074135308728608
1758727740.61204 -36.58145712867467 95.13406639679664 -268.6265946311503 -0.14611072140929524 -0.2781280444434076 0.9493428611635542 -0.006676821185107922
1758727741.012035 -36.465416530600685 95.24994573591992 -269.04150952184534 -0.14496132487385294 -0.28014054422811396 0.9489265520554779 -0.006774110605514761
1758727741.878697 -36.2234434355413 95.46176750021998 -269.87996039390237 -0.14295522818897483 -0.2780928320354619 0.9498365296370548 -0.006224666334109498
1758727742.212047 -36.12878701857914 95.5485815455265 -270.2277735507013 -0.14262107381805314 -0.27846068789832373 0.9497825548099043 -0.005654482907287528
1758727743.078646 -35.8875264677384 95.77594758920851 -271.16564911722423 -0.14058375018953723 -0.2824366919864654 0.9489115061071407 -0.005716448186255647
1758727743.545715 -35.769648695495285 95.92031263145357 -271.66815153027704 -0.13859269266251978 -0.28516611871695646 0.9483954053269417 -0.0043017939519739675
1758727743.878649 -35.664785941164 96.02129277184655 -272.0521787187101 -0.13721749910846157 -0.2845496067492075 0.9487509955838793 -0.008627144132813524
1758727744.345334 -35.53054118909589 96.15478199625457 -272.56220764925905 -0.13586126275378588 -0.28315654412576524 0.949343622252679 -0.010525003081385481
1758727744.745267 -35.407147222139784 96.2627905054482 -273.0022671426381 -0.13498468209160938 -0.27694134903291207 0.951284910626382 -0.011817089786163094
1758727745.211973 -35.27367225819201 96.40713218438032 -273.5346865551842 -0.13414086880904524 -0.2849904084058498 0.9490072608227532 -0.01311157265610094
1758727745.545269 -35.17825859884636 96.51171386584055 -273.9231631687193 -0.1342345585846484 -0.28524096592456183 0.9489507674590967 -0.010541137452803922
1758727746.078607 -35.02293471015857 96.66993291497121 -274.5071725863945 -0.13388878699142145 -0.28237886485451114 0.9498442235408046 -0.011485660956579184
1758727746.478636 -34.90184599332231 96.78252668931545 -274.9531617922686 -0.13426920511291793 -0.27784636078047525 0.9510851914078566 -0.014496173428594388
1758727746.94526 -34.77111883657022 96.91274239601704 -275.4650086105917 -0.13343236966634442 -0.27852891965101434 0.9509780866659131 -0.016066185748388213
1758727747.278584 -34.66700130127304 97.02386865725194 -275.8474464077229 -0.132985468489466 -0.2820050627555194 0.9499748645949128 -0.018323929403106662
1758727747.811889 -34.482767885151624 97.18741922289988 -276.4297199612625 -0.15854526911260944 -0.285473734501902 0.9449594238402721 -0.020489798608300427
1758727748.145256 -34.33604145206675 97.27951221624596 -276.77637704094303 -0.1842629589653956 -0.2820791428886388 0.9412927846339975 -0.021128480695562144
1758727748.611855 -34.14236662466972 97.41480328994822 -277.2806402184168 -0.1828928993333628 -0.28298786283722394 0.9412769280407077 -0.021582437269806104
1758727748.945177 -34.010203804494644 97.50296623687483 -277.61958845810807 -0.18526008279116016 -0.2822558442876098 0.9410268598645857 -0.021881250035103033
1758727749.345179 -33.864234612747175 97.61788904615199 -278.0164183725802 -0.18125273166422434 -0.2832168256610988 0.941530358392052 -0.021360270429976395
1758727750.211859 -33.56383886546134 97.85159396971164 -278.8963648009317 -0.16321760380714692 -0.2843948298499576 0.9444753507205219 -0.021116496949400636
1758727750.545181 -33.4457998894619 97.9518760686041 -279.2532932474556 -0.16245967192883204 -0.2859093626022658 0.9441347203445017 -0.021732952241968594
1758727751.278583 -33.1973718532985 98.15048039369921 -280.0086154009871 -0.16215427046213235 -0.2816097706200451 0.9454753297642292 -0.021870767463473197
1758727752.078456 -32.93078545733981 98.37227998398642 -280.7915167517296 -0.1618509556340317 -0.2845078014341704 0.9446033312889252 -0.024168690517080725
1758727752.278456 -32.856778749381306 98.43682858304996 -280.99930524376697 -0.16099130903466202 -0.28405791863421265 0.9448467412472692 -0.025642402986476496
1758727753.011754 -32.608976420942525 98.62194206123905 -281.7299151373757 -0.16026556386888738 -0.2797929626260115 0.9461797413846467 -0.027834225263690518
1758727753.745082 -32.37208604123883 98.8205908503018 -282.4672085349077 -0.15907891514998967 -0.2840997385657193 0.9450136979684495 -0.030501605754265075
1758727754.478412 -32.13387787968564 99.03383549678098 -283.23118562970876 -0.1590507010071137 -0.28656297849776563 0.9443397708114878 -0.028406533180618948
1758727755.211691 -31.918954280480612 99.24134692083561 -283.9685828765774 -0.14504839782138496 -0.2849694842563306 0.9470863320486155 -0.02794342460812226
1758727756.011693 -31.71485861936767 99.4569843249872 -284.78584776332 -0.13928179586912443 -0.28135335706502235 0.9490657723638737 -0.026740036183171383
1758727756.412302 -31.59567438439787 99.58810972155477 -285.225686281081 -0.13952801806821982 -0.28598364394410236 0.9476524737685632 -0.02645895936597395
1758727756.878729 -31.426852759928884 99.71720278634047 -285.7079888196077 -0.167587987695125 -0.2827624201804971 0.9440913002451101 -0.025520519498315807
1758727757.344979 -31.247483713301317 99.8542268680287 -286.196496826538 -0.1703725755568143 -0.28234321906432347 0.9437150498462916 -0.02563975117165559
1758727757.74498 -31.10952424577379 99.97708550529052 -286.6114206455443 -0.17251668055193317 -0.2849282733797172 0.9425267945874213 -0.026402943869129718
1758727758.21166 -30.93596671265631 100.10797650539132 -287.08512789258145 -0.17318042716436283 -0.2833781069134394 0.9428138351482662 -0.028415848084159572
1758727758.678238 -30.757934137168817 100.23741759699364 -287.57244089944606 -0.17401058546893042 -0.2805994680537959 0.9434894092919075 -0.02849542466246638
1758727759.078262 -30.599776785414416 100.35856970120365 -288.012925458283 -0.1761068258995654 -0.28167578646554703 0.942688944250055 -0.03134791188121474
1758727759.544922 -30.42169608228232 100.49262080689485 -288.5162585409073 -0.17829353754262586 -0.2822869302046036 0.9420539145413671 -0.03255649863673967
1758727760.011599 -30.2465128154416 100.61074689601415 -288.95254974990985 -0.18122586889181508 -0.2802641435248967 0.9419842508592507 -0.03570525776127308
1758727760.344919 -30.124094645812185 100.70301659400023 -289.26782410920157 -0.18314539805828634 -0.28138504830008054 0.9412786832120145 -0.03570235697946888
1758727761.146396 -29.87884987941274 100.87362894029535 -289.8883667689342 -0.18593771574345805 -0.2780530277965551 0.9417175241445276 -0.03580201553508164
1758727761.878201 -29.70442540831542 101.01568142761838 -290.41159552480536 -0.17132525529862566 -0.279370051464633 0.9441423998590175 -0.03457108661821504
1758727762.878143 -29.441083846208848 101.22670685935667 -291.20599957158504 -0.16806998879135338 -0.27736428950992587 0.9452745689417711 -0.035742398972051455
1758727763.478163 -29.24443398714957 101.38100872250189 -291.8089158488871 -0.1661859401702257 -0.2775313123790644 0.9455673656105842 -0.03551001311112501
1758727764.211491 -28.976072163466327 101.60631192638145 -292.609856153577 -0.16632512455413972 -0.2819016111988605 0.9442642565624628 -0.03510624337743479
1758727764.878096 -28.742790055259825 101.79796037464283 -293.3497676181524 -0.15558310133010722 -0.27912453012296584 0.9469860677441602 -0.0331780463950462
1758727765.47811 -28.55045799349701 101.97077299867979 -293.99661015030523 -0.14449733408584725 -0.2791539999684483 0.9486868706575866 -0.03444976321564757
1758727766.078115 -28.370193948054432 102.14140112912781 -294.65172222947893 -0.14019422591057332 -0.27688748388602386 0.9500165410546824 -0.03387435624626368
1758727766.678112 -28.19515958791684 102.30919795531067 -295.3054794498993 -0.13752333135365324 -0.2799902126299271 0.9494509657104854 -0.03515221011925179
1758727767.411401 -27.97311072000689 102.52069180696132 -296.14314356327964 -0.13610039028971246 -0.2765108816529884 0.9506803912267286 -0.035002997406923336
1758727768.21146 -27.739715301948678 102.74863429673732 -297.0220545463524 -0.13307085599621574 -0.2761259656861872 0.9512493713214999 -0.034223265752351954
1758727768.611396 -27.6358164859846 102.85376949675586 -297.4380627071623 -0.13198654993617248 -0.27825642981336746 0.9507850273540297 -0.034069658977771665
1758727769.278005 -27.452873146774756 103.04828691707944 -298.18461020379834 -0.1331119871558107 -0.27695990121207786 0.9510562933273844 -0.032654845251566
1758727770.011352 -27.238966646162954 103.26501559108544 -298.97189289968446 -0.1327474924023323 -0.27692909335486937 0.9511157716218616 -0.032667560158265024
1758727770.744677 -27.02887146997281 103.4836217707509 -299.7708312026828 -0.13233850395341626 -0.2788907465939211 0.9505999446177114 -0.03265298039170593
1758727771.478372 -26.815468514984772 103.67409654919508 -300.53136169811194 -0.1320758436686289 -0.2773300356264177 0.9510549124934061 -0.03374279598417243
1758727772.211303 -26.631626316821965 103.86499269880551 -301.3038942925865 -0.13180018307270894 -0.27634830891404094 0.9515230183404462 -0.029398460344671598
1758727772.811337 -26.463227217030184 104.0296794807551 -301.91235377746057 -0.13367271447651938 -0.2765637630938637 0.9511506706561932 -0.03092720579221424
1758727773.611268 -26.238943944592997 104.24747842429034 -302.7431321989818 -0.13146973615292012 -0.2779424359264377 0.9510529367299285 -0.03101648472245245
1758727773.877913 -26.166512889797424 104.32037000759496 -303.0492430617158 -0.13208448141312032 -0.2767101668092775 0.9513140975895458 -0.031411161735868935
1758727774.611459 -25.97969528856694 104.50140380590894 -303.8076997369988 -0.1292639508970241 -0.27587458375979335 0.9519392644486242 -0.03155442654945528
1758727775.344529 -25.779530922225785 104.70173956581955 -304.61928160927715 -0.12870477720196202 -0.2772255068830665 0.9516025018554454 -0.03215240459557201
1758727776.078396 -25.582783872301057 104.90261435667853 -305.3983330246376 -0.12817960411923252 -0.2797421364360143 0.9509565497177493 -0.0315589407136025
1758727776.811391 -25.384756961728662 105.10345954907918 -306.1716297565832 -0.13383353610787121 -0.27633242486382914 0.9510501171319645 -0.03510911968443632
1758727777.411146 -25.228592536435045 105.2551875012262 -306.81395927666136 -0.13778214384232762 -0.27246958433977986 0.9516970509632924 -0.03239027069495007
1758727777.944477 -25.06755357195813 105.39963615376166 -307.42926976622994 -0.13844447177863892 -0.2714959151655702 0.9519348378286703 -0.03071092330826739
1758727778.544781 -24.878566371409995 105.56065055318969 -308.0923976404588 -0.13831973516404927 -0.27499938869353774 0.9508826867776052 -0.03263591685444795
1758727779.144431 -24.69228035154538 105.73544589599986 -308.75461859313685 -0.14012043968435536 -0.27787684006568936 0.949775171531809 -0.032830590605302364
1758727779.877749 -24.476651135564925 105.92523516372611 -309.53653651533483 -0.14125637871965285 -0.2713916344558745 0.9515299498373158 -0.03136830854500115
1758727780.478537 -24.297355668926315 106.08999450680015 -310.1873858739907 -0.1442963911672467 -0.2750684871912174 0.9500292817229168 -0.030987783390922938
1758727781.211026 -24.069863787151363 106.28929585663792 -310.97631741117004 -0.14556071930029307 -0.2745608534203294 0.9499561095642746 -0.03180887717901445
1758727781.944372 -23.83853111342052 106.47887834503068 -311.7848673195065 -0.1467954274188438 -0.2736344183971294 0.9500293356169651 -0.03193069095042576
1758727782.677708 -23.60886164036914 106.68622161429614 -312.5947542011427 -0.14732822512997074 -0.27464654551706325 0.9496351907109011 -0.03250651748599079
1758727783.410981 -23.365579547940683 106.88673233385464 -313.40908684115 -0.14777525865862037 -0.272678842512917 0.9500419606415398 -0.035057022043701376
1758727784.144473 -23.13017585289956 107.08342167835228 -314.1855828017824 -0.1485878624410198 -0.2717356289131724 0.9501948621640649 -0.034801135489877656
1758727784.877668 -22.8944090770572 107.27112143263915 -314.9648101812817 -0.1487391635851074 -0.27142457252054697 0.9503273297963014 -0.03291396193521639
1758727785.810972 -22.599172189936354 107.50497929431243 -315.9125057651607 -0.15086201299255125 -0.2718940133722014 0.9499199429968157 -0.03108698160193298
1758727786.144259 -22.488001343134133 107.59387774807352 -316.2610936861124 -0.15168414539561056 -0.27268983766760313 0.9495772761693293 -0.03058053386154033
1758727786.877597 -22.24726138837623 107.78880191686767 -317.0356556364084 -0.15218023839439052 -0.27354455388488635 0.9491697406556463 -0.03303567020416404
1758727787.67755 -22.012030051928473 107.98119178090846 -317.8104901892239 -0.15334131420949354 -0.26974005557830266 0.9500377548276902 -0.03398541120953785
1758727788.010889 -21.909025646689173 108.06543644930932 -318.15283667315606 -0.15312049773571426 -0.26947547731231686 0.9501962674294688 -0.03262106165610583
1758727788.810947 -21.66678484373991 108.26018859062407 -318.94312624379387 -0.15243282143193032 -0.27220232898130114 0.9495670315172446 -0.0315052329460497
1758727789.010874 -21.603152542466933 108.305541581054 -319.15599866065 -0.15291144548299196 -0.26953618139852153 0.9502736369494333 -0.03079531906478051
1758727789.544163 -21.449089676876024 108.4365642812848 -319.6988786172451 -0.1532172493738423 -0.2678781295238405 0.9508207949605139 -0.026563096351494172
1758727790.277491 -21.229179706836746 108.62010676184964 -320.4417643157624 -0.15280913303723137 -0.26943916588630296 0.9504794516221919 -0.025312384140580062
1758727790.877507 -21.049489315560315 108.77348749162493 -321.0402843265493 -0.15343623946762597 -0.2742784546640388 0.948955510738866 -0.026684983857559234
1758727791.477481 -20.851084329074617 108.93120528131773 -321.66802316790995 -0.15520413755969864 -0.2686448270207285 0.9502811127452706 -0.026597732214672903
1758727792.210776 -20.62131858333812 109.10875794855149 -322.40782837956834 -0.15598921626408052 -0.2708186533026358 0.9495654792653192 -0.025495529417704634
1758727792.810974 -20.415985522092388 109.2655083907315 -323.0234779980367 -0.1575127570863923 -0.27251688547111425 0.9487439266246317 -0.0284471471512023
1758727793.544061 -20.190871657222342 109.43600611574416 -323.7631694864419 -0.15941976743101932 -0.2682078055202743 0.949659361996068 -0.028231312110128404
1758727794.210726 -19.969006541467316 109.61693609232933 -324.46455857473387 -0.15956206912553628 -0.27489570700714755 0.9477077607466716 -0.02867571421861155
1758727794.810726 -19.809075350742898 109.75271811324596 -325.0540301918073 -0.15046454921723149 -0.26623606259777993 0.9516894539710691 -0.027676011301028924
1758727795.544024 -19.62782743102264 109.95707928233398 -325.8189251028717 -0.12043984446187625 -0.2787974353386876 0.9522088344542298 -0.03262774129305743
1758727796.144012 -19.515320419241 110.07849796759982 -326.4028368606509 -0.11079203764500126 -0.2640109163962898 0.9577028524491786 -0.028785531587355768
1758727796.877345 -19.358978688446353 110.26433933160334 -327.1851061767323 -0.1109917410981771 -0.2680692189922782 0.9565128153407079 -0.03004931489831516
1758727797.477343 -19.17982006483018 110.41657576838853 -327.81805893965503 -0.13648136272144473 -0.2717105809758525 0.9520945323232975 -0.0325913997174603
1758727798.077292 -19.012911274768825 110.57553946914312 -328.4640991610641 -0.13519035044858652 -0.26700531972451197 0.9535549713394668 -0.034126895818228364
1758727798.61064 -18.86032243027956 110.70374853606225 -329.04549880375436 -0.13597792475188347 -0.26309955387754697 0.9544895499339764 -0.0351898820180175
1758727799.34393 -18.64536117832039 110.89334079463302 -329.8364986065871 -0.13814304819747691 -0.2651429198083117 0.9536355932305737 -0.03456711781454422
1758727799.943905 -18.455723504533733 111.05170707084571 -330.5202501633006 -0.13832042577166379 -0.263859232011286 0.9539917935082571 -0.033844104592361604
1758727800.543913 -18.28646273957565 111.21722367734073 -331.1856080088575 -0.13867545902323608 -0.26556767896122196 0.9534810624505339 -0.03341838571872343
1758727801.077182 -18.13765347247422 111.36140431949815 -331.7825390967984 -0.1375626697936837 -0.2680610868791893 0.9530415613457275 -0.03052127009283139
1758727801.544007 -17.995257768350204 111.47346068487302 -332.2788688924118 -0.13858482408812872 -0.2663127514064146 0.9533652778240469 -0.031087167936075428
1758727802.210517 -17.794370298744404 111.64426068427616 -333.01133194019826 -0.13830147925566968 -0.26813051756187833 0.9528905054748256 -0.03127956143593472
1758727802.943863 -17.579064678067915 111.83215559211213 -333.80321503956657 -0.13845082567569317 -0.269263376031451 0.9526101568461529 -0.029368218730668576
1758727803.543814 -17.391928495341325 111.98376540942097 -334.4572573493314 -0.1388078608107136 -0.2655798751007969 0.9535954444412758 -0.029247838543123104
1758727804.143807 -17.219390806353456 112.12873740693742 -335.08287510264705 -0.14013740812871828 -0.2648674936268904 0.9535678474298781 -0.030250256374499
1758727805.010486 -16.96409659633324 112.33554295648273 -335.99124612559547 -0.14036474593731746 -0.26252596582439347 0.9542574523385805 -0.02775914303798871
1758727805.543761 -16.808559115921668 112.46626629465673 -336.5422432227653 -0.1395030843683088 -0.2639146310868431 0.9539675815902714 -0.02887577228114875
1758727806.210417 -16.61560503123049 112.61737081229056 -337.23975003467035 -0.13846937223622335 -0.26236231209772803 0.9546391974389093 -0.025617432666752392
1758727806.81044 -16.42661794961864 112.75648729999841 -337.8556842098703 -0.13705095174045134 -0.2621054247497656 0.9548575393494048 -0.02765614744286249
1758727807.410398 -16.26341428879769 112.88742782179474 -338.47277305344534 -0.1363717427017987 -0.2605248925422017 0.9554183353983156 -0.02655809750453657
1758727808.143714 -16.053710313820144 113.06767633499697 -339.2336651771358 -0.14984021170925602 -0.2664343519847474 0.9517942439471679 -0.02546299720049111
1758727809.143652 -15.708879188962559 113.28755113601409 -340.1980784204553 -0.1758271964076044 -0.26338952949657296 0.9481487216056009 -0.026921264321724807
1758727809.67709 -15.510004065421882 113.41345978385607 -340.7569552023856 -0.17993572964982793 -0.26383047801834353 0.9472152535460707 -0.028282070533277297
1758727810.343669 -15.238966592095228 113.56894311662596 -341.43672475509675 -0.1827422249822738 -0.2622001365933964 0.9470535855675545 -0.030755058812673552
1758727810.876984 -15.012606025510111 113.70021508495348 -342.016621275578 -0.18821088708825054 -0.26270726859292837 0.9457661225677562 -0.03298476031516575
1758727811.476926 -14.746382635586293 113.86747600194815 -342.6842162742932 -0.19115937785349188 -0.2676393325171802 0.9438680778857231 -0.030664825072628025
1758727812.410284 -14.366338314790074 114.06886556186035 -343.62880622416526 -0.19364129037790226 -0.2570059403824782 0.9461393835450562 -0.03565479173799699
1758727813.01046 -14.112293707014176 114.21611895189804 -344.237906949345 -0.19510811742107126 -0.26117081669614994 0.9445052702269124 -0.040403236705224964
1758727813.810244 -13.75927961916801 114.40371282342792 -345.08793000578686 -0.19511474608959117 -0.2566568247529311 0.9454870790960722 -0.04595316559841516
1758727814.476887 -13.470759097145889 114.54960700540698 -345.7504119590822 -0.19892557383103557 -0.25472327765814584 0.9450561378937536 -0.04912803806816123
1758727815.210172 -13.149375077031253 114.72639171621333 -346.4954276712477 -0.20017080947136745 -0.2571341920520839 0.9441386796961925 -0.04915086789498208
1758727815.810167 -12.88090147353184 114.86943481415224 -347.1226104981443 -0.19743081884557026 -0.2565207475830772 0.9448572972822964 -0.04962726671680569
1758727816.276829 -12.708891667460467 114.98092263861747 -347.6213579143362 -0.17990570331314296 -0.2580285321393234 0.9480187214126766 -0.048121911521710733
1758727816.943493 -12.444924238217263 115.13495047014052 -348.33301982005383 -0.18063527203853433 -0.2525225470205287 0.9492814057340341 -0.049679718894590684
1758727817.610116 -12.18430561857934 115.3032050580272 -349.05118835981983 -0.17946160926429283 -0.25351184912074587 0.949145634169304 -0.05145715006682838
1758727818.210118 -11.948737824783684 115.4438388188413 -349.6854924290116 -0.1796504576752254 -0.25674004493734326 0.9481584938928784 -0.052969168781861364
1758727818.74347 -11.745237489954178 115.56307038465847 -350.2325669509906 -0.17947493880149357 -0.2537449144270973 0.948967696492405 -0.05350304438519385
1758727819.210147 -11.54882552222107 115.68385884561881 -350.74211233279203 -0.18020690821535199 -0.25654882829321346 0.9479971854169579 -0.054858958925310355
1758727819.943397 -11.264764689305443 115.85101258737822 -351.5108129530274 -0.18164869637851186 -0.25366418848427624 0.9484743212184805 -0.05526927332382389
1758727820.676729 -10.96634122962849 116.03401957139779 -352.28856785677885 -0.18424278391735435 -0.2570149350298335 0.9468796115716587 -0.05845443469830343
1758727821.343358 -10.685547264252039 116.19796510618163 -353.0231750972851 -0.186764762057996 -0.2598512862956997 0.9455469701141997 -0.05947402770745286
1758727821.876693 -10.453754800773154 116.3291978412134 -353.61654717568825 -0.18845750016699803 -0.2545417891388082 0.9465666668715782 -0.060858798710219146
1758727822.610026 -10.149621394630813 116.50305313482276 -354.42040498874434 -0.18948216551142819 -0.2538656171157014 0.9465276654746819 -0.061107576376521526
1758727823.343308 -9.846498905383575 116.68719812294682 -355.2204710124017 -0.1861658083759977 -0.2548672037665884 0.9469133389755812 -0.06115659168092817
1758727823.94331 -9.615519644096095 116.84020164902043 -355.82787858490633 -0.1885104293226985 -0.2643865982667102 0.9437793167225533 -0.06200117757139347
1758727825.809949 -9.402579521380341 116.94332684308078 -356.3529405802544 -0.18839695647598972 -0.2554259053726159 0.94621397092409 -0.06279581899480954
1758727826.543257 -9.121182599131775 117.11524464141992 -357.1495232913206 -0.17316166285201012 -0.2509481281131664 0.9504259179551621 -0.06107904709400888
1758727827.143249 -8.946853960058036 117.26753022517748 -357.8109630135592 -0.13585558791580038 -0.25481084658251696 0.9555713859748738 -0.05914404451854828
1758727827.876547 -8.73159620842308 117.44422714060494 -358.6392018961511 -0.13528725774167388 -0.25681260890928065 0.955266031847001 -0.056669658524041294
1758727828.609881 -8.464544932629419 117.63473376344487 -359.47436225402043 -0.15539120266525364 -0.2595431279264739 0.9515064717250594 -0.055913979877279515
1758727829.209869 -8.273422345676941 117.77275221594915 -360.1357192860242 -0.1556632209721826 -0.25604280648113414 0.9527344040160166 -0.05008191579877681
1758727829.809822 -8.024252708400462 117.91454481023536 -360.7982201083553 -0.17794522470319007 -0.2526097571165335 0.9495921638797531 -0.05290113338129351
1758727830.276473 -7.825016082106777 118.04037182912226 -361.3057357662821 -0.18406939211600756 -0.2553827423661167 0.9476143565931816 -0.054084609327383015
1758727831.009827 -7.509226874396609 118.21966340363907 -362.12449415442046 -0.1868078111611721 -0.2533805166872424 0.9475156500062772 -0.055814410734684586
1758727831.743139 -7.194384139445232 118.39819315725119 -362.92283420417147 -0.18689174634131545 -0.2546664230286988 0.9469598212634807 -0.05902190308604197
1758727832.209788 -6.9933033455700455 118.51533275225299 -363.4281671969832 -0.187476226404827 -0.25475424635145943 0.9467830186190151 -0.05962259767547265
1758727832.876421 -6.696781455548153 118.67417744632205 -364.14830029532214 -0.19018177502619688 -0.25261982028109453 0.9468744450656399 -0.05867626547991072
1758727833.60975 -6.387459551964013 118.84627499442631 -364.91970550152035 -0.1930588869388239 -0.2517614789907825 0.9465702797743443 -0.057871662480317464
1758727834.143064 -6.158133967397545 118.97407829283397 -365.50135439947877 -0.1958632536854159 -0.24994491081444767 0.9465119321609256 -0.05727381330688444
1758727834.809715 -5.901832826785487 119.11699660147458 -366.18788972402257 -0.18358242841982583 -0.25082459405412094 0.9487144173636128 -0.05766688199898987
1758727835.476332 -5.633173214802168 119.25722332752177 -366.88965672556856 -0.18384219315717645 -0.24975018094673027 0.9490780878477547 -0.055476826689027356
1758727836.143004 -5.3407368346835264 119.41809646307597 -367.6193323511996 -0.18536276859777887 -0.25514364819930224 0.9473208488949099 -0.05590681577718633
1758727836.876339 -5.03809032240182 119.56846258968984 -368.40512998913044 -0.18574935612916238 -0.2521065327649091 0.9479299235089323 -0.05803734100738317
1758727837.409652 -4.816848489843835 119.68923763300408 -368.9646217571698 -0.18583377216576671 -0.24944653302804354 0.948389854280077 -0.061635384168067985
1758727838.009631 -4.574929815096414 119.82779199824299 -369.5822537936684 -0.18585711552203532 -0.25310992018412587 0.947550066297745 -0.0595094343222431
1758727838.542934 -4.337396011318922 119.94238276570393 -370.13681460626367 -0.1866264683085733 -0.24751261431036908 0.9487984989009761 -0.06074105339200144
1758727839.143322 -4.090795854613137 120.07532766603389 -370.758943450247 -0.18603276902810995 -0.2492952753151012 0.9484360063261086 -0.060932884860997176
1758727839.942891 -3.71974761004312 120.24734203373261 -371.5417272631512 -0.21963241459207744 -0.2464917126504887 0.9415908950226057 -0.06640801507055526
1758727840.542914 -3.3673370119341977 120.3799951181043 -372.1262626872267 -0.2550850662399934 -0.24518761123425586 0.932663327637333 -0.07038296355677531
1758727841.142895 -2.9878856869366817 120.51682786857049 -372.69087260398743 -0.2773952602473225 -0.2468293447352956 0.9253217574609953 -0.07685563960543125
1758727841.609515 -2.6910063720341917 120.61313180107726 -373.1346921328593 -0.2842898901396334 -0.23991132736895232 0.9251666458475684 -0.07542208413735713
1758727842.276264 -2.267449236768414 120.77359169550061 -373.75668306779096 -0.29200623015413574 -0.25356191896904795 0.9189093294215156 -0.07774547640862749
1758727842.742837 -1.9508749038983046 120.87174751542355 -374.19245010293264 -0.30428455033874774 -0.24705353061831697 0.9168722554776289 -0.0756355245207976
1758727843.342848 -1.5059427656985638 120.997798808203 -374.6311944453097 -0.35099468691454594 -0.23885099232785365 0.9016618660911458 -0.08221199704904518
1758727844.076139 -1.0535057618910375 121.15203749219015 -375.31423454885186 -0.27517160447567895 -0.24198332142506426 0.9266354928007152 -0.08409116317634299
1758727844.809454 -0.6614655163964555 121.30762721135882 -376.01043779815774 -0.2649362981822599 -0.24699593883330476 0.9281565996776445 -0.08559842627156046
1758727845.542777 -0.15697367619050212 121.46630258161504 -376.6413757659954 -0.31742346157284745 -0.24507399482671258 0.9119144380781686 -0.08713862936359087
1758727846.342747 0.4446350944150341 121.62620910448523 -377.24459438789404 -0.3702366162205349 -0.23641777729157945 0.8943290375639084 -0.0848943764927384
1758727846.809398 0.8220937119908457 121.71009864966669 -377.60331226576307 -0.39038632534457524 -0.23256403645973928 0.8875988916420029 -0.07537037538317368
1758727847.542737 1.4417350782156222 121.87031707184714 -378.1141881464754 -0.41026780595692464 -0.23801089446983945 0.8763939741813913 -0.08345503895814159
1758727848.209399 2.0886997975554973 122.05875147586278 -378.4370440186766 -0.47422577757732615 -0.2479010318808837 0.8371795138851942 -0.11307277216254823
1758727848.876021 2.7566044583213225 122.18166074859634 -378.59658658049403 -0.5643782249085931 -0.23674569976415838 0.7808807581103909 -0.12511568448897858
1758727849.675981 3.430415492119669 122.25014691326975 -378.68444943251274 -0.6290423655499184 -0.2026204142656418 0.744755253655146 -0.09268377538297325
1758727850.276053 3.9617864313788176 122.27025119706644 -378.68718428622645 -0.691586182581349 -0.1852996152548079 0.6934575298099815 -0.08055593707986895
1758727851.342679 4.698365374655543 122.27118575731343 -378.2739534827296 0.8323124922978716 0.16104678190061728 -0.5219387211270353 0.0943388604586428
1758727852.075939 5.085645333942665 122.2454605386125 -377.75944076624216 0.9284316753835952 0.1303694889403208 -0.33282718391281174 0.10121504901207917
1758727853.142591 5.458522800621037 122.1580852109816 -376.9595402785649 0.9655592225376545 0.10079221324634266 -0.21808632863848032 0.09987327361398053
1758727854.209243 5.785109451618205 122.06811033381324 -376.2176548528176 0.9740288099787882 0.08850418767539725 -0.1856344205911603 0.09473514652444484
1758727854.875869 6.086318440928159 121.99073042741202 -375.45037615398223 0.9787013888308358 0.08737564619073596 -0.15978188423409936 0.09475672759200506
1758727855.6092 6.401784665915915 121.88190981957602 -374.5940549993825 0.9822530050298698 0.09001069623060448 -0.13537046843978295 0.09355183027747818
1758727856.07583 6.573249230263408 121.81608064242009 -374.0386567501166 0.9839266617120155 0.089730554044884 -0.1232466633019996 0.09298931136410754
1758727856.742506 6.7894284731050805 121.71589353533611 -373.2311101862582 0.9863707287428685 0.08448358743414094 -0.10692156803055826 0.09221218587262334
1758727857.409148 6.979468857615344 121.60647321674695 -372.45661135452275 0.9881061818410145 0.08244234989008487 -0.09071388603637665 0.09284623434664559
1758727857.875908 7.108771179264839 121.52918511524246 -371.90330050668837 0.9890637540524639 0.08223118502219412 -0.08120318363696392 0.09163495837678079
1758727858.409116 7.241756603448634 121.4374898726833 -371.25457022454066 0.9902697584836088 0.07951472792053867 -0.07259824276140127 0.08816296628684023
1758727858.875788 7.344348949455919 121.35208339014258 -370.69359311308 0.9913155519718316 0.07806768803266223 -0.06398439100711323 0.08429062944044598
1758727859.609106 7.482545120000722 121.22565288976203 -369.8077634666229 0.9918156453399147 0.07408052822689752 -0.05416070399578636 0.08877172488621216
1758727860.075882 7.567047652935503 121.14039041506763 -369.2329297044479 0.9924837573522473 0.0716863396617713 -0.04712074072716067 0.08727368384104338
1758727860.809065 7.682389162604926 121.01310359219717 -368.3471797044928 0.9929764199601732 0.06925469171562526 -0.03841330225438892 0.0878978685086529
1758727861.275718 7.746189282387369 120.92700839693671 -367.78999015710355 0.9933738909646146 0.06728420542824959 -0.03258574819983174 0.08728870181167964
1758727861.742352 7.808623052067278 120.844916916904 -367.2223818416316 0.9937703706626835 0.0664067011517102 -0.027048323808243787 0.08531698901311814
1758727862.209016 7.861518766989085 120.75183146624548 -366.6673963479822 0.9941960336928934 0.06687025109270812 -0.02195788659078229 0.08136625421256329
1758727862.675695 7.90304753984611 120.6592063908458 -366.11044058461687 0.9942761248973057 0.06445713847832092 -0.016920161832022607 0.08351031602120872
1758727863.14234 7.947546658383328 120.57576187472219 -365.5657332335854 0.9945190186357968 0.06591819381514105 -0.012845232453047757 0.08013559320968398
1758727863.609007 7.981131439638205 120.49200371834539 -364.9956515844856 0.9940580087635984 0.06262867495768218 -0.008478794634025068 0.08862524655846535
1758727864.075625 8.016992941976346 120.40465993050277 -364.4292722253029 0.9943318589372964 0.06350921965158633 -0.005218883933028781 0.08510873381763384
1758727864.608973 8.044429737138266 120.29663480967227 -363.7940546225298 0.9947152847846175 0.0594101373702407 -0.0017678497177850785 0.08371865085440595
1758727865.075625 8.057868400643182 120.20970163527417 -363.24553170535364 0.9949126028239738 0.05439046000904329 -0.0006450460311212744 0.08479489676654178
1758727865.542282 8.079598732102376 120.11757801917592 -362.68140024162324 0.9951058693967612 0.052396558582112215 0.0010299442871790643 0.08377260026782313
1758727866.075584 8.141822700399022 120.02694612103386 -362.04585505203323 0.9941521087175947 0.05771979573602257 -0.01853788048027442 0.08936641930753701
1758727866.542255 8.190886550795174 119.94440279697459 -361.4682950368501 0.9941294744025893 0.05744798827822518 -0.015997704045611374 0.09027951169609662
1758727867.208905 8.24860915739959 119.81261270574076 -360.67861713218343 0.9949345114059018 0.05659001117660618 -0.016880706850072418 0.08135066308748096
1758727867.675588 8.295199784668023 119.72970092311374 -360.0944538549448 0.9945233807642304 0.05827731840373903 -0.01394840750577291 0.08562967476878432
1758727868.142222 8.351176276607902 119.63944603682013 -359.5325991880726 0.9945007424666958 0.05979804210895695 -0.02317950747729532 0.08279600126960379
1758727868.608885 8.419106911317064 119.5608088482011 -358.9821896588398 0.9936641388166293 0.0639250499894936 -0.03476100063684875 0.0856553562153143
1758727869.275555 8.54821019547423 119.44535151782314 -358.2060476750967 0.9921559668021956 0.06949441863592426 -0.05654946328769349 0.08717351386246484
1758727869.808858 8.691511863647342 119.34782689312789 -357.56367943760176 0.9904776134637812 0.07598506021599369 -0.07327936666751864 0.08837704606893934
1758727870.275512 8.837094956405199 119.26596979281203 -357.0037328470017 0.9889061703479758 0.08027232420707142 -0.09038605427280351 0.0863209210278072
1758727870.742153 8.974634220742114 119.18934945942974 -356.47441508870514 0.98875579471557 0.07981027968937152 -0.09426950009960176 0.08429447801165413
1758727871.21043 9.121521857623081 119.10874990408153 -355.92565531143504 0.988150492761255 0.0808428214719287 -0.09851394595938946 0.08554556869679095
1758727871.942134 9.354293001199096 118.99407030255819 -355.0733315903208 0.9874691028964308 0.08278287917979697 -0.10382670316885266 0.08527474097708156
1758727872.408786 9.511159142382676 118.9147519509676 -354.51294594787475 0.9867076755361074 0.08423823762170655 -0.10779208560563021 0.08770831569075582
1758727872.875452 9.662634167376158 118.83752178671178 -353.9798505189991 0.9865177157267546 0.08403054795931325 -0.11112434883551188 0.08586642337262679
1758727873.342075 9.819005524975974 118.76419889707847 -353.4327655233669 0.9862752811378375 0.08293720779126404 -0.11402447294794982 0.08591221653065834
1758727873.875388 9.989241041165311 118.67231871755793 -352.793619474004 0.9870876417238987 0.08043317290908153 -0.10858085473621183 0.08601563948773323
1758727874.342048 10.104638381680521 118.59183402613138 -352.2398744260084 0.9898478198422264 0.0752011358017472 -0.08267136998696603 0.08781530226672639
1758727875.008718 10.297562534600782 118.46325888885414 -351.43382831726296 0.9898528309282099 0.07667972211681683 -0.08860294710909161 0.08038103683755325
1758727875.475371 10.524085472410455 118.32905140986031 -350.4703048413835 0.989485596502319 0.07875317610945062 -0.08815377514350158 0.08333728754328812
1758727875.808696 10.71876820726539 118.21675869269043 -349.66807586012106 0.989583572753313 0.07981979751001561 -0.08686054459260742 0.08251301870204679
1758727876.07536 10.86800354586531 118.11248941624441 -349.0161404834705 0.98994683428744 0.08227263575006233 -0.08597027669176327 0.07645645961300554
1758727876.408669 11.05953699942891 117.99750983115858 -348.2227963674958 0.9892485859839912 0.085854340573812 -0.08413581177677548 0.0832912511010185
1758727876.675336 11.211550123209667 117.90216896593272 -347.56700607577426 0.989195054156462 0.08458785248755571 -0.08432596459393836 0.08501277397685258
1758727877.008668 11.390245786347608 117.77215122163949 -346.7768888952604 0.9896559335959969 0.08158930569754443 -0.08584169486404396 0.08096617637567412
1758727877.341992 11.582998483774212 117.64397128837528 -345.97810087833176 0.989923773751878 0.08147153991495866 -0.08451900618858889 0.07918237138163527
1758727877.60864 11.73526390971168 117.55742316281423 -345.3165478487275 0.9892804993471358 0.08132520408102209 -0.08328678497259623 0.08816811351951641
1758727877.942004 11.918918303221261 117.4470965191868 -344.489184409715 0.989672423105048 0.07740470210543789 -0.08605664099975334 0.08456513215971947
1758727878.208635 12.061069254380985 117.35003928134988 -343.8603654228717 0.9897882037202875 0.07475226887089302 -0.0861760127799823 0.08546990637741873
1758727878.542017 12.245581543594557 117.23729742284239 -343.05257173513303 0.9894423386502658 0.07843076159906072 -0.08438850583769596 0.08792641357274496
1758727878.808641 12.389103692946442 117.1617762382724 -342.4263568156245 0.9885170797637998 0.08224581712272361 -0.0834153645308019 0.09545410175188142
1758727879.141952 12.518921570680572 117.07127640977349 -341.87772368281907 0.9892750069019887 0.08371894036987246 -0.08241589354790557 0.08679700589949067
1758727879.475284 12.624930283326552 117.00504609034527 -341.4295735622411 0.9894806099938707 0.08184565565118859 -0.0842528562743111 0.08444446285461821
1758727880.141904 12.811492233220445 116.88593551463755 -340.6237240445618 0.9895449848011463 0.08288038497905269 -0.08370807742573881 0.08321371650340918
1758727880.608552 12.941570951899886 116.79920854083377 -340.0719740480498 0.9895787483300081 0.0826621125436775 -0.0846696340403253 0.08204833377289368
1758727881.075242 13.070447913883966 116.71296911830416 -339.52075322861964 0.9897631095690476 0.08180174731733503 -0.08562063844987038 0.07966534593835027
1758727881.608546 13.220989730191336 116.61860516173375 -338.897070860349 0.9893846807965224 0.08466565077258772 -0.08456201321211332 0.08245572694441516
1758727882.075179 13.348185879051423 116.5380948248757 -338.3492711734758 0.9895915395221276 0.08518024258239834 -0.08368267606188595 0.0803126447513132
1758727882.808637 13.556344760042645 116.40888515282163 -337.4607180364492 0.9889348297262991 0.0854744528464394 -0.08603777638659238 0.0854372371935579
1758727883.275183 13.681339680794025 116.3165556622392 -336.91529366673694 0.9893909281523213 0.08406712003991329 -0.08830224568686884 0.07900015205516131
1758727883.741846 13.805549710675958 116.22945945594584 -336.37862776052054 0.9898004280349628 0.08325655059430596 -0.08760018734101313 0.0754298788462619
1758727884.208461 13.9405998611302 116.14725460193937 -335.8179621819207 0.989032320641343 0.08727488732005513 -0.08560492205084964 0.08288522239060037
1758727884.741799 14.095034077685755 116.05199261764638 -335.18726631286415 0.9891317947243716 0.08674704086499097 -0.08756849701836396 0.08015610953917221
1758727885.208502 14.230026279701512 115.96806236118354 -334.6280152568445 0.9890206596379472 0.08707755182437499 -0.08673747751878835 0.0820502575941768
1758727885.875128 14.41687979506214 115.85402315021817 -333.84616531756234 0.9888586304100759 0.08528976750911084 -0.08905172139720016 0.0833909799555461
1758727886.275074 14.533265916500412 115.78530951620104 -333.37585774837186 0.988774918721332 0.08639945515488356 -0.08879053264456205 0.08351967175017667
1758727886.808409 14.689572943549463 115.69315739387719 -332.7315126090447 0.9885660722252588 0.08589774187285068 -0.09086522352671468 0.0842746102910579
1758727887.541739 14.90699212986967 115.55469838501249 -331.870133247932 0.9889975897636821 0.08750885731543183 -0.08875960841993129 0.07967244973085319
1758727888.208357 15.101830893194338 115.44415712218422 -331.047672047079 0.9882451605990725 0.08976889887022677 -0.08825948579076466 0.08673701929447442
1758727888.675028 15.242040389566624 115.36248042864372 -330.5080106364212 0.9887688203557192 0.09121756686229224 -0.0872384133933394 0.08003146016845901
1758727889.341735 15.421581074950039 115.2392729760572 -329.7304252247585 0.988743538873497 0.08964449738129639 -0.08760483426633707 0.08170355829666212
1758727890.008458 15.609136583365503 115.13614581516279 -328.93551733336335 0.9881144089275625 0.09358870910461592 -0.08437210255919968 0.0880478092152509
1758727890.474968 15.753795958437225 115.05315851359593 -328.3762901557093 0.988366529633883 0.09553456503062191 -0.08580649972456396 0.08149843304569154
1758727890.941702 15.876127335859076 114.96157166819378 -327.83738766090585 0.988877669997518 0.09437320316964472 -0.08548258327002789 0.07685948387325715
1758727891.674964 16.0739090956482 114.83585937632924 -326.9862768297395 0.9883925166029084 0.09396081629508102 -0.08548533498439682 0.08332980035459674
1758727892.274925 16.244382419160544 114.72591735900382 -326.2817594543414 0.9889425971236592 0.0942079903891093 -0.08519817433058062 0.0765419181357072
1758727893.008251 16.450628263751355 114.59890135923328 -325.41772640211457 0.9883403256384079 0.09882966354308237 -0.08181343037515244 0.08199183453964712
1758727893.47496 16.579187376157233 114.50645074466799 -324.8630363935259 0.9886847673069807 0.0970521238686149 -0.08280815125150252 0.07890580608574235
1758727893.94158 16.713522732551514 114.42842420676845 -324.3080818289155 0.9884028407528893 0.09995855221224996 -0.08100246359167529 0.0806641997625274
1758727894.408201 16.84478001383233 114.34219822577909 -323.7627466700801 0.9885975099079858 0.09995957297967231 -0.08051404823358063 0.07874347725680086
1758727894.874875 16.97389688150403 114.26222910355605 -323.19887771782476 0.9884562880511886 0.09921000982841521 -0.07964461658868004 0.08226953026700315
1758727895.408221 17.12662933417393 114.16377221245645 -322.5764492181338 0.9888259474583047 0.09815533759107835 -0.08086282261929455 0.07778161256754611
1758727895.874883 17.275225870144755 114.07178711412013 -321.95323467632363 0.9891298997307537 0.09660079155526366 -0.08100817085787303 0.07568358331756922
1758727896.274819 17.421745132706135 113.97465715847702 -321.3272827783325 0.9887284367141134 0.09750529427533319 -0.08090067949163292 0.07977390600276783
1758727896.741496 17.581959630403738 113.86802578800066 -320.6446128448765 0.9887727257776431 0.0964797355493389 -0.08083275021096108 0.08053709629674949
1758727897.208162 17.74060432161279 113.76855592301169 -319.95721590897034 0.9886631451939313 0.09865019108192899 -0.08035556815118047 0.07972645609735333
1758727897.674827 17.902072786934667 113.65580871148343 -319.2388636372138 0.9886821890737701 0.09894373947623818 -0.08066204274663974 0.07881180296564332
1758727898.141516 18.07413075329502 113.54570063906993 -318.52200209447733 0.9884873625035336 0.10013387027329759 -0.08201234046214773 0.07835763017612885
1758727898.608119 18.254561855155956 113.42382593989662 -317.72557736967093 0.9886609187936594 0.09616836366528202 -0.08260827898705748 0.08048046795848056
1758727899.008098 18.417069442861838 113.3229951391346 -316.9722770534369 0.988410230247066 0.09662445173202631 -0.08383384045265477 0.08173627875910568
1758727899.474777 18.63430486077187 113.19019538039365 -316.0691591389436 0.9888438397311522 0.09628417907717975 -0.08351815335571082 0.0770839512819434
1758727899.741456 18.762264243425896 113.11021252776928 -315.5649468547476 0.9887964712580226 0.09589932936245793 -0.08284967119947825 0.07887197878620579
1758727900.341401 19.02390054420572 112.95319531118935 -314.46419961737604 0.9884673495610863 0.09923396093662067 -0.08059683587244905 0.08117308603139324
1758727900.674733 19.151327953056814 112.85766206766583 -313.905264082319 0.9888967740764047 0.0971161194085799 -0.08222540116286622 0.07675032883254923
1758727901.141644 19.33983651012578 112.74059102119065 -313.11869979654347 0.9888386754055156 0.09715972122921124 -0.08118006609749298 0.07853572092579293
1758727901.608065 19.523938486834293 112.62636773455681 -312.3941562027822 0.9887917830655534 0.09768723886976305 -0.0820913777863329 0.07751786114946196
1758727902.008057 19.659065836688722 112.52990287003288 -311.78035160024206 0.9890258628320486 0.09441267959972406 -0.08499689112994915 0.07542955043194235
1758727902.474686 19.83263188775216 112.42028575189674 -311.0185838013078 0.9889961213532814 0.09232554900861598 -0.0833260988843217 0.08012132171365847
1758727902.808017 19.97536572760574 112.32414149979908 -310.4590084810782 0.9891323761074774 0.0933555170712636 -0.08232604973464737 0.07825798044558473
1758727903.341351 20.16093536231242 112.19678481653459 -309.6540824131585 0.9894699539250029 0.0901159204828187 -0.08532121850779714 0.07448906515409909
1758727903.67468 20.299942099118198 112.11332547879503 -309.0934774121703 0.9892698655600609 0.08890203921494924 -0.08581605376674624 0.07795617636919816
1758727904.074673 20.442420933104124 112.02046063707564 -308.44667149152315 0.9892522903341262 0.08636654352284615 -0.08679414725357061 0.07992185077391233
1758727904.407968 20.57492629588722 111.9332056600121 -307.88714564059705 0.9895768154920165 0.08544534435597453 -0.08516570916531226 0.07863600543604642
1758727904.941298 20.772463194592167 111.79537185541989 -307.07682796956607 0.9898770459165427 0.08565553800092278 -0.08354745569710877 0.07633076328618114
1758727905.341284 20.91226617432977 111.71282447168674 -306.5120182580367 0.990184225165963 0.08406611581428994 -0.08202727950380567 0.07576023905442836
1758727905.67463 21.00684000042124 111.6419221420401 -306.11208879716725 0.9902153768777959 0.08587101177990858 -0.08167409297016912 0.07368187883163385
1758727906.074633 21.119232779890485 111.56879949488037 -305.6456850962098 0.9899631977530865 0.08546894941287435 -0.08264208036751085 0.07640819545881551
1758727906.408015 21.21210966941586 111.50383241122196 -305.2598926335625 0.9900829418910783 0.0856214012994814 -0.08301480801145371 0.07425150144369042
1758727907.27463 21.43215805469417 111.34704799655903 -304.2950105383047 0.9903639484699714 0.08297054656411539 -0.08284498938834359 0.07370105634972267
1758727907.674599 21.537415526483983 111.266326922445 -303.83451657586534 0.9905577862074408 0.08123375982124298 -0.08492226548017218 0.0706013971167262
1758727908.141235 21.657540506076202 111.1654788219662 -303.3124794550097 0.9907988817082622 0.08239818044186066 -0.08650743588013544 0.06359700781461129
1758727908.541203 21.762792072647535 111.09169379516644 -302.85107174072857 0.9902331946009533 0.08212253548327389 -0.08681298149823227 0.07181654210261537
1758727909.007885 21.89614435610903 111.01281231685995 -302.28757963251076 0.9889395450392665 0.08459385392361765 -0.08680979793488106 0.08547815579657413
1758727909.474525 22.023340875999455 110.92313611723266 -301.75348188018813 0.9896306824604864 0.0833156515979007 -0.08619620212327643 0.07911908285067801
1758727909.941202 22.143801382074045 110.82835869511108 -301.21705257079213 0.990093542719797 0.0818620807551812 -0.08733360807681545 0.07339085296737546
1758727910.341176 22.25511062300397 110.75764312860487 -300.75736538033084 0.9897101057704425 0.08321786038026156 -0.08679688837885326 0.07755639507700128
1758727910.808025 22.371153177951538 110.66580382673045 -300.2234287147256 0.9897252800618878 0.0796989219612703 -0.08918921007189988 0.07834051730349888
1758727911.208199 22.48090336858791 110.59742857822404 -299.77448699671146 0.9898300728048035 0.07926158575859048 -0.08919222617862725 0.07745175778232312
1758727911.607821 22.589380182583074 110.51764077426685 -299.3208093184006 0.9900715352724213 0.07747938951665043 -0.08950309250630459 0.07579245130780313
1758727911.941175 22.680818565117196 110.45027284974257 -298.9336729165755 0.9903401812319041 0.0771352236002603 -0.08930658083598263 0.07280671217053465
1758727912.407756 22.80915386793282 110.36741884765785 -298.40840311026716 0.9903769249315415 0.07803147563720272 -0.08764704628598882 0.07336641363980076
1758727912.80775 22.92304601108191 110.2949864317025 -297.94383028339826 0.9900636318001467 0.07950425874437782 -0.08794163812857829 0.07562635857604592
1758727913.207756 23.030029621335924 110.21626402056361 -297.49246559978326 0.9902142060388152 0.08038159053807864 -0.08630033836727971 0.07461151157281899
1758727913.541098 23.124003859353238 110.1459361548671 -297.09534227745894 0.9902779606231509 0.0820730241071221 -0.08466967829966862 0.07378770219078268
1758727914.007754 23.253849266185913 110.05504738911509 -296.5609655969871 0.9900972873361682 0.08591911740148338 -0.08475435316193357 0.07170750654299457
1758727914.407746 23.37240044459095 109.972740526377 -296.10036249062443 0.989708426375539 0.0867507385647475 -0.08968758608089425 0.07005481441491006
1758727914.741057 23.473420719761652 109.90473171905447 -295.7109133234758 0.9894641349891823 0.09015675030673073 -0.08890291463736025 0.0702051117314209
1758727915.14104 23.58616156430772 109.82197924264476 -295.26485988401157 0.9897724244417277 0.0892431466366174 -0.09035705298879348 0.06497546897345069
1758727915.607698 23.714433081264918 109.73620790056933 -294.73485425969784 0.9894773209862908 0.0902283842063142 -0.08978132691800385 0.06879522711753483
1758727915.941055 23.809264638547493 109.66618212669506 -294.33224730029593 0.9893275080698755 0.08760136522972954 -0.0916080342268605 0.07186828682547275
1758727916.341024 23.919850066673604 109.58081990236334 -293.882278167094 0.9897343585743472 0.08713959879398588 -0.09175164894359705 0.06643963196451035
1758727916.740976 24.032899016825763 109.50668189231254 -293.4282640024147 0.9898359516732095 0.0862645834272238 -0.0908910663099907 0.06724599977955782
1758727917.074317 24.132158989870728 109.44052429163133 -293.03300248385375 0.9895303878755178 0.08752222388677586 -0.09044265032493642 0.07063709223234989
1758727917.807664 24.339844939919743 109.30645477384876 -292.18030825552216 0.9892273161179483 0.08628152946081957 -0.0912585689605009 0.07521095871788872
1758727918.207649 24.44818312275974 109.23158822950143 -291.729444787901 0.9893103766406712 0.08708136161492094 -0.09092595756940845 0.07358182771901335
1758727918.541376 24.541488126070828 109.15812995205246 -291.3365078863 0.9895320546423583 0.08712762384296953 -0.09053447653596551 0.07098308641577883
1758727918.874296 24.638484263741038 109.09613278767911 -290.94365818330203 0.9895328896779804 0.08785288483088576 -0.08978419430163316 0.07103048166839127
1758727919.474287 24.834980724725625 108.994399487708 -290.2809124183288 0.9869970137464292 0.09557188931945257 -0.10662219630807783 0.07303845618564965
1758727920.20759 25.115314687566883 108.84809579272506 -289.4895781290567 0.9846777850786594 0.10066822849645006 -0.1288122526226833 0.060687485680673225
1758727920.874616 25.375673225005645 108.7230658989046 -288.75715343229194 0.9837172242374705 0.10163437048013124 -0.13469961574473566 0.061861870274459975
1758727921.607581 25.668403007445995 108.6147927127499 -287.92539940064404 0.9814454073602981 0.10338226332103079 -0.14061777798811737 0.07939559506473942
1758727921.940897 25.796570441708447 108.55429135884205 -287.5626416462773 0.9816402089887738 0.10152485856022783 -0.14289231442628048 0.07521296210563094
1758727922.8742 26.144264760463088 108.40674470319094 -286.57198423242596 0.9830296718790876 0.09852577976926703 -0.13537684866789432 0.07495627906254029
1758727923.207599 26.246312989909633 108.34733855678988 -286.1914514911455 0.9865059154626021 0.09545909514740779 -0.11054686342699638 0.07397993577575235
1758727923.540858 26.333993020822593 108.26529017147892 -285.81535226022197 0.9894136561091875 0.08404466557134682 -0.09545495313676662 0.06989608869821537
1758727924.407503 26.590191069062964 108.09232060701417 -284.83162088477405 0.9892620860330028 0.0877953198969492 -0.09429479572629507 0.06899998870116275
1758727924.74079 26.688559481606635 108.02484506779417 -284.44486777466307 0.9893134069376379 0.0882885515691181 -0.09494657654268142 0.06670278943264271
1758727925.140807 26.801757328540877 107.93876999826183 -283.9991500090792 0.9892151402380632 0.08825396256235282 -0.09577572558854157 0.06701980904046294
1758727925.940833 27.03407263298606 107.77550687850433 -283.0769719282606 0.9893935657778686 0.08592958294247487 -0.09525280023290227 0.06814237169689318
1758727926.407456 27.165600293391833 107.67301432201756 -282.55601005798115 0.9898225065022637 0.08644598718944069 -0.09382995959282664 0.0630431249481485
1758727926.740734 27.256740230555014 107.59512327313168 -282.173480661115 0.9900342353258407 0.08514049526180348 -0.09402774216217377 0.06117264628276536
1758727927.14074 27.378738762050034 107.51039621819301 -281.70012073467456 0.9898188971413959 0.08732833330372604 -0.09239195540759577 0.06400030968788056
1758727927.47407 27.474031537503617 107.44060677622157 -281.3026662118176 0.9896893123053944 0.08567103187046685 -0.09218864345790805 0.06838708521435703
1758727927.940765 27.61152292939964 107.34336942086266 -280.7605097891878 0.9899629120218042 0.08687916715553243 -0.08989649594536403 0.0659095072991422
1758727928.407438 27.738553557436926 107.24074261264087 -280.23823631322074 0.990301575311673 0.08638328089288567 -0.08890312722458568 0.06274514074483362
1758727928.874018 27.865947603954808 107.13556352716678 -279.7044207559719 0.9905843767544807 0.08732635862615865 -0.08774575931040063 0.05845837272858072
1758727929.207352 27.969862475679275 107.06066275101064 -279.29999708709016 0.9903206183459529 0.08960728639489753 -0.0856196755931945 0.06248902507759761
1758727929.674019 28.09932993437243 106.95795534966618 -278.75720148164714 0.990257177169608 0.09137741622696482 -0.08540356393455598 0.061213741390636754
1758727930.074042 28.20270377251073 106.87492119604958 -278.2987423274951 0.9903475359028888 0.08888442674950325 -0.08619774697797604 0.062299801190767785
1758727930.407351 28.301046075195316 106.80093382364555 -277.91633319130403 0.9904548661334286 0.08903457019649821 -0.08639690103378772 0.060063124746342886
1758727930.873979 28.421992868123425 106.70464862826039 -277.38462862402764 0.9903384396966286 0.08738362744919968 -0.08731156543403099 0.0630124357133227
1758727931.273971 28.537177026743045 106.61921667398308 -276.91165174484996 0.9901949191222399 0.0876644075808228 -0.08681411017050755 0.06551552536084312
1758727931.607308 28.632775463365125 106.54874387000122 -276.5086899287683 0.990111071165076 0.08644662211079944 -0.0879835875091912 0.06682766351587421
1758727931.940623 28.73002279047088 106.4781000579155 -276.11704719655273 0.9900943901278494 0.08565274339096743 -0.08945404438534303 0.06614136474301231
1758727932.807255 28.970776494478805 106.27802047709834 -275.1413731849432 0.9907863157891845 0.081477252226399 -0.09357588572885352 0.05429076739732646
1758727933.207239 29.089356603657702 106.18647249041418 -274.6808750003694 0.9905785335912468 0.0824596510639657 -0.09427659759947203 0.05537596843118194
1758727933.807238 29.285770616881557 106.05805070237069 -273.95314470087516 0.9892590819721941 0.08581122621188694 -0.09982318152650416 0.06354710553180841
1758727934.673922 29.668064358305156 105.84036562670829 -272.75719447161583 0.9859148026338922 0.09023669291103413 -0.12314213513831886 0.0683034095300441
1758727935.140789 29.886320933299036 105.7236078427515 -272.10013105488605 0.9857575707976007 0.09166764295523061 -0.12575433911761205 0.06375657647128005
1758727935.673896 30.151404195130016 105.57562897063748 -271.3259850566528 0.9854319802792547 0.09431857896643975 -0.12708579868562495 0.06226570225328468
1758727936.140532 30.382502866021305 105.44362858511863 -270.6475947097691 0.9849927182935969 0.09314668493489595 -0.13155265420694714 0.06170039842122246
1758727936.740556 30.646574013321 105.2850028944467 -269.77845902133674 0.987482578491324 0.08824142023043573 -0.11536767045115108 0.0614972320232078
1758727937.340483 30.894257701873975 105.07909217114221 -268.8749206986316 0.9893136388782818 0.08513244787118238 -0.1080667723733511 0.04829661435006748
1758727937.807175 31.14358195652787 104.91207944201565 -267.86941271078666 0.9884231119983424 0.08582781735792143 -0.10893432259694792 0.061535768423184034
1758727938.273828 31.432903037688547 104.70628841268258 -266.876326678301 0.9890551047593071 0.08379130875361304 -0.10680740409321658 0.0578030687574708
1758727938.7405 31.709335053202516 104.51468840759644 -265.92185471608144 0.9890305566965774 0.08873468787360671 -0.1038465219396882 0.05621932914453638
1758727939.2071 31.989715489860128 104.33124530750524 -264.91424804108993 0.9884411539517566 0.08736560885214348 -0.10577534613161572 0.06452063015153559
1758727939.674045 32.25534059419572 104.13757082735694 -263.929576702024 0.9889867996064322 0.08462387639079742 -0.10458862250871297 0.06168573409267181
1758727940.140466 32.51905495656847 103.94291259522198 -262.96075048152835 0.989573409896423 0.07921458230008409 -0.10593515643056903 0.05698472610287822
1758727940.340466 32.675142564931924 103.83416231788092 -262.3889538619822 0.9896476279463369 0.07834506043317774 -0.10454557102295867 0.05941252044303477
1758727940.673795 32.885324945940866 103.67421005771708 -261.61545234497066 0.9897074048653559 0.08042176284101364 -0.10334912753061229 0.05771092318519558
1758727941.140407 33.12867607242897 103.48897666880652 -260.6556612962307 0.9896179995814262 0.0811936630994621 -0.10225843986518551 0.06005843365661388
1758727941.540414 33.36344546350868 103.31020600830315 -259.82019879745087 0.9900012223857302 0.08173440595807813 -0.10000786507546236 0.056705321447712544
1758727942.007052 33.61785717643981 103.12069006147414 -258.858726073147 0.9899753189397144 0.08368677021393728 -0.09853760907816203 0.05688349478126266
1758727942.473747 33.8513904656846 102.91911307599388 -257.9407455889362 0.9901643888637209 0.08310704102424629 -0.09801572149398996 0.05532288042339269
1758727942.940379 34.09868847293173 102.74509375790629 -257.0399555938791 0.9896057226982904 0.08528764064975407 -0.09494100144356256 0.06627773532707829
1758727943.340341 34.25636068971914 102.60942800943738 -256.41619747581683 0.9903564565986133 0.08380889243028773 -0.09332824604771968 0.058821738436599054
1758727943.74034 34.39893801466918 102.50185934954956 -255.8868764315124 0.9905936006035061 0.0853700227069973 -0.0923123982847206 0.05398795040850357
1758727944.140328 34.52272728370641 102.40352400959887 -255.39432104786127 0.9903876046364787 0.08579040943334112 -0.09266193080979453 0.05644612307571223
1758727944.607002 34.65360284155521 102.29275678619986 -254.8731229997408 0.9903869318377376 0.08665564906076259 -0.09237249461875374 0.05560437005126979
1758727945.073632 34.79504210933813 102.18206780641728 -254.33638010455405 0.9904761045017705 0.08680248546784075 -0.0921136320215265 0.05419865056812719
1758727945.606956 34.941674167087406 102.05691407742069 -253.74163684595993 0.9903572357304812 0.08898713672391621 -0.09122310761195469 0.05433396517443549
1758727946.07364 35.08214654929783 101.94624545559498 -253.20821940945683 0.9903959823157845 0.09053574132417798 -0.0901241191147641 0.05288403265090044
1758727946.540296 35.21102035483223 101.83278450595344 -252.6794885530543 0.9906201771864414 0.08859930765458465 -0.09161363369332741 0.049282546157202824
1758727947.006896 35.36513211135596 101.72245921481444 -252.14245898593452 0.989355272454628 0.09480801111781015 -0.0981174176785864 0.05060195887710082
1758727947.473572 35.52104768858464 101.6068939390876 -251.60229233682028 0.9892462008682164 0.0952415030127959 -0.09871764593571254 0.0507526999535559
1758727947.873582 35.647747244074644 101.5091082790805 -251.13887986745246 0.9890914924615644 0.09493873791893377 -0.10002792393213661 0.051759733542029694
1758727948.273682 35.76734877676292 101.4079257535321 -250.68870345237488 0.9892757892908872 0.09213239667792877 -0.10218421253224112 0.049024696984669866
1758727948.807367 35.94082730737105 101.27465881181409 -250.0839990046309 0.9892286555314873 0.09115269136046754 -0.10374489438578388 0.048526805190449676
1758727949.34018 36.10953781837931 101.14971772483193 -249.47868856034586 0.9889634673789754 0.09301917275838331 -0.10351800857760322 0.05082042492175216
1758727949.806857 36.26721452292751 101.03622648633508 -248.94209412272295 0.9885752501703408 0.09601142881763627 -0.10442954105175457 0.0509436084584145
1758727950.273538 36.423051729212546 100.93576903663732 -248.3965801051653 0.9884276666118473 0.09484256549459195 -0.10484795971825725 0.05497764081498577
1758727950.606994 36.536405516921704 100.84432820745113 -248.01867898759764 0.9884978983857956 0.09351699662141039 -0.1066453217719937 0.05247143579057323
1758727951.206807 36.74837667545012 100.70910808843263 -247.31718697366588 0.9882131938053346 0.094030675551092 -0.10629831594720023 0.05738975231916223
1758727951.740196 36.922801283814216 100.58237671839413 -246.72255014777306 0.988516580107467 0.09442787546548992 -0.10748191945205614 0.048641383395350304
1758727952.207027 37.08513475592657 100.4692046933852 -246.1812030252325 0.9885206334995322 0.09573250708484565 -0.10540531169533529 0.05051697238891917
1758727952.806795 37.28289392805126 100.33678087947695 -245.48042914990683 0.9879548040361232 0.09823689255736308 -0.1056646809972098 0.05594455569915975
1758727953.206767 37.420793693100585 100.23993270336288 -245.01573190248905 0.987918705711706 0.09808349323055156 -0.1058710559099635 0.05645864664610122
1758727953.740253 37.60645316277344 100.10218183652002 -244.38920596278123 0.988048720561911 0.09970929669768847 -0.10680400151223027 0.04909874956654855
1758727954.20677 37.765341664228075 99.9927796803278 -243.8470414220155 0.9879598181459072 0.09976894283708201 -0.1073330489657257 0.04961020433336329
1758727954.806748 37.97508698551969 99.84856308071637 -243.14343189436445 0.9878066372210977 0.10053796653017474 -0.10764038865448725 0.05043522061253387
1758727955.27336 38.12208211608776 99.74229819406403 -242.5998142403401 0.9892709462750461 0.09702083408403199 -0.09716440674919541 0.049890186117017454
1758727955.673368 38.22312637034112 99.63739152200243 -242.15590160356624 0.9906878935911839 0.0930803741324365 -0.08750082744117581 0.04708658662865953
1758727956.206694 38.3715871428204 99.50782275347969 -241.5481288428769 0.9908110129875718 0.09214096172746555 -0.08674098227787445 0.04774496526283164
1758727956.540353 38.467741710513366 99.42446265673973 -241.15924028850313 0.9907786183228543 0.09444273338882489 -0.08517836394888088 0.046722006584641956
1758727957.1401 38.63247654852513 99.27054555033908 -240.47077823062222 0.9908903028672645 0.09353861194546578 -0.0841393849144243 0.048036441012619197
1758727957.473316 38.72796469110115 99.18761643182759 -240.07983805474586 0.9910528313526489 0.09391503813376298 -0.0824521204990801 0.04686041939032463
1758727957.939989 38.8568040316714 99.06756039246439 -239.54724849027997 0.9911917987815592 0.09269399143282707 -0.08224724186454806 0.04671223807636228
1758727958.406654 38.988226623703866 98.95116433669642 -239.01610641072725 0.9913595276199695 0.09273627360553373 -0.07895600016763714 0.048705447255914504
1758727958.806647 39.0911085703051 98.84783910230921 -238.56334431321022 0.9914131900860225 0.09242190930202718 -0.07900991942676013 0.0481197447686604
1758727959.339914 39.22518790726219 98.71603702540261 -237.9687842045155 0.9914108000884461 0.09219537197482729 -0.07837745886080338 0.04961464296892166
1758727959.806585 39.34646786455226 98.59705733719194 -237.4395914523805 0.9915878939921957 0.09010398066914037 -0.07945255171310632 0.04818727199140073
1758727960.206595 39.45205544664873 98.49986076723509 -236.96270666141325 0.9916669434761517 0.09034145357786823 -0.07767051229960331 0.049014145929740426
1758727960.473264 39.524168668794374 98.42804610295059 -236.64351996544224 0.9916929702001949 0.0889952852681611 -0.0785433772212548 0.049556331081243285
1758727961.473198 39.769283132453815 98.18808345903274 -235.53403438148231 0.9919230701983238 0.09137154153177102 -0.07416064115767262 0.04732930920182301
1758727961.806555 39.85793501519282 98.09795604550297 -235.1446867070641 0.9921232131337744 0.08943249940042233 -0.07480024592812387 0.04580699969656411
1758727962.139877 39.95221138724215 98.00974391754917 -234.74512920143903 0.9919133988670278 0.0935044400905184 -0.07216387703575741 0.04644463028798225
1758727963.20655 40.20389026105639 97.75891925345225 -233.60385190581366 0.9915570809698934 0.0920181813863282 -0.07812833193006033 0.04736214968351137
1758727963.540356 40.32577052734602 97.67480370097856 -233.20155447246378 0.9894583788683468 0.09658404407852968 -0.09659988401282651 0.048084314754068415
1758727964.139821 40.51560651863261 97.52909811136445 -232.53667506589056 0.9889588797982187 0.0952779876442708 -0.10388915197819822 0.04571086566628727
1758727964.539828 40.64540904500939 97.43628796489853 -232.09042443571767 0.9888487680092637 0.09679868612627231 -0.10325614094894271 0.0463281526409261
1758727965.006525 40.78550466026015 97.33135338317572 -231.55597316673288 0.9885957828749062 0.09456862676140299 -0.10495626284746365 0.0521472511596516
1758727965.473106 40.940470661545184 97.22082665563877 -231.02086539605665 0.9883937979497625 0.09448050625875823 -0.1077153876037748 0.05048296133252658
1758727965.806438 41.057258419131536 97.13749745480423 -230.6315481818526 0.9882828585248203 0.09398623936913815 -0.10926757571942051 0.05024117088263296
1758727966.273107 41.207462984046614 97.02637849201606 -230.10527679473935 0.9883443296280924 0.0910086593385276 -0.11198553715631329 0.048498963754006356
1758727966.673209 41.339954316109406 96.91976318590028 -229.66991358740538 0.9888184373038038 0.088757565621726 -0.11264611248052285 0.04087842873685358
1758727967.20661 41.511460390776826 96.788008254177 -229.06374942577528 0.9885121012941854 0.08820486622929248 -0.1138043698647803 0.04595968416021874
1758727967.673069 41.66375666554388 96.68066522406426 -228.55793279585728 0.988463960777853 0.08642944369493168 -0.11612470012600835 0.04454215448974391
1758727968.273062 41.86381824094062 96.53770293432981 -227.91648844233507 0.9883079214666269 0.08756815674960798 -0.11669885658776229 0.04427919557648476
1758727968.873123 42.07047260746972 96.40018021455002 -227.26815822876586 0.9881560159906833 0.09147086696490378 -0.11460267698472536 0.04524372869298176
1758727969.472993 42.285012484945106 96.24224394803075 -226.6136504559257 0.9881157946869674 0.09219160375830815 -0.1153007018973249 0.042820936801969675
1758727969.873007 42.43443994652452 96.14274123316497 -226.13577913086363 0.9877488124640106 0.09402909977306194 -0.11605517692578815 0.04518858020040504
1758727970.473003 42.644454772154376 95.98743294970176 -225.4520392626006 0.9877166554712599 0.09499879740493784 -0.115965222532607 0.04408065515900484
1758727970.939679 42.809627544786025 95.86543444544529 -224.9289343104959 0.9878423993635884 0.09670866460566538 -0.11510741179578735 0.03956149592030973
1758727971.339837 42.954887649050676 95.75472498066186 -224.46942117471534 0.9880020075561667 0.09688343480988566 -0.11408492352722169 0.038082323303744836
1758727971.939617 43.134509293836686 95.60018753162161 -223.8044483757818 0.9903914947020075 0.0917223712966006 -0.09638791714378205 0.03769699264311896
1758727972.406287 43.27303758602675 95.48153175082176 -223.26386817143262 0.9906462729677136 0.0934614473134876 -0.08914916367103994 0.04401529663651867
1758727973.006285 43.49142956473956 95.28493571095488 -222.42184327139873 0.9905598492637208 0.09592975417472771 -0.09094772987779386 0.03629294312517171
1758727973.33962 43.69858142067475 95.12485099020293 -221.68788889426028 0.9903124152801296 0.0995088266756027 -0.08817186048746913 0.04006290770600128
1758727973.806236 43.943467441658214 94.88317987898957 -220.6473163234591 0.9905453923123817 0.09742446405297352 -0.08842744148622872 0.03884439682760169
1758727974.406237 44.24641240182648 94.56939983061372 -219.43542580839923 0.991217746755408 0.09321210107588436 -0.08748501884657596 0.0338416046836621
1758727974.939571 44.52590085712196 94.29626569337134 -218.3230866325542 0.9914785099672654 0.09279465930103321 -0.08400019559478261 0.03610377567976123
1758727975.40625 44.76196741434653 94.05169860329997 -217.32350171752262 0.9917897308199061 0.0908637672378284 -0.08410966669569227 0.03197607874439197
1758727975.872862 45.00041164967502 93.78631314732799 -216.37180035664872 0.9923698395454427 0.0886081433182429 -0.08255075491081591 0.02315321493660186
1758727976.339706 45.226226454280884 93.54448467879212 -215.4050965944744 0.9921947924773419 0.09004805220909931 -0.07864474396734676 0.0354379220680649
1758727976.872853 45.452818952584565 93.28173760244881 -214.41509974404786 0.992610335524794 0.09239236457304417 -0.07459474653424356 0.024979923287504563
1758727977.47309 45.70184895408919 93.03335290042158 -213.34348891654585 0.9927032634978931 0.09034950189832695 -0.07176799557087694 0.03502217810324704
1758727978.006133 45.877499123751775 92.79060363469719 -212.45155690160243 0.9934410686595326 0.08663959710471102 -0.0692659698663321 0.027760560740298167
1758727978.606142 46.084836748703694 92.50527358082769 -211.44375729458764 0.9938171016451631 0.08950035370002737 -0.059679900004675636 0.027487537187052127
1758727979.139467 46.264471842531414 92.26522991025 -210.59569492433803 0.9941844387648203 0.08740723556341953 -0.059072601880315295 0.021626479050684492
1758727979.60608 46.41242024009329 92.09098591363248 -209.82911425490093 0.9935977782455409 0.09005136205524698 -0.05482979800707698 0.04059434083739723
1758727980.13942 46.55050134704764 91.90169687127283 -209.11334721557594 0.994378367999627 0.0844634379016027 -0.05739570752031234 0.027987884351683666
1758727980.539416 46.70187889214413 91.69194450761249 -208.34729726237998 0.9942636201010907 0.08693715901294448 -0.055976490164792635 0.027357205176386946
1758727980.872774 46.86204401038569 91.50092510541059 -207.6073107704797 0.9922293541696627 0.09548540295391873 -0.07423560561218685 0.029197969213176574
1758727981.339415 47.11538617625994 91.26629413305857 -206.69547995435167 0.9892252459170572 0.10215169963731299 -0.09805795636281185 0.03718978751612804
1758727981.806026 47.36711223625331 91.0382760669888 -205.72705976767682 0.9903434144550115 0.0997283853956565 -0.08735996683759778 0.040526618241575656
1758727982.339374 47.47506948316592 90.73935725544287 -204.7609393974617 0.9971354504930673 0.07280708032205167 -0.014815173896329581 0.014160969154243183
1758727982.806033 47.561990605867734 90.47422492927258 -203.8514525246992 0.9965893642976026 0.08003381174509687 -0.012199481240095825 0.015981257895531505
1758727983.206034 47.703196966987 90.25044051629328 -203.01836232072358 0.994240012803336 0.08706156399614189 -0.05821331747683772 0.022765998412299406
1758727983.739301 47.930502357890454 89.95596937169987 -201.9429178866786 0.9928729811392121 0.09182750526421912 -0.07018129949706713 0.029078132704603993
1758727984.27265 48.16611976596047 89.66764159975027 -200.92043394653405 0.993580457092265 0.08125957073317613 -0.0748390999813358 0.024369377558101896
1758727984.87267 48.40529717107679 89.35602554342442 -199.8016860865107 0.9937128436531174 0.08115088949373944 -0.07523301252781349 0.017009153982481512
1758727985.472655 48.64756421376828 89.0448411413502 -198.73281597674534 0.9934075256276599 0.08464647135504196 -0.07448233053344604 0.02070858159741932
1758727985.872632 48.84921654692687 88.80772511269583 -197.86417069359072 0.9938736371242707 0.08192743952138246 -0.07035942243476571 0.023508291249894328
1758727986.339264 48.93801340673862 88.53345145211254 -196.95821124603233 0.9975098449140926 0.06333760588017776 -0.023575120311639178 0.020166077534364096
1758727986.739272 49.01765238981609 88.29447180930218 -196.17320126659675 0.9978223496513651 0.059640296448600326 -0.01995801139125672 0.019881432469974775
1758727987.20646 49.09650812114588 88.00551561761499 -195.21961395536124 0.998291068939205 0.053721099235644526 -0.01712154502217894 0.015357013680625526
1758727987.805876 49.17204960539501 87.69074345776588 -194.1880081680288 0.998355040957496 0.053820673912396796 -0.012271079357003641 0.015490896222808788
1758727988.272548 49.23734381206855 87.43840301147668 -193.35018797646507 0.9979091276907028 0.0563776756870653 -0.027432665426139615 0.01569647805471884
1758727988.739238 49.44233871859625 87.17614183403649 -192.46106511886455 0.9929834883901514 0.07705515942617347 -0.08743921084053663 0.020016957758797225
1758727989.339204 49.676427120948695 86.88970447965956 -191.48564549448406 0.9933631414261131 0.07563271822855792 -0.08531932294624277 0.015164904266045508
1758727989.806094 49.89459660888868 86.64590445915819 -190.6495948391672 0.9936687960830723 0.07115984082042867 -0.08545845294593032 0.015982914794152682
1758727990.272485 50.11084223870074 86.42373239710162 -189.87220750032284 0.993806155985721 0.0647276064898093 -0.08887610127870874 0.016146204027008816
1758727990.872509 50.27139079383269 86.12227885322918 -188.95679928936502 0.9978691782474124 0.051194871254518104 -0.039902573360138645 0.006631206549783474
1758727991.33921 50.35288514600942 85.88409742430616 -188.20884152216917 0.998335674217808 0.04445282486513954 -0.0362694594537078 0.005861250422887362
1758727991.739151 50.418734298216044 85.67104510161704 -187.53502340523028 0.9983695668777745 0.044912854683282745 -0.03366549115668663 0.010376806910719849
1758727992.339152 50.51813727078058 85.44095546180026 -186.7605427088022 0.9984089272435193 0.04484720589355098 -0.027856212489644736 0.01980842118187324
1758727992.805785 50.574013560539846 85.28347363759697 -186.30272886879712 0.998605963336132 0.044668500294909666 -0.027559906372737367 0.005595232939311864
1758727993.339102 50.62725539775688 85.10732863703821 -185.71958614096005 0.9986630819462287 0.044152540938149326 -0.025710458627797726 0.00784692318767773
1758727993.805774 50.686006500569135 84.93163531693992 -185.1773502945727 0.9986792613478522 0.04496040586708344 -0.023871116325539756 0.006961656652531944
1758727994.339061 50.737403570026196 84.74523693158821 -184.59979657014554 0.9987715556238239 0.04386695134150667 -0.021991821167837374 0.006886948416417693
1758727994.93908 50.792685422688756 84.5405093498522 -183.9644214344477 0.9988914462816172 0.042117075437417106 -0.020268617965850888 0.005586915765632357
1758727995.472403 50.834070981716174 84.34960283644132 -183.3940892219655 0.9989786786079535 0.040548251362856454 -0.019723825730559984 0.0028999477016294416
1758727995.939054 50.877355739795014 84.1803127105384 -182.87774738497822 0.9989501671139298 0.04267769982413941 -0.016389282153218377 0.0029272839415662075
1758727996.472404 50.9208660019657 83.98780400765712 -182.2942727282622 0.9989406771419065 0.04341891022363843 -0.0151946456647066 0.0012018857620559
1758727996.939005 50.95581719024116 83.82034614820853 -181.7913167138959 0.9989428942146621 0.043523177534144204 -0.014675470035959821 0.0018594877223196856
1758727997.339004 50.9840736392239 83.6658490977018 -181.34478732047677 0.998953553033506 0.04389800119658863 -0.012667285101133387 -0.002074671261978529
1758727997.939037 51.00459368974029 83.45245723622872 -180.70993276963114 0.9992865536544306 0.03755630184616169 0.003102816104340835 0.00250607448278167
1758727998.338949 51.02257357072546 83.3031456913053 -180.25612511164223 0.9992501740137396 0.038497113270141825 0.0035433406670228322 0.002122908451697669
1758727998.805622 51.037233099082314 83.13421153318234 -179.73008878006945 0.9992548633900405 0.03777323435420018 0.006323692622772008 0.004786613561462509
1758727999.405847 51.04563908533613 82.93981621234556 -179.1012782392654 0.9993030760694224 0.0358355429746439 0.007269199247625363 0.007505648552993945
1758728000.005628 51.05477592700793 82.72765441122465 -178.47077538567692 0.999387777334118 0.033221240310217996 0.009389032390304298 0.005680297368615624
1758728000.672241 51.057679276166375 82.49650445479088 -177.7711711405151 0.9993903985950329 0.03181374380824009 0.013880788522999808 0.0037470803227160968
1758728001.005563 51.060638354882336 82.36530704235643 -177.36113836257744 0.9992866824599727 0.03334826456973036 0.01612007559484592 0.007359529274717687
1758728001.405576 51.057615304662804 82.21527467864723 -176.91396963917055 0.9993054813896846 0.032877741109118945 0.017520692924335054 0.0007964443131029931
1758728001.872232 51.0629568864098 82.0595153624802 -176.43597853055505 0.9991023491785016 0.036081834291908664 0.022172600219621297 -0.0009863567465004878
1758728002.405556 51.05392226714705 81.86073240468673 -175.8216331794746 0.9991239665634741 0.03377834223430946 0.024502283176142343 0.0031561295169881907
1758728002.872193 51.047158475927 81.68201873478064 -175.3072710540904 0.9990927246383065 0.034322901794399965 0.02502667747161018 0.003054734350009092
1758728003.272591 51.04324928682118 81.52058196243988 -174.85263617187388 0.9989847577819003 0.0355585016490237 0.02764053817894984 -0.001023390977298363
1758728003.605523 51.03344151302483 81.39054792005284 -174.45871357475173 0.9990348684237891 0.03458435581531463 0.02706964489329653 0.0006988073073729094
1758728004.205457 51.03165114570044 81.1981545419323 -173.91788966025118 0.9989654569709991 0.03552388137702428 0.02781599530192802 -0.005686830048203522
1758728004.738818 51.02242768750268 80.98796236931842 -173.30599171635487 0.998948041026392 0.03574315203427503 0.028363541376016745 -0.004554989879184815
1758728005.338818 51.00959964809014 80.79771759942636 -172.74925646386308 0.9989838473218864 0.034791148330565 0.028287289654458196 -0.004547310392660135
1758728005.872148 51.003559093720796 80.61404793085602 -172.23310208621368 0.9989499202226615 0.03484699745461995 0.029182804268144662 -0.005753919584350911
1758728006.33886 50.998938545132134 80.4394642130702 -171.73938879189203 0.9988810693298005 0.035676615490006086 0.030391030992470144 -0.006338270816830837
1758728006.738756 50.991922120834126 80.27201330090807 -171.27242493046273 0.9988689637623253 0.03627441841181196 0.02927653391383353 -0.009372532382223292
1758728007.205456 50.985294018194274 80.10064801585256 -170.78725545189272 0.9988441294089409 0.03600236066546837 0.030473468429371726 -0.009252183185206238
1758728007.605419 50.971636080389146 79.92465064834 -170.30878600466417 0.9988844207892271 0.03477398821133578 0.02915156193305707 -0.013071728474514396
1758728008.072086 50.9612340360716 79.74748250795193 -169.80699151622164 0.9989406741616838 0.033129316735779235 0.029411597987453846 -0.012447320267661129
1758728008.538689 50.95292483141274 79.56764482883328 -169.29237487153586 0.9989936805510857 0.03270571082365473 0.029771711166874396 -0.007457071322640387
1758728008.938691 50.940855335578185 79.40659905111649 -168.8456802821376 0.998967761004861 0.032533783121089614 0.03070289071275369 -0.007892903815791394
1758728009.405424 50.92817448319751 79.22892843476404 -168.33507755090034 0.9990240872116504 0.031194679252126815 0.03037932864599405 -0.007406858193892195
1758728009.872029 50.91381118840241 79.04614529902982 -167.81892872081463 0.9990254955230797 0.031119762974617396 0.030698499708952415 -0.006100964094961376
1758728010.20535 50.89942113579383 78.90631599887244 -167.43933764633843 0.9989726388719089 0.03159990108161112 0.03129094789765111 -0.008717202337547332
1758728010.538642 50.88422854604568 78.77316033263777 -167.06362100508412 0.9990002362536838 0.03094205769186647 0.031360979668127245 -0.007589860679383013
1758728011.205316 50.85977696102595 78.52014197195372 -166.32463352517826 0.9989482482933312 0.030500282703072583 0.033862406994239196 -0.005046521502398992
1758728012.005321 50.81563762645578 78.21375877817775 -165.45966116408798 0.9988874207468117 0.03040440942551237 0.03570581976338695 -0.004958527633525712
1758728012.338648 50.80433379299544 78.07626525063 -165.06869127215225 0.9987939663468299 0.031656526189372286 0.03725149435506632 -0.004561064251208967
1758728012.738585 50.78526640740365 77.9168554641984 -164.6287041541019 0.9987449861866989 0.03093195971375373 0.03916384218397474 -0.004226097559937129
1758728013.1386 50.77102425829691 77.75464461377142 -164.1740128729914 0.9987116157200177 0.031014206834230253 0.03945457581807427 -0.007520907350264307
1758728013.538601 50.7577669266107 77.59873337879638 -163.72262798610774 0.9985605275926251 0.03295293207744579 0.04189142749959128 -0.006007104417585408
1758728013.874143 50.73756996792047 77.46594790108793 -163.33448175409845 0.9985547348611525 0.03249114843858698 0.04243590057901922 -0.005653415035422319
1758728014.338608 50.70728463106772 77.29161429174468 -162.8290745811615 0.9985995314396506 0.031027974639024344 0.042573535229041774 -0.004871826804383131
1758728014.671868 50.69444045073242 77.15524955135349 -162.43157974665044 0.9984059331391496 0.03283727893755522 0.045845443485800774 -0.002345441559978114
1758728015.005209 50.67421989309171 77.0243214350885 -162.06462963193445 0.9984898620384037 0.03099833257885772 0.045096020352492355 -0.00484228584735589
1758728015.80521 50.55626550413547 76.72991098265842 -161.21525928304953 0.9967293753941772 0.019677260919471393 0.07822959136518953 -0.004846510484474334
1758728016.138542 50.48057967217387 76.59709606799991 -160.87051499335863 0.9949555769378621 0.012895014619603287 0.09910659117847068 -0.008660375464706941
1758728016.805157 50.35155779668701 76.34063429618085 -160.18340793005282 0.9949810607516514 0.011076669858471423 0.09877685120934016 -0.011538188572431649
1758728017.406006 50.21644803649911 76.10393814067248 -159.54375287097182 0.994615040093577 0.0076695058307444716 0.1029434450105366 -0.009205858424227817
1758728018.071845 50.060014440593505 75.84845193291895 -158.83059648477524 0.9941008374474348 0.004639626056584963 0.10811826343598643 -0.007241544583186387
1758728018.805099 49.882391028909375 75.55382483487413 -158.02503497835346 0.9932765096241394 0.004124776101249668 0.11549219229023128 -0.0068055250347000325
1758728019.205104 49.77929759673558 75.39241283007954 -157.6013181307042 0.9931144666315429 0.0014321362208361294 0.11662571911015611 -0.010956586833041715
1758728019.938428 49.57865774499627 75.09967851556374 -156.82180906731713 0.9921789623058639 0.0027908218065100256 0.12393167438282442 -0.014630726433541451
1758728020.671723 49.416755432996126 74.82085239299627 -156.0560561561724 0.9930665847895249 0.007702718305152306 0.1169459795707688 -0.009113954543121267
1758728021.338407 49.276772844994 74.54829713310932 -155.33065393427418 0.9949576960030654 0.013993243182762925 0.09865728587209341 -0.011406675845825104
1758728021.938397 49.19408877353443 74.3123485286973 -154.67965324424324 0.9959164930377181 0.019873719290927853 0.08763935176779061 -0.008643968921725887
1758728022.671729 49.08806819366685 74.03549124392416 -153.91496463554458 0.9962456182760274 0.019928530441731925 0.08387463746383488 -0.00790992607799983
1758728023.33833 48.97747904599709 73.7727578931725 -153.20210267926436 0.9961432124660382 0.020719296418104077 0.08464305500230661 -0.010245206374534731
1758728023.871698 48.89689301512005 73.55732548159264 -152.62888538003668 0.99629452573742 0.020050098596018143 0.08296841114912953 -0.010557191071894428
1758728024.671677 48.79056296618316 73.25188110306104 -151.7971359619018 0.9964114986875157 0.0197504268816214 0.08159708715502481 -0.010768532356277307
1758728025.471623 48.6768077812466 72.94323900944258 -150.9476861708771 0.9964424870140386 0.02117326402774712 0.08090911465279461 -0.010381624621881845
1758728025.80499 48.62644645875185 72.80456453407085 -150.55287279232616 0.9963040309583705 0.022548616028749576 0.08248656469323526 -0.008111994600537081
1758728026.471645 48.535808342174796 72.54478465896386 -149.83893289594783 0.9964307725654485 0.023125316938564067 0.08059467563899965 -0.009769005054706703
1758728027.271572 48.42920295237363 72.22499420439927 -148.9775788358771 0.9970897861619467 0.02627691954126714 0.07056329278636946 -0.011929104831893307
1758728027.804883 48.39507679279918 72.01861975418548 -148.4032074216094 0.9979167764387401 0.034520069573753046 0.05389592946435988 -0.008105608299788387
1758728028.471707 48.39839415864288 71.74951928335007 -147.65442298450498 0.9985840139395814 0.045308674794861524 0.027067049846664505 -0.006668276032510134
1758728029.071517 48.445078729628364 71.5084665856817 -146.9995102178425 0.9985484837070433 0.05296343753923857 0.0030719890423755547 -0.009293161664122584
1758728029.538174 48.471173034929365 71.32372773473351 -146.45782879954095 0.998594173518173 0.052354703118848475 -0.002508342304363612 -0.007897461350238976
1758728030.138172 48.50598897372657 71.08401765619507 -145.7794569214727 0.9987142149689843 0.04991120951546233 0.001724703727552003 -0.00870708795415525
1758728030.604831 48.49492480139789 70.89552336225938 -145.26208849342376 0.9988116087385998 0.04002992805035494 0.02522686032205749 -0.011686771478268167
1758728031.204795 48.395239434681216 70.65461296455416 -144.62091307550318 0.9967194533885703 0.021791679028249626 0.07688552050071187 -0.012809008519564609
1758728031.738119 48.246053518280796 70.45419497148788 -144.0687254487112 0.9924099193709032 0.0015517279110316533 0.12219170949702442 -0.013759731280904982
1758728032.271457 48.10865174591633 70.24866248155071 -143.50667679576145 0.9921403404940176 0.0007270425032576511 0.12481072405469656 -0.008905017380996756
1758728032.871462 47.958323646342286 69.9961826039039 -142.88636689024932 0.9912580868599518 0.0033276382488922757 0.1302496856691458 -0.02076900193850718
1758728033.671408 47.73471591970765 69.67921158612991 -142.08327574807512 0.9901447255564779 0.00044732497224384167 0.13845354918532846 -0.021067441017887416
1758728034.538066 47.46871291009842 69.33027292837407 -141.19128821877047 0.9890684298151555 -0.0038135600365002452 0.1463384804328813 -0.01772419384417998
1758728035.204688 47.294825346398966 69.05334290949253 -140.49646362303235 0.9909042179268064 0.004327116244814227 0.1327846116613609 -0.021409200494404874
1758728036.004687 47.13044993862621 68.73759340787888 -139.69505633641452 0.9930867657554762 0.010716309884027773 0.11501649143475845 -0.020857686397001064
1758728036.738039 46.95736844204807 68.43872323938358 -138.93419116907234 0.9930880935147193 0.008890792037304232 0.11528140619165389 -0.020178942557146095
1758728037.20464 46.85864328290919 68.2675890693782 -138.47577975413807 0.9929319299372693 0.009623638043356916 0.11689997086781191 -0.018109801571662244
1758728038.337964 46.61425310159547 67.84513067581229 -137.35982773093343 0.9924319957405467 0.011347694293740386 0.1207261007948291 -0.019369363735756876
1758728039.604604 46.33991325875702 67.35912003403824 -136.15357237699666 0.992187695222902 0.011232809605923318 0.12238322410643962 -0.02144173253111585
1758728039.937953 46.251565474547355 67.21537251320157 -135.78215853541207 0.9920652022764924 0.010728368870342654 0.12380815439544339 -0.0190545910131395
1758728040.27148 46.15959255897147 67.05841628077411 -135.3830499382308 0.9921359959767793 0.010242655815380497 0.12315697153307702 -0.019839703924527007
1758728041.737864 45.84000699998787 66.50383932269293 -134.0175931010646 0.9919259542645036 0.010636362880363183 0.12415212386839944 -0.023580058950242754
1758728042.471218 45.688204472947206 66.23060197428386 -133.3184919282953 0.9918757755165746 0.010011578329474476 0.12472133445496904 -0.022952188882943647
1758728043.471158 45.45427002718607 65.84898515174893 -132.3470679923443 0.9916184804896861 0.011104118898210455 0.12648544017091776 -0.023893955712465935
1758728044.604472 45.174966692867855 65.39992404610784 -131.25695741201656 0.9911878247265222 0.014382573244583533 0.12869753781551196 -0.027870799432274863
1758728045.40443 44.99044811085758 65.09071208222315 -130.50014609466257 0.9908004067254886 0.015705401463326604 0.13170047355754613 -0.026886421520909472
1758728046.33775 44.78978012700877 64.75315328138927 -129.6741981219769 0.9908293038963516 0.014370050431042931 0.132361079279344 -0.02305074582064427
1758728047.404673 44.561233623853234 64.37635099963121 -128.71359134487437 0.9908849247262267 0.013303231516461981 0.13182761198657023 -0.024322226449023418
1758728047.871049 44.45390423584135 64.18023464797831 -128.2521788723335 0.9908451075654088 0.014910687181628662 0.13194020306481666 -0.02440137366379486
1758728048.204391 44.356572232427 64.012869548584 -127.85294595112875 0.9907438129644447 0.015083450731588356 0.13228885891889922 -0.026435665163496245
1758728049.071039 44.15031169074625 63.66568939992508 -126.99106878376287 0.9907464405190686 0.014586662849535 0.13307762973685483 -0.02233974774545299
1758728049.737688 44.00333994625798 63.38225353361885 -126.31469291360175 0.9924659675127092 0.020469546802972402 0.11802630735010644 -0.025731143698659392
1758728050.47101 43.876258700209135 63.08641354067979 -125.57161689512988 0.9932409518962821 0.024478337175182854 0.11073287650345447 -0.024727566531624817
1758728051.270977 43.732366375485746 62.79896872128748 -124.81531317748637 0.9938636667879602 0.024604341623536093 0.1072426762869449 -0.01134224822847563
1758728053.137613 43.60071812171526 62.65625442699873 -124.50543239630292 0.9874804697972825 0.00866097323585504 0.15531574703499776 -0.026159664265934857
1758728054.404432 43.231858451307325 62.44539938822713 -124.08684816054985 0.9609864480010134 -0.03506797225514145 0.27189663408707565 -0.03670837033194351
1758728055.804193 42.43803613124986 62.06449633576686 -123.32026549664045 0.9347225944193903 -0.07230068220709919 0.3455853510486991 -0.040460449513313144
1758728056.537502 41.99442845890702 61.84842471029758 -122.9054453303729 0.9281136747785744 -0.08125687625293872 0.36115304016383326 -0.03963342441734694
1758728057.470849 41.409402164752 61.608849580353 -122.4039373272042 0.9198662019675694 -0.0942147771247146 0.37881113055509097 -0.038365005104563
1758728058.337463 40.95429715185488 61.41736425112558 -121.99984193439457 0.923292229960702 -0.09392261142519448 0.37050657075137183 -0.037879838797502764
1758728059.87074 40.49103062036603 61.15290979544948 -121.37438179779924 0.9629747269956761 -0.06548658417606862 0.2597418885834936 -0.030419299394196072
1758728061.470744 40.36195660957786 60.91805125609696 -120.79435942728088 0.9926792733063909 -0.015450764984825921 0.11590704632169138 -0.030243855942331706
