1755701642.36346 0.0 0.0 0.0 1.0 0.0 0.0 0.0
1755701647.309928 0.0 0.0 0.0 1.0 0.0 0.0 0.0
1755701647.441815 0.0 0.0 0.0 1.0 0.0 0.0 0.0
1755701647.639678 0.008168985425237248 -0.025191805232184856 0.0727461877736788 0.9999634808424984 -0.0019622831946203546 0.007945377494819569 0.0024611790839389365
1755701648.892779 -0.004994366949813958 -0.36825612544523995 1.0732785542747143 0.9999646792552959 -0.0012684529205857352 0.00829447404490831 0.0004826689960588161
1755701649.684216 -0.02441670439318741 -0.6402172363443083 1.889132371314789 0.9999717138594953 -0.0033654494300385794 0.006722917890590241 0.00021818816144600383
1755701650.475636 -0.00812141798531105 -0.8881855984594001 2.619210734887803 0.9999722435740688 -0.00204536251785106 0.007121874239539465 -0.0007794106299218385
1755701651.267387 -0.001919889833992819 -1.1389053778622462 3.3587002579764347 0.9999771761291164 -0.002258023355992821 0.0063328678968382485 -0.000665834486253238
1755701652.058511 0.014579431921440462 -1.3958583376148492 4.107467083218487 0.9999783867651181 -0.002389921163830419 0.005560916046458735 -0.0025671953932320303
1755701652.718052 0.022130962150725367 -1.612391343035579 4.731584886048426 0.9999822063407088 -0.0013191037163311021 0.0057132070017158745 -0.0010982864423482214
1755701653.575435 0.03604276619301165 -1.8964956028724755 5.549153303451632 0.9999842350659413 -0.0019200588092522825 0.004643652741864796 -0.002505889655671009
1755701654.366859 0.03648105617168566 -2.161230298084332 6.29994484916238 0.9999819864624887 -0.0025098815433785286 0.0028636027842532294 -0.004639722434295945
1755701654.960562 0.05761147027906911 -2.4806970178484002 7.201329559155946 0.9999869633918915 -0.0030816275238926987 0.0004170175346892547 -0.004050026474421204
1755701655.488062 0.055668521334192166 -2.818479728552998 8.18032586192025 0.9999566607554763 -0.004650720741025941 0.007577817864475581 -0.002761174344257429
1755701655.751869 0.04898740632840312 -2.9884513866131517 8.673949605518217 0.9998887237201398 -0.007115505800022927 0.013019670339420194 -0.0015485279373344046
1755701656.081626 0.040174934995379045 -3.200763254695983 9.269366443647193 0.9997712946063243 -0.00879119322828706 0.01942654276578822 -0.0016379374183006432
1755701656.543698 -0.005611031023594788 -3.49745596756677 10.113912535463536 0.9995325004080762 -0.013073637511791083 0.027631835019298726 -0.0005850843150422263
1755701656.87323 -0.031224319656239785 -3.700818586120104 10.716808099716083 0.9992864246514536 -0.014161682178620967 0.03497207696657559 -0.0017441610678628873
1755701657.334733 -0.0987596660600916 -3.993053164495093 11.581308624830022 0.998830552405461 -0.020365621156240205 0.04381708297627535 -0.0016829425932450713
1755701657.664525 -0.15800604525255071 -4.203843758313824 12.19428446294071 0.9984393561148055 -0.02193551290318352 0.051344349184762175 -0.0012013498740383408
1755701657.86238 -0.18792468996328515 -4.339987996242234 12.593414595269188 0.998417487046603 -0.022645371837689034 0.05137588165806014 -0.0031980427977305217
1755701658.192119 -0.2590064963031651 -4.5531063765382775 13.21652011205301 0.9981977403210112 -0.023517844363809822 0.05504795087188272 -0.004231467749303163
1755701658.521876 -0.33083808508518275 -4.771755016256268 13.84706443499834 0.9980791462589 -0.02511265078443177 0.056477638226750074 -0.004201065818665
1755701658.851669 -0.39853070874813107 -4.9771565496285 14.43751148117832 0.9979367072504595 -0.027790711478430388 0.057715410889035826 -0.004351554152633748
1755701659.247371 -0.4900501650983244 -5.231289364238171 15.1653262985815 0.9981488437196145 -0.026092470253684007 0.05423384305755662 -0.008761223913662573
1755701659.445242 -0.5320222279793411 -5.365035466096283 15.543934056377745 0.9984030083292279 -0.025676995402064508 0.04977440066935397 -0.007391475108301385
1755701659.906894 -0.5792856401223008 -5.648444694197021 16.397833959595097 0.9990693160181621 -0.019593666904404432 0.03816690603296747 -0.004458395688108117
1755701660.368564 -0.6259823953760364 -5.932739100440998 17.211393254205618 0.9993687209121258 -0.018173916624378304 0.030290879286456802 -0.0037856372046230647
1755701660.566462 -0.6370177723511357 -6.065538444183262 17.586492919322666 0.9994592373289407 -0.01609592837538186 0.02820264465289848 -0.005173474864069434
1755701660.896179 -0.6590394428360422 -6.265237359565327 18.169463954787233 0.9996348585374238 -0.015888811050989063 0.02131598935152932 -0.0048294801185997755
1755701661.160018 -0.6597685869430094 -6.4269391491697405 18.65204201487995 0.999738201888702 -0.01391196913214002 0.017775541459358658 -0.00374365129758006
1755701661.489835 -0.6665004410368645 -6.624893658336698 19.228548506103465 0.9998334186105046 -0.011778340362063381 0.012364866768502299 -0.006443275389427882
1755701661.753565 -0.66533313969512 -6.790758278727958 19.704850998438804 0.9998862684433442 -0.011012317166251315 0.008673135968682374 -0.0055637902138159735
1755701662.017403 -0.660463658371308 -6.965558437240095 20.17584449952487 0.9999270686875952 -0.009399337177381294 0.004833786003693479 -0.005843310648057182
1755701662.347158 -0.6494568469370854 -7.178015372208152 20.77230562348058 0.9999481250724471 -0.00874129573136864 -0.00039902471299993464 -0.005213222833605341
1755701662.610974 -0.6437631701748656 -7.3356139793157915 21.238888741973977 0.9999569367883012 -0.008264963170273447 -0.0006926199899686397 -0.004163559811151014
1755701663.006689 -0.6394693313244681 -7.588994993968403 21.958480581990695 0.9999614599670121 -0.006905619795701165 -0.003737365471762283 -0.003927224873779011
1755701663.336434 -0.6186064315045317 -7.788775012181924 22.553574783025987 0.9999651384611121 -0.007284604065259093 -0.0008799033302648186 -0.003985244809387189
1755701663.600249 -0.6124989458728819 -7.959181794072299 23.048982467383855 0.9999647138688044 -0.006725241157596488 0.0002952338599186053 -0.005025433873853923
1755701664.061912 -0.6077163198465696 -8.243470486453699 23.87613675718316 0.9999575386122938 -0.008016628985490742 0.0021315337815120895 -0.0040138754203740985
1755701664.25986 -0.6096651398064108 -8.36888569215649 24.25914967658224 0.9999567044551855 -0.008195676610114638 0.002762360339469856 -0.0034335790921549256
1755701664.589606 -0.6009244326901287 -8.573012981954838 24.874987093356854 0.9999499914052492 -0.00802292254189204 0.0032570755951993697 -0.005003884600601467
1755701664.853358 -0.5948394487480446 -8.74721771843493 25.364057647825902 0.9999443900487051 -0.008815276852792316 0.00458613989156949 -0.0035320001453379313
1755701665.183115 -0.5953403837766584 -8.959660542794158 25.97375569074623 0.9999305008667471 -0.007271214788652192 0.005819818232445555 -0.007228595134255345
1755701665.512914 -0.6039565069051127 -9.169679610014384 26.576376570815025 0.9999271329631387 -0.008060087687184744 0.006349494402067229 -0.006359848381095399
1755701665.710768 -0.6055526734868962 -9.298866803227073 26.943709174336473 0.9999281393313619 -0.008192007171495421 0.0071860972175564536 -0.004996718783597645
1755701666.040546 -0.6027784342204509 -9.518747100847673 27.55204939643467 0.999921304597653 -0.007112279793747582 0.008234332223758987 -0.006244666579705355
1755701666.37028 -0.6051352126340277 -9.728397334835762 28.163013562167905 0.999904415056683 -0.008163339587176067 0.010085237152304034 -0.004775837991252078
1755701666.63408 -0.6075041959882933 -9.90306110168938 28.641188270556665 0.9999007009545391 -0.008046363526813089 0.010041989675002362 -0.005744798341348015
1755701667.029806 -0.6233013099033993 -10.155404720861595 29.393921360380357 0.9998809483266808 -0.009248901342471897 0.011612993657893238 -0.004205398387361854
1755701667.293604 -0.6222763979889847 -10.320992934787359 29.87910714508599 0.9998554197057945 -0.008939795245472316 0.013046790489954949 -0.006245078368573927
1755701667.755268 -0.6424073309814169 -10.627611248990869 30.742966880338976 0.9998214031678825 -0.009743567348408215 0.015135656719570038 -0.005756436258760792
1755701668.085045 -0.647010030166154 -10.82994419673648 31.340304195693495 0.9997826434969687 -0.008870960807679072 0.017728266564287703 -0.006456034478492118
1755701668.414805 -0.6627370060731391 -11.04093884429823 31.945085734872382 0.9997593632330145 -0.010398733916270221 0.018282468354992656 -0.006231637963229757
1755701668.876471 -0.7012635736016405 -11.333734976519139 32.77338972291253 0.9996948177955864 -0.009659814941641665 0.021699984056009442 -0.006787484063433546
1755701669.074328 -0.7118543068683417 -11.459799298925992 33.13865689961567 0.9996576207647649 -0.009874263089261514 0.02288109463221869 -0.007974690201184622
1755701669.536022 -0.7385181095434544 -11.768666908620169 33.96597442586915 0.9996025133391688 -0.009971620087141348 0.025132299253849008 -0.007984337985662115
1755701669.865766 -0.7620902403444362 -11.974906573505512 34.57666305918031 0.9995800367921822 -0.009329903974606302 0.025591116683246994 -0.009889271220303922
1755701670.327465 -0.7951862364779412 -12.273959177880366 35.42395354874964 0.9995548918468729 -0.009227046752394065 0.02662415163922012 -0.009799711358369195
1755701670.657212 -0.8211544479621639 -12.472522491132708 36.00812407598258 0.9995530168381259 -0.010095335792381342 0.026458809227186714 -0.009580299542256495
1755701671.052943 -0.8557500594712998 -12.715705077239159 36.69960597212005 0.9995315712905591 -0.009986936416402742 0.027230968335530705 -0.009765933542161261
1755701671.382701 -0.8772754704688938 -12.928953046263652 37.28835521771142 0.9995040140504704 -0.009601205008973534 0.02793655765568892 -0.010912905466600734
1755701671.712446 -0.8988989414979454 -13.129518856730316 37.86516328415036 0.9994670148653271 -0.009618077423289031 0.029679605725417946 -0.009607277806718124
1755701672.042207 -0.9192933114969123 -13.348762659827718 38.47976570158958 0.9994458143168915 -0.008594827790061554 0.02963145895652788 -0.012496792380948613
1755701672.503906 -0.9685737158079716 -13.637394961071045 39.26041373956615 0.9993977784123687 -0.009126688570544503 0.03110955543218768 -0.012368493075960241
1755701672.96567 -1.0043961523014728 -13.93233231511414 40.07808525952975 0.9993968936108399 -0.010714323267102427 0.030209778996432027 -0.013357453758794175
1755701673.229379 -1.0271651714225623 -14.108625668858798 40.57133876064334 0.9993901901731977 -0.010085800774125485 0.031267630095401934 -0.011826230022351177
1755701673.559164 -1.055787123328828 -14.34203371673883 41.17045639378196 0.9993421358368786 -0.010172687717128532 0.03068929703974476 -0.016431038092640668
1755701673.954891 -1.0944221254988264 -14.598240806170047 41.86617961157897 0.9992899730502913 -0.012218434567879674 0.031081014750889844 -0.017442194240216452
1755701674.350556 -1.1284155186106894 -14.860897874302346 42.56496925202784 0.9993287903452629 -0.012405465883799907 0.0303052159256231 -0.016421543501776787
1755701674.614371 -1.1407639374795917 -15.03571574729745 43.06216422652676 0.9993317882763246 -0.013755653273056364 0.030307218916116506 -0.015107330175941864
1755701675.010431 -1.1642770809849936 -15.304955439603415 43.77939776112909 0.999435799250497 -0.011454172625166983 0.02762761013506401 -0.015283987183269091
1755701675.339864 -1.1756250316515393 -15.52737440300974 44.373792736314684 0.9995353498423802 -0.009786088985860576 0.02322838056404916 -0.017139405304826896
1755701675.60367 -1.1697670666606548 -15.718631808023524 44.86814958136042 0.999746381013856 -0.006374191104972946 0.0148756075912958 -0.015660767421957305
1755701675.999456 -1.1642374123242125 -15.981064702775289 45.59074715304458 0.9998354801206956 -0.0035207692609941304 -1.7999436550858747e-05 -0.01779372225390714
1755701676.197246 -1.154726167434663 -16.120530651215795 45.97721639330169 0.9998821261256117 -0.0027234802452837693 -0.0010909316674069564 -0.015070712590221504
1755701676.59304 -1.1311277282003258 -16.375149201258136 46.67011448284786 0.9998664453448329 -0.00028382498389011506 -0.0023237609288621944 -0.016174394950423675
1755701676.922718 -1.1241955134702986 -16.58966988339616 47.261806527330904 0.9998703643030541 -0.0004372821702234762 -0.0033868336889970076 -0.015735079610363623
1755701677.252481 -1.0941472004713126 -16.82300012585434 47.86889977517078 0.999850683782418 0.0023151108825802754 -0.005451924922351099 -0.016233512129958032
1755701677.648295 -1.0765011414275705 -17.08161096325437 48.560454816096176 0.9998624765021566 0.00298213948587039 -0.007119155802352997 -0.01467830193593908
1755701677.846145 -1.0550064520296267 -17.22119886184924 48.94084619168239 0.999845087380869 0.004282772029789624 -0.008142659399928085 -0.015005205829312545
1755701678.175829 -1.030673880485867 -17.449354266406168 49.53907498854954 0.999834439382168 0.005894252574782764 -0.009723268302684338 -0.014205972879205381
1755701678.57154 -0.9986684007069836 -17.72086054559253 50.26168583199992 0.9997546855677818 0.0072287532654194235 -0.011172811304173545 -0.017705425695390218
1755701678.901304 -0.9622136766589382 -17.95540249818585 50.87921238932015 0.9997084374954024 0.01030860274957799 -0.011446260866400626 -0.018594510534854457
1755701679.231075 -0.9338142595845697 -18.184914650303977 51.50131690806435 0.9997043783182228 0.009959687651754881 -0.012611950966630389 -0.01824552783754445
1755701679.428929 -0.909595814819494 -18.328736260986624 51.874743715852 0.9996017462410192 0.011246360703922442 -0.014148945510601686 -0.021672000917324956
1755701679.758694 -0.8661640257413237 -18.561631938988217 52.50051780482575 0.9996193316889749 0.010348733172396754 -0.015897027622585564 -0.020034469001715714
1755701680.154421 -0.8219937405034414 -18.844703294858487 53.246250754602094 0.9996669848438398 0.012956723677688731 -0.014032593966683169 -0.017353069795639966
1755701680.484181 -0.7820617447504473 -19.083860885059977 53.86064016866866 0.9996496252142978 0.012004669962402223 -0.010870153447599009 -0.020936916488187914
1755701680.813969 -0.745192702316966 -19.30732374574742 54.48779243345204 0.999775347918037 0.015632321093384277 -0.0017644283211098153 -0.01420461281771444
1755701681.011802 -0.7395788253372116 -19.41806147856039 54.917020308285856 0.9998852926299159 0.009758935967660242 0.0022175285809142536 0.011368699053073328
1755701681.34159 -0.734052430552301 -19.648330267236492 55.529251787892534 0.9997812604184465 0.013388140918823597 0.015762277113493133 -0.003120836272162917
1755701681.605413 -0.7485317740656143 -19.839775640795555 55.980221620469074 0.9993553255545067 0.013213960219540516 0.024355817592400696 -0.022828024237067687
1755701681.869176 -0.754439502995798 -20.016833188903544 56.484738769580964 0.9996598306930297 0.008200729219875606 0.018719887256077684 -0.016202986149631723
1755701682.199042 -0.766444642293662 -20.233031309030018 57.09597955189644 0.9996569250267325 0.006650752519336494 0.023185084339968767 -0.010210367337787993
1755701682.594675 -0.7775448029864722 -20.508640549080297 57.85446343770425 0.9996611997603195 0.00898023848704784 0.022845078450821992 -0.008656985679208277
1755701682.924441 -0.7932994740550956 -20.742544126258327 58.471928637713695 0.9995456136259083 0.006989675432980004 0.023217975624843193 -0.017906320851368975
1755701683.254192 -0.7995428553459822 -20.962122694148047 59.08457249195401 0.9997148127203128 0.004657511141566939 0.02151510839284963 -0.009257479592194657
1755701683.583954 -0.8106590274360701 -21.19524567922795 59.71403455643883 0.9996829081978531 0.0019392497025141654 0.02118537206463554 -0.013472281846704596
1755701683.913724 -0.8180099086291446 -21.40499876983886 60.3289553513025 0.9998058926633521 -0.0003328415402353925 0.018720016728616302 -0.006134100245926824
1755701684.177615 -0.8197325009482109 -21.59564681844492 60.80840059687197 0.9996654291200021 0.0028107382822718623 0.020778699270906288 -0.015145138798959911
1755701684.507291 -0.8348592747878881 -21.82429651126033 61.41554801996451 0.9995911961587444 0.003266082495963066 0.02334341883442768 -0.01618202905017679
1755701684.903017 -0.8470395998688272 -22.085971502979042 62.14538866134594 0.9997279661451961 0.0017691311690152562 0.01903045739572983 -0.013368080393447774
1755701685.232774 -0.8488387420369776 -22.317232235736373 62.75483050779835 0.9997761100795689 -0.0001554161892909043 0.01657298270085479 -0.013154535505712004
1755701685.562563 -0.8494780484150334 -22.544784172082878 63.35052583496696 0.9997540898256688 0.0033700208978879537 0.015072901147544728 -0.01591258894688908
1755701685.892304 -0.8430777563135907 -22.7788470648914 63.98318324766626 0.999774643710319 0.004107801280116345 0.012478069513010536 -0.016675897090600994
1755701686.156119 -0.8372568782909888 -22.9471367695045 64.46055315186558 0.9998104002526432 0.006770264778737588 0.011630380318785249 -0.014073425848581789
1755701686.419929 -0.8268008419365557 -23.13980188036211 64.9768702286144 0.9998306524779161 0.008706595029456149 0.009851074772697643 -0.01287702971963064
1755701686.749713 -0.8085685557524945 -23.373661285169288 65.59374663531001 0.9997845017849488 0.010534167932103189 0.008437128506137582 -0.01577327357179692
1755701687.145408 -0.8047131622469814 -23.64506725451725 66.3435413173352 0.999804399112894 0.011145671138573445 0.005951718555567425 -0.015215603031460141
1755701687.475172 -0.7941429009054239 -23.879488932218845 66.96504576462722 0.9998244281922638 0.009032221184625086 0.006132336577462026 -0.015229124025545646
1755701687.872113 -0.7900551207258012 -24.15880905902443 67.70983940995842 0.9996522707834239 0.008762918041382607 0.0141433076658493 -0.02045765463618233
1755701688.134974 -0.793222677011504 -24.342174107145087 68.21528603939198 0.999535918365022 0.005820162129409667 0.024809375408519515 -0.0166903715602283
1755701688.464547 -0.8310071417381172 -24.577723622763795 68.84292990864377 0.9991071109850245 0.003289812832175552 0.03860114558686803 -0.016855547160165702
1755701688.926396 -0.8932528869755596 -24.901590137742634 69.695609315338 0.9986996016756357 -0.0015991742080849105 0.0476542231968119 -0.01804503439418433
1755701689.058194 -0.915109693175558 -25.001363045262934 69.94963943188105 0.9986798133505485 0.0003483496328472245 0.04780145805640565 -0.018802384591552573
1755701689.453761 -0.963983170794029 -25.27030536935733 70.67831370786283 0.9986167602888227 0.001439824419674997 0.049782683981231805 -0.01685756066343707
1755701689.783529 -1.0064503361502941 -25.500615365217435 71.27923612725813 0.9988483917687578 0.0018838228752299123 0.044969699225408714 -0.016615282841919907
1755701690.047332 -1.0123228005960716 -25.696666438551436 71.78779674385198 0.9993031985894256 0.007301677315182851 0.03333681372188484 -0.01511488167999686
1755701690.377183 -1.01132989929479 -25.9177451876282 72.41021957920093 0.9996380696674753 0.012726174528337178 0.01724921706831096 -0.016255419523610717
1755701690.640908 -1.0003833710104713 -26.107436213661913 72.92002395800176 0.9997419874101603 0.015505697825065739 0.008309753743987599 -0.014369409760137473
1755701690.970694 -1.001444893154925 -26.342367499806677 73.51140562406376 0.9995772438686317 0.011104787524748763 0.016939472581942925 -0.020858367689392577
1755701691.300452 -1.0250898349523136 -26.587500881178602 74.14747640916882 0.9993815334386447 0.006559923699320117 0.030183629799341173 -0.01680674016632972
1755701691.630309 -1.054058109729087 -26.818282497188104 74.74992431493155 0.99885691896993 0.005517983243636103 0.04197696166208348 -0.02218878041807156
1755701691.959989 -1.096478531532363 -27.04356198778783 75.3556470192492 0.9989417955416773 0.004269529836874718 0.04226031584908973 -0.01763876240775146
1755701692.289731 -1.1255867708090062 -27.270861656397766 75.95297104628085 0.9988488189168563 0.005510350624339025 0.044129192305041816 -0.017980193850526533
1755701692.487858 -1.148423869385424 -27.406604640000847 76.32085399476027 0.9988775988252439 0.006127765953075626 0.04467054891123054 -0.014509828031680043
1755701692.81736 -1.195001412846712 -27.638764898210738 76.91144991467766 0.998823215599313 0.004775023401960831 0.044431159117541 -0.018848215587451245
1755701693.081175 -1.2132212614856068 -27.820227367618273 77.40301911186404 0.9987259100944603 0.00730124729196318 0.04530040056471578 -0.02100290462412431
1755701693.410938 -1.2556934566564302 -28.05271467076926 78.0027675316328 0.9986839700195387 0.0032622540763749667 0.046505237025046726 -0.021376357351019688
1755701693.674752 -1.2872352846910562 -28.236352547214707 78.4880238501204 0.9987182985813531 0.0019015258385004137 0.04677664940374563 -0.01923770643325204
1755701694.136407 -1.3500589460129941 -28.558789440079092 79.33513281162985 0.998783465472305 -0.0016088483329418832 0.045809775419917584 -0.0181787013329072
1755701694.334271 -1.3766791365707758 -28.711330634590556 79.70243647575597 0.9986630319376192 -0.002287297989408203 0.04719837676218168 -0.020957818113643282
1755701694.664029 -1.4185642859603516 -28.93790055571149 80.30672828326568 0.9986286060795798 -0.0009065286628956307 0.04791790570292779 -0.02107034974517924
1755701694.927839 -1.4439088673355938 -29.123568473818224 80.78607782174089 0.998576501876965 -0.001157145760285019 0.048983709966944136 -0.021076694966896157
1755701695.257616 -1.491853630305273 -29.35486947777372 81.37956782369162 0.9985083077799604 1.745172376304921e-05 0.04997857676392191 -0.0219841045869482
1755701695.587375 -1.5395925344693138 -29.58563273439099 81.98647042269542 0.9985138685838516 -0.0017014189938874137 0.05045706734256178 -0.0205242240853642
1755701695.917138 -1.5897409310236195 -29.826768910910477 82.5782531817949 0.9983594144160522 -0.001428882412786257 0.051091164976368925 -0.025809509938105348
1755701696.246933 -1.6424892600471364 -30.050115366901373 83.15397978251255 0.9984716923530019 -0.005292173854275199 0.04977725672010743 -0.023420016632120965
1755701696.708568 -1.7148624890585287 -30.37632707628982 83.98326483723946 0.9983698524486264 -0.0070168668388751404 0.05069304970402789 -0.025270853036224155
1755701696.972369 -1.7578710550194274 -30.56664978775141 84.47196659096835 0.9985106302971509 -0.0068220529167763895 0.04869660923778537 -0.02363516503707155
1755701697.434049 -1.811369384703538 -30.87695138178351 85.32666204056076 0.9988641393013732 -0.0033735103202712827 0.04532697267338319 -0.014300915848727877
1755701697.763816 -1.835396158077239 -31.112590616147784 85.91273519980872 0.9989708596032639 -0.0011102621317597625 0.038054652083669496 -0.024654257975156815
1755701698.093612 -1.8646112359242883 -31.336973651184675 86.49236314148362 0.9992987419013831 -0.0006251040554147229 0.02893795604452157 -0.023753491936936186
1755701698.423373 -1.8798088885445754 -31.56064876498552 87.08103512238604 0.9994680438358463 0.0014077548943279073 0.026854890139317963 -0.018451624663144123
1755701698.753099 -1.8880761974894882 -31.801199438360722 87.68686449766263 0.9993209328902178 0.002243815905740401 0.027160079006437816 -0.024798558142962432
1755701699.0829 -1.9014814545839578 -32.03042670558835 88.28381667008934 0.9993592348651196 0.005339705916880456 0.02802840782998458 -0.021610543376791275
1755701699.412641 -1.9218969685702327 -32.25851790664174 88.87612348224299 0.9991857102106381 0.0035117465854948853 0.03369463847076301 -0.021914732147726906
1755701699.743115 -1.956812137296781 -32.492985782531164 89.47434311056446 0.9989831247675891 0.0027923270087152597 0.03775234436216263 -0.024488361207326143
1755701700.072161 -1.9893126551909441 -32.718560065383365 90.06881864776463 0.9988884728521379 0.0011804037721202222 0.04051175391774444 -0.024067057247752405
1755701700.270029 -2.006509033502449 -32.85923961983456 90.44462670477162 0.9989103489747787 0.0005482994428178202 0.0405379664141059 -0.02311898262933885
1755701700.731696 -2.0490439390891626 -33.19150067808374 91.28154097709508 0.9988504121011981 0.0011080168105766866 0.040580044593771195 -0.025492872038702204
1755701701.061464 -2.085519183891089 -33.41957794703386 91.86944999581317 0.9989008451159861 0.00036341796453455676 0.0407374395330153 -0.023182548916060364
1755701701.259337 -2.104892275467019 -33.57035661976197 92.25060219805259 0.9988643618197529 -7.333623863150284e-05 0.04018356208173358 -0.02559809849651647
1755701701.721064 -2.1572959187610268 -33.90168276841305 93.08980876145961 0.9990196535580468 -0.0033996458414903706 0.03611588158315555 -0.025373555335903273
1755701701.984853 -2.188435393565681 -34.08762131140806 93.56686669545412 0.9990104119084385 -0.0047973990708600695 0.03523975288380329 -0.026708457038463092
1755701702.446497 -2.2422012405369856 -34.42387056347386 94.38662500202163 0.9989406067931779 -0.007488028703428858 0.03337667428296656 -0.030782968336778557
1755701702.712094 -2.2683414619334736 -34.61073200842246 94.86776318897243 0.9990965206829538 -0.006931610408042776 0.033388441821424385 -0.025363499149455918
1755701703.040109 -2.2922957541841464 -34.84671805068518 95.44504649089997 0.999071197370825 -0.006253907653147503 0.030767806411075422 -0.029512256974730644
1755701703.303855 -2.3189822595708938 -35.036604286488036 95.92892065857964 0.9992325913948488 -0.00789191572765198 0.02752313482020821 -0.026728692638278363
1755701703.765523 -2.344163730064291 -35.36876004777154 96.75082498432101 0.9993556787565911 -0.005618604393659671 0.022969184557507207 -0.02700139223047298
1755701703.963399 -2.355446950109963 -35.51080259025931 97.11274448530386 0.9993610301001508 -0.006001435887435988 0.021414654847494028 -0.0279808299057991
1755701704.095287 -2.36170988891264 -35.61663378674123 97.35779275337208 0.999298063062332 -0.004625357898390019 0.020532711618503806 -0.030990240040610965
1755701704.425055 -2.3650104118189583 -35.84537809675724 97.95618698295574 0.9995663061765678 -0.003462433286855079 0.016155429979250596 -0.02437648855867747
1755701704.886707 -2.3772772308157 -36.180767326617705 98.77180930875521 0.9994630057758044 -0.005021889779917589 0.010658800727213527 -0.030575654951124392
1755701705.216485 -2.3632471200692833 -36.415280831002285 99.35194018413324 0.9995011964706916 -0.000831752531949125 0.0060942316438801795 -0.03097622930655594
1755701705.67822 -2.3545151452924067 -36.7468259586864 100.17859951017104 0.9995832959918937 0.0018435210335490595 0.0016913756750597275 -0.02875717393116224
1755701706.008001 -2.3354577516536628 -36.98704968986684 100.76801191899986 0.9994223278911434 0.005702705591115719 -0.0011136078325435388 -0.033485064419591266
1755701706.337691 -2.311238027814583 -37.223625124082496 101.35540044170784 0.9994840496299199 0.006722510047857561 -0.004765768862487362 -0.03104399847283905
1755701706.667528 -2.2785839542444832 -37.45250427506058 101.92350736845616 0.9994798622791747 0.00938851192973057 -0.0030755070529041627 -0.03069856671759891
1755701706.997254 -2.263592517316282 -37.69419996860242 102.51368641671215 0.999504878216649 0.008121640944879096 0.0011733662497720846 -0.03037532849415559
1755701707.326988 -2.2515105434013787 -37.92491887156704 103.08614955837952 0.9994794839668031 0.008539122961059107 0.010846506849307215 -0.029158151479080085
1755701707.52484 -2.2615291212371766 -38.074802605365534 103.46114721801369 0.9992986917572365 0.005700648422305844 0.021003341912306572 -0.030471082822171047
1755701707.854622 -2.2913116644236995 -38.315783374295385 104.03942040552342 0.9988008785593987 0.0011603525656676305 0.03601640322597969 -0.033140266588552514
1755701708.184367 -2.3317291215933293 -38.5682583187653 104.6501730033552 0.9982265892258626 -0.0021879796540766505 0.04845301092069034 -0.034513693517990836
1755701708.514118 -2.3828541882183414 -38.82025774798639 105.23237537273188 0.9981873102035478 -0.004340964864102444 0.04603833363377133 -0.038519107062345306
1755701708.712258 -2.4099090715617817 -38.958446102211425 105.59722460261757 0.9983930136758158 -0.008429628844147333 0.045707180027862594 -0.032421987828826764
1755701709.041821 -2.4600394949276727 -39.21041357605065 106.20621317039523 0.9981924179050035 -0.006949691901530244 0.0484035448147958 -0.03493845258163171
1755701709.50342 -2.5301915755177173 -39.53707134541507 107.0336577075218 0.9984233664585003 -0.006477967713227681 0.04771931408533066 -0.028838937345319143
1755701709.899218 -2.5779579162774464 -39.839891689178565 107.74015867246598 0.9983960325152118 -0.005942140889060117 0.04467103812931155 -0.03427173138299826
1755701710.162945 -2.6070728431447105 -40.03566451563981 108.1982930513402 0.998522167931512 -0.007088940206465719 0.04233275124504581 -0.03333414537868798
1755701710.492717 -2.6402024426952737 -40.28273664190571 108.82519064515537 0.9988069761304222 -0.0024208007930550455 0.03978559465231422 -0.02821117889922705
1755701710.822479 -2.672774513551825 -40.528496144056085 109.41392977875829 0.9987204634462371 -0.0010810558411891462 0.03740623579680703 -0.03401530149087663
1755701711.020329 -2.689025095250427 -40.67723230091483 109.78259938542803 0.9988489409723577 0.0009320155609597899 0.03557583036780359 -0.032160297869189405
1755701711.482 -2.717856657527879 -41.024758856440386 110.62020217133912 0.9991030516779031 0.00308579979110921 0.028525177207875268 -0.031142964419105322
1755701711.811765 -2.7236933236726624 -41.26103697514585 111.20305850061254 0.9992469108881014 0.005488223154414143 0.024302772106770957 -0.029746693179585292
1755701712.009663 -2.7214783054446205 -41.40779698255702 111.56252642315835 0.9992271710642274 0.0066055936632014286 0.020654910674901012 -0.032784163926350064
1755701712.405331 -2.7333163939994836 -41.69752366166058 112.2601279113789 0.9991522663028931 0.006277460001483704 0.021172456270747396 -0.03474290334997377
1755701712.73512 -2.7441803759386363 -41.942268131045765 112.86318696560913 0.9990673948191241 0.004860886222241807 0.02531160522175455 -0.034641521842446614
1755701713.064879 -2.7792172984203174 -42.18537458106059 113.46417758411242 0.9989130355230106 0.001254204526441221 0.03263131855317032 -0.0332621629286503
1755701713.32869 -2.8116484256359175 -42.38906858325235 113.94678611172405 0.9986902243072471 6.004466071654588e-05 0.03773188200188666 -0.03455629245702067
1755701713.724392 -2.857885593654161 -42.68121030652862 114.65128846438364 0.9984313367232841 -0.00253928541819332 0.046778286429871356 -0.030662840657804207
1755701714.054162 -2.9174292308004954 -42.92852835732655 115.24023564811145 0.9978911243147399 -0.003479216958234565 0.05452532720107831 -0.0350455097956539
1755701714.449883 -2.9867730547183977 -43.21264294943495 115.94260708105526 0.9978694067485995 -0.001964815961868982 0.057611984686392 -0.030555618042005895
1755701714.713691 -3.0331867418331973 -43.41729585800019 116.42286884058514 0.9977350751476927 -0.00033931540424374327 0.05851318686487855 -0.033178481701254044
1755701715.043483 -3.076817068745816 -43.67315858495002 117.00561718267836 0.9974529455740285 0.0033741948619382092 0.05876434797569815 -0.0402863200319751
1755701715.37322 -3.1486605283993754 -43.928156477085906 117.58792839777202 0.9974074126254889 -0.0038471730965542214 0.055788613310447425 -0.04529109320594955
1755701715.702986 -3.213378769618711 -44.17523487479862 118.1825058754803 0.9978737307662717 -0.006869946767050866 0.053708774531410965 -0.03627931664673621
1755701715.900834 -3.24873214683386 -44.330498710918846 118.57180318999521 0.9980011015322668 -0.008521969877263367 0.0542236386722765 -0.03132051051517654
1755701716.230601 -3.3118652633285257 -44.60220481130028 119.15249418380829 0.9974988340937518 -0.008987970721854713 0.05277852954313986 -0.046148880627516944
1755701716.560404 -3.3580858030567042 -44.874489768691724 119.74081693908491 0.9972948282707459 -0.0042003967454134344 0.049925789231212006 -0.0537847352066118
1755701716.890127 -3.400296982117485 -45.15396434189401 120.34046146896011 0.997563460113667 -0.0033400726925094924 0.0436998916741067 -0.05427988972104171
1755701717.219912 -3.4400677410008065 -45.41119976617582 120.96648644294058 0.9985378972815946 -0.0035330655710599655 0.03917616741369313 -0.03707847147464886
1755701717.615608 -3.475955192152643 -45.64128825577401 121.52906463048153 0.9987554184673705 -0.0031440725317093006 0.03851996363890539 -0.0315268344627293
1755701718.473004 -3.514478909547439 -45.97108382556586 122.33513531077949 0.9989790851439178 -0.0026395218275096764 0.03413777776200736 -0.02946917879777329
1755701719.198476 -3.5495264887332074 -46.240369603820604 123.01125255090506 0.9992699258092613 -0.0020687905455537676 0.029039050061952967 -0.02474002931144793
1755701719.858007 -3.568048225813869 -46.505247365001516 123.64607641426196 0.9992004715095087 0.002425695556600051 0.02582888885214955 -0.030420424666750583
1755701720.517616 -3.574357127980736 -46.74436782681604 124.24688860933237 0.9993423442425827 0.0037681889695265042 0.021363834975617852 -0.029056261128433142
1755701721.177297 -3.5755451876530833 -47.001279251801904 124.86122771200061 0.9993492731053402 0.007418287793749515 0.01828989312577022 -0.030190713133100334
1755701721.836595 -3.5665789888099204 -47.261726029573154 125.48550130019262 0.9992043960281661 0.011868796967352853 0.019023498818830774 -0.03298201190384518
1755701722.364217 -3.577183109416225 -47.46509097562921 125.98136537951233 0.9991790217285055 0.011604050147374126 0.019745471465866485 -0.033417733532284416
1755701723.155673 -3.5787563692029876 -47.77943805874284 126.72936734697876 0.9989821274380645 0.015008231492517616 0.023143737451025877 -0.0356907475907077
1755701723.947119 -3.593873957526287 -48.09449714838829 127.46405505983644 0.9988230938668694 0.016572356891646798 0.024678615936222233 -0.03832427508438227
1755701724.804494 -3.5937113091836004 -48.42480509722302 128.27849437556304 0.9989529875942855 0.018183966371618093 0.02416423859116867 -0.03432727074435452
1755701725.463997 -3.6030405501549474 -48.678889295612585 128.9003313469515 0.9989915600768164 0.018492622161677585 0.023666483582010713 -0.033373393230778765
1755701726.123542 -3.6078948281870025 -48.93877512571003 129.52039986175583 0.9989153368641164 0.021116203768884352 0.024282622172880824 -0.03365427129576628
1755701726.783054 -3.6581245559252666 -49.16668410659024 130.0785469505967 0.9983836520276954 0.01170613163688821 0.04562182028699286 -0.031807221815850495
1755701727.640446 -3.724872884088672 -49.48986684886568 130.83845505673926 0.9979302782937657 0.00838704728284133 0.053619856816381775 -0.03449243478494236
1755701728.497861 -3.8052222857355655 -49.82696504823743 131.65898087460832 0.9978267866894528 0.005002309893708212 0.05664305230196994 -0.033290318211833335
1755701729.157364 -3.867532549743913 -50.093219298341914 132.28223111399993 0.9976471560842234 0.0044008935353150504 0.06002058027607117 -0.03283769231349414
1755701729.816901 -3.9389242869570626 -50.35381882580404 132.88875745870783 0.9974625089448412 0.0012710305491538515 0.06283242247977167 -0.033451672845004034
1755701730.47644 -4.007991555274553 -50.61499083053208 133.52528675010328 0.9974004943005581 -0.0014182074362030716 0.0652030170030181 -0.03063999396824758
1755701731.135951 -4.087041219379269 -50.878181620860246 134.12503169187383 0.9971049137103533 -0.004121669694265084 0.06653912569079466 -0.03656976409419468
1755701731.663562 -4.143141499203293 -51.0818885299021 134.6113586432812 0.9970277001340805 -0.0067270045206750855 0.06707320739742732 -0.0373054610606357
1755701732.586906 -4.241735291792731 -51.436223309467415 135.45617394887915 0.9969773239334312 -0.00788297593111861 0.06849833541314783 -0.035805757897737156
1755701733.246435 -4.323012604723528 -51.694139389009074 136.0689105885149 0.997050900273217 -0.008969432449137392 0.06808015495052647 -0.034265785381635126
1755701734.103842 -4.429887859093566 -52.022442405291734 136.86667614814607 0.9973295236558922 -0.008382862784736562 0.06417355987186489 -0.03384232659282981
1755701734.895262 -4.52040393004375 -52.321599856031 137.57079123360904 0.9975279919068306 -0.00797488243470449 0.06071302870188623 -0.034470781225882284
1755701735.620745 -4.592765479282968 -52.60397900294676 138.2586944672854 0.9980571803852613 -0.0065030861082373 0.053405858779415026 -0.031422743364066724
1755701736.478161 -4.645779925832384 -52.94822980705161 139.0305573233054 0.9984195824131702 -0.002439106143844114 0.039817124907459714 -0.039585158572799595
1755701737.269622 -4.678730043688514 -53.24739513218705 139.7403453097504 0.9989837704745702 0.0013805479902152373 0.02653032303477409 -0.03640964673446609
1755701738.061071 -4.663220710860401 -53.558560460544875 140.45024378717665 0.9991058386316867 0.00871321169266084 0.013685721234723688 -0.03904233840791966
1755701738.852483 -4.64600565882011 -53.88051075047748 141.18960034385367 0.9990713313376312 0.01090289844692957 0.008924129299775423 -0.040718074867924434
1755701739.709808 -4.621345984817085 -54.21836771423417 141.98980965829938 0.9992599196815738 0.013638887511257402 0.0029447691908732103 -0.03584580867887685
1755701740.303396 -4.616400991917319 -54.424635598441526 142.56886766554402 0.9997484875719098 0.014911251555541714 0.001686190218563995 -0.016666521450893867
1755701741.094862 -4.594303901033303 -54.7338342827493 143.2910235644877 0.9992456813554189 0.01587158309058499 0.0043079793183388795 -0.03517957442801223
1755701741.820298 -4.591662967446789 -55.00563853818188 143.9360347690002 0.9990974017442602 0.011782935057185764 0.008828479224712447 -0.03984472642502858
1755701742.545801 -4.598131897392338 -55.28622583256797 144.59913319008146 0.9990821155461721 0.010220799583896179 0.016662262706204044 -0.03811601570416888
1755701743.403158 -4.6121672532319185 -55.62249182157454 145.37791493054814 0.9988343606569056 0.006833628968748062 0.028664901083242485 -0.03823015736452396
1755701744.326525 -4.664176723499479 -55.984177058429125 146.2211766043546 0.9986628815614891 0.0045790154267671 0.03417101441586884 -0.03852042812346662
1755701745.117937 -4.697650683010308 -56.299636036512105 146.95240853565332 0.9985757028148047 0.0016479367877354802 0.03719267679018487 -0.03821720614387464
1755701745.777533 -4.73784722221761 -56.55877173339794 147.55268995442077 0.9984686082034583 0.0006080117569505864 0.03979251314561158 -0.03842687407933014
1755701746.437029 -4.783862927812836 -56.82213542805702 148.17736566610412 0.9984470258341249 -0.0015668379757658286 0.04091006875858773 -0.03778158143745957
1755701747.162484 -4.828410738952429 -57.104650356503555 148.8477745231016 0.9983900323502961 -0.00371392891142884 0.04204647672028563 -0.037889890881688225
1755701747.822013 -4.879906689218456 -57.36962412549951 149.46777562018596 0.9982688387060238 -0.006101900383273077 0.04321404185702332 -0.03942891155762254
1755701748.481534 -4.931909320791458 -57.63298097118067 150.08047090336646 0.9981861209712435 -0.006864529280036868 0.045649203112172555 -0.038645781055232996
1755701749.141181 -4.976337171458829 -57.904336014942466 150.71115564034446 0.9980893531785658 -0.007070034731500473 0.0463936720793093 -0.04019060675686475
1755701749.866539 -5.033227093751789 -58.19383093440673 151.39215061933783 0.9979741321046411 -0.00849594518514011 0.048469432133862414 -0.040325732653235
1755701750.526064 -5.081621655803788 -58.4544140548667 151.99108004580768 0.9978898559499918 -0.0076280137195772185 0.049520098962078055 -0.04129659305056938
1755701751.251546 -5.155669131789915 -58.74699435440545 152.68619456485243 0.9978560062504658 -0.010677057454898916 0.050236802533772024 -0.04056667234513901
1755701751.97709 -5.212984380866386 -59.04221238410487 153.36790172303347 0.9978042575394114 -0.011180054098836103 0.05115479839791364 -0.04055683206859099
1755701752.702513 -5.287576882392362 -59.33657088667408 154.06208131244355 0.997767746220238 -0.013678705545000941 0.05207603918999531 -0.03950321201474594
1755701753.559932 -5.355991484062888 -59.671149006370364 154.85021576898913 0.99762644090828 -0.012978707198653815 0.05344719318283843 -0.041429881740189536
1755701754.285409 -5.439291912329107 -59.96044189325517 155.53212253499353 0.9976290079828047 -0.017127756208439437 0.05430606963890481 -0.03865039713746194
1755701755.010933 -5.516683204501084 -60.24192008228234 156.2001683704455 0.9976868479976918 -0.01818991657980806 0.053890065068536615 -0.03722823060741968
1755701755.802286 -5.6044319628949175 -60.56397977812386 156.95775492745986 0.9975329077913737 -0.022392808134790203 0.05487604503934222 -0.037620203321691595
1755701756.593731 -5.693767817932387 -60.872904709119666 157.67233466847867 0.9973528647058922 -0.02367463576675108 0.05479043301313027 -0.041530510886522945
1755701757.319221 -5.776373273496432 -61.15637406050619 158.341328993598 0.9975526166165343 -0.025103914700611775 0.05144040135416559 -0.04015539386847815
1755701758.044694 -5.8444102941681155 -61.44121755362941 158.98759880691463 0.9977363168310008 -0.022287523503743478 0.045163970654401184 -0.04456146460011481
1755701758.836129 -5.900204045632982 -61.754715563222625 159.7010063218072 0.9982101350958067 -0.01820249410837359 0.034782534783087245 -0.045115082559041605
1755701759.627555 -5.914583516009641 -62.06800309638535 160.4191280841679 0.998858171973914 -0.00828024754347708 0.019420955227942426 -0.042855761334780584
1755701760.419014 -5.909051095459992 -62.3784960840206 161.10567553206968 0.9988717634334257 -0.0015930883183670349 0.0034423022088979523 -0.04733722468112086
1755701761.144476 -5.895246652133971 -62.66060673491108 161.73354767933816 0.9990928834591317 0.0011879950839655215 -0.00020362989877628773 -0.042567093204291175
1755701762.001858 -5.867067528292249 -63.00423120499322 162.4856542981757 0.998877573634128 0.006514441302123857 -0.004644691802926528 -0.046685991296900424
1755701762.727346 -5.836168939622616 -63.29286300904342 163.12396506488997 0.9987568190039394 0.013262458053728254 -0.007045452899844578 -0.047531939713643064
1755701763.518779 -5.80780642682521 -63.60592959599974 163.82352476947594 0.9987470500217268 0.014231806856334092 -0.010477371492870622 -0.04681891106276002
1755701764.112359 -5.77744172867983 -63.83719332061914 164.3534913588961 0.9988240666100958 0.014507215501009576 -0.008892622434850261 -0.04539764228580069
1755701765.035699 -5.73385327621565 -64.20293932349014 165.16155039509442 0.9986800208534012 0.014867152640273518 -0.006189593655845938 -0.04877368810123218
1755701765.695227 -5.712974680943814 -64.46610546444273 165.71447231889192 0.9983932175251189 0.015703498989190285 -0.0014543872393231083 -0.054426722086628646
1755701766.420699 -5.704009389699706 -64.75786691445408 166.3684231337376 0.9985333929237368 0.01486960653560039 0.0034037752753662584 -0.051945859619043855
1755701767.080226 -5.7075467717848625 -65.02664647699831 166.9515415624644 0.998275589818832 0.01634025114084387 0.013980625652222009 -0.05462037230639796
1755701767.937684 -5.696462060033333 -65.38481782201467 167.63647293513844 0.9970447986757714 0.016120588293054343 0.027402956404185216 -0.06993478424208296
1755701768.795098 -5.7330882507516625 -65.72380440332708 168.425326530581 0.9982440098231763 0.017351135789090366 0.031693768403512755 -0.046939748437323986
1755701769.586442 -5.734204785946595 -66.04531123954942 169.13859710044048 0.9981051067059336 0.01740739573329601 0.03553425301221429 -0.047122132848435166
1755701770.377882 -5.777177018854211 -66.36559987720607 169.86136382287594 0.9979520080675636 0.017560930290146663 0.0382887185730862 -0.04813914572666384
1755701771.103341 -5.811221974173655 -66.66259215009693 170.50806828175178 0.9978070877100924 0.017379069739085866 0.04039238774725521 -0.0494715945021329
1755701772.026734 -5.834495842629399 -67.0419503760124 171.3439051843853 0.9977265793070083 0.015403877338261606 0.04168151275707556 -0.05066601426563736
1755701772.752205 -5.863661727557346 -67.34352069782197 171.99654401612278 0.9977391560751555 0.01378449721146677 0.042998831418332446 -0.04977614456465642
1755701773.345774 -5.8954448310319005 -67.58077563070282 172.53063493016995 0.9977083054006581 0.012876177334407855 0.04422702789459879 -0.0495611883978813
1755701774.20312 -5.931945647582773 -67.93636955689648 173.3241182397006 0.997705770090218 0.013787822862640813 0.045946325700780916 -0.04777057068940364
1755701774.996121 -5.986490624906677 -68.25011962488128 174.04911144498084 0.9978589291759471 0.013508475715733267 0.0473759129780108 -0.043018617099688294
1755701775.720199 -6.0238762960690755 -68.55001310097619 174.65154223552463 0.9971268333017663 0.010911073054143183 0.04624622856128299 -0.058994178850595894
1755701776.511508 -6.059634952167732 -68.88467567562252 175.34969482479278 0.9968806711302467 0.009100003743346958 0.04859183911148509 -0.06152195242792294
1755701777.302914 -6.115367654328329 -69.21213346826903 176.06356171422 0.9972645202842341 0.01047241330381085 0.05087628874301207 -0.05258715038475165
1755701778.02839 -6.1612056157691795 -69.52564532517947 176.71726946412738 0.9970910621780515 0.011336452156584353 0.05199031135406966 -0.05457019426805462
1755701778.753865 -6.2025101530272195 -69.83159363612302 177.35605703495148 0.9968992945660371 0.01125784085571031 0.05290473504064939 -0.05715021017707404
1755701779.545322 -6.263362233041089 -70.16808093613301 178.07286001319167 0.9969205292894202 0.010617072093959087 0.05378416621697033 -0.05607137884696043
1755701780.402696 -6.328809208738922 -70.53452876509088 178.851314327073 0.9968340664172044 0.010338948698600291 0.053952397861927306 -0.05748120505779751
1755701781.194126 -6.38837824593293 -70.87302463882479 179.57129890295298 0.9968333246661054 0.008455681110961476 0.05447361666367206 -0.0573101158579155
1755701782.05152 -6.4497395780059295 -71.24168509854643 180.3529342140214 0.9968274522584687 0.009030562005422403 0.05493780099146178 -0.05687985052704408
1755701782.843011 -6.514483484745508 -71.5878770722602 181.0710049229776 0.9968609681738478 0.007319973659630621 0.05503212546333399 -0.056445489493040416
1755701783.568426 -6.58559941049092 -71.89472137126837 181.7119739354796 0.996828502491192 0.006836377648190616 0.054597047017506097 -0.05749228660252595
1755701784.162003 -6.6314816614025105 -72.13877439848022 182.2357901416074 0.9969257698911476 0.005022525449831449 0.054785824338746736 -0.05578796480041652
1755701785.085357 -6.703089344224039 -72.5242308414205 183.05079443084645 0.9969505319878766 0.005222790226671217 0.054148821133744 -0.05594876585916658
1755701785.61297 -6.737598630073425 -72.7534151299476 183.55261481918166 0.9969681404636448 0.00493790763294852 0.053856376035885875 -0.05594313835451133
1755701786.4046 -6.817253995916681 -73.10032415337474 184.26821998610956 0.9971224296032153 0.00529392556221796 0.051842437998033945 -0.05505630169874121
1755701787.26179 -6.877350976457084 -73.44861207297049 185.0433768768232 0.9972697506056836 0.005340404348023647 0.05071311448947589 -0.05341071640649004
1755701787.987297 -6.920298964527213 -73.76096533569543 185.71621929135225 0.9972565505255147 0.007462842598519862 0.04947821061572132 -0.05454892380760429
1755701788.712748 -6.964527629662078 -74.07487168858567 186.3741189086761 0.9973446003858844 0.007779441209987005 0.04758694795539878 -0.05457756645244606
1755701789.306331 -7.015718166235513 -74.32023173934552 186.91025914417673 0.9975703594062754 0.007748324612278584 0.043987459941283946 -0.05346442618836641
1755701790.0982 -7.047702555509541 -74.66192643191359 187.62331497626442 0.9974292715478611 0.008622482075580404 0.03929007269411862 -0.05930253999661591
1755701791.021095 -7.074506106647991 -75.063120738882 188.47234236869303 0.9976818160280151 0.010337393932690824 0.036635548591576306 -0.05640894284700284
1755701791.680627 -7.1057073640694215 -75.36991528636209 189.15404513193835 0.9978725606148897 0.00888586243557526 0.0342727533361129 -0.05474278582079256
1755701792.340193 -7.132225064501195 -75.72819038319778 189.8862656242526 0.9976953853098822 0.009284184680739268 0.033317079603060705 -0.05837545933783135
1755701792.735866 -7.1476116591317345 -75.9421960548555 190.35177267153438 0.9977546223991937 0.011248807817156696 0.03385069896992584 -0.05668604751596842
1755701793.197571 -7.160120812137072 -76.1961206575939 190.87644750339373 0.9975759438723294 0.014188444398994218 0.03290150135038429 -0.05965245562136258
1755701793.659317 -7.1676944532002205 -76.43814170673362 191.38366937655283 0.9975582002375416 0.01664904271552613 0.030775160305359605 -0.060442832690672785
1755701794.120876 -7.188011042951446 -76.67859933271438 191.8784054139984 0.9976612882499378 0.015487885047846197 0.029005024716562564 -0.05992318320492167
1755701794.516591 -7.200540391313433 -76.87808830157066 192.29368726921513 0.9977070331126404 0.014325959949659317 0.027597778203709938 -0.06011493647432585
1755701795.110172 -7.20796885690195 -77.17641063263882 192.9281621873984 0.9977802492199843 0.018213214093452095 0.0272534262234564 -0.057966402837975675
1755701795.835817 -7.219627094995691 -77.56587694533036 193.7627878716464 0.9978191442938862 0.019756126152927704 0.024048281430561015 -0.058209371412883765
1755701796.363278 -7.224863349859179 -77.86948612162156 194.3646152110939 0.9975417099537484 0.019183665212416923 0.02209199371477054 -0.06367470223940118
1755701796.824949 -7.228015076510334 -78.13402184916113 194.8998150975824 0.9974565705870883 0.01911112145635044 0.021684859382555037 -0.0651530636492592
1755701797.352595 -7.229928058329351 -78.42408566086429 195.52206348470494 0.9980435210765574 0.018370578866961636 0.019124927833568114 -0.05662057050719971
1755701797.880211 -7.237684296979323 -78.7225620778716 196.17184586048458 0.9978395675287928 0.01761575654404833 0.018512592080749957 -0.06052409875235239
1755701798.407809 -7.235647430993052 -79.0385695314022 196.8131642622095 0.9976653209155392 0.018555389256840166 0.019597870742806257 -0.06273379021205153
1755701798.869476 -7.246207008906564 -79.33050145230443 197.4295312409498 0.9976651912615584 0.018020015650751644 0.020923046907040225 -0.0624633595727166
1755701799.463062 -7.242666107087256 -79.71364458839233 198.2288257199806 0.9978173109448304 0.018015006367043458 0.021565076103274027 -0.05975802052513997
1755701799.594962 -7.2435054656695534 -79.80328225837226 198.42103792884225 0.9977811058456693 0.016526061186086235 0.021903629212267094 -0.060662881125105136
1755701800.188557 -7.268204749702674 -80.16113992461162 199.16235546188415 0.9975245975465564 0.015894718124713703 0.026393388758968583 -0.06320936841271574
1755701800.782127 -7.282892787794579 -80.52203160678751 199.91769162910552 0.997399466638198 0.015250735269181432 0.03188102929638693 -0.06281177433085523
1755701801.243785 -7.304848924193158 -80.8247456225494 200.53529091499794 0.9972659026999037 0.014752516927744881 0.03595154086042198 -0.06285355412547866
1755701801.705466 -7.333510109016807 -81.1263967080046 201.14608866090893 0.997205442106805 0.013633347313194304 0.03771020641403274 -0.06303473967440973
1755701802.167124 -7.352955152981364 -81.42210505186722 201.76146198280185 0.9971125531792443 0.013900670058245477 0.03934231835348596 -0.0634469041866763
1755701802.760694 -7.400076013904 -81.79391655103458 202.50807107928824 0.997054898105738 0.012527798027566189 0.04067920129225565 -0.06379488241356937
1755701803.222431 -7.432494913477488 -82.10119243368733 203.1522967699007 0.9969803348421834 0.012239829017078237 0.04126639396595233 -0.06463345304598359
1755701803.684032 -7.455787169050829 -82.39727121059116 203.76949354215952 0.9969456797282552 0.011959180242346238 0.042461346857917845 -0.0644462854019507
1755701804.079792 -7.485745217508545 -82.65975087037239 204.29034983345684 0.9969141199110146 0.011607691314714313 0.042847825855421316 -0.06474228018731668
1755701804.541423 -7.507610057860506 -82.95552811619206 204.9250631138089 0.9969592831532488 0.010506809815921494 0.042167541123727406 -0.06468147460928059
1755701805.00309 -7.545440396472698 -83.28018797811711 205.56672769272362 0.997109150590511 0.011196312747608204 0.039699831858064305 -0.06381150162759716
1755701805.59669 -7.590672774182824 -83.68172985277992 206.37890180298112 0.9973298658661227 0.01232793430799788 0.03329131296733511 -0.06381887783462084
1755701805.794526 -7.58956168382684 -83.81796530166811 206.67514037821925 0.9973989614740152 0.014181254190825086 0.031977640159376736 -0.06302090296059466
1755701806.25623 -7.601189631878402 -84.12934391351757 207.2899310460018 0.9973768208136553 0.014950592426911217 0.027381979738156655 -0.06531603383051711
1755701806.849771 -7.608462346161863 -84.53586819076493 208.11917628840214 0.9975805286361883 0.017779334324016894 0.021965215541168794 -0.06351782004420506
1755701807.179552 -7.603548055835665 -84.7713897523273 208.58407444769244 0.997554842430572 0.02025987532237753 0.0164447351886914 -0.06483397627642754
1755701807.377393 -7.594407175434472 -84.92098623327959 208.89244917998494 0.9975996973087602 0.022332998519858763 0.015145753204082572 -0.06377058308078398
1755701808.036964 -7.585114681059405 -85.36566691746654 209.80551079286266 0.9976722589070237 0.023483762496373493 0.010455002067486492 -0.06316066527625817
1755701808.168838 -7.574092906296925 -85.46394521691855 210.01795626388602 0.9975896942494475 0.024821824274990627 0.01034265743875936 -0.06396646311982351
1755701808.762438 -7.552453104500195 -85.86116649411571 210.84504904989132 0.9975157458335386 0.026106476988495497 0.008217873116212198 -0.06490959277991211
1755701809.355978 -7.529863668843323 -86.28189467833076 211.70746138695085 0.9973362402051699 0.027489253033745262 0.006316224223690325 -0.06726715582376368
1755701809.685739 -7.5072695012480635 -86.50604859006562 212.1550788649777 0.9973709017667349 0.028258072472451077 0.005662749200296347 -0.06648833672642279
1755701809.883644 -7.493706144010018 -86.649192222087 212.46082636243133 0.9973503951448361 0.02767538115061387 0.0052063084843194 -0.06707575519197356
1755701810.411244 -7.47592792440494 -87.01826509362681 213.21271998784297 0.9971539296227397 0.03016475196722465 0.004965417680791815 -0.06891642042314193
1755701811.004797 -7.441354101175805 -87.42494807511714 214.0664703484335 0.9971972001395675 0.03061247773866554 0.006204496632005771 -0.06798620788108874
1755701811.202686 -7.425502702174771 -87.56947555216745 214.3485569799625 0.9971867449416214 0.03190900636873458 0.006412326297730939 -0.0675225376947963
1755701811.664333 -7.407834646934454 -87.89066551101 215.0027717581092 0.9970719963680152 0.03083170992697209 0.008518348662724669 -0.06945701877952984
1755701812.257898 -7.392961503474907 -88.29514616356013 215.8233070628521 0.9970248164488892 0.03139423895750489 0.012966488257733859 -0.06919383879797383
1755701812.587677 -7.373854823156812 -88.53935108649709 216.31296883678266 0.997032727834044 0.030868302003416257 0.015914813056724562 -0.06869939071491406
1755701812.85148 -7.374846915169551 -88.72673919407164 216.69572971064935 0.9969729942403561 0.030451978160081515 0.018832967726608498 -0.06901336905386836
1755701813.18126 -7.37598702420995 -88.96633406215483 217.17597954832638 0.9967703353825497 0.030121045704709675 0.02100802175496256 -0.07141627355832186
1755701813.445051 -7.374849752103319 -89.15686065071148 217.56092928347448 0.9968757900323149 0.028583212601125906 0.023316626139379723 -0.06984263848340282
1755701813.906728 -7.378432913063722 -89.49591971537237 218.2363547462528 0.9969546604994356 0.028805406777330657 0.025070940190437478 -0.06799339237613503
1755701814.104624 -7.3878024361967665 -89.64670052541585 218.54197740324247 0.9968476516254301 0.028497071181386145 0.025226121527310512 -0.06961550959116447
1755701814.500318 -7.394051158004309 -89.93655863946307 219.12773557450703 0.9969623265782804 0.026870432623882157 0.025078911006557677 -0.06866693132034235
1755701814.830069 -7.39547549693991 -90.18985704342462 219.635715174788 0.9969526650759064 0.027754364873311062 0.025769545079273037 -0.06819830917943491
1755701815.093869 -7.396444549637652 -90.39692944324061 220.04223563143412 0.9969284497022197 0.026989107601171954 0.026266786810342047 -0.06866811600649293
1755701815.291726 -7.403058387975153 -90.54857013986216 220.34451497468245 0.9969957687977075 0.026515202143834453 0.025994091855195314 -0.06797564448656203
1755701815.753407 -7.404562383842357 -90.86074409451443 220.98651168781834 0.9969746788818974 0.026922087872758023 0.027011826377528143 -0.06772777929815452
1755701816.347013 -7.416930127915383 -91.29297033680994 221.84602691875264 0.9970155931789002 0.02480464309123308 0.02689979329223696 -0.06797821533459945
1755701816.940557 -7.43401489386341 -91.68785636695122 222.6311635167751 0.9968660202640134 0.026531069749069408 0.028266490599462755 -0.06895828804537028
1755701817.270593 -7.4374588212877955 -91.90769739348352 223.07165094640087 0.9968853157465659 0.025011085376844207 0.02834104792249283 -0.06921631209329708
1755701817.66603 -7.436492199910537 -92.15350439344564 223.57316857868057 0.9968283754059005 0.026494951034594854 0.029527367678228535 -0.06898798528223668
1755701817.863901 -7.439916181928434 -92.27793386337544 223.81783031924786 0.9967386398713171 0.02678232128265996 0.030858698195096085 -0.06958830217711211
1755701818.589377 -7.469009590376168 -92.71257679169341 224.70823368173112 0.9967300146864538 0.025859873355379148 0.032142970230603446 -0.06947930798403094
1755701818.787254 -7.471250872497544 -92.82797405738393 224.92512063909493 0.9966522569835334 0.02531255065703153 0.03252139352410308 -0.07061099342251548
1755701819.314853 -7.492617936836039 -93.13023982893496 225.5337587670763 0.9967552819263704 0.024174181675829538 0.0323614638522255 -0.0696222130467476
1755701819.644615 -7.499325000623002 -93.32315087989453 225.9263149700963 0.9965128652629075 0.02515832716750873 0.03340438271302223 -0.0722032904735288
1755701820.436076 -7.5147359705681085 -93.76481474738505 226.81895288630605 0.996622607385768 0.02384188878845692 0.03377325240203535 -0.07095287315380984
1755701820.963679 -7.5345157174941475 -94.09903178123272 227.48892514260834 0.9965714295919318 0.024037157296236688 0.033507727071591394 -0.07172749135934757
1755701821.491359 -7.5464829265483 -94.42108664235242 228.13533555436584 0.99671066854338 0.02339056624095142 0.034111674878789126 -0.06969302877404633
1755701821.952991 -7.56477507874291 -94.71307991459328 228.70737703313742 0.9967636032578514 0.022527904201412773 0.033467302506172525 -0.06953238393494754
1755701822.414673 -7.569345275809627 -95.00470732179342 229.28913034030572 0.9967268027235096 0.022522459452206097 0.03407230607632437 -0.06976745309551502
1755701823.008209 -7.599468710008174 -95.36603634152027 230.0223257445103 0.9968245402796585 0.02167324673393272 0.033818400640741896 -0.06875625099116212
1755701823.469882 -7.609006803217518 -95.65580072306271 230.59320536131503 0.9967468326511039 0.022214529120397866 0.034020963526956084 -0.06960488730433263
1755701823.997523 -7.6209018829309585 -95.97711327545849 231.24018770288703 0.9968287420396238 0.021366708826778387 0.03446857323128024 -0.06846780452893644
1755701824.45917 -7.6367473571750555 -96.26482582403406 231.82494797294095 0.996833815739258 0.02161860611380909 0.034614224075160294 -0.06824100790640163
1755701824.986793 -7.665345630550827 -96.579786511082 232.46155535521055 0.9968503919264545 0.02125700488721817 0.03469786534457131 -0.0680697730261286
1755701825.448463 -7.676822288354747 -96.86495867459418 233.02111032984558 0.9968643342211975 0.021553940688569154 0.03536473963845905 -0.06742597414072954
1755701825.977826 -7.700234731994931 -97.13032979912239 233.56343297378234 0.9970480247977357 0.021577730870857462 0.036035828452657646 -0.06427329807260107
1755701826.569684 -7.711768198228861 -97.36338388387398 234.05012965498756 0.9968230711413857 0.02264808826724721 0.03333154836069438 -0.06870106856500573
1755701827.295141 -7.733927493472194 -97.6549791780693 234.6192198190487 0.9969456278661614 0.024480392295216483 0.029057821751042174 -0.06823319182554954
1755701828.086595 -7.727578696660587 -97.98429319994435 235.2862440825098 0.9970350291864087 0.028881959557473674 0.018344194842127685 -0.06892367882644972
1755701828.746128 -7.6837573921597535 -98.2282810154062 235.78337376358746 0.9969199690765125 0.03735560697779745 -9.493747720040402e-05 -0.06895741345701187
1755701829.537548 -7.613565073376253 -98.5376632676723 236.39845599288427 0.9962722201576413 0.046844637655428366 -0.022523614989992065 -0.0688471497803537
1755701830.394925 -7.481069255631653 -98.85708454014373 237.040177697811 0.9944231097970753 0.061378957161083256 -0.04911733822014216 -0.07030497425858218
1755701831.186361 -7.318658203705713 -99.13836737310118 237.6400043063744 0.9919792273520538 0.0750278074866929 -0.0772039283332049 -0.06623891647425524
1755701831.911831 -7.126967905099969 -99.3949646729922 238.18421234478848 0.9880059532060856 0.08988968301404833 -0.10729109974511873 -0.0652127382683083
1755701832.835205 -6.81293953035769 -99.68560205089527 238.83126377864255 0.9800628726743096 0.1081562299197513 -0.15406989037564014 -0.06357251304269863
1755701833.6926 -6.449295262871478 -99.93518645074653 239.3835544719566 0.9693741400614008 0.127725147308386 -0.20070642433356475 -0.060967159655883514
1755701834.484035 -6.061529943291628 -100.15440460170547 239.8734474895455 0.9550646182136404 0.14782135551808614 -0.24989778417473948 -0.05959462520885667
1755701835.341399 -5.528513832835006 -100.34445433179492 240.3605250341192 0.9346269275778778 0.17042900854900503 -0.3069928658064276 -0.056407797646213856
1755701836.264743 -4.935115768846375 -100.54892092258733 240.8225894349261 0.9055348310748573 0.19687823635302554 -0.37227681006915553 -0.05153257654616029
1755701837.122124 -4.276065666844043 -100.64918686097373 241.15405413785152 0.871115450559888 0.2236183740225008 -0.434884610069099 -0.04503410397048107
1755701837.91354 -3.620169335757768 -100.7055238434649 241.36943344696886 0.8299195740300506 0.25360191450969466 -0.49545256303474244 -0.03803061110607361
1755701838.639026 -2.912652287903993 -100.69566724184294 241.47122215697215 0.7793100588829034 0.2757691780821975 -0.5617712817272391 -0.03225243510697917
1755701839.430475 -2.1536103962572475 -100.63442395702768 241.44886073184833 0.7012380427645825 0.2937954442195705 -0.6489495740638254 -0.028528839056337144
1755701840.419751 -1.2126165248211314 -100.46398446358204 241.2308291011263 -0.6200359484992707 -0.3233755825218668 0.7143914037345727 0.02507144725379792
1755701841.079347 -0.5835158182937203 -100.31045098467688 241.02059820377391 -0.5757448177473288 -0.3369882710669409 0.7447867944249161 0.015793696548522362
1755701841.870718 0.0815067603746832 -100.15876361684583 240.70707987790632 -0.5348669920137546 -0.3255494788648577 0.7793829813517938 0.02229363236816503
1755701842.728109 0.815135025228454 -99.96247317036327 240.35595961414506 -0.5188280513126259 -0.3244991556743189 0.7907203664969606 0.016704883858007308
1755701843.519538 1.420217390260174 -99.80500842358072 240.06674677653706 -0.5221201293194891 -0.3269549006958649 0.7875200971697732 0.017411491150044388
1755701844.376912 2.1205158106344726 -99.61934492887609 239.73412274238552 -0.5191063270242028 -0.3301942935219559 0.7880894519526714 0.020380517410410314
1755701845.300265 2.6846899322703774 -99.45197750711478 239.43456952135173 -0.5112914557833155 -0.338914113673342 0.789505114650031 0.01999861838808601
1755701846.68527 3.4941677068128705 -99.21358621910542 239.0065976403645 -0.503921964748834 -0.34095655459219437 0.7931769161630389 0.026108638233094974
1755701847.608612 4.194462712406391 -99.01702407354666 238.66703330875043 -0.5284285350232996 -0.33710555977643036 0.7784895609463351 0.03281963495426871
1755701848.597895 4.85279551680072 -98.89574616600439 238.44941923976464 -0.5730261021042917 -0.32624544636797714 0.7507815117869948 0.03914226092289352
1755701849.323381 5.588706413340272 -98.75266657189134 238.2396557266866 -0.5935697393719419 -0.3311256974069008 0.7324518361677771 0.03930705678590062
1755701849.851016 6.106461301097676 -98.66334037532035 238.111673648241 -0.6070431137043399 -0.3271022533991309 0.7230329002048052 0.04154755283742647
1755701850.576482 6.796461037165969 -98.58144343261186 237.96003702636327 -0.6254771714832258 -0.3172676743084571 0.7109569642313511 0.051572529540323916
1755701851.301968 7.419919796377247 -98.52344004116911 237.89208690624272 -0.6695010422196163 -0.30531083181478236 0.674890673300861 0.055463767767105515
1755701852.29129 8.190283709419745 -98.53800063251725 237.92655511819268 0.7340200297215072 0.27850830339512644 -0.6152754912111181 -0.07130070702681213
1755701852.951134 8.911980376950265 -98.61756405985939 238.0920876499418 0.7865953838735303 0.254244957377536 -0.5577434331031108 -0.07449474174264833
1755701853.54436 9.56902692688293 -98.72862424279373 238.30780446099945 0.8161202767929318 0.23382947969107326 -0.5236972678468662 -0.07079999918473119
1755701854.07201 10.140177344445181 -98.85731167288968 238.54486646926418 0.8374687860740552 0.2214398620365742 -0.4947223753620731 -0.06971507131875822
1755701854.533693 10.638339187189835 -98.97626550399444 238.78139397403805 0.8547807321767585 0.20837740565770446 -0.4699251644019987 -0.07140795874749203
1755701855.061279 11.173592966297996 -99.11319755470817 239.0756709369927 0.8730762344792091 0.19737859981430253 -0.44091101187527737 -0.06615932836773121
1755701855.52295 11.611863592870522 -99.24179091236648 239.3544614200925 0.8868475946224417 0.19110730051772948 -0.4158942323214573 -0.06333507024517583
1755701856.117301 12.140372684054023 -99.43879381486332 239.76090622770698 0.904021960594921 0.17754186340604022 -0.38357650479124533 -0.06397066884563436
1755701856.842074 12.723998902293898 -99.68715212707356 240.2787956107705 0.9218576043000364 0.16238226592694754 -0.3463905561016895 -0.06183962928567636
1755701857.501535 13.196864113733676 -99.90932159346185 240.7718955809172 0.9353076131390371 0.14997504623150026 -0.3156176172340072 -0.05561181532322548
1755701858.16107 13.634472524214024 -100.14592550426738 241.29297707244143 0.9465285496816604 0.13621897708385755 -0.2870788199676849 -0.05580184625728382
1755701858.886535 14.043301658355027 -100.40590981745292 241.8726097655336 0.9578060610350017 0.12587233652853982 -0.25296579319969825 -0.05264989850235244
1755701859.348248 14.289700597496338 -100.57958721632822 242.24477775738063 0.9607533739949401 0.11696278999422069 -0.24530292798669714 -0.055669862899596446
1755701860.073694 14.658741521044515 -100.82649132096229 242.87061567316078 0.9673429948993495 0.11446166539219749 -0.2231584311456872 -0.036692941874388506
1755701860.601324 14.933266300065455 -101.0301271971592 243.30499248633043 0.9702848104342581 0.11348095524886104 -0.2065231675840975 -0.054933056417723135
1755701861.458721 15.302688286634215 -101.3473043418991 244.00332326789234 0.9736133147378508 0.1002113342957744 -0.1966820757435979 -0.057887502321528235
1755701862.513972 15.72215573511437 -101.79586808180923 244.89419473470505 0.9769170136593411 0.07124181604871792 -0.19107017280887 -0.0636391477927198
1755701862.975614 15.96628200681986 -102.05326203454003 245.4057462179999 0.978604398564403 0.06235436104823905 -0.18348125785582958 -0.06913749188617996
1755701863.569196 16.33131243156888 -102.35348740961385 245.9494988555797 0.9816193668845676 0.06103427764924966 -0.16312643041698785 -0.07802565737234375
1755701864.096807 16.690656109023113 -102.724383996978 246.65621699712366 0.9843197656961106 0.05393821570624475 -0.15028606318391075 -0.07496243698721508
1755701864.690429 17.04539472941148 -103.15024817055169 247.5056623393809 0.9877343614817125 0.050736463743177376 -0.1285117545895213 -0.07274181278655169
1755701864.888311 17.15319340780955 -103.332227741288 247.85381896478282 0.9889189819818245 0.04832792842840311 -0.11886699044342214 -0.07466121478233814
1755701865.481819 17.381812251453407 -103.80374424996849 248.78884857180415 0.9934312147526129 0.04247331245393082 -0.07658172543123809 -0.07365920590335706
1755701865.811611 17.463288709605845 -104.06626862764152 249.31032545090352 0.9951291779887629 0.033583246507437575 -0.05505003462668993 -0.07456258013930271
1755701865.87756 17.482774781013926 -104.14645514748307 249.46436968421804 0.9955575946320278 0.03083996992767773 -0.05083737258701661 -0.07300365452359202
1755701866.603059 17.56480257323799 -104.68582869739018 250.53831397108837 0.9973832700682677 0.01058963069533969 0.0008764348750090845 -0.07151016830895593
1755701866.932783 17.549127932128584 -104.98202286227955 251.13455358113177 0.997229425360294 0.0028170960351106963 0.023494257321502485 -0.07052345027306622
1755701867.132081 17.529084151420935 -105.15603732765858 251.49530918146894 0.9968878305032319 -0.0008848097249323302 0.03695609743171616 -0.0696284235706049
1755701867.526355 17.444017539444296 -105.48197926677977 252.13362411547826 0.9955597052347377 -0.009012291324251472 0.061675232699972174 -0.07053947539791612
1755701867.856133 17.35793508508771 -105.7616788929446 252.70548740175616 0.9951637731790272 -0.013592578824062344 0.06953267665241683 -0.06804052638350122
1755701868.18588 17.270646384148908 -106.04835192811588 253.26817646139637 0.9946617250128752 -0.016200233840586643 0.07443095269545937 -0.06961062058887271
1755701868.383738 17.21753345405875 -106.22774585902619 253.62736346815385 0.9946531252386434 -0.013672110185408695 0.07860043602053444 -0.06557595072478756
1755701868.713506 17.150219785496862 -106.48157890039013 254.14438357037267 0.9950386476145682 -0.00910856367364853 0.07371740625775094 -0.06618812458291908
1755701869.043434 17.080174392536456 -106.75055989287493 254.68699977358716 0.9953179058990917 -0.007024587941303366 0.06956577002903622 -0.06673473609125036
1755701869.373043 17.012750729676775 -106.99877606406284 255.18055903320933 0.9953970657705355 -0.0034451051010396315 0.06703895504731831 -0.06840022816054458
1755701869.504941 16.984990206889478 -107.13148343041536 255.44015159618922 0.9953717970427443 -0.002905854659719344 0.06620525425722289 -0.06959458290219983
1755701870.032566 16.902221844015145 -107.54685634572463 256.2713903001178 0.9959361223439369 0.003102108497583264 0.059217524641812284 -0.06778570578439104
1755701870.362366 16.871363506901773 -107.78444314293618 256.75789797137065 0.9966567161380532 0.006846002770567069 0.047820124788037245 -0.06589201839550912
1755701870.692131 16.858576750071492 -108.03420494767762 257.27254160333297 0.9971838272100878 0.014209216933959717 0.03477380312665538 -0.06490990310325678
1755701871.087919 16.867917587429712 -108.32153343177804 257.87982352579047 0.9975000661332879 0.02036923859060769 0.02240523839135087 -0.06384917756676156
1755701871.483534 16.900976498059 -108.59320429789918 258.4388969680217 0.9974373362000643 0.027007502847380446 0.010875863717785404 -0.06535342938561609
1755701871.747346 16.933265836912568 -108.80405171932846 258.8640989646037 0.9975680992431024 0.028715452995512317 0.0016675258994963285 -0.06348645122497239
1755701871.947833 16.944113897821655 -108.98939163602189 259.2515994905396 0.9974559967110582 0.030895305240660968 -0.0012506972362858252 -0.06422966990152539
1755701872.538775 17.020217963906425 -109.42887247008076 260.1681193721351 0.9975551202747731 0.034286017525181116 -0.0021533725649740556 -0.06085732496949236
1755701872.934498 17.060840656134214 -109.70972195097494 260.7615364464006 0.9975282427405908 0.034040997906838094 0.0022906425184372583 -0.061427749049010986
1755701873.198297 17.083749561883337 -109.91705253784323 261.19612093133514 0.9975541978307664 0.03192505278903283 0.008010829891940643 -0.061662306144646996
1755701873.528083 17.087377346821167 -110.16470084376236 261.7265778014313 0.9975271446428834 0.02805213692475801 0.018853718833459442 -0.06162151086040857
1755701873.857834 17.07311129486607 -110.42948371948998 262.28226171256125 0.9974054576424977 0.022521609691323077 0.03046003324852039 -0.06121532925967597
1755701874.187591 17.051540180607514 -110.68949218117852 262.81828907419793 0.9968957018500583 0.01781978406961694 0.04343659305928971 -0.06320345965209392
1755701874.517355 17.00866261231004 -110.95013364860539 263.3637684660366 0.9961682137245013 0.013360481944260493 0.058959727281347 -0.0631991933972482
1755701874.847124 16.942119696045857 -111.21332767583674 263.9214469825589 0.9955403645793003 0.005269419783393656 0.07533435403202339 -0.05653627871586563
1755701875.176903 16.847289176838384 -111.48624717138651 264.4609576432229 0.9938847566187767 0.0016180599381152203 0.0914791741499316 -0.06182259408758394
1755701875.440691 16.76078982674022 -111.68987241222759 264.90248254512335 0.9933250388764415 -0.004616240343510644 0.10011524091716874 -0.05710513113814128
1755701875.902375 16.61510320779649 -112.04715732878898 265.64912271877853 0.9931116412941496 -0.005297435124137162 0.1016255242244488 -0.05808147667933108
1755701876.232154 16.516065646639632 -112.31273287615801 266.1844645830847 0.9924201807860541 -0.008257868568698364 0.1045806018805192 -0.06400695341590851
1755701876.561909 16.392116189731674 -112.57731156483605 266.728664524997 0.9926377171391447 -0.011001404242722912 0.10608417260396791 -0.057406270915354024
1755701877.023555 16.221327899494973 -112.91974797841075 267.44464691465305 0.991855992390105 -0.014638492104351397 0.11038789302504338 -0.061821662726282776
1755701877.353319 16.09180479217933 -113.18927100319853 268.00979231458274 0.9918168648163184 -0.016404553915461792 0.1123282908102125 -0.058417055389839906
1755701877.81504 15.90914912990444 -113.53534311772012 268.71723834964575 0.9916752343738892 -0.019902802535980955 0.11239520941245029 -0.0595938325822164
1755701878.144776 15.794977559375667 -113.78273466333778 269.22836632992426 0.9918712364460567 -0.019683971975102913 0.10884577021541826 -0.06290142974898376
1755701878.474523 15.674645799224239 -114.04027978033422 269.73929501724854 0.9925858946070161 -0.02074501532940102 0.10247092049402354 -0.06198868138039361
1755701878.804282 15.570651618904607 -114.30125699565475 270.2904954788297 0.9935507104051382 -0.02106428749309585 0.09649016802220166 -0.05570394169985401
1755701879.134072 15.472795529781463 -114.55455340039464 270.80861183555515 0.994164782427641 -0.020040970108933433 0.08623994004989932 -0.061623190747346526
1755701879.39786 15.403307892510439 -114.76248282708816 271.2506868708876 0.9947840921359071 -0.019869058832741367 0.07800879881521934 -0.06264549338816501
1755701879.727628 15.331053174803138 -115.01364478253126 271.79770499134423 0.9959307480678145 -0.016375092085264546 0.06774057156569073 -0.05714032180725202
1755701879.925479 15.288368077793377 -115.18251676660086 272.15772410361956 0.9964100902514922 -0.012768434596430395 0.06170715878125506 -0.05653428763250379
1755701880.387235 15.220599058698044 -115.539950935323 272.9320551400315 0.9975279466551732 -0.0038703053339811592 0.041562960364148485 -0.056529078396025376
1755701880.585028 15.20888371210114 -115.73522377600356 273.32957026336345 0.9974415529398545 -0.000772767974739745 0.04319221853580971 -0.05695773482630259
1755701880.914916 15.169989117003611 -115.99886334422779 273.9152913277111 0.9978349376062515 -0.0003279340508405557 0.0405275604960532 -0.05179620248459674
1755701881.244555 15.13775441706126 -116.26658645612186 274.509326380328 0.9978330445167841 0.002873018889656762 0.039665059829289064 -0.05241797460379496
1755701881.574327 15.109695689491515 -116.54531942993658 275.1211139625862 0.9978835928173126 0.004302178561890877 0.03985829954609958 -0.051197093696093786
1755701881.904138 15.087483880276519 -116.81371330342805 275.71400966634343 0.9977940769814441 0.008782556150928142 0.039542219949543315 -0.05259524208201612
1755701882.234108 15.064746055571772 -117.066848113389 276.26774562561417 0.9978712816947277 0.008779425073903606 0.04024295781140754 -0.05056017415795158
1755701882.629554 15.050198012755114 -117.37071013716294 276.9259476915914 0.9976784524418152 0.01094358910847518 0.04224470736067674 -0.05228124033284072
1755701882.95938 15.022327197967225 -117.63918111268728 277.45203246367197 0.997032762023195 0.015040141601498845 0.041576615239006846 -0.0630146860523274
1755701883.2891 14.991890473672132 -117.91178005828483 278.04030706899533 0.9975400697298994 0.013247094150279153 0.04167707195337486 -0.05478453662516603
1755701883.421003 14.968047082195154 -118.0505258611321 278.32541589895675 0.9974660822404241 0.014767889789222093 0.042768008788268225 -0.054901927428819663
1755701883.750823 14.945791341710834 -118.32420557908418 278.8981837686649 0.9972509126029265 0.015996571598627454 0.04349961495743884 -0.057814448957632644
1755701884.080502 14.929800222380045 -118.58814069615401 279.4681784630876 0.997152185117008 0.017601623463021788 0.04511889911652465 -0.05780992570791901
1755701884.344327 14.91292315201864 -118.80858607263707 279.9248662682055 0.9968879746616093 0.01785152951346969 0.04758297617496154 -0.06026233688994526
1755701884.608126 14.884875337159235 -119.04022927253277 280.4061292844236 0.9966640234021319 0.016774008508835418 0.051247946352668085 -0.06126259126950274
1755701885.003841 14.828475772356398 -119.36419577052844 281.0913384321642 0.9962129253909643 0.012588665392298014 0.06219366726246552 -0.05944140425716284
1755701885.333641 14.757798635827145 -119.64144178057985 281.6820023701471 0.9959612655804838 0.007747138518723418 0.06826776308550182 -0.05779837222097823
1755701885.663486 14.682852710699699 -119.91007104952676 282.2472448706192 0.9954771090965518 0.005292775896091119 0.07579902941084003 -0.057024722081394294
1755701885.86126 14.632348970331973 -120.10090290785278 282.62307530182824 0.9946663039860569 0.0060843097840710455 0.08177840685313063 -0.0625637040282318
1755701886.191007 14.543183896150069 -120.37595212125763 283.1796810739733 0.9937038275892429 0.0021644143267674876 0.09012005009908386 -0.06653115747714564
1755701886.652674 14.3958776399315 -120.75764729041568 283.95153012306235 0.9929085973280185 -0.0009594828010053734 0.10285050425428749 -0.059610154499885645
1755701887.048686 14.246493186093852 -121.0729979264133 284.58362982256284 0.991716156832476 -0.006898436920568882 0.110987607164046 -0.06429017733274753
1755701887.24625 14.15893054488372 -121.25843925566014 284.96670913654873 0.9911875078602993 -0.008095795247726287 0.1159072810508301 -0.06361827222111595
1755701887.576032 14.01723800179231 -121.54301652701868 285.5139478387048 0.9902567207096014 -0.00993934360797453 0.12217668369493799 -0.06607340235992419
1755701887.971724 13.853047369161084 -121.8608175543136 286.1343055620794 0.989247140029768 -0.013482698076287545 0.12926349780370278 -0.0670765304041618
1755701888.037688 13.820642670073543 -121.91813769083561 286.25493978232754 0.9892501337123294 -0.013716492117041887 0.12963356920528332 -0.06626589265406715
1755701888.631261 13.544540626392278 -122.38378942012682 287.1821146351164 0.9883574502539367 -0.015011793442087943 0.13487696859193513 -0.0687924409265952
1755701888.961018 13.403672852081733 -122.65335447622286 287.7104425130562 0.9888970954054411 -0.013610188989867928 0.1319232745685666 -0.06703392485486964
1755701889.554608 13.184325101242855 -123.12991269654717 288.6394698765446 0.9898567609771324 -0.010289657048068022 0.12305330257990568 -0.07025382857803096
1755701889.818404 13.089299127608774 -123.36156079187641 289.10017825043377 0.9909438450258793 -0.0053128890073764435 0.1149079055274549 -0.06926934721083254
1755701890.214128 12.972353623415373 -123.6799539939317 289.7289142615851 0.992656842880231 -0.0003195675147584059 0.09874671567182935 -0.06986684695678476
1755701890.60984 12.878419188563486 -124.0111146981171 290.37780804906305 0.9936743231193862 0.00453813181044135 0.0883201720126245 -0.0692119364601311
1755701890.80769 12.821515077141516 -124.20449069356775 290.7631223253249 0.9935714171531569 0.006748345165483763 0.08926143948381707 -0.06930147383044377
1755701891.071504 12.748249321154972 -124.44045912903228 291.2163877177298 0.9937267993299679 0.0050378388041588005 0.08644371787894665 -0.07077536374237986
1755701891.533171 12.645563505992712 -124.81837375283683 291.96678902811044 0.9935831764086948 0.004968181457950051 0.08682605100727028 -0.07231200175000183
1755701891.862947 12.56824245950504 -125.09287307670155 292.49229230005454 0.9932138329758373 0.005566336551937123 0.09120872424557162 -0.07194627512478437
1755701892.192698 12.46749421937924 -125.37065804136536 293.0153275387258 0.9926092244507604 0.003201580483784508 0.09401407477805794 -0.07666831915003516
1755701892.522468 12.384718393877401 -125.64653341592938 293.54974688224354 0.9923271444716416 0.0030112133547550942 0.09779038189476785 -0.07559637655182502
1755701892.918191 12.271646351053434 -125.98241290822077 294.18286153825426 0.9919524961710445 0.0016477364402545421 0.09944500202376215 -0.07834680514961259
1755701893.247969 12.172572958401618 -126.25585584877112 294.70041441373536 0.9917129151946449 0.002337997982320083 0.10002535454265063 -0.08059129016333584
1755701893.577708 12.093359830765392 -126.52950071810339 295.21599665212915 0.9916181248887335 0.003412119059832692 0.10072338539924437 -0.08084956072477444
1755701893.841545 12.011695456192566 -126.75900545609039 295.6450668534795 0.9916724491828808 0.0034307786018530745 0.0991982661554399 -0.08205904753021667
1755701894.17129 11.915650677334904 -127.0450599933497 296.1851008786438 0.9916557954156062 0.004217773755563668 0.09983374754834114 -0.08145070075599309
1755701894.501607 11.821267854220778 -127.33422425249768 296.7194334974738 0.9915801410221752 0.0050619957667859365 0.09983234231858751 -0.08232073588400907
1755701894.764878 11.752545280019238 -127.55895303421346 297.14799106027033 0.9918868020870771 0.0044741276990825935 0.10066563712383972 -0.07750473230232599
1755701895.094646 11.654737807827399 -127.82711184527336 297.634612490169 0.9912337896303046 0.005424707743933962 0.10047165965851884 -0.08562471866523567
1755701895.424394 11.556832364043835 -128.118740235193 298.18752752018054 0.9917875203819716 0.003964041923108761 0.1003145407907118 -0.07923883954324867
1755701895.622285 11.495707389597687 -128.303056207434 298.53185734276605 0.9917600451493175 0.0035419900963123588 0.09769711506392176 -0.08279336241371069
1755701896.017969 11.381130708339496 -128.65081260323905 299.16465223587085 0.9914744588491047 0.005179364748006267 0.09846431853490702 -0.08518420984043194
1755701896.347741 11.29428624648078 -128.9365817204355 299.6923935072095 0.9917952010032378 0.006183630997934262 0.09881025145974859 -0.08087382877723596
1755701896.611558 11.222370635997459 -129.16848703118032 300.1101835280688 0.9917482650234314 0.00623632412513825 0.09756451176664191 -0.0829316171804023
1755701897.00731 11.12730181724667 -129.4963338645879 300.71067701351205 0.9918106997315603 0.00712447639307742 0.09683111252498926 -0.08297296777439091
1755701897.27107 11.060396839694985 -129.72301418897706 301.125348878076 0.9917702230034235 0.007235468879602223 0.09712181810733192 -0.0831073113592197
1755701897.468931 11.000267414233075 -129.90266569106396 301.4608758210853 0.9919395092247166 0.006029535335121854 0.09597977652830138 -0.08250780108722018
1755701898.062618 10.844159731972407 -130.4249187904326 302.42184801193207 0.9923131349163207 0.00690843767222147 0.09520822824604441 -0.07875473976670923
1755701898.260369 10.787617331328965 -130.6100919557711 302.77033265709537 0.99251558483054 0.006101260952674479 0.09517253339333902 -0.07627435591843514
1755701898.590125 10.692121038629521 -130.89802777793062 303.3075299075929 0.9924898888149187 0.005356350348281009 0.09398883334167342 -0.07811036626573842
1755701898.919885 10.60226492551857 -131.1566387698016 303.8026747196311 0.992721756538551 0.004690021555534365 0.09368587657592224 -0.07552797046805627
1755701899.249682 10.528314049846927 -131.40868851589087 304.254779027361 0.9922461795488164 0.006275558559294063 0.09429788861071303 -0.0807220214012772
1755701899.447517 10.48070791492471 -131.5485078791405 304.54640311102685 0.9930630534438193 0.006088929679066073 0.09348076584783724 -0.07106365622949057
1755701900.239021 10.383401904244748 -131.92164596943957 305.2079761047727 0.992207200496009 0.00826278950828214 0.0944174312922914 -0.08088229881488282
1755701900.700621 10.319623222525331 -132.12767745990152 305.5856095170477 0.9922596351455742 0.009106889654010679 0.09341162947671394 -0.08131511852113704
1755701901.492058 10.212160440402762 -132.50421514964523 306.29838175532404 0.9923789434334055 0.01026304772835126 0.09417132790390179 -0.07880649390842942
1755701902.019684 10.140088170575176 -132.75151778252547 306.7662894136751 0.9921492622906755 0.01090227350519136 0.09589668469589921 -0.0795286591916513
1755701902.811106 10.030308094365818 -133.12359921737064 307.45347812428207 0.9921995888768497 0.01266641435311646 0.09461635992620308 -0.08017033250748488
1755701903.602536 9.924825789839996 -133.49403360356916 308.1446481194297 0.9921852315956247 0.015407252992043376 0.09592916445786415 -0.07828587462110892
1755701904.393998 9.811232534413783 -133.85663683965714 308.8467832193635 0.9922025800833092 0.01859679706639494 0.0968073399429896 -0.07626623203002952
1755701905.119455 9.714633022518335 -134.1973742645263 309.5041749481362 0.991932551948269 0.021561494413007032 0.0994081746644409 -0.07565004397854971
1755701905.976872 9.608087227681196 -134.5737669228663 310.2538453082424 0.9922570407408058 0.02389306345742061 0.09901364714306814 -0.07107309123955892
1755701906.63646 9.516371074263446 -134.87279741094136 310.8342593750503 0.9925385808070007 0.022225835696707257 0.09712395488052862 -0.0702859532593319
1755701907.29597 9.43649043912541 -135.16966670663783 311.4091279079243 0.9923126696933814 0.023843324671356646 0.0971202584597552 -0.07290210443684526
1755701908.219248 9.313696659608638 -135.5830321250832 312.23478163423005 0.9924991996367436 0.025076476031994303 0.09840020213617848 -0.06807282343049498
1755701908.812806 9.237499254151299 -135.84151972590075 312.74996522042477 0.9922948913314315 0.027568132267602817 0.09954104400283019 -0.06842826374857978
1755701909.802098 9.11304712654509 -136.28587115868268 313.6216233684561 0.9924788473478531 0.027976466520895825 0.09933810828014916 -0.06584067991298168
1755701910.395669 9.034369339972738 -136.54295505265608 314.1460420048812 0.9925715945110006 0.03027483645762147 0.0996116044112152 -0.06294912480708295
1755701910.923667 8.973161570281873 -136.77673393844395 314.6105177898265 0.9925664186958456 0.031623205515007254 0.09893092038291265 -0.06343934380531253
1755701911.648797 8.882602629192066 -137.1008653566227 315.2431229805549 0.9927221789624974 0.03138676922337623 0.0969158154017109 -0.06422515736602888
1755701912.176397 8.813452044190123 -137.3230083714057 315.70207747500086 0.9927166840440257 0.03202102366498564 0.09719163639540715 -0.06357692253375738
1755701913.033785 8.694194775129217 -137.7053448897604 316.4536860011672 0.9927074862482831 0.0323733386231136 0.09673649355568438 -0.06423289272296016
1755701913.693322 8.617945661774579 -137.9996475194268 317.06812565454703 0.9931485986472246 0.033053768046173576 0.09598871642863885 -0.05787465543211618
1755701914.485332 8.527534824813054 -138.35806525665748 317.77763594272784 0.993022463049723 0.03559572484464082 0.0934989267176753 -0.06242822241654099
1755701915.342159 8.428301647884712 -138.74235269625694 318.551366826433 0.9930336661816824 0.0376715979832735 0.09445307014207213 -0.05952819563778437
1755701915.935715 8.347257755384067 -139.01428489495638 319.1158112681282 0.992956608178837 0.03386588495075155 0.09621238993825293 -0.06027812316961694
1755701916.66124 8.253892435506991 -139.32516646671587 319.7505236179197 0.9923148795322816 0.03178620552809205 0.10278586705942308 -0.061121866216615084
1755701917.320714 8.144460635032468 -139.61727331391336 320.3536593401944 0.9918090289088455 0.028244488795823988 0.10855860649850418 -0.06109114487925532
1755701917.98027 8.017104862964043 -139.90946252501428 320.9331676264783 0.9905817093275312 0.021575637385729554 0.11987154475671788 -0.06255542961873232
1755701918.441941 7.905246982128488 -140.10860009404644 321.3271720884583 0.9883673499299153 0.01292680692634945 0.13799218083126435 -0.06261818653264432
1755701919.233382 7.701626390841416 -140.4310232738175 321.95208685292505 0.9838071065149465 0.0011131396481669574 0.16568353615438314 -0.06834693803084071
1755701920.024802 7.444413202891577 -140.7789182169691 322.62394273453003 0.9801164399588242 -0.007719742706184223 0.18779939314396848 -0.06358897412089676
1755701920.882175 7.124651900197944 -141.14850673664586 323.3118407890094 0.974530701615953 -0.02112304988361936 0.21301244303036898 -0.06685377689978764
1755701921.475787 6.878863207911852 -141.38606416218778 323.76000074231627 0.9707680477746192 -0.02953817931965923 0.22831990314456463 -0.06787426029350843
1755701922.135268 6.582054686670794 -141.67676110814605 324.2750302891522 0.9672241203183974 -0.03488196487181535 0.2416002003148255 -0.06992919854266835
1755701922.596948 6.355589054477101 -141.8785983070023 324.6410944899336 0.9655688526434385 -0.04069713675594629 0.2477525052828963 -0.06811189316668584
1755701923.256475 6.043634211456736 -142.16502170185962 325.1545996674084 0.9634681980207769 -0.04482173661058051 0.2549199314849139 -0.06881767114292504
1755701923.916 5.709746693024956 -142.44872097642616 325.67025257482476 0.9616402190002002 -0.052591266426870176 0.25924585343638196 -0.07262117716552648
1755701924.443615 5.444638751154676 -142.67197290103775 326.07341340744307 0.9601902678139512 -0.056325776701557785 0.2643770199416607 -0.07047586679924953
1755701925.103142 5.097221073181856 -142.94982761137624 326.5930707116045 0.9586114660033583 -0.05970936874482842 0.2693673905543306 -0.07028554216150672
1755701925.82863 4.715941190989106 -143.2532536161007 327.1453764496013 0.9584404740585966 -0.06674093363505523 0.2685038888409237 -0.06959286702784052
1755701926.620134 4.329797540947707 -143.58505668649627 327.7551127125745 0.9616116420569509 -0.06838944971667058 0.25600983465783106 -0.07130846784537744
1755701927.279697 4.017715200577052 -143.8644141178549 328.282324423072 0.9644086418898266 -0.06703948600571057 0.24583836018322008 -0.0706058030669978
1755701928.071063 3.6190916738631933 -144.20192587499113 328.91491219149015 0.9635368570621102 -0.07150222349982231 0.24731917640896767 -0.0729203819095993
1755701928.598692 3.3320737089648267 -144.42494554877004 329.3431839233545 0.962648767166701 -0.07763606765934315 0.24996899300458197 -0.06924950979681868
1755701929.522112 2.8226830196732617 -144.80660997913697 330.07215180043005 0.9583379581436418 -0.09064575041088349 0.26279933194513627 -0.06563700970270676
1755701930.049642 2.515591657564699 -144.99286837324075 330.44838939942815 0.9520272008798187 -0.1038959761092987 0.28044145052159597 -0.0648261348730318
1755701930.709183 2.1290195380194095 -145.20954086661806 330.84827051607516 0.9379418539471645 -0.12141659118777602 0.3177828400842241 -0.06735841852731562
1755701931.632487 1.5765772676902483 -145.40042845467542 331.20676155123647 0.8995155150344414 -0.16169918099707226 0.4003014025399229 -0.06696267767772238
1755701933.017478 1.0102273161691122 -145.55195094156375 331.3061909680969 0.7848013658923852 -0.18821388529750202 0.5841499581526749 -0.08620426825217704
1755701934.402501 0.3971471559660838 -145.53131886420434 331.0649366361692 0.5920793177555864 -0.24460547702948918 0.7619528891049924 -0.09506859038510415
1755701936.117265 -0.2460422107286643 -145.2147562342727 330.280530597056 0.3636845246143931 -0.3408102891624017 0.8647951832185196 -0.060919655605478656
1755701936.842773 -0.5592441026943046 -145.02341780235741 329.78461470405733 0.26343693240622607 -0.35217909549658677 0.8953966128357029 -0.06953972290679482
1755701938.227765 -0.6513752188707495 -144.56207210927505 328.86329391421543 0.07528054648700178 -0.38077380133606736 0.919216831892319 -0.06621606680064662
1755701939.019222 -0.6963448001582054 -144.22342921453767 328.15991636874304 0.02266452534583759 -0.3784934987394272 0.9233791367120971 -0.05999967156291217
1755701939.744667 -0.6673539338789908 -143.924115269825 327.53131484547634 -0.015491145311492538 -0.3737133578609541 0.9256301430925273 -0.057508162653106515
1755701940.470162 -0.6133133459764989 -143.62021767470387 326.9014689046558 -0.04495160880217119 -0.3752784632664337 0.9243209996775131 -0.05268887386956895
1755701941.063725 -0.5382509108151445 -143.36008469404854 326.3804735316658 -0.061149537026520706 -0.37814940043121853 0.9221487032865622 -0.05390300642695041
1755701941.855183 -0.42958122876842186 -143.0209640003275 325.68725601653273 -0.07740039020493047 -0.3772774331996514 0.9212969129981504 -0.05369279369231516
1755701942.580672 -0.3256972931898496 -142.72593688948518 325.06521129697245 -0.09207463544430905 -0.37058467781211774 0.9232924114195473 -0.0414774769454895
1755701943.174219 -0.2436817480740811 -142.46657117173217 324.53972810016876 -0.0881844919701965 -0.38054501810551855 0.91985954601474 -0.03560056427341064
1755701943.833778 -0.1834293349841634 -142.2089344544864 324.04090632029715 -0.06621658796441138 -0.38127669659844454 0.9211729161113514 -0.04103538390509274
1755701944.691126 -0.169158913483345 -141.91381732740146 323.41604411354547 -0.02973862661470491 -0.3756114509323599 0.9253679890109247 -0.041541989955173574
1755701945.482566 -0.2130315181838451 -141.62110626691975 322.82933704864666 0.01276334849850571 -0.38101390274207864 0.9234789079315691 -0.04303730309710624
1755701946.339949 -0.3256665254863701 -141.34072041561748 322.2306810027354 0.06626023849062075 -0.3742146351862402 0.9237112056989535 -0.0482762475113874
1755701947.065431 -0.4717871729227201 -141.08251027089673 321.684695785539 0.10651888653220652 -0.37410905798758487 0.9199100693838191 -0.049614552198301604
1755701947.659015 -0.5980803858885845 -140.83577505010496 321.15630385974737 0.09712259078157413 -0.3737445929696439 0.9209832661757392 -0.0516914403948813
1755701948.318532 -0.7341715898918725 -140.55981567161794 320.5832872796888 0.09726099812485943 -0.37761221064559675 0.9193205751797607 -0.05290554475908382
1755701949.044008 -0.904622670053122 -140.23357745143682 319.86098952584945 0.0915908398979699 -0.3691605756406951 0.9233510667189985 -0.05248233062948439
1755701949.703567 -1.0855380108686175 -139.8661357594153 319.06690248169946 0.08511259211008149 -0.37173461606618935 0.9232871744403158 -0.04593490390153687
1755701950.165206 -1.196737868359655 -139.61300428388628 318.54270474834885 0.07653871636803943 -0.3818579173011878 0.9200927270298098 -0.041901426681916334
1755701950.890695 -1.1905521611971317 -139.3568541604132 318.03410505907505 0.005046321687266642 -0.38230628854539506 0.9229196570606872 -0.04511920862622908
1755701951.945961 -1.0703193668288384 -139.07000086682316 317.42640111899135 -0.06958951616260539 -0.3755592902109422 0.9233802907826256 -0.03848840566588142
1755701952.73737 -0.9452817451393296 -138.728073418282 316.7352005291407 -0.08472894250072768 -0.3788754133837751 0.921012853017018 -0.031776595371985315
1755701953.199038 -0.8950833951464366 -138.51174470509775 316.31457903385166 -0.07602474542243352 -0.3837308216129819 0.919812912405144 -0.030250633058615348
1755701954.056427 -0.9183696001365983 -138.25185256872422 315.7930383853333 -0.008346189926971437 -0.38436990506610574 0.9225034481788227 -0.03431479697387175
1755701955.243578 -1.0169507054300952 -137.82953356579543 314.8917411592008 0.030375674804770502 -0.378840034700062 0.9242020978622995 -0.03752370977842319
1755701955.903105 -1.0972895784067567 -137.54497925443573 314.28992782294296 0.03866039840445809 -0.3795877738684441 0.9236669855109242 -0.035465411346401715
1755701956.56264 -1.183770291045206 -137.25596831350435 313.71080104679265 0.044288503105096286 -0.38172863624473086 0.9227675012177402 -0.02866906799698109
1755701957.024318 -1.2332125011011539 -137.07599005626042 313.29681294178835 0.048248846648913324 -0.3751916043582373 0.9251242270104736 -0.032380139196974134
1755701957.947671 -1.2688748007732187 -136.75415525732404 312.6238740886143 0.006657623009682307 -0.37722279770312767 0.9253713144726545 -0.03669560327938115
1755701958.739107 -1.2831704220835176 -136.45499823013844 311.99517842805864 0.0030607561733934623 -0.37788956396588497 0.9249598148724173 -0.04049012334513037
1755701959.398602 -1.300001219698892 -136.03938412487724 311.17053931292327 0.0032426917008437084 -0.38349407830843824 0.9224772192285396 -0.04424428615398226
1755701959.794313 -1.3174594343027404 -135.75744298692962 310.6569933559083 0.0016928777480448645 -0.3969826758262474 0.9165750788350087 -0.04787498425441276
1755701960.124091 -1.3222621312310183 -135.56294224187192 310.2644384605857 0.001464798764933835 -0.3915631329570261 0.9185858525190673 -0.053630204412016526
1755701960.453855 -1.338063782485692 -135.38720984508257 309.894643785242 0.001959282593704173 -0.38269136806251325 0.9222142923742603 -0.05535591172406341
1755701960.915511 -1.3578062730614395 -135.15248942559077 309.385073506655 0.006632617291334914 -0.372994792395067 0.9262247091929919 -0.05420960537012793
1755701961.245306 -1.3710476457998904 -134.9619538375474 308.9862963070576 0.0023241411008682864 -0.3730593629025502 0.9264079946512853 -0.05088749910410641
1755701961.443148 -1.3780954517952475 -134.83763750731515 308.73243873292085 -0.0018259293191491951 -0.37880223156502096 0.9241794013483298 -0.048969066428965854
1755701962.102658 -1.3939699322292272 -134.43396895064788 307.952235212404 -0.007271748447264961 -0.3928599440372052 0.9186415572296455 -0.04130224420410554
1755701962.366474 -1.4098024540137561 -134.2748116250654 307.6341196339335 -0.00577764197048867 -0.3908791416547487 0.9194613294927911 -0.04208300179237013
1755701963.026172 -1.409904364525458 -133.90722033868326 306.8798811239569 7.748043007166802e-06 -0.377684476257428 0.9243041199084884 -0.05492112757686851
1755701963.355797 -1.404363880267203 -133.73162892039383 306.49033833430747 -0.006441052130053844 -0.37197101452884374 0.9264166438991245 -0.057864316331600614
1755701963.553664 -1.39972533073202 -133.6131922598835 306.24127681937784 -0.010761750745075857 -0.3705587346823719 0.9270784158115312 -0.05564188896759391
1755701964.213152 -1.3811791982124122 -133.24445126017253 305.4823130188087 -0.024884797177527583 -0.37723442378709204 0.9244122836267755 -0.05036731340248051
1755701964.806725 -1.3163903222076379 -132.91729152971496 304.80649814936027 -0.048863750973484006 -0.38036326289335853 0.922437161425134 -0.04523057930051993
1755701965.40032 -1.2561986884916583 -132.57358115288451 304.10967340813187 -0.059828359457928464 -0.38095608241702655 0.9215784641849534 -0.04456641139408986
1755701965.861987 -1.207776502093592 -132.28670820645578 303.53234887457774 -0.06190331709397679 -0.3853380847599868 0.9197527935472308 -0.04168139307092223
1755701966.389599 -1.1364183206428733 -131.97771953880707 302.91173315169334 -0.05986236948555675 -0.3840285408208526 0.920413760635818 -0.0421554953334992
1755701966.85128 -1.0759165830819775 -131.69715420758666 302.3321201801778 -0.05893643461969356 -0.38228597517323815 0.9211469715266638 -0.04326877289016409
1755701967.642727 -0.9744006591741783 -131.2515997569744 301.40803904931084 -0.0613074586864844 -0.37738487191983183 0.9228961153754356 -0.045659765443855485
1755701968.038426 -0.921101647581259 -131.0138102032657 300.9363174885097 -0.06194847198139129 -0.382814868642866 0.920677445700771 -0.044364446835499415
1755701968.631986 -0.847312712868915 -130.65057591397115 300.22373810109434 -0.06338049112440115 -0.3859154505861301 0.9192712493878414 -0.04463797030164751
1755701969.225764 -0.7736277706149929 -130.2892963533332 299.52423625479787 -0.06421521027908063 -0.3856129479284035 0.9193883140039366 -0.04363701676075746
1755701969.621278 -0.7178341909267715 -130.0480064977458 299.05576667795003 -0.0645109356055235 -0.3847480210757921 0.9196765047840464 -0.04474847498811227
1755701970.41279 -0.6208022924512089 -129.60550281921215 298.18252514598674 -0.06568007347332656 -0.3855403467121088 0.9193109520504258 -0.04372805101745403
1755701971.138208 -0.537015515223734 -129.28053530683684 297.53547593982773 -0.06712613828623515 -0.385137101124788 0.9193901185128777 -0.0434200976144553
1755701971.731774 -0.4660319635597271 -129.01087654633 297.0105192286723 -0.0688735222431546 -0.38549365237358 0.9191244517313014 -0.043143065991346145
1755701972.721083 -0.3455867499387262 -128.57505128301224 296.15006815366326 -0.07079014252475754 -0.38445224674178086 0.9193927961538993 -0.04361320988915915
1755701973.578471 -0.23146752624032416 -128.1827666141721 295.39106342838863 -0.07160334346348601 -0.3850097491616253 0.9191550450292124 -0.04236103696439728
1755701974.172028 -0.14684968989027203 -127.919725994156 294.87248499877904 -0.07346329438243923 -0.38632787151759024 0.918467769706898 -0.04208177844155142
1755701975.161325 -0.03261866415314665 -127.4789998004712 293.9968951640418 -0.06552908231249413 -0.3856996852257392 0.9193087488451211 -0.0425807055468338
1755701975.952773 0.044113401205718356 -127.10750889313576 293.2636381698661 -0.05834325012934468 -0.3890158572005452 0.9182845932274684 -0.04490137917628791
1755701976.612283 0.10909719537480833 -126.81857028861506 292.70100024364086 -0.058238751135561685 -0.38771286407476213 0.9187607607789482 -0.04653651630712831
1755701977.271825 0.17384915922785565 -126.50758149290039 292.1112519356761 -0.05876407464635326 -0.39069578986258413 0.9173241969482885 -0.049192489343262605
1755701977.997292 0.2243538129351057 -126.17730763212367 291.4449741791886 -0.046758867166602255 -0.38629710150811314 0.9197196835817203 -0.05199866671431827
1755701978.722904 0.2587556194654532 -125.84967741147216 290.8115133772471 -0.03112307892988407 -0.38809384702394695 0.9194432324316713 -0.055124061857569594
1755701979.514196 0.2437475478375684 -125.50269535941062 290.127516831188 -0.004972346534534143 -0.3852209639042209 0.9209690911920412 -0.05827536192550889
1755701980.107779 0.217971025156884 -125.15744208873502 289.4609177848515 0.0012800233143623724 -0.3879211683054385 0.9195461490064752 -0.06285227576006878
1755701980.56945 0.2120950380358783 -124.91778032374295 288.97050132817554 0.005279040121617879 -0.3826741690393048 0.9216454900168732 -0.06404844117564208
1755701981.163016 0.1817341730898859 -124.56372781891714 288.30701639743376 0.01447302340062024 -0.3911183957974127 0.9172674744964116 -0.07373813323836445
1755701981.822578 0.14656334800934293 -124.20219776411784 287.59320299721253 0.019597637740753987 -0.3840247263783915 0.9190743853184082 -0.0862740770832921
1755701982.416219 0.09854449393745641 -123.81103145737787 286.8751456810369 0.025661602319717144 -0.3922534539663013 0.9147591485154841 -0.09324382137770793
1755701982.877799 0.05118824822718709 -123.59269769542487 286.354374627404 0.03756685183678604 -0.36693294531562776 0.9248439626537694 -0.09280404101085582
1755701983.603271 -0.1246935505334071 -123.1382170636398 285.39623978779423 0.06470192805689846 -0.37642667374108346 0.9202075501032143 -0.08564277281232978
1755701984.064955 -0.2595281311931912 -122.85688981562463 284.7556982748763 0.08494669554933197 -0.37231259117931803 0.9204342750944922 -0.08347537718314212
1755701984.526628 -0.43507769300549615 -122.58225544348976 284.16082134639385 0.10136418156453149 -0.3765511618059608 0.9177367552970068 -0.07545709519492298
1755701984.988298 -0.5864580788221614 -122.34128040469794 283.5886444078767 0.10624671522600486 -0.3706136908593617 0.9198747050911587 -0.07202537458937462
1755701985.581859 -0.805088728762788 -121.99671809829405 282.8787281791452 0.11714648065420905 -0.3755392009179063 0.9167712621687234 -0.06911919780957625
1755701986.175431 -1.0276718649363317 -121.68097524748241 282.15142040146134 0.1282374077130333 -0.3684487069571603 0.918216010903216 -0.06841107312140944
1755701986.637138 -1.246755691088533 -121.37872970440414 281.5322084463579 0.13111858388574643 -0.3767838141462609 0.914755858711302 -0.06374631997645627
1755701987.230683 -1.4860777288841025 -121.04451328408136 280.8122404363292 0.12453342765221431 -0.37806651080157944 0.9153884544064679 -0.0601757122670577
1755701987.758297 -1.645297628394435 -120.75098045654458 280.1882458489076 0.10834576183443811 -0.3751995859426831 0.9185138339615267 -0.06179646771661977
1755701988.417828 -1.8662857677109916 -120.31941008594372 279.30129196063444 0.09760726334043358 -0.37870485032262363 0.9182075242631546 -0.06285221453408589
1755701988.879498 -2.000024108492242 -120.0203869507353 278.67380786134936 0.08744804165324373 -0.37889002286616114 0.9191490182795711 -0.06293069822585151
1755701989.275213 -2.112132285234703 -119.74408920214222 278.1272265653143 0.0800312773364605 -0.38614816854048456 0.9169955693106541 -0.060030929072882634
1755701989.736914 -2.2517407393538083 -119.43974897749635 277.49324511809914 0.07751750326067017 -0.382607615207238 0.9187781362965616 -0.05872976874702518
1755701990.198556 -2.373618228142355 -119.1291691703956 276.85788526593814 0.07092416201396065 -0.3839767529206557 0.9189059028076686 -0.056067443711577694
1755701990.660231 -2.4772233914240034 -118.81987848212708 276.2245974653229 0.06342993818607791 -0.38362457680877826 0.9196657856058422 -0.05498790590652732
1755701991.121913 -2.5748499073666875 -118.49893766220285 275.5698855644345 0.05404072778328082 -0.3861141908698644 0.9193440336405904 -0.0529337242125683
1755701991.583572 -2.651374380962784 -118.18194351166122 274.93963359166816 0.04374062600275922 -0.38604575330951585 0.9199607471035263 -0.05222698322990685
1755701992.045237 -2.72591537659912 -117.85486269189587 274.2891389741229 0.03597793125147082 -0.3863936611150436 0.9202270753712745 -0.050869016764705
1755701992.5069 -2.789028763970715 -117.52277495017434 273.6355729296222 0.03366727487311393 -0.3875889470571024 0.919798539605184 -0.0511074286376793
1755701993.034521 -2.836432492456715 -117.1723235745299 272.91738719799434 0.01664055637877485 -0.38871871268036434 0.9199136490117823 -0.048782503598652965
1755701993.496196 -2.8537009651423815 -116.8350277103615 272.2705276089225 -0.002045145619434987 -0.38955720722670656 0.9197568874371719 -0.0478358410505072
1755701993.957882 -2.85192274363308 -116.50445010938147 271.6191868560372 -0.008713881358752716 -0.38984071642866314 0.919626043807052 -0.04728872632924382
1755701994.353579 -2.849932845120107 -116.20327692715342 271.03373150065556 -0.013507482656791503 -0.3887491601761724 0.9199961984944548 -0.04794406251402821
1755701994.815257 -2.84668406741062 -115.82448357439789 270.2894209964422 -0.015708466023936496 -0.3885920106360045 0.920068505342613 -0.047153354511131826
1755701995.145014 -2.8438365613007277 -115.53075317228001 269.71862531973846 -0.01497154702573483 -0.38959227638291605 0.919661598408748 -0.04707712156345615
1755701995.474792 -2.842759280423603 -115.2287920503958 269.133735885481 -0.012132006994468762 -0.39065510972612083 0.919290494545882 -0.04632910843893283
1755701995.80455 -2.84880628281701 -114.94651916984503 268.5599641718064 -0.007649740817960372 -0.387220385308441 0.9207955323161748 -0.046232481369408274
1755701996.134305 -2.858444166625321 -114.65120134132228 267.98115679993606 -0.001654479508479358 -0.38907220064545395 0.9199278847652173 -0.0485053833492011
1755701996.464081 -2.8805964181568915 -114.35652543481186 267.38872402735495 0.005617244728561381 -0.38725001266430964 0.9206773196392751 -0.048571054703303876
1755701996.793835 -2.9195055957409575 -114.05661705234232 266.79223622078285 0.014400794877132165 -0.3885355577823114 0.9199824190538735 -0.049649633205877175
1755701997.123602 -2.970936050236348 -113.76120154318407 266.20894287877115 0.022742249799891652 -0.3872872993891647 0.9203137296354392 -0.050139573695778865
1755701997.585311 -3.058286385782055 -113.36057076710414 265.39224041016126 0.03546436816401544 -0.3844221573464608 0.9210167147640707 -0.05186612244055459
1755701997.783161 -3.1069928866041012 -113.17522241868312 265.02550589121455 0.04218287464382295 -0.38651535564905615 0.9199282681658144 -0.05058128471789609
1755701998.178848 -3.194409057879476 -112.83730713531051 264.33252534026315 0.042908324829196175 -0.38248919923521746 0.921526133752147 -0.0514827441049383
1755701998.640518 -3.300757109892047 -112.42733173703527 263.5193763106398 0.04583944982955369 -0.3849067285189316 0.9203876719035476 -0.05130388472762109
1755701998.970271 -3.3856009643214944 -112.13872093724615 262.9208033965839 0.04723489315254912 -0.3817510626648321 0.9216695953071635 -0.05059790617672014
1755701999.234091 -3.4504254728653367 -111.9039455921655 262.44441920597956 0.04814377871377291 -0.38387767042679555 0.9208628192960271 -0.04828849507935186
1755701999.563854 -3.527932573682305 -111.60918689948173 261.85195763582146 0.050339326583729166 -0.38215783634423633 0.9214133593232419 -0.04918090666556358
1755702000.025526 -3.6437153803687408 -111.22766988234022 261.0447787786787 0.053041330094180966 -0.38284416702440666 0.9210583975600903 -0.04762761133278602
1755702000.223384 -3.6904757170486273 -111.05149768142068 260.69087543340993 0.05474198220452447 -0.3822731439854826 0.9211517482826889 -0.048476957490335516
1755702000.553145 -3.787476364549772 -110.76737068792588 260.09311901686704 0.05638861668837288 -0.3819429447881503 0.9211230932191932 -0.049720800203066635
1755702000.948855 -3.898989061483976 -110.4370678567863 259.3870029986013 0.0575083583788211 -0.38063983642794835 0.9216073396371447 -0.049457205416626675
1755702001.278623 -4.001263049550997 -110.14105549080196 258.8023854879013 0.05717793559578422 -0.3838220590422108 0.9203276763009882 -0.049074218363876564
1755702001.608443 -4.072104275147226 -109.83322863369702 258.19936743260376 0.04304414636774645 -0.3915083766963049 0.9179825431521375 -0.046652362298497965
1755702002.004105 -4.115243524755763 -109.49510087403524 257.53654494294074 0.0177669530341492 -0.38667205033154484 0.9207892913903217 -0.04812631019713435
1755702002.333874 -4.114472548415829 -109.20312487483169 256.97925050577476 -0.0023130354924012155 -0.3970149077246482 0.916466395956915 -0.049630212501490016
1755702002.72958 -4.102906024464503 -108.8628910708339 256.2920880417046 -0.010588928898504714 -0.3858681520008929 0.9208606129738763 -0.054857773647634646
1755702003.059353 -4.106616365467914 -108.55228058716222 255.69732242881005 -0.014398634297997986 -0.39105768270731484 0.9187211302277559 -0.05308533694884413
1755702003.455077 -4.09709724825516 -108.19782317432426 255.0005669803691 -0.017532629199929383 -0.3893286200886381 0.9194478460109466 -0.05226366767693759
1755702003.784861 -4.085479960024615 -107.887787403031 254.3903001548178 -0.02074534966908041 -0.3898442614408108 0.919327599902209 -0.0492731808068069
1755702004.114589 -4.082989267874973 -107.59609373146552 253.8103907396715 -0.023776772033159355 -0.38629991727186463 0.9208384487765858 -0.04757720338738751
1755702004.444369 -4.059753131362401 -107.29731316909749 253.2212960619387 -0.026919983211053336 -0.38511644996410044 0.9211942596401521 -0.04859805013575279
1755702004.840094 -4.034563707511806 -106.93716885514488 252.5007164441714 -0.02959444344597504 -0.3835593537312197 0.9217579305480298 -0.04866938004768102
1755702005.169906 -4.001366009908487 -106.6449493838597 251.92499237590013 -0.03247021145572462 -0.38546633802362756 0.9208070059329004 -0.04975786815733308
1755702005.49963 -3.9735020013115885 -106.3519187411229 251.3521127895346 -0.034872030470763586 -0.38560816456641706 0.9207802600953685 -0.047476283861214885
1755702005.829367 -3.939368611046734 -106.04825410494787 250.76820339939096 -0.03726633383055934 -0.3860022073593638 0.9204969644022999 -0.0479463742391338
1755702006.225083 -3.9074016982289725 -105.68750750139293 250.05153661315455 -0.0405354296569054 -0.3858013828968495 0.9205357392785496 -0.04613160097268289
1755702006.554841 -3.86537339545506 -105.39210379865402 249.477469723462 -0.042200905677600764 -0.3857787075766706 0.9204137021072655 -0.047249225535046076
1755702006.88461 -3.830633804903068 -105.08526671520795 248.88249702780698 -0.04426292986645982 -0.38653736534281247 0.9200201446769475 -0.04682511742732325
1755702007.280334 -3.7751706989451668 -104.7233391501275 248.1715616047587 -0.046237543434154 -0.386110815475818 0.920102614965932 -0.04681565638360028
1755702007.610119 -3.712151995138604 -104.43367513370272 247.61167733405716 -0.053892323702896275 -0.38865347615102036 0.9186380141534628 -0.04634966961924259
1755702007.939857 -3.6199609980312495 -104.14927068753325 247.05951810098455 -0.07957451589610952 -0.38818663032716566 0.9170907170800586 -0.043859469909292334
1755702008.269887 -3.471702118468857 -103.86526252467716 246.54128059543513 -0.11414106321449986 -0.3904306678619689 0.9125420556475912 -0.04245830844003807
1755702008.731298 -3.2335628946376183 -103.51338781388365 245.8767288232047 -0.1530080800771298 -0.3838976931262003 0.9098139212267312 -0.03807515443870792
1755702009.192956 -2.9455042447705577 -103.12427534739736 245.17325521470025 -0.17700788285407937 -0.3867691464456482 0.9042328117572427 -0.03795864732590279
1755702009.522732 -2.6945857791944747 -102.83634699905268 244.64320694419217 -0.19192773463737187 -0.3853872193861613 0.9018727814308064 -0.03557979658500408
1755702009.984396 -2.329524430950905 -102.42287132720655 243.9234789232828 -0.2175891767398394 -0.38579262882130394 0.8959415825675368 -0.03328180192243698
1755702010.314152 -2.035428513656113 -102.14291610220154 243.44247580026888 -0.2442094396595796 -0.3869545179109219 0.8886169235099033 -0.031431097678493045
1755702011.105589 -1.2124286869450813 -101.53780115323327 242.43185482403513 -0.31971862981101784 -0.3822577189337452 0.8664455009288948 -0.030516028368901077
1755702011.435358 -0.8313226701397958 -101.28291899750432 242.0633553974264 -0.3532836862376815 -0.3818854158588562 0.8532011444871779 -0.03744293309015082
1755702011.699163 -0.46969906727568855 -101.08122191423172 241.76419606141604 -0.3837930853623871 -0.38143181756006334 0.8398758759162898 -0.042674925128126574
1755702012.028948 0.015880126327182637 -100.8528376367723 241.45198850705788 -0.4331131669063473 -0.36964932428929304 0.821062161869065 -0.04036444043611955
1755702012.358701 0.47985842318791067 -100.6516454799645 241.2007368676995 -0.4720176025936437 -0.3734295559889995 0.7976202737673705 -0.039390968899894456
1755702012.688457 0.7911889043774313 -100.55907691858442 241.0520218346392 -0.5078901221348928 -0.3545335947140726 0.784607317309887 -0.027293070195631784
1755702013.018248 1.0532322873969377 -100.48781063053362 240.94647780257455 -0.5283617281817397 -0.3450772012644583 0.7754470287141476 -0.020916859675726533
1755702013.479899 1.4481422724552044 -100.3752346785426 240.79642244666172 -0.5442643282606292 -0.33931359642503783 0.76706808014661 -0.015785584699544133
1755702014.403226 2.290813508262854 -100.1527446964456 240.5357179189295 -0.5677795678610873 -0.3315754043481713 0.7533185643429318 -0.013973337723247804
1755702014.996809 2.837817972402959 -100.02369479385118 240.3775270916196 -0.5791423043244752 -0.3276908201412511 0.7463560766714065 -0.012865634557097641
1755702015.656326 3.4354623004823917 -99.87542352210173 240.20493411993525 -0.5809305541378414 -0.32776490392501345 0.7449312765971797 -0.01293260110817841
1755702016.249903 3.9434655688599585 -99.74562289052044 240.03698050986182 -0.572228583284806 -0.32708562844162137 0.7519276380345075 -0.013201033999653852
1755702017.17327 4.7050143493884855 -99.56526726343441 239.7631012251701 -0.5602620255209632 -0.3237671858574567 0.7623985424954948 -0.0054529369917579945
1755702017.700871 5.17499211875186 -99.43259051512277 239.5730169810342 -0.5524194848130277 -0.33267566631036577 0.7642918245032784 -0.004197718584345876
1755702018.62421 5.940829568448334 -99.24257362260767 239.2262837673808 -0.5368298135290113 -0.32277211207240575 0.7795025151903583 0.0027827660035750577
1755702019.2178 6.455007302613077 -99.09833882720413 238.98835105758522 -0.5258737992548943 -0.3263471470645208 0.785456894791374 -0.00342830639872514
1755702019.811347 6.942202586515458 -98.96413073803515 238.7340778242769 -0.5113086988658673 -0.3248989901786341 0.7956145787449002 -0.0012258603398842538
1755702020.471849 7.464774466617251 -98.79622721356328 238.4256885547464 -0.4911034433391047 -0.32808718273412185 0.8069516466634495 0.002290941555150673
1755702021.064533 7.912238223659655 -98.6420582549025 238.12103079764208 -0.47081807364531436 -0.3321121044680111 0.8173104543497077 0.005959262153864649
1755702021.658071 8.360266637864758 -98.48031481553512 237.8097737796146 -0.4553078914277687 -0.33615205552018207 0.824412638033115 0.006349946805736674
1755702022.449476 8.964926216494389 -98.25373677697756 237.37699482035916 -0.4474135861828313 -0.33734202564124877 0.8282451537967327 0.005604092032053374
1755702023.2409 9.562125459220862 -98.05556154594404 236.99353436903166 -0.46848520540405636 -0.33720610311620614 0.8165465653185733 0.008084739027501028
1755702023.966381 10.07013417506532 -97.88874754341639 236.67353697120592 -0.47618268651006607 -0.3368567051324199 0.8121598654725796 0.013189472731979162
1755702024.75786 10.722205670585227 -97.65535487285634 236.26393418497713 -0.4729285166149398 -0.3453433379187589 0.810436942816168 0.016387765140676008
1755702025.615217 11.420959717318034 -97.39591065630526 235.81289673641476 -0.47134632623602296 -0.3530309629399178 0.8080005263681025 0.018355635058163258
1755702026.406636 12.078340221234397 -97.13733168139824 235.41863676746385 -0.46685813362616946 -0.36231030186395435 0.8065876621333682 0.013822862386910453
1755702027.000209 12.571064125624527 -96.95567535287536 235.1065214341108 -0.46792004716305374 -0.35934229321105543 0.8072326472925383 0.017303147627695574
1755702027.593779 13.056377903392363 -96.77449358858392 234.8066616372987 -0.467494176136426 -0.36260562080063974 0.806019461543835 0.017291230577762186
1755702028.31926 13.660904382152742 -96.53552557126294 234.43344008075485 -0.46633432995955715 -0.3645666307987726 0.8057281584167725 0.020630054375073786
1755702028.978808 14.211040009777713 -96.31309763500653 234.10228382378705 -0.46545816344525853 -0.36874131682015676 0.8043365115012555 0.02052597422522167
1755702029.638368 14.776981826470694 -96.08026188867383 233.75521709044364 -0.4626442132922728 -0.3702804039295701 0.8053271377243083 0.0173480724491613
1755702030.165945 15.198623748696528 -95.90462007052487 233.50098009257627 -0.4621729064808923 -0.3727714564210858 0.8044485715277605 0.017324594068909585
1755702030.759521 15.67386488499824 -95.7262997304289 233.20547545606675 -0.4620474835137699 -0.3680246799297779 0.8066313272974835 0.020392639933980092
1755702031.550955 16.32003660169632 -95.45996316032164 232.81724937762348 -0.4623078434811616 -0.3723108733765258 0.8046013089862706 0.01651680958860871
1755702032.342382 16.967635013541948 -95.194460189197 232.4132149353033 -0.4590193950220621 -0.37248367257244236 0.8063786070102273 0.017625289125879545
1755702033.133821 17.594498716340485 -94.9453734837982 232.01128145884388 -0.4552301169577624 -0.3679524179257419 0.810609532757667 0.016992473616833335
1755702033.859303 18.153733854454142 -94.71796351950982 231.645768985586 -0.4494677870894397 -0.36512610478700785 0.8151307807604721 0.014948117902005759
1755702034.716686 18.826226509498046 -94.43124645858784 231.1823877242266 -0.4434967675370722 -0.3667453805576965 0.8177360916390802 0.010776244921139846
1755702035.442196 19.35100841165622 -94.1989460204965 230.76756568764947 -0.42582897599089925 -0.3628229737423272 0.8288513712671945 0.005880244876517509
1755702036.167652 19.849320043258732 -93.94037942801407 230.33985986130654 -0.40320131403682 -0.37288320044843404 0.8356780477258623 0.005386996510665748
1755702036.695292 20.17924337343028 -93.76143676794855 229.99610538892307 -0.3841083042117034 -0.3658515491484966 0.8473718210874309 0.023967716792080568
1755702037.354943 20.574499558158593 -93.52594218138458 229.56370598941805 -0.3614245029113668 -0.3737375409267354 0.8538993530896082 0.02341952156763532
1755702037.816475 20.84760740198814 -93.36703623447396 229.25851689579616 -0.340839380472986 -0.3696007097892761 0.8640941997227414 0.023770697246183185
1755702038.607912 21.23556222162822 -93.07093649237373 228.70437180494213 -0.29912026374619344 -0.3729920370744948 0.8781321885167441 0.016966661021531947
1755702039.531263 21.64761635733526 -92.6918115361549 228.00113211421566 -0.25257673108471557 -0.38283862525169693 0.888505968850777 0.0140258777440837
1755702040.256732 21.924393998742516 -92.3735499148622 227.42257495947806 -0.21591990509098039 -0.3895962443325524 0.8952723439004595 0.00898839443113665
1755702040.916242 22.129375929822757 -92.09220467413081 226.89137938428138 -0.18267477848429187 -0.3902739541637601 0.902389337655129 0.003106331185823969
1755702041.575814 22.29826845459573 -91.78441475897394 226.32215911977255 -0.15014993294256213 -0.3907204645174382 0.9081723771851303 -0.003930593152557352
1755702042.037443 22.385157195717294 -91.565160476182 225.92356963198807 -0.12496183144072259 -0.39437995231222644 0.9103852023396043 -0.006912109537918544
1755702042.762925 22.52181188910138 -91.22947429416111 225.29626541223945 -0.11049085811448359 -0.39342221133580496 0.9126294238238812 -0.010875140075448033
1755702043.818172 22.68516221011769 -90.7467313158487 224.38910628463643 -0.09176038544152518 -0.39621375472779485 0.9134691098569633 -0.012995290118069911
1755702044.543645 22.794323063332033 -90.41557405938316 223.76022555843798 -0.0893713087025447 -0.39314446158516386 0.9150007535755411 -0.014960697239698083
1755702045.335088 22.908985429985847 -90.04992254635842 223.0746085387202 -0.08886222303598908 -0.3953515516924768 0.9140378162558958 -0.018317378240522576
1755702046.19247 23.03279649313856 -89.64707591001842 222.34400338707016 -0.08971431100002995 -0.39681276335846355 0.9133637378570141 -0.01605165429086392
1755702046.983916 23.250758076609117 -89.02800945667663 221.18253223156478 -0.09627827241725574 -0.39782505967972404 0.9123218421266107 -0.011600540068475256
1755702047.31366 23.34395753129453 -88.73810787062507 220.6349363182417 -0.09122518985258876 -0.39600541022826147 0.9135892030972501 -0.014575588853869456
1755702047.511562 23.403283909528607 -88.53389873961518 220.2674034710634 -0.08975009239783927 -0.3997196385716478 0.9121066541313474 -0.015184957821782983
1755702047.841282 23.4987801983788 -88.2619548472845 219.71565798036977 -0.0869589823848552 -0.3904639126445159 0.9163958087304713 -0.013956720465487396
1755702048.105119 23.563312748119973 -88.03022757684619 219.27829127022565 -0.08398885432324632 -0.3923530549761411 0.915886613885293 -0.012516513335982719
1755702048.434862 23.644809305202877 -87.7242852511202 218.72850015050597 -0.07865542757436915 -0.39734601944724773 0.9142197453331271 -0.011477011176816137
1755702048.698688 23.70709221639859 -87.47981817111489 218.2734794652423 -0.07528024573172269 -0.39745555519926207 0.9143783038720642 -0.016561511158849566
1755702048.896536 23.742442586514525 -87.28673583672324 217.92957835185447 -0.07457837078447399 -0.40100985752727286 0.9128835363149469 -0.016516958019163742
1755702049.292251 23.844732753359903 -86.91979800768922 217.2759946240324 -0.07048262178407405 -0.4030613456288625 0.9123204100972817 -0.015659534035899064
1755702049.688009 23.927803438751464 -86.58693905230885 216.64790450876612 -0.07031901033242795 -0.3983249456735876 0.9143415124940841 -0.019289193089189215
1755702050.017735 24.002331941760808 -86.28201209844161 216.10274935073625 -0.07227880587138427 -0.4017257734577362 0.912657509343009 -0.021176586160325826
1755702050.149643 24.031400984776003 -86.15286914649552 215.86560630752027 -0.07279118061908743 -0.40041668597773794 0.9131902602569206 -0.021247827808566655
1755702050.809199 24.165913065250695 -85.57566311862745 214.80315191208655 -0.07549450047699015 -0.40017462112948904 0.9131817214334448 -0.01612441135204655
1755702051.073012 24.22747751965046 -85.34723805751226 214.39020854624928 -0.07801137784644639 -0.39882795765251294 0.9135092722890388 -0.018742853656130036
1755702051.270841 24.286397313589617 -85.14630266325614 214.05062758681387 -0.08239818894140503 -0.4073631586696494 0.9093805087685204 -0.01711390340539879
1755702051.666553 24.382540230232326 -84.7938872116486 213.42904928289943 -0.08523561654375689 -0.4111323161032206 0.9073914330415327 -0.018598267952716956
1755702051.864413 24.44459603637913 -84.58871182715212 213.07828516139986 -0.08589693247319545 -0.4135294301178768 0.9061201904146844 -0.023692360391811988
1755702052.260319 24.56540316608265 -84.22994404511027 212.44423013595525 -0.09140013486170753 -0.40990108999632363 0.9072403946199424 -0.0232804238994593
1755702052.589924 24.66731087923414 -83.92451972888813 211.91334527233053 -0.0964907638555542 -0.40872270352856305 0.9071145230480784 -0.0279020821110422
1755702052.721802 24.719862616514966 -83.78111930430666 211.66986309850668 -0.09837073512892895 -0.4094129965697023 0.9065814319516415 -0.02853601146835353
1755702053.315369 24.927707603771193 -83.23356656857284 210.69678957947175 -0.10629050846018459 -0.4057561628184015 0.9073695852479864 -0.02728919040681812
1755702053.71109 25.06185291728178 -82.85992418265953 210.07029921381366 -0.1094908516421776 -0.4133897520567644 0.9036218139577498 -0.024254559176022036
1755702053.908948 25.143000648048513 -82.66043883478065 209.73102038062652 -0.10658126327847472 -0.41172203639016774 0.9046769072325396 -0.026174273416179724
1755702054.304665 25.28384283742528 -82.29380444303092 209.09622054343853 -0.10611312203348752 -0.41198271947816667 0.904631028186633 -0.025552828134585297
1755702054.634432 25.402198017863288 -81.97861953646505 208.55089166604745 -0.10655644728362314 -0.407337078184939 0.9065355784352676 -0.0302567894708651
1755702054.964186 25.520573504261105 -81.63998630116383 207.99700142240317 -0.1068619209209211 -0.41294891421930685 0.9038750047644257 -0.03261441191093
1755702055.293949 25.639376382514577 -81.32059973930839 207.45789976722568 -0.10403828345384648 -0.41285678809985804 0.9041975807654526 -0.03394175943802279
1755702055.557766 25.737597309391642 -81.06651676577945 207.00855245918103 -0.10689992674808009 -0.40690783348671733 0.9065411906855335 -0.034372813368361045
1755702055.887525 25.856975153582347 -80.78572156866748 206.5142062361521 -0.10581140067751481 -0.4026522861937078 0.9084162624850064 -0.038144173374381356
1755702056.217299 25.96085129767948 -80.52531590996897 206.04550701991576 -0.10469604961874268 -0.4039106353849501 0.90797733180568 -0.03836796507757391
1755702056.547052 26.068773172829687 -80.25393602283349 205.57712267375027 -0.10495438258254197 -0.40359312108743 0.9079986470805206 -0.04044288673634178
1755702056.810877 26.154237668274106 -80.04292074907349 205.19556430863656 -0.1053005923938257 -0.40391755992728573 0.9075894481851796 -0.04520822454839657
1755702057.008885 26.21107104399968 -79.87784168821868 204.9043458481013 -0.10647939077964505 -0.40326931816616035 0.9078968109665384 -0.04194492820097812
1755702057.866112 26.469241837595753 -79.18934097423083 203.7314173538141 -0.10495125935619899 -0.4050840646445945 0.9071831289770661 -0.043713890583449856
1755702058.064009 26.516719945968326 -79.03606099958459 203.44501260902925 -0.10303218419230792 -0.4058850609696065 0.9070094013426695 -0.044448084078767484
1755702058.525649 26.651032036182574 -78.68516410587894 202.84104480771904 -0.10413712657300554 -0.4052114648191379 0.9070918254405472 -0.046298465062914886
1755702058.855404 26.741784492680623 -78.43525028835984 202.3984353243437 -0.10454127778476939 -0.40327205640354397 0.908076212893259 -0.04289943287062441
1755702059.25113 26.849874473697298 -78.15726044027893 201.90102273638237 -0.10545010429673468 -0.40369830594355616 0.9075952484304888 -0.04667781387886474
1755702059.713019 26.97600903377385 -77.83081504565202 201.31340536904042 -0.1057892347391655 -0.40082513376584394 0.9089503161811896 -0.04423994426997502
1755702060.108513 27.077144931135724 -77.54937891206967 200.79538712343734 -0.09513646757759649 -0.3993352489334748 0.910787715836199 -0.044115169476905906
1755702060.438267 27.15479312499713 -77.29273839403956 200.3415737112621 -0.08665570814104415 -0.39658741925368923 0.9126814592985384 -0.04713555970775414
1755702060.834043 27.245802215967927 -76.9898647289763 199.78403929190625 -0.08731452048156936 -0.40200535485251726 0.9102965667243497 -0.046130573298374895
1755702061.163757 27.32293661611057 -76.73373671306257 199.32202176258417 -0.0873359227191796 -0.3989087128364879 0.9116288698640235 -0.046659179765289
1755702061.625468 27.439520044679487 -76.39813206816459 198.70414158344812 -0.09294045731041312 -0.3975003367910872 0.9116737856800048 -0.04697299383467229
1755702061.889241 27.512627295223837 -76.19718571076133 198.3228770684365 -0.09552265590580214 -0.39536424899666645 0.9123014584154613 -0.047629631502101186
1755702062.350979 27.635811130848925 -75.86629913206036 197.7115591459109 -0.09961849696173997 -0.3960556786990447 0.9113812499665528 -0.05099285874244353
1755702062.680664 27.738304885113916 -75.6425506659499 197.27351979642847 -0.10146916413108509 -0.3956907601674667 0.9113633339847392 -0.05049459888792136
1755702063.076382 27.85777833145038 -75.34791852343841 196.7566952500823 -0.10353507851617293 -0.3915149007927916 0.9127464177295795 -0.05376380655869116
1755702063.538054 27.996324670119378 -75.02840000701795 196.16393287610413 -0.10711219492024265 -0.3920213206316808 0.9119708069978001 -0.056173917909846244
1755702063.867822 28.096024067298565 -74.81378700006235 195.7166716761626 -0.10909544522115676 -0.39140686145892906 0.9119731031951145 -0.0566031066598061
1755702064.197585 28.19623376610983 -74.5664934785703 195.2749288987518 -0.11173355624775191 -0.3899702781624221 0.9123908902093439 -0.054604560442828104
1755702064.527341 28.311135143839607 -74.33239645591615 194.83116715925166 -0.11350659124971221 -0.38572869967737367 0.9136581876621223 -0.05965182399591359
1755702064.923076 28.435671293059553 -74.05156263063354 194.30773161876704 -0.11473066244893443 -0.38816464477678647 0.9123290693031194 -0.06181223943398025
1755702065.12092 28.490579515052307 -73.92820035724004 194.05227933087792 -0.11673051033458814 -0.3876503379597377 0.9123502306954198 -0.06097753673888459
1755702065.714519 28.67465428481559 -73.53592057090637 193.31616659688 -0.11878415988958001 -0.38724124584068936 0.9121968186052505 -0.06189915189675148
1755702066.374041 28.895506339219683 -73.06224926762533 192.43533218019041 -0.11405318388315286 -0.38722923483560107 0.9125537998755843 -0.06550536823331929
1755702066.90167 29.02388742500636 -72.72215187724736 191.76111502128165 -0.09726419500393413 -0.38332713528474704 0.9160688497013756 -0.06646688146306048
1755702067.231417 29.09904422497824 -72.4973945373449 191.31758542132846 -0.08743576273820608 -0.3835397144572093 0.9167783814702555 -0.06906282717388085
1755702067.627222 29.182677255513244 -72.23675811747297 190.79974745606992 -0.08458255790049911 -0.384531485411967 0.9165536347995946 -0.07007683041866365
1755702068.088801 29.27770982945311 -71.92827402525458 190.1839725702743 -0.0815232630775152 -0.38430261072722294 0.9169672964864408 -0.06954450474180199
1755702068.418569 29.350606157339325 -71.69867509025613 189.7270367846019 -0.0806816079241814 -0.38201189965972393 0.9179104908849702 -0.0706945357467642
1755702068.880229 29.43830429154616 -71.39778813067028 189.13190494440406 -0.07944609015782328 -0.37819068628968844 0.9196948763165297 -0.0694367196769305
1755702069.209986 29.502302175710188 -71.18878673802378 188.71020726937843 -0.07704177863529645 -0.37886608756758755 0.9196966432477379 -0.06843344529381896
1755702069.671711 29.57302366546482 -70.8808027887064 188.11134240057885 -0.06690591965085495 -0.38384669284252343 0.9184274018608767 -0.06838436824750768
1755702070.001428 29.618056631868377 -70.6619716343136 187.65304786778137 -0.0588799191813036 -0.38067889676102923 0.9203239666709468 -0.06797447351074355
1755702070.33121 29.652718052878647 -70.43360937735886 187.19756546823888 -0.05066612353773437 -0.3836044976266859 0.9195439718967202 -0.06869801361495724
1755702070.660955 29.677823081370605 -70.20490799726694 186.73441528329144 -0.04017652634133796 -0.38405740281799655 0.9199102408114898 -0.06819755803535589
1755702071.122713 29.696785939436218 -69.89257459142861 186.0946226382462 -0.026485626688366508 -0.3788885120754559 0.9227493606875081 -0.06538825847938408
1755702071.584344 29.7117535259884 -69.58602393097831 185.46467640959295 -0.024129380554902134 -0.3820071983284527 0.9216266431046348 -0.06397346433455697
1755702071.914069 29.709083744825833 -69.36689892317985 185.01246436032469 -0.023145039456594563 -0.380687011888393 0.9225558966242272 -0.05858603700462646
1755702072.309784 29.713711691176208 -69.12091800275542 184.48327390436495 -0.02167310354648105 -0.3773968150255124 0.9240874344224708 -0.05625241447047685
1755702072.507635 29.71427513572268 -68.97969599827869 184.198551219608 -0.021558656653119103 -0.3825481123226559 0.9222088184336747 -0.05218295971724146
1755702073.29907 29.72989946551836 -68.4481577584454 183.11720406439048 -0.02021854439279567 -0.3798194746681266 0.9239009507168982 -0.04165825716321624
1755702073.628901 29.740343129724774 -68.24056655194701 182.67282004699294 -0.020684589477273824 -0.3830181457190245 0.9224007837518046 -0.04523319513558
1755702073.826685 29.74069492152786 -68.10415819280094 182.41223818878498 -0.023173645296371503 -0.38420212422272504 0.9221444047517282 -0.03874798951564689
1755702074.552164 29.782275871527585 -67.66128059011486 181.49895607474718 -0.0307711880640312 -0.38217010629709985 0.9227763898300788 -0.038508157709216256
1755702074.881934 29.809849708988143 -67.46500941495307 181.0881890407205 -0.040179352865206124 -0.37763568437392286 0.9243780891858846 -0.03608403696685187
1755702075.277724 29.85018846174685 -67.23480700416158 180.6078400858592 -0.04701573382190086 -0.38040512608539667 0.9229421442075721 -0.03548604326592107
1755702075.673364 29.90337216009546 -66.99970887749559 180.13933009608164 -0.05193385027010726 -0.3821632133810782 0.9218680312154443 -0.037596363618456696
1755702076.00336 29.937569182925387 -66.81507003697217 179.75071286949805 -0.05550430496551957 -0.3810452115075154 0.9222306223123775 -0.03484965117203326
1755702076.464826 29.992724193328225 -66.56618634152292 179.24422277231204 -0.06185217376036945 -0.38487230166630837 0.9202856293643266 -0.033495975828456225
1755702076.992449 30.0721688783957 -66.29030367725382 178.68291210919043 -0.06945507635708822 -0.3826639353714942 0.9206232781468676 -0.034598911375171314
1755702077.322244 30.132573880929034 -66.11664719644595 178.3304871253865 -0.07320335652641886 -0.38026698398119024 0.921134541084191 -0.03936301193673854
1755702077.651984 30.182505654821345 -65.94224937489317 177.9605845007852 -0.0790427753224133 -0.3769719145348339 0.9221296388714552 -0.03635030173288897
1755702078.377428 30.33069864254497 -65.51157934630926 177.12308814039432 -0.09040989794207362 -0.38428250055168184 0.9180613068082342 -0.03628287564964983
1755702078.707209 30.408835562228845 -65.32282199717439 176.74172162471726 -0.09014021650146989 -0.38266933154911004 0.9186472342467429 -0.039066393122929616
1755702079.366725 30.561175389756926 -64.94121105618403 175.98129181235566 -0.09720950874258275 -0.38071866207256816 0.9187703092293458 -0.038271799517553634
1755702079.828438 30.650281034358063 -64.71677570849549 175.49178698955717 -0.09851392779238362 -0.37541366944673604 0.9207434055958397 -0.03988939552348475
1755702080.421971 30.79466264418365 -64.3575394510327 174.82410201038198 -0.10294541944081853 -0.38283608209756903 0.9171217882658529 -0.041549974108072485
1755702081.147516 30.963411093764435 -63.99292034856319 174.06282551859766 -0.10755609733617091 -0.3786997501543412 0.9184237729402576 -0.038935311184501595
1755702081.477227 31.038083336650597 -63.81557012931213 173.7076857894185 -0.108788576342196 -0.3771754943089557 0.918878113010078 -0.03958163186721231
1755702082.202727 31.213951524620605 -63.444920942681165 172.93933861714788 -0.109582426341889 -0.37473554596321906 0.9198087011280279 -0.03894760272266819
1755702082.598421 31.30870924475017 -63.225866361743975 172.49589539350058 -0.11003253021064872 -0.37405385016055787 0.920053489809578 -0.03844652604231376
1755702082.796273 31.364552091933824 -63.1033944595344 172.24637987156882 -0.1080500201319772 -0.3763592596357185 0.9192376271454814 -0.04100104481446709
1755702083.521788 31.528262661063124 -62.692833077040355 171.38097314161007 -0.09828199846820164 -0.37349675628098383 0.9215570467847963 -0.03966650155943415
1755702083.851552 31.609099952974713 -62.48805768796521 170.9366128981786 -0.09435723004415296 -0.3726813804040969 0.9224110272580391 -0.0369215198936955
1755702084.181315 31.69287034472595 -62.2562178939458 170.48352041584124 -0.08947521773294774 -0.3735650304483043 0.922344700920718 -0.041516335595403936
1755702084.51104 31.75915062012862 -62.044486511152826 170.03105111228152 -0.08670085882511544 -0.37272760969011104 0.9230327040771675 -0.03959440942450932
1755702084.840801 31.834573395611084 -61.82913385943263 169.58688415477025 -0.08865356541111848 -0.3728638018290323 0.92267274059793 -0.04228645625967711
1755702085.170601 31.913787284927672 -61.62765185248994 169.16661280270282 -0.0880170343867917 -0.3710909855117616 0.9234835842100377 -0.041503636277388845
1755702085.434548 31.973922481080184 -61.462160936422876 168.82220610164435 -0.08564339916707474 -0.3744009853515663 0.9223110238041258 -0.042795860971253645
1755702086.291782 32.18944923610274 -60.93865459263603 167.70835946315998 -0.08635552960576531 -0.3690691564787488 0.9243809366489811 -0.04301818455635705
1755702086.555583 32.240182327027824 -60.7638695001996 167.33467437203274 -0.08460791823449591 -0.3694456616728663 0.9243592418838398 -0.04371950579610645
1755702086.885353 32.31676662892544 -60.537292236703365 166.87095727977703 -0.08817004085095351 -0.3713921154831975 0.9232408473543926 -0.043820979331816605
1755702087.149183 32.38929913069371 -60.356106240175905 166.49392542442806 -0.09087370792886992 -0.37508129073881763 0.9213736083790879 -0.046115814288160535
1755702087.478929 32.47419423930979 -60.16185939785924 166.05730920433282 -0.09605059792771836 -0.3712681261695849 0.9226488250991082 -0.040662103628418586
1755702087.742756 32.55599480729994 -59.980027968983066 165.69201149375598 -0.09831433753473014 -0.3724668359382536 0.9217119617646683 -0.04527479101199449
1755702088.138458 32.66584290750787 -59.751866552314304 165.16840923715048 -0.10342365055678876 -0.3630911885204711 0.9249807721603862 -0.043346377678813934
1755702088.468224 32.76704393129664 -59.52642970170926 164.73066119248296 -0.10990360705500886 -0.3677670967427232 0.9225330089331822 -0.04001758536463173
1755702088.86393 32.88517343168511 -59.271322409036515 164.20907353376413 -0.11139952574640762 -0.36890678250330267 0.9218818655947 -0.04039501669973753
1755702089.193723 32.98932263938355 -59.0607061682461 163.7656457235342 -0.11079164578265747 -0.36844864936420013 0.9220529757234489 -0.042297919168677436
1755702089.523468 33.091795796612494 -58.85058522133735 163.32231196745434 -0.11411257485949898 -0.3722719789819252 0.9201212240621729 -0.04205742448302069
1755702089.91922 33.2175913951074 -58.595631248518444 162.81205081836526 -0.11618176812075831 -0.37319726224425676 0.9195821263384889 -0.03992885082880787
1755702090.248962 33.319336102882424 -58.380305024513646 162.37296083977927 -0.11634314107786782 -0.3720309213287017 0.920038227714533 -0.03983624785736981
1755702090.710609 33.464806122031824 -58.10507671567424 161.78601625495818 -0.1180363614766764 -0.36692032493875065 0.9218799679027039 -0.03967640729575626
1755702091.106396 33.59673492658738 -57.861333250700284 161.27621451286265 -0.1191701742420819 -0.3731111658342587 0.9193574229870787 -0.03699265196589391
1755702091.436156 33.70618987079778 -57.64616333205495 160.82507700499383 -0.11783352352090931 -0.3683483919321414 0.9215093157255133 -0.03543026851082377
1755702091.831808 33.82803726884636 -57.39311868769447 160.30954934372238 -0.11049373346983982 -0.3680367535888624 0.922559545712855 -0.03498524668710594
1755702092.161577 33.92491334152884 -57.1842997901539 159.85921191622623 -0.10519793856090279 -0.3730065604869677 0.9210781057260333 -0.03761147043603296
1755702092.425384 33.99349166484654 -57.00520146034761 159.47909770740551 -0.10796122214863546 -0.37104427264022494 0.921796978278913 -0.030997630375955064
1755702092.755138 34.09464311146319 -56.79467074880667 159.04256365646467 -0.10830404341758276 -0.3724173215372431 0.9211537014264056 -0.03242577904785767
1755702093.084906 34.19948012466893 -56.56471925517243 158.56601894526133 -0.10815114675245505 -0.3678003942338322 0.92308200264244 -0.030754119320650655
1755702093.480625 34.309054908495746 -56.34418009418701 158.06966810595827 -0.10815845979715508 -0.36768859855898495 0.9231016985630714 -0.03146579371331953
1755702093.74444 34.378867656880146 -56.16097783935561 157.70063044648722 -0.10995823353443339 -0.36850032425856094 0.9225554670267122 -0.031750719022527796
1755702094.074198 34.47030652364319 -55.9516895942328 157.26272578690384 -0.10703679928221153 -0.36710507133320425 0.9233872851516038 -0.03365875549115036
1755702094.469912 34.60268323974662 -55.68629750237825 156.69794135843534 -0.10882337780203392 -0.36830510942181993 0.9226983447907844 -0.03371325166582982
1755702094.667777 34.67419306872073 -55.52928942334926 156.36360802584989 -0.11179320723989551 -0.36640200168154613 0.9231742216874623 -0.031641877164954625
1755702094.931588 34.764922004250124 -55.328462056804476 155.93290947870864 -0.11164010500110971 -0.3674648570250614 0.9228528850418681 -0.02913105519532369
1755702095.261351 34.887785810131355 -55.07570869250387 155.38960941766985 -0.11097268561317093 -0.3661930145247312 0.9234174944450511 -0.029797149425987855
1755702095.591113 35.02460112504294 -54.809925424378285 154.8351228615652 -0.11003533370112681 -0.3690464964989858 0.9222051182243486 -0.03513728333153999
1755702095.986861 35.170096167751275 -54.493101169491084 154.19151951691623 -0.10720165330405641 -0.3711574126357785 0.9216283228789692 -0.03675887704609462
1755702096.316594 35.286695782258455 -54.2579341581518 153.65769478162395 -0.10523677451756384 -0.3704857505651821 0.9221511281302098 -0.03609469220639468
1755702096.646351 35.40682339279974 -54.015926832892866 153.1652720428754 -0.10439592055790753 -0.36788279171660093 0.9231426360311794 -0.039641100780281054
1755702096.976108 35.51626109806416 -53.81270570725186 152.7053969008527 -0.10320818316078006 -0.3691683639416836 0.9229187342845407 -0.03583015350082715
1755702097.371841 35.62048602802489 -53.55480580187724 152.18038348480246 -0.10051613097865092 -0.3656260351322828 0.9245872132096441 -0.03677764287924933
1755702097.569704 35.67620173642576 -53.432942032847414 151.8973398270069 -0.10104668972856143 -0.3656613588757766 0.9245892161360716 -0.03487289097429502
1755702097.965409 35.78454766790391 -53.19783420852875 151.37356147737412 -0.09979164908658306 -0.36076952714796034 0.926578292784779 -0.03660112558462795
1755702098.295179 35.87932557646807 -52.969923038876864 150.91670983117152 -0.09889340366039344 -0.37030845750736596 0.9229277340016918 -0.036001928024487775
1755702098.558982 35.952118708196025 -52.8121489537698 150.55321879221444 -0.09726225103775737 -0.3657337508583851 0.9247586494534643 -0.04000397814129962
1755702098.889777 36.03631598629075 -52.599499380523845 150.08918535183582 -0.09681139155365302 -0.3662652660504034 0.9246727953204484 -0.03817762361305892
1755702099.284458 36.13919529623255 -52.35888432203856 149.5500970370662 -0.09052274380846112 -0.36193677803042196 0.9268389182220387 -0.04215472964384885
1755702099.482315 36.2012891382385 -52.211261583698985 149.26583254573052 -0.09202305948411157 -0.36344808244632243 0.926053640794834 -0.043149765467582535
1755702099.878048 36.302308619856746 -51.959639534734144 148.7271982446268 -0.0913056484263229 -0.36532448783460436 0.9252200326200064 -0.046574546615798934
1755702100.207805 36.378075533814716 -51.75332446941384 148.2807816548405 -0.09153751162301325 -0.3672990750164488 0.9244788762324664 -0.04528886019634256
1755702100.603511 36.49075639999597 -51.50225128317555 147.73627923145366 -0.09111275188004184 -0.3644773229655618 0.9256421260628284 -0.04518187630666122
1755702100.93328 36.5817645035902 -51.27584922616781 147.26879481660774 -0.09054700774472914 -0.36396395146596244 0.9257762336301114 -0.04764290783950818
1755702101.263044 36.65631647538364 -51.06877208814205 146.79416041701944 -0.09186512806534747 -0.364294939438392 0.9257768220891445 -0.0422761283426014
1755702101.658765 36.76262897579694 -50.802917071351246 146.25154293868732 -0.09105483227873731 -0.36320277183909133 0.9263752642457783 -0.040269515028819036
1755702102.054473 36.85248832833801 -50.542019798488326 145.70498232460983 -0.0925903664728999 -0.3732555097261543 0.9223546105717345 -0.0370043355912092
1755702102.384242 36.93006335981778 -50.334744761177184 145.24537007390612 -0.0925066556643016 -0.3712471172788119 0.923300053622455 -0.033691357211457856
1755702102.779992 37.02695496059673 -50.099341517795914 144.69182721227182 -0.09509063535297672 -0.35960174019980007 0.9276153206361072 -0.03426625796048935
1755702103.175704 37.12587823992507 -49.85018383777863 144.15281581838414 -0.09451074969279816 -0.3656679717368792 0.9254474709451744 -0.030027173685222334
1755702103.50544 37.20315143634669 -49.64346125561255 143.70999463976835 -0.09540673448480026 -0.3661642972018254 0.9251788141890593 -0.029418093843176604
1755702103.769252 37.277264553589205 -49.47497925083357 143.33584774181674 -0.09513172828301122 -0.3631566601049659 0.9264468733771317 -0.027629428242910613
1755702104.099044 37.35402884826998 -49.28397994171797 142.9010357745369 -0.09453466760928185 -0.3631877974332906 0.9264834879143738 -0.028038670395976576
1755702104.428796 37.426025529509324 -49.08965384046513 142.480681157258 -0.09710339929009673 -0.3652191393105293 0.9254142153977927 -0.028185813227078187
1755702104.824491 37.53275708654113 -48.858043734333364 141.95778388640923 -0.10042907948327795 -0.36400041201827094 0.9255529373964155 -0.0277391442106167
1755702105.220247 37.62556884506611 -48.63223247202086 141.44572381569924 -0.1015663961199747 -0.35853893426701944 0.9276261027619346 -0.025375446174899174
1755702105.418107 37.68548202188461 -48.494168235830756 141.16891483139858 -0.10161032018066805 -0.3632518168892016 0.9257860911488176 -0.02536875627359854
1755702106.27553 37.913566285814284 -48.002737807056434 140.0492508322382 -0.1054536538193354 -0.35813897855026 0.9272895281554081 -0.027388499638511924
1755702106.473313 37.973209250462865 -47.85851983259202 139.75056040521523 -0.106385103126883 -0.3660091459080978 0.924094005511365 -0.02774498012737872
1755702106.869126 38.0873944779082 -47.619664729142194 139.22604065922297 -0.10694412988090318 -0.36292872175583485 0.9252160874956235 -0.028651133450234855
1755702107.264749 38.193781005821315 -47.401627969416516 138.72117323937562 -0.10700255590737484 -0.36019658902110524 0.926260229318884 -0.029169468095571815
1755702107.66047 38.296961664442684 -47.15602448334717 138.20414343646692 -0.10747723560745565 -0.364689022739466 0.9244717093430468 -0.02833053377291134
1755702108.056261 38.41623314130967 -46.91285066100463 137.67921751871106 -0.10852805315756922 -0.3647802449360154 0.9243987581846607 -0.025376572836093913
1755702108.385955 38.51333111569155 -46.71278619402503 137.24038276331197 -0.11080087458416307 -0.3659651192605602 0.9236411233112503 -0.026072456814045068
1755702108.649764 38.58298204702253 -46.56302028485546 136.90640053277562 -0.11161956470444988 -0.3612534366861048 0.9252690839762192 -0.030234905249989195
1755702109.045497 38.69869654973374 -46.37269156186791 136.4465053867751 -0.11774962734527947 -0.36224864664483886 0.924197224701991 -0.02775667698353425
1755702109.441278 38.82055607334896 -46.14168461636546 135.92206340217516 -0.12320016423022262 -0.36029786960890525 0.9242832771656546 -0.02660053083771606
1755702109.770981 38.935744390059966 -45.95169939209872 135.5200749731225 -0.12682326970609667 -0.3617964199363575 0.9232080100158981 -0.026574029140778686
1755702110.166679 39.069307320579 -45.74186543719261 135.0360110084953 -0.13307247564128183 -0.3619604763722677 0.922297876800987 -0.025356581383400238
1755702110.496445 39.17756202009263 -45.56634411274151 134.63979596604733 -0.13401156291114744 -0.36338626327578005 0.9215954285799872 -0.025557595525531825
1755702110.82621 39.28688416333334 -45.40568600248394 134.27505072561866 -0.13549851485692 -0.3581189183354479 0.9233647754156877 -0.028079963022669265
1755702111.551693 39.51772893694985 -45.068740727656945 133.50255702780862 -0.1383571980567996 -0.3541575949376098 0.924497265032577 -0.027101487803522346
1755702111.881441 39.61929863054234 -44.915479045584014 133.14593887707645 -0.13829008499383794 -0.35206792866230985 0.9252926811180143 -0.0275223594421772
1755702112.211207 39.73344753470378 -44.742940627590485 132.75250663566698 -0.13674464768128844 -0.3516682372591641 0.9256967269793757 -0.026756716787074978
1755702112.936702 39.95699652040636 -44.368754486133085 131.91950152703978 -0.13019057398263817 -0.35428439469210643 0.9256085513956237 -0.027960538389202122
1755702113.332426 40.08098057022778 -44.16401637233283 131.46345561880946 -0.12818932177315281 -0.35206828411624236 0.9267208433716958 -0.028353122636437425
1755702113.662175 40.17711258740503 -43.987777722453295 131.06560500538905 -0.12802419478873667 -0.35331891125249 0.9263059795299602 -0.027069997914508346
1755702113.992137 40.286087537598505 -43.79844276918267 130.66230447495747 -0.12560354714422356 -0.3574734358145741 0.9249699013027274 -0.029447806637085724
1755702114.321694 40.38514160744386 -43.620046567875804 130.27071767923607 -0.12341005918648347 -0.3593743905613802 0.9245626156513215 -0.028354443041821262
1755702114.717434 40.50456105186292 -43.427905730712915 129.8056891322068 -0.12121029152909563 -0.3589601205296772 0.9250135983259199 -0.028382036728976174
1755702115.047179 40.59791670417377 -43.27048724446281 129.42344181872568 -0.1217459479116113 -0.35427368274986887 0.9267440820965226 -0.028521714131908498
1755702115.376948 40.69804861700865 -43.0932442383355 129.0309948397868 -0.12072223281954973 -0.3536889213163806 0.927062440861384 -0.029757691194890766
1755702115.772661 40.806270023793104 -42.887772924505825 128.56214558765305 -0.11998341136432673 -0.353221920283596 0.9273640439139145 -0.028882279760759317
1755702116.102437 40.89408082839942 -42.714006179736344 128.17181096861248 -0.12129246311804734 -0.35384399927965016 0.9270639372056145 -0.025199581293436878
1755702116.432192 40.994066281089665 -42.551227668466936 127.78555014175126 -0.11859356155419966 -0.3508666916719739 0.9284026265367024 -0.029944863880249434
1755702116.827932 41.10319921735204 -42.351745145377215 127.32626675509742 -0.116614859625704 -0.35100718204110326 0.9286503511991917 -0.02834533273149438
1755702117.15767 41.2002330108017 -42.18500624137463 126.92766843425267 -0.11787793798180621 -0.350701630497723 0.9286699901211548 -0.026176469429053655
1755702117.487427 41.28858474149343 -42.01795932584189 126.54098948070504 -0.11700429426145463 -0.35152964758891536 0.9284318414768961 -0.027408351322388988
1755702117.883152 41.390323225205435 -41.82400787118488 126.08517151027436 -0.11693874616997682 -0.35149643176407236 0.9284866949865781 -0.02623061825843363
1755702118.212904 41.476816332371534 -41.66480592450518 125.70709419232514 -0.1166988657507325 -0.3506591159659215 0.9288614772770812 -0.025217358171095782
1755702118.674589 41.60041293214524 -41.44352767533124 125.18285861030579 -0.11593505677298746 -0.3486822004516498 0.9296589441939815 -0.026721399277940323
1755702119.004345 41.69162716814557 -41.26968975621115 124.77761056943322 -0.1149035210275105 -0.3480941538732757 0.9300420569744687 -0.025483585960923698
1755702119.400096 41.80749564865308 -41.075931879954126 124.29775137821575 -0.11404186159737124 -0.34938075135281593 0.9296803207477087 -0.024940842046436013
1755702119.861732 41.9454472423967 -40.83380263709563 123.73062275400885 -0.11298941756525568 -0.3491212313147137 0.9298462763495899 -0.0270861537019283
1755702120.059595 41.997261099381376 -40.73775877877882 123.50220219049577 -0.1134800615328023 -0.35005930140190566 0.9295211454035458 -0.023899819752488404
1755702120.389367 42.08864684043372 -40.57247830418847 123.10099132982394 -0.11185256255008348 -0.3476563186434259 0.9305751162291361 -0.025574233388513366
1755702120.982966 42.257270105755175 -40.277887727987434 122.3890452392919 -0.11230713123038615 -0.3485180502513809 0.9301809046474954 -0.026187049336337767
1755702121.64246 42.4287921593337 -39.95296034109107 121.60730152627877 -0.11223446921851771 -0.3443919893243658 0.9317747021601008 -0.0243615685640091
1755702122.236071 42.589368936853134 -39.67013499059643 120.92055035429914 -0.11190289486760455 -0.3463791679323706 0.9310028146489174 -0.027073478877343078
1755702122.895557 42.75688377451056 -39.35224469561168 120.13547109130556 -0.11085575150492939 -0.3473139324989923 0.9308071708146086 -0.02611599912825269
1755702123.555092 42.929668346003716 -39.0383852050111 119.37952512705587 -0.11052933047490059 -0.34491728838176533 0.931733285960643 -0.026237665923684157
1755702124.148695 43.0873052901198 -38.754418740419176 118.6882050457513 -0.10963373804491146 -0.34743466399437906 0.9308784045428266 -0.027110767108557816
1755702124.94014 43.27937611043903 -38.387751725999365 117.79156398422025 -0.10909563267197202 -0.34481603419383905 0.9319428730542635 -0.026125214986680252
1755702125.269953 43.35845414493093 -38.2393027565033 117.41991698738025 -0.10916626793074342 -0.3429976574366017 0.9326131593566852 -0.02584623635694081
1755702125.599624 43.43629339510482 -38.08806023815329 117.05763095664763 -0.10914334558848715 -0.3432177636797362 0.93251650300342 -0.026500347822346983
1755702126.391065 43.62602189439804 -37.75285144437924 116.21568440266778 -0.11096791992747153 -0.3422312093717777 0.9327574461103063 -0.022966645481649697
1755702126.720947 43.70974768552536 -37.600046352286654 115.85152253689897 -0.11307607257995961 -0.3444132703396063 0.9316981756362133 -0.023061017757699986
1755702127.446299 43.894117437447804 -37.31054807196351 115.11542405107052 -0.12671093172606834 -0.3431285194409851 0.9304471862821844 -0.021798909764372865
1755702128.105865 44.079110084097394 -37.03869716227353 114.45626490282322 -0.13765779172082052 -0.34337065446497156 0.9288055137289838 -0.021615820536885023
1755702128.633453 44.23151307635847 -36.82643321204316 113.93847783450374 -0.1423976739658758 -0.33902034078849547 0.9297170394589109 -0.02035528237383389
1755702129.490864 44.48334813849659 -36.496547287091374 113.10471884673836 -0.14756126555213633 -0.34107675345458754 0.9281358881486234 -0.021356364205938408
1755702129.820608 44.582091458570474 -36.36672683836884 112.78951671015975 -0.1493796884358881 -0.34000474877986075 0.9282347145003695 -0.021512654098420052
1755702130.480168 44.784227072195065 -36.10948930169087 112.15656064844117 -0.15207681833633127 -0.34171911200671856 0.9271373936881889 -0.02273638139876955
1755702131.139653 44.99507128095364 -35.85093888067391 111.50235003365981 -0.15117425290886624 -0.3371537350718878 0.9288923128511126 -0.025155025554188075
1755702131.733235 45.18268050818951 -35.61192843136105 110.90445044946145 -0.14972492211413738 -0.3360196461271635 0.9295271112900445 -0.025545929054873753
1755702132.326814 45.357876041463385 -35.368713017307186 110.2955604113166 -0.14381306180543493 -0.33798778778957544 0.9297969539859935 -0.023657618595779167
1755702132.854446 45.47888861184324 -35.159343377585515 109.77294312264235 -0.12408525777919056 -0.3412065471579322 0.9314696477336695 -0.023350296129757673
1755702133.448037 45.609534815741526 -34.92525793781821 109.16851329665332 -0.11148913720657423 -0.33994090567120405 0.9335182089542047 -0.02353946658930484
1755702133.975634 45.71957968743676 -34.71119888613048 108.61833343526132 -0.10169698646903155 -0.3370065958085776 0.9356756859046734 -0.024398527239372227
1755702134.437301 45.80329051960908 -34.52222622405144 108.13661849026438 -0.09672949921797337 -0.33710225418519635 0.9361965379098157 -0.02327050944810459
1755702135.228752 45.943217619676986 -34.21696149540476 107.34903182687714 -0.09793278545624859 -0.33673116463941594 0.9362099738703425 -0.023068964412290918
1755702135.954218 46.07909165238386 -33.94886144673905 106.65467699516064 -0.10474056530759869 -0.33682883247522893 0.9355055950735943 -0.020125436105057886
1755702136.943536 46.297794711665276 -33.58884218601063 105.73829396353523 -0.11447370082619096 -0.33478462784635205 0.9350909019410416 -0.020494630614492828
1755702137.998755 46.514366726831746 -33.22528769246068 104.79766642872784 -0.12212405882303598 -0.338108274540289 0.9329439859125312 -0.019596634752292025
1755702138.658309 46.658673354028124 -32.99560728640933 104.20650991956342 -0.12238111297404032 -0.3369121127645818 0.9333484190671828 -0.019334427442559213
1755702139.383758 46.83426836948172 -32.731515470676754 103.52363229528602 -0.12415368773537992 -0.337473567934543 0.9328785586115516 -0.020857795906306598
1755702140.175193 47.03322659979251 -32.446647613267295 102.78374097794865 -0.12450194619458145 -0.3343193596868203 0.9339214870353988 -0.0228141882596201
1755702140.966642 47.241071849326886 -32.13416479428085 101.99139055713799 -0.12635752836275194 -0.33395188822430794 0.9337741432577672 -0.023995015330238102
1755702141.494245 47.37830366245097 -31.91507966880884 101.42313781713061 -0.1251749931734792 -0.33357705050117603 0.934089078954672 -0.023133634400322456
1755702142.087828 47.5377521362042 -31.659265199129834 100.75501373390472 -0.11956725356746602 -0.3341547960963015 0.9346047125620665 -0.023627851721004515
1755702142.61545 47.69046437339958 -31.418433011148238 100.12761020817798 -0.11397322418359365 -0.33319213854126306 0.9356511312449435 -0.02345343436585856
1755702143.077148 47.8200510850888 -31.203927760489975 99.55402208176187 -0.11209410711520847 -0.3338755675253521 0.9356495999702511 -0.02284387522241616
1755702143.670695 47.979175040193724 -30.9306044474281 98.85261779662527 -0.1098420371708764 -0.33455806217110917 0.9356535462415343 -0.023623533014879804
1755702144.264297 48.13368737256714 -30.647229025365338 98.11981947580537 -0.10699464096623497 -0.3328142607539643 0.9366182492353656 -0.02308830532059864
1755702144.792303 48.27888097359834 -30.391794467452602 97.44843198517904 -0.10611073115913847 -0.3326452264345595 0.9367896957189674 -0.022643587567744993
1755702145.31953 48.41613142254681 -30.128373104268 96.77661705881346 -0.10449504339746502 -0.33534276642395616 0.9360038917714961 -0.02286327844171042
1755702145.913112 48.57639078671842 -29.824294003063716 96.01213140879211 -0.10261871861378499 -0.33758854117035786 0.935384981694166 -0.02362861573472076
1755702146.374753 48.69225270371982 -29.57388026700304 95.39991115499393 -0.10110604890320295 -0.3370840691153691 0.935801022276289 -0.020696471449515103
1755702146.83671 48.818729712639026 -29.336380303691225 94.80278132011871 -0.10237646808295567 -0.33778183999467326 0.9353901792341252 -0.021626371517753037
1755702147.364621 48.943764562241505 -29.08063619848294 94.14079933054967 -0.10491947984344444 -0.3396425836457377 0.9344878401988381 -0.019164932672464476
1755702147.891742 49.08543586295735 -28.820635768892142 93.47872298687845 -0.10576480573100898 -0.3373354595787522 0.9352141037732739 -0.019828607692574347
1755702148.48526 49.227545557806295 -28.531705604416505 92.74163417543444 -0.10455970403030056 -0.3379991985380798 0.935143338880231 -0.018186418796586966
1755702149.078866 49.38195898209573 -28.234345353888802 91.98787719079948 -0.10409889480714846 -0.3401091730937981 0.9344335297602262 -0.01797634382258201
1755702149.606464 49.5253962647384 -27.958161831920073 91.28134824918334 -0.10586069923710092 -0.34069072670284756 0.934047781552593 -0.016675816993391827
1755702150.068122 49.6611279624452 -27.695239734462778 90.63928430961435 -0.11153669978833305 -0.345073120665168 0.9317851310471936 -0.016142352805396457
1755702150.661687 49.85277921050246 -27.373353036667957 89.81100383968078 -0.12435478438732603 -0.3384726174544223 0.9326244942679441 -0.013554612683333103
1755702150.859547 49.937187704170476 -27.25674486044121 89.52074033512119 -0.1274976506345463 -0.3414610423478057 0.931042139605852 -0.017585218781073095
1755702151.189337 50.05978396898727 -27.0547560880479 89.04990899399101 -0.13599592843757277 -0.34600252921790847 0.9281967552897521 -0.015431807826336305
1755702151.782945 50.299372215418984 -26.712181792492846 88.20569417534517 -0.14148890319629434 -0.34416554771140284 0.9280821253016622 -0.013947570984571979
1755702151.980756 50.39267121767075 -26.594756619705954 87.92299962709572 -0.1406739981898444 -0.34477093921354257 0.9278908790347835 -0.019035291202187693
1755702152.508398 50.62659182899597 -26.269333079491705 87.16097417965867 -0.14458384774559396 -0.3482331193902524 0.9260568045618374 -0.015748023861178694
1755702153.233851 50.92811027417065 -25.863334118080743 86.18212610854245 -0.1465661615621918 -0.3474177876058229 0.9260544403401599 -0.015569671360499951
1755702153.563614 51.07962076124693 -25.662319952567746 85.72518880838747 -0.14685105075866503 -0.34924936417077346 0.9253210264285336 -0.01551285166020338
1755702153.761476 51.1597035796527 -25.553121215411256 85.44449453939524 -0.1434677119122549 -0.34962439492771075 0.9256653580983043 -0.017984519088155636
1755702154.355065 51.40673852515979 -25.190739937588738 84.62237996621575 -0.13586912862022205 -0.349700675947298 0.926762287648123 -0.01899155926200364
1755702154.552938 51.48100517893101 -25.072162247801696 84.34670405484056 -0.1382850011509454 -0.351534311633113 0.9256697230300668 -0.02089138738226186
1755702155.146487 51.71838880100181 -24.73145235133961 83.56125080942292 -0.13705345995339613 -0.355869075890503 0.9242133690197061 -0.02007980241155641
1755702155.476234 51.83488023754597 -24.54195578334566 83.12912393518094 -0.13685187740498847 -0.3536679159809361 0.9250828056851754 -0.02030693187252793
1755702156.004096 52.01900768130615 -24.24637100476008 82.4364385123281 -0.13754457600999095 -0.35370195000607646 0.9249789554671618 -0.019757330665078485
1755702156.597582 52.25555472460445 -23.89387663918228 81.62394812040279 -0.13451189295606822 -0.3585126134204042 0.9235415966087717 -0.021122878714034777
1755702156.993195 52.441088629209254 -23.622734497145533 81.00742884560593 -0.13654537446956577 -0.3509576903330712 0.9261807168025307 -0.019322011546231043
1755702157.191044 52.53904540786605 -23.455033371035825 80.64475104967892 -0.13360111464153596 -0.3591830240344972 0.9234456181867207 -0.019659289501868214
1755702157.652679 52.77809289845455 -23.096901018822148 79.8323614264559 -0.1315270344863689 -0.3566750341410735 0.924727888619709 -0.019023438927304067
1755702157.98245 52.937674916745124 -22.832964999218124 79.24511322426493 -0.13191553457498612 -0.35937895028316913 0.9236269248189525 -0.018930546232164107
1755702158.312562 53.10616775219604 -22.56983913899026 78.65380117231933 -0.13005026065174888 -0.3600256135798355 0.9236135290675419 -0.020162742727015435
1755702158.641992 53.24937644795562 -22.32416615388277 78.0944285524811 -0.1302266636335003 -0.36075070099582 0.9233149450107311 -0.019734744227940186
1755702159.037715 53.43311818911824 -22.02239211984023 77.42521105052528 -0.13039192986098966 -0.3572127528300578 0.9246287785358425 -0.02141531568794838
1755702159.433437 53.59932550315367 -21.72829567018199 76.76232999374307 -0.13037696902962323 -0.35793106685820414 0.9243692134162059 -0.02070639062466168
1755702159.961037 53.8163772039566 -21.331287001779774 75.89285339271613 -0.1301475718525031 -0.3601392795934772 0.9235984826562208 -0.018087334516595645
1755702160.290843 53.97413333653972 -21.072636182104237 75.34115553815059 -0.13014367508676394 -0.3654573221601632 0.9214693647329455 -0.01994440706302082
1755702160.752905 54.18051227007656 -20.740970081736897 74.60983106902809 -0.1275979587716837 -0.3607693217335107 0.9236726344982192 -0.019827296647841504
1755702161.214257 54.36000836054337 -20.4260061681709 73.90480155417801 -0.12468288593345259 -0.3596853030068725 0.924526260357464 -0.018216878591092497
1755702161.543911 54.4860622511242 -20.16331374476921 73.33456547659543 -0.12277607970518092 -0.3594536149715316 0.9249050951000167 -0.01642248440870333
1755702162.005583 54.65285473709497 -19.82805626900115 72.568507760582 -0.11856974535019474 -0.3591420612217192 0.9255747696489115 -0.016417708072976638
1755702162.467238 54.792850161089966 -19.504459121550052 71.85272620224109 -0.11749117578727208 -0.3602601374209361 0.9253271608475766 -0.013345500939858283
1755702162.928912 54.956390627069055 -19.17376565712283 71.1169543533212 -0.11572641611298948 -0.36115677653354555 0.9251776718991886 -0.014814006775319436
1755702163.324626 55.09293642842834 -18.88254985406285 70.45515299209593 -0.11561158392019329 -0.3614334725939659 0.925093837052238 -0.014184470384828894
1755702163.654385 55.21727548399168 -18.631913193390425 69.88003129677972 -0.11532054623015375 -0.3609082863613189 0.9253567283671671 -0.012700618824619403
1755702164.116241 55.38530147598925 -18.289611345716825 69.1202195777521 -0.11502359470578226 -0.36220345742409504 0.9249095636661209 -0.010978484865302684
1755702164.379889 55.4935604752921 -18.06721897277233 68.63865368875393 -0.1140070430880873 -0.36389057161977817 0.9243588620322555 -0.012113636736171239
1755702164.709661 55.619513127984916 -17.81476795143174 68.06418297928727 -0.11235593323026788 -0.36456616064827424 0.9242913741643201 -0.012373941310878806
1755702165.039411 55.76245114242185 -17.547618877971047 67.47471457447283 -0.11165936277027713 -0.3624963159722789 0.9251756656333339 -0.013363956456784318
1755702165.501063 55.92188417204547 -17.177594292505233 66.6703103279985 -0.11101732354557033 -0.36483931913839374 0.9243417913622728 -0.012636369122339878
1755702165.830841 56.059367441288174 -16.905268206801292 66.074895627171 -0.1106574404452123 -0.36299214896789944 0.925126982256991 -0.011475947100508579
1755702166.094664 56.167244988420045 -16.691805467500746 65.5908106434996 -0.11002740384326792 -0.3646451972964562 0.9245508354301029 -0.011558684944130938
1755702166.490425 56.3025059257669 -16.39190603466272 64.92260918429484 -0.10934873308446838 -0.3641305047461956 0.9248355389181179 -0.011447971005238752
1755702166.820311 56.417081633325644 -16.129787763573955 64.34881419762382 -0.10836628020745144 -0.36615483366342366 0.9241618582073619 -0.010594665338120632
1755702167.149889 56.53001170227917 -15.875900493502252 63.79494264613209 -0.10773068204458168 -0.3659951783022912 0.9242955689098283 -0.010923868332231147
1755702167.479647 56.64536938439598 -15.62471366147367 63.2282018140291 -0.1076890586554863 -0.3633097104347142 0.9253767545816937 -0.009326469299332884
1755702167.941326 56.805713519736294 -15.273258167203334 62.44441673716473 -0.10706942883878512 -0.36556320052101 0.9245726725738674 -0.008065789644428691
1755702168.271107 56.929403550593975 -15.019522636945426 61.88859792285604 -0.10629190841619665 -0.36382226739572476 0.9253515245972548 -0.0077423431732732305
1755702168.6668 57.05550420815365 -14.755168998194888 61.28160454115677 -0.1063069365932684 -0.364769565202323 0.9249806676143532 -0.007263888350488158
1755702168.996843 57.16219634948768 -14.534628208890684 60.7965729890378 -0.10844876354676948 -0.36280135934540453 0.9255182558834568 -0.005476985370431743
1755702169.458232 57.31927413528405 -14.238998240962001 60.161622292450346 -0.11632255556057772 -0.37140351223935125 0.9211368030967294 -0.005956856962164773
1755702169.787994 57.397704865584046 -14.105733650494463 59.83558538147907 -0.11866621763202974 -0.3645572461141045 0.9235746350749544 -0.005122162118965337
1755702170.117787 57.47164459698822 -13.980106137967203 59.54620083909032 -0.12163713580533346 -0.3606416363974804 0.924726847262279 -0.0047196654529700535
1755702170.777303 57.61855083118578 -13.727219762387257 58.96748372505817 -0.12424645301803812 -0.36052855062618283 0.9244238532542565 -0.004745801341546701
1755702171.436848 57.77115263131518 -13.469969352473873 58.36864606038349 -0.1283271452750527 -0.35917997109032807 0.9243954951487499 -0.003854958080734879
1755702172.294205 57.98945074485113 -13.114095924871613 57.598393871999704 -0.13261480136653886 -0.36251784210216564 0.9224813522662308 -0.004720522976216225
1755702173.085643 58.18959627911464 -12.813683546981906 56.91887825369637 -0.14305948839711222 -0.35980479975226504 0.9219807147034758 -0.005103975867591555
1755702173.745184 58.373230058559926 -12.54643325505441 56.32583798194156 -0.14483276861072522 -0.3600539180725819 0.9216088002357814 -0.004675953923897025
1755702174.536617 58.58081349388368 -12.240000651875253 55.61611560230151 -0.14754884147166317 -0.35701457155190197 0.922359121563446 -0.0048565366970875394
1755702175.328033 58.800605094613225 -11.936316922939614 54.92554184971392 -0.15071518460427297 -0.35482229645415786 0.9226749660804652 -0.0075483797672223005
1755702175.987561 58.98977946764961 -11.681166902399005 54.345123647689334 -0.1495119388917486 -0.3546880802714171 0.9228934937694745 -0.010494998817520161
1755702176.71305 59.18063454112614 -11.39181123418451 53.696056586851526 -0.13982608652005518 -0.35445575443927 0.9245143566121917 -0.009109779981939346
1755702177.438523 59.3434247145358 -11.121174355708881 53.06658261632222 -0.1281944149829605 -0.3542524991319023 0.926265013597861 -0.010221712700546729
1755702177.966142 59.45036528819712 -10.924947048977614 52.598509840966095 -0.11755735814043575 -0.35331502978640966 0.9279870092358333 -0.013742924128556598
1755702178.757576 59.58633981534257 -10.601790873980592 51.88367732069627 -0.10499161290153504 -0.36079367336490326 0.9266195724096534 -0.013448215775510473
1755702179.483059 59.683753193906576 -10.323249761546819 51.23661887444425 -0.09397170463830364 -0.3605013365334007 0.9279405667702598 -0.011593516597317218
1755702180.010714 59.75094415382617 -10.1180493515488 50.75105483177865 -0.08578277059957613 -0.3595044479063018 0.9291548979121816 -0.008309265289351666
1755702181.131877 59.872313652951696 -9.68578752127493 49.74557889460505 -0.06854226697387152 -0.35766366558648527 0.9313255481635551 -0.0033739139252778006
1755702181.725592 59.934943618701666 -9.456279640111484 49.20250923147024 -0.061714296208970953 -0.35544756103285857 0.9326559542070612 -0.0011171756083899612
1755702182.451085 59.988163520972016 -9.200841796260862 48.55420875501676 -0.054285257653673195 -0.34856426458331174 0.9357101848136474 0.001585652225111902
1755702183.242587 60.03992619009613 -8.902545128579998 47.823343188508275 -0.055835661935065985 -0.35322398825409396 0.9338392251419829 0.007713271962374569
1755702183.835945 60.09878843644436 -8.647636121979287 47.25637201861704 -0.06502506326015735 -0.3622909176550513 0.9297500649919945 0.00904703156042787
1755702184.495465 60.194062264323975 -8.401186610475852 46.67666586029301 -0.08489940175712449 -0.35610374222046687 0.930513366638674 0.011273458414445763
1755702185.08905 60.31037314438652 -8.204801316017972 46.22045392413248 -0.11188593881783437 -0.3569646717965873 0.9273047119024184 0.012795744119796644
1755702185.94643 60.49608722904382 -7.914644713004957 45.53775882591908 -0.13464171134014122 -0.35228250581009884 0.9260459248621732 0.014408008665943103
1755702186.737869 60.71038897829264 -7.619176636310742 44.82091235067617 -0.14399425898930357 -0.35134316011718547 0.9250056284741595 0.013719493726682198
1755702187.595247 60.94935713056375 -7.2986686103988445 44.05613021063784 -0.15187401351495955 -0.3523952448599103 0.9233547894729504 0.012954079525206946
1755702188.518592 61.212873907080336 -6.96215146417001 43.26321476936004 -0.1595451860191126 -0.351034170671499 0.9225613638914102 0.014173019929453419
1755702189.24435 61.421231150916704 -6.704710540800892 42.642702947473786 -0.15998458458613618 -0.350398531655177 0.9227087264882956 0.015310381152837239
1755702189.903603 61.61750445604219 -6.461061521391527 42.07095408644474 -0.16099079022481316 -0.35177261064264864 0.9219903050808712 0.016488577904950355
1755702190.563156 61.78465035898863 -6.233738601671212 41.52340829849023 -0.1481789265663085 -0.3513118236030032 0.9243560571113792 0.013743653076724914
1755702191.28861 61.96096122259107 -5.967485387256721 40.89193205543081 -0.13692443371372742 -0.3531649911146394 0.9253991221975146 0.012753553984719354
1755702191.816226 62.10275218917013 -5.774686441619631 40.43068584974249 -0.1390867605114086 -0.3521636454805267 0.9254673419639874 0.012076374059288138
1755702192.673618 62.33317738707159 -5.4645695913741825 39.677634218494795 -0.14837287441068733 -0.3481431918977545 0.9255580948684472 0.011136476006531223
1755702193.596967 62.573026898677 -5.128234489019437 38.90151717216288 -0.14717901656847804 -0.34961073198004017 0.9251891602084135 0.011648647954460679
1755702194.3884 62.763009008291846 -4.837667580872474 38.208546715213856 -0.14102878066359803 -0.3524381541430738 0.9250621073962338 0.012582845004232329
1755702194.982026 62.91522132755744 -4.589448693816857 37.60470053542945 -0.13181636925810428 -0.3490733126369998 0.9277093794187719 0.011294889936593713
1755702195.64149 63.06096794525343 -4.36297747863361 37.03628710362025 -0.12938375088732712 -0.3486255624996585 0.9282039983436485 0.012545901202653609
1755702196.103159 63.16435132869313 -4.1832383895246705 36.62537612732026 -0.12673954597486345 -0.3514649551082587 0.9275203297313839 0.010747592838410647
1755702196.828641 63.32819395206252 -3.91904204174487 35.99938059152906 -0.12630507208326278 -0.3527129730881577 0.9270817035776571 0.012653152686331475
1755702197.554125 63.487632277414946 -3.682540121248904 35.40211265127883 -0.13686458299246537 -0.3506955384700674 0.926330117551656 0.013901026444945567
1755702198.543423 63.746202698277884 -3.344132171400338 34.58346669732824 -0.14491282266965536 -0.3484184471380747 0.9259759456594477 0.01316843118588681
1755702199.400817 63.97758085703297 -3.0423603390965046 33.82875443898721 -0.14595911417804472 -0.34574365727294787 0.9268180352135016 0.012868179625396776
1755702199.928416 64.12141559796508 -2.837612980006838 33.34215136855734 -0.14417401924196918 -0.34719108277992744 0.9265653155498725 0.012203287822675529
1755702200.785805 64.33217245959207 -2.527408247898273 32.550987884224924 -0.1252631003483472 -0.34634584554476827 0.9296428455563123 0.010857747048161219
1755702201.445404 64.42343365095373 -2.2636542335567875 31.92582711070384 -0.08817059522114104 -0.3484954529777995 0.933101393787121 0.00993248733602849
1755702202.104865 64.55308775208556 -2.007077092186811 31.29805791436694 -0.1007115905660901 -0.35227429899642293 0.9304097112406049 0.00988751846527232
1755702203.160179 64.8051114215509 -1.6487934337103192 30.404754089317795 -0.12894871004317995 -0.3464939176507647 0.9290699244752859 0.011969571617711137
1755702203.753705 64.99406417181383 -1.3507643336612865 29.669190231068683 -0.12961249703123312 -0.34794320419959324 0.9284449685059801 0.01122798826943158
1755702204.215364 65.16340814768425 -1.1046322874290935 29.069994700894856 -0.13068351857550772 -0.3478364834878869 0.928345730530926 0.010286074688986166
1755702204.677037 65.32632217605922 -0.8678965972931302 28.45168872747853 -0.1319703641419037 -0.34327295376523137 0.9298624172612361 0.010167948005256245
1755702205.072745 65.46021610185667 -0.6694998843924493 27.96329499880998 -0.13471213306361196 -0.3499842489886164 0.9269491990009534 0.011351173367395597
1755702205.732285 65.68644380879789 -0.34871766247018765 27.150454651195783 -0.1348652896134592 -0.3416830364862589 0.9299976187597312 0.012980190146424564
1755702206.062034 65.80938370521766 -0.18509826651268907 26.73509588754243 -0.1354906724731625 -0.3408732158311259 0.9302494640770766 0.009146747292267663
1755702206.523704 65.96320295685003 0.052926043294424734 26.157424335609008 -0.13175031950299484 -0.3449213313456845 0.9292847801592814 0.010046186236344967
1755702207.117308 66.15892889838538 0.3333865773440791 25.430350420881677 -0.13082770315073528 -0.341724526788357 0.9305955278124721 0.010021152378992601
1755702207.57895 66.31422288112513 0.5744074777210135 24.847854981681607 -0.12934635339713482 -0.3449229732762336 0.9296303340182446 0.009225261095117098
1755702208.172521 66.51080928980275 0.8557046752626991 24.110145422309905 -0.12742151165285556 -0.3442742589319201 0.9301062605032219 0.011888531351311188
1755702208.568241 66.6311086213996 1.040505687317763 23.621661415500373 -0.12181925414222271 -0.33439550862375017 0.9344702062805673 0.01025410680898168
1755702209.029952 66.77215669312446 1.267001276637637 23.034905606312062 -0.11744119811698252 -0.34374044257500724 0.9316344720042129 0.010357784348849522
1755702209.425619 66.88612801434718 1.4568484991293869 22.533714038789135 -0.11524999553550347 -0.33705349205788226 0.9343536798117636 0.00977665806243388
1755702209.755401 66.98369576730707 1.6206765499989566 22.083042515711163 -0.11464288121879053 -0.3353691707704532 0.9350243240300834 0.010679070871497652
1755702210.217055 67.12231898185028 1.8550486036851028 21.476217275857415 -0.11505275553582965 -0.33824487311866136 0.9339303636586387 0.011284728131247203
1755702210.744691 67.28384836293353 2.1091685513393124 20.776140604256646 -0.11398605374355457 -0.33298953336802467 0.9359466498211645 0.011358649033014244
1755702211.470369 67.5100533422759 2.480175014466695 19.7945277929482 -0.11495058089702241 -0.33687302034123484 0.9344631908566682 0.00902646395800208
1755702211.602588 67.55295172234032 2.5375259291370993 19.59487759843191 -0.11291854931490368 -0.33204879870048826 0.936452459085535 0.007056087785348865
1755702212.195673 67.73134895480989 2.847733290318583 18.78724914045605 -0.11240661916659998 -0.3302132057583728 0.93712150776539 0.011281418077337608
1755702212.723271 67.88927804579798 3.114477968431457 18.038403851084713 -0.1100918063110387 -0.332031565734599 0.9367456584546818 0.011933352643240398
1755702213.053021 67.99710829344929 3.2871970835208075 17.574598896274182 -0.11136094628772822 -0.32933189476174235 0.937534278890583 0.012989173940511071
1755702213.514695 68.13605649132242 3.5146109148309006 16.926136012547836 -0.11209027785233455 -0.32829295332481667 0.9378056763321183 0.013417147517804213
1755702213.910416 68.25593406126366 3.716245116009388 16.384706360572498 -0.11220410792728594 -0.3269389447810474 0.9382359631572931 0.015311498555133472
1755702214.372103 68.40485459722935 3.947820960772142 15.722407634538683 -0.11143890185446598 -0.3250249454259165 0.9390024647741935 0.014646745452156693
1755702214.702097 68.51486082989564 4.12739845877076 15.257012506467577 -0.1103119306619158 -0.3279862193433902 0.9380869007199534 0.015788748275361742
1755702215.295661 68.70852574244395 4.40749582138925 14.424956349276423 -0.10860789866509384 -0.32369275552621973 0.9397726865323424 0.01595687986980485
1755702215.888991 68.88280785664489 4.696874597535654 13.584700751986626 -0.10893996818316258 -0.3224158887049855 0.9401603352635525 0.016691975316019684
1755702216.350663 69.02533684768875 4.913925377534339 12.943520287451335 -0.10729516640845957 -0.32147870496235276 0.9406979384970388 0.015052509044374994
1755702216.680467 69.1268902490964 5.073999971407636 12.481872909151772 -0.10711364371340819 -0.32087034505524614 0.9409026377738425 0.016465576964977885
1755702217.076146 69.23954208694036 5.2550465336573655 11.929788617798856 -0.10630091198802721 -0.32124568310208523 0.9408775623186063 0.01583476947054591
1755702217.53782 69.35732960035415 5.46635693433803 11.305435840490107 -0.10563513350725767 -0.3187852342421572 0.941793125084237 0.015585330992426899
1755702217.867611 69.45229052624832 5.616547069933092 10.8434897577254 -0.1058311592850433 -0.3195091654869514 0.9415154954776777 0.016193537897534294
1755702218.32925 69.58461944036964 5.825551537208938 10.203952174153251 -0.10543562012224238 -0.31725074457908087 0.94232555096071 0.016057742059554535
1755702218.724966 69.70131490607218 6.001593653943008 9.659870101607181 -0.1055281243248146 -0.3161761184081282 0.9426686821651771 0.01649947847127291
1755702219.318546 69.87521573864113 6.278101622647887 8.820169656737432 -0.10545309236809478 -0.316109131303048 0.9427016093259115 0.01638103144416985
1755702219.780237 70.00403332305714 6.482236358764398 8.181554600309543 -0.10547886243300952 -0.3154539004726032 0.9429119337682461 0.016737126810950173
1755702220.11001 70.09985346376541 6.630977668352994 7.724973211417388 -0.10552402655083036 -0.3161857521721177 0.9426606885955983 0.01679512192050214
1755702220.571658 70.23411023803723 6.831306105568574 7.095989114235022 -0.10374372207364228 -0.31402557346300025 0.9435945526323415 0.015953043098796936
1755702221.033318 70.36534091205763 7.040907313802104 6.454111827222536 -0.10168612892931679 -0.3134931507126888 0.9440032782708945 0.01548503320648333
1755702221.429058 70.48290752400221 7.218323662280543 5.910012721936492 -0.10007941226089045 -0.31251917064627793 0.9445113774010335 0.014633426805768734
1755702221.890713 70.6039084737181 7.41749378955783 5.271836126034706 -0.09716275203852628 -0.3129334465797272 0.9446850163806021 0.014222427852324644
1755702222.418388 70.7483934350584 7.644406350170288 4.561246189986258 -0.09409188262229656 -0.30901107012883117 0.946333132786859 0.010605562325293406
1755702222.814044 70.84350389595886 7.814589116193748 4.031920205966723 -0.0905048716170339 -0.31230164604056493 0.945604324890334 0.010440825763962422
1755702223.473571 70.9963946240297 8.078521821921996 3.1583015612311227 -0.08525062985966782 -0.30995696648959836 0.9468796493905992 0.008828284263195076
1755702223.935273 71.07335586734007 8.2514680750167 2.5627521729514036 -0.0774780693754317 -0.3041235939213833 0.9494016852601004 0.011934337496426226
1755702224.39692 71.15106290397432 8.434248294929455 1.9551204834391747 -0.07458405007491073 -0.30071624326972446 0.9507287145878841 0.011039554621301417
1755702224.858604 71.239646464739 8.629927180790874 1.3548331279989059 -0.07239961214071376 -0.3068393277319423 0.9489620602024647 0.008884335381891888
1755702225.452512 71.3427274822313 8.869158590598849 0.5665428319204672 -0.06769677450623128 -0.3109472187392737 0.9479552786123495 0.01047681395966634
1755702226.111686 71.45516594232504 9.160386661980105 -0.30987446246087114 -0.06859572557628948 -0.310962866614807 0.9478592889415182 0.012628950338171848
1755702226.507484 71.53927870498184 9.320454080440282 -0.8335101203372458 -0.07187739770319031 -0.30779930994755 0.9486875548094981 0.009227558984105022
1755702227.035199 71.64315963099965 9.530148248859916 -1.5486654255023946 -0.07977188911811567 -0.3035016589889895 0.9494518094820452 0.008028086243202625
1755702227.628602 71.77111014443648 9.77787394928598 -2.3329095894553484 -0.08042167971002522 -0.3076766482114552 0.9480775428909287 0.004050462181227732
1755702228.222172 71.89230098666799 10.020334269803854 -3.1019131680841494 -0.08187048028956176 -0.3081931150612344 0.9477882589520553 0.0034124007151630207
1755702228.815768 72.03517808260973 10.270710799070343 -3.8639645700689016 -0.08183859631762179 -0.310867680229842 0.946923295615702 4.197113042621312e-05
1755702229.475278 72.16589069038916 10.569338659861076 -4.738226961618843 -0.07774387157539717 -0.3176038207023639 0.9450293606185435 -0.001791947721260422
1755702230.069117 72.25501848999524 10.84842931936471 -5.5511297516152975 -0.06392041469423254 -0.317665719765761 0.9460457975379248 -0.00014153391836972004
1755702230.398626 72.29962267198644 11.021358373329136 -6.049690631939564 -0.055115198414403536 -0.32149926179599925 0.9453008909919366 -0.002600972552574764
1755702230.926234 72.35600377847555 11.281774869934342 -6.798855033988867 -0.047509334772738915 -0.3268643984740711 0.9438761739158329 0.0005444572011491826
1755702231.387911 72.39284203689459 11.501618412241267 -7.4096632863598355 -0.04329766193172195 -0.326231111473649 0.9442977004045366 0.0006537496599497769
1755702231.981521 72.4330531189201 11.72331921950919 -8.038341996070894 -0.04078626736341079 -0.3242840253270994 0.9450765492286821 0.002582132881934757
1755702232.707541 72.45973192453837 11.934545774274993 -8.670219184406058 -0.03470053016567096 -0.3248371007086514 0.945124905244862 0.003955337572117785
1755702233.30062 72.48817190727173 12.149165955366582 -9.242560848593111 -0.03322874253255357 -0.329102354397953 0.9436952701752513 0.005169917628811364
1755702234.223874 72.52365055376161 12.455590681293964 -10.098112104072614 -0.028572323473224172 -0.33276903864943735 0.9425549077700731 0.006215712848883014
1755702234.81747 72.54186528164304 12.660696182131424 -10.645530117553003 -0.027675788057910253 -0.33372290967935553 0.9422455756542463 0.0060287204709163
1755702235.674842 72.56595228503032 12.956360225310327 -11.452439151766058 -0.02476964714301465 -0.33356017003714206 0.9423826373419312 0.006248390326301951
1755702236.466269 72.58315018129618 13.219236212636714 -12.148518265776124 -0.023463854485700417 -0.33311999065642794 0.9425676876539109 0.006831804190298669
1755702237.323666 72.61720646211863 13.517646058198249 -12.943078300286823 -0.030621912519018996 -0.3328854760171621 0.9424589334368942 0.004551605815165956
1755702238.181039 72.67331993112326 13.796415921879847 -13.70387059506792 -0.039972900454696605 -0.32992204195029967 0.94315666992446 0.0030181851478791504
1755702238.972475 72.71771825086323 14.060776330228805 -14.435796911186381 -0.04207280091822134 -0.3326594682190209 0.9420983373999003 0.0042755462197817526
1755702239.697964 72.7597095892828 14.291110262838119 -15.066385454894991 -0.04469713582823396 -0.32903450831523523 0.9432390958099399 0.006202138514315139
1755702240.423441 72.82120055268145 14.54583985114672 -15.749658499139507 -0.047831098075009904 -0.332626690628018 0.9418213090734779 0.006655262121962531
1755702241.148921 72.8622292410752 14.778522909357411 -16.393493060171043 -0.04700013470744152 -0.3277699168923132 0.9435557721757879 0.007770052228983522
1755702241.874424 72.91914538748522 15.022574564636908 -17.07063541468542 -0.04806339778861459 -0.32727948977764726 0.9436694783746074 0.008121634570250953
1755702242.665864 72.9802284287566 15.275473286113048 -17.786100851150014 -0.04771627727760347 -0.32716380228918 0.9437241436853451 0.008470181805334114
1755702243.391317 73.04413791326417 15.527539575828401 -18.510601063991775 -0.04778270227504902 -0.3272380694690949 0.943697354249257 0.008207486605906361
1755702244.116808 73.12300881447443 15.889699346662566 -19.550620715823147 -0.04460835611555837 -0.33067537719618695 0.9426258342132419 0.010973885119551439
1755702244.44655 73.14715990634097 16.0736169515635 -20.048229012733966 -0.03383493227643631 -0.33450124712036977 0.9417104772104706 0.012061929563473106
1755702245.040142 73.15323472929508 16.39007482138799 -20.898361758926047 -0.022595118954090592 -0.33177930934220623 0.9429806201253521 0.014124466710835585
1755702245.435922 73.17094380030451 16.60710014647582 -21.45975523912123 -0.02041344896706002 -0.33368480095958675 0.9423810212660149 0.012480203021312745
1755702245.831564 73.16900535203396 16.79754006878106 -21.982342305512166 -0.01948365631347489 -0.3317757335695391 0.9430835242725297 0.011777775543690886
1755702246.425191 73.19857281501018 17.07606275836083 -22.726449311240238 -0.01751332993433117 -0.3308245333480835 0.9434950359733967 0.008094967769721764
1755702247.018709 73.19668431569325 17.366698846752282 -23.53385781745274 -0.01667595290759186 -0.33019065318587437 0.9437330551612829 0.007997858417112595
1755702247.546336 73.22050234960622 17.609319020963582 -24.21701723467455 -0.015833486658803488 -0.32734278601380745 0.9447475030104833 0.006939502892940648
1755702248.008003 73.21719654730293 17.82340230437676 -24.823689710338687 -0.014171463976507714 -0.32847009664817695 0.9443870447732292 0.0062987999798870264
1755702248.601606 73.21690152493235 18.1032242439943 -25.6257252292043 -0.012699216432309606 -0.3261271074966343 0.9452172985858535 0.006640640928846667
1755702248.997643 73.2199779579169 18.29916339086413 -26.150091185216468 -0.010637047112526546 -0.3299034064655746 0.9439208351348276 0.008003288668135319
1755702249.524919 73.21430362273784 18.53988906300024 -26.843676315550294 -0.008422200620603849 -0.3262680193290575 0.9452052771453818 0.00807651882445786
1755702250.119323 73.20541065892726 18.80798783763634 -27.631520808148004 -0.004679699888298046 -0.32687997505438426 0.9450220705796125 0.007801822532097194
1755702250.778026 73.19077701320768 19.12735835326513 -28.531945370411485 -0.0037941595293773944 -0.3255908409882334 0.9454520383686594 0.009831162829871173
1755702251.107823 73.1850777478727 19.27781081318555 -28.998904567502965 -0.0021530709667762346 -0.32385586071808176 0.9460647503396633 0.008615911368685374
1755702251.701372 73.16674812661343 19.56532956805537 -29.821589997064006 -0.0013461184814427033 -0.323548962633943 0.9461783154545569 0.0078007760582006255
1755702252.361041 73.1412714240838 19.875019963036532 -30.718378631589193 0.0007736096263066951 -0.32733075307209886 0.9448419707165984 0.011297344545221837
1755702252.75664 73.13105076827543 20.074657899900277 -31.27476961843271 0.0020118960185024877 -0.3254906087365088 0.9454555672510909 0.01286803219865408
1755702253.218282 73.10870815961479 20.27677262892891 -31.921950904609055 0.0037995833560399866 -0.3151789179889496 0.9488887396053596 0.016061527691580237
1755702253.614078 73.09071743575439 20.47381293793157 -32.491333317725484 0.0033642207872796336 -0.3174723521734225 0.9481080879591508 0.017059928792706888
1755702253.943786 73.07594187928494 20.626892294165525 -32.973605622379424 0.00645783605267161 -0.31973238222268424 0.9473233953676059 0.017546643579752465
1755702254.405432 73.05400726408531 20.864811193509464 -33.66495004241441 0.0011310665213912247 -0.32080281905212865 0.9470223832650365 0.015260326724598912
1755702254.801148 73.07642613160537 21.05992472710109 -34.24958699977878 -0.006689928410961324 -0.3182711274175131 0.9478891405345247 0.01284178986596412
1755702255.130957 73.07301347255445 21.20429556333139 -34.71108648295673 -0.013645114901147106 -0.31473351733556776 0.9490211970473272 0.010742041694876713
1755702255.592587 73.0831589024555 21.407186408932816 -35.342649268303354 -0.017641229330678736 -0.31413459041816855 0.9491473505596529 0.011293938910019558
1755702256.054246 73.1002843306675 21.608800712008904 -35.95815943119987 -0.022977329291512458 -0.3142635585814568 0.9489702452590496 0.01288144787390022
1755702256.515926 73.1207739930866 21.812580619006347 -36.58123475784066 -0.023684738799411503 -0.31317355070705266 0.949306064570154 0.013392387982266368
1755702257.043561 73.15410381453479 22.04518288217411 -37.29891913234173 -0.025456068806789432 -0.311833296407098 0.9497197085514623 0.012019109855244943
1755702257.505283 73.17184225491218 22.237109063005 -37.92323501597011 -0.024455967555996834 -0.3084232055355389 0.9508499345685516 0.012705662873842786
1755702258.098856 73.18694589975449 22.488613617452515 -38.72637046847544 -0.02098238018622731 -0.31016698021612144 0.9503943424418844 0.010333342140418606
1755702258.560464 73.19462756564575 22.67394732148429 -39.33683622788206 -0.015008848654445473 -0.3063883502027758 0.951710077757477 0.012200049874741643
1755702259.02215 73.19626711354981 22.873483331052352 -39.960366110295766 -0.00696061234073222 -0.3087256175263297 0.9510802661834102 0.009293558808225568
1755702259.483796 73.17740424400978 23.064030743414932 -40.60152635587763 0.00019584597256394086 -0.304348247445576 0.9525040922765696 0.010395196849974218
1755702259.879518 73.16379042960101 23.223607113227526 -41.12276174711172 8.551897118685258e-05 -0.2987346326219112 0.9542931238653131 0.009068941621803496
1755702260.407163 73.15070501417067 23.450046097758943 -41.81003082573388 0.001908373418826054 -0.3118005853649854 0.9501027954516104 0.009023921097959868
1755702261.066668 73.1263236032326 23.676755373816025 -42.56096314657796 0.003317917219293095 -0.30574960715196736 0.9520591010530793 0.009467695271077155
1755702261.726386 73.09494184767458 23.91731086232929 -43.3086394638351 0.006064039905156207 -0.3100203463512885 0.9506230612474504 0.012899910572624
1755702262.385789 73.05805053882982 24.178708551138197 -44.08996196627251 0.012666223064935313 -0.31327143414208214 0.9495370996709427 0.00893709641476279
1755702263.04524 73.01091226516306 24.383709564905878 -44.78803685956322 0.01883807555728174 -0.303662115211155 0.9525770611333473 0.005602615223313792
1755702263.704777 72.9692150248998 24.555050422911087 -45.41223668088695 0.0244668554437912 -0.30156112392234175 0.9531156288164451 0.005732331918077771
1755702264.496222 72.90007990321098 24.784066671274278 -46.16976013103618 0.03254813323833999 -0.3036022728616164 0.9522331445903034 0.0042798691127447315
1755702265.353678 72.81170146246536 25.026235555890707 -46.98751378014915 0.037238771477644414 -0.3025203217679188 0.9524049262775316 0.004425519015918641
1755702266.0791 72.72513114161379 25.23787585485287 -47.68847349659385 0.04086203158156529 -0.3061638180060588 0.9510865552481991 0.005326851330250445
1755702266.804645 72.63933325025249 25.43818428251089 -48.38513068821156 0.045521027072801125 -0.29898564108532893 0.9531344277971635 0.00837765282199598
1755702267.530074 72.55384843223902 25.63977703483213 -49.06265118137104 0.0514962527562985 -0.30198220412827614 0.9518453448896064 0.012055030231142731
1755702268.453393 72.41875338633639 25.902184766559273 -49.93192602232412 0.05530309028229315 -0.3032133725752805 0.951223266273039 0.013323535476890932
1755702269.112912 72.33295348687298 26.09132070248553 -50.55860188164502 0.05306783454995941 -0.29999918517108276 0.9524169213136972 0.009289877728120113
1755702269.772454 72.27694639642263 26.26824291254766 -51.18106311512409 0.035653814505967676 -0.30198269590570403 0.9526178589533693 0.007380493736588472
1755702270.366011 72.25215822717806 26.424092104188304 -51.69372660422338 0.021448246557075994 -0.30494766938162426 0.9521101822018768 0.005752617304434334
1755702271.157447 72.20903971325454 26.649730448589622 -52.43074649090267 0.017531984539768442 -0.3034365943750989 0.9526618062462492 0.0073719489806365595
1755702272.014826 72.17893361061886 26.900231154656215 -53.24639724653947 0.008385073920217204 -0.3046248488804056 0.9523935185830041 0.008943027509038484
1755702272.740322 72.16283036148984 27.11244014527711 -53.92947537580218 0.004330919167430985 -0.3023582727105648 0.9531359171672142 0.009625043816114601
1755702273.598025 72.14490886854277 27.341095966618973 -54.69809557213275 -0.001045112443966333 -0.30117471446122673 0.9535115463328239 0.010412978400305663
1755702274.521028 72.13242109498718 27.594230443732858 -55.533378804127345 -0.0050505733791526885 -0.30338450552317153 0.9527828469166216 0.011712392516471442
1755702275.180565 72.12390859805953 27.778881092284003 -56.161684249695334 -0.006411242966498981 -0.30149108512733935 0.9533751022132745 0.01174461715819229
1755702275.906055 72.11198518599599 27.965752827838724 -56.81614714669823 -0.006368454163878621 -0.30129044995863274 0.9534428537838537 0.011411929012579623
1755702276.763438 72.09473401037756 28.19966981414197 -57.581823045009976 0.004360095718920699 -0.30073006027984023 0.9536535235179059 0.009347592807150085
1755702277.554862 72.06835964435022 28.424136017243697 -58.32625456484931 0.004265381057150657 -0.30447209123098734 0.9524795488634679 0.007826952325851103
1755702278.412247 72.03897748905639 28.652727633721188 -59.10044210490732 0.0030946850769851884 -0.30059367863971526 0.9537193916582466 0.007292822577154612
1755702279.071797 72.0131702293668 28.84253059321678 -59.71504619887988 0.002796819826582408 -0.3034700717866154 0.9528066071276932 0.007593598784353847
1755702279.797288 71.99324501106071 29.057867948262533 -60.415087019137175 0.004719294507909692 -0.30270638422239116 0.9530551232160619 0.005701343874105063
1755702280.65467 71.96449812983792 29.286949452426512 -61.20006359861336 0.003999590588312568 -0.2952748624382438 0.9553702387946846 0.008029054277396794
1755702281.643943 71.92439416128583 29.563046671339315 -62.10427912558317 0.006536412343041077 -0.30987831118507025 0.9506550176105759 0.013702009436799372
1755702282.435376 71.90940484281116 29.794549575528993 -62.82613968728872 0.01016961337747721 -0.30719579378382617 0.9515830237605303 0.004131844145628621
1755702283.160847 71.88681749564756 30.00219670041864 -63.5202679346539 0.00987496012646047 -0.30298613762031945 0.9529433272468137 0.0009490143273813759
1755702284.084189 71.86420537912936 30.2503005971771 -64.32130581068837 0.010120572888980196 -0.30319614507013787 0.952872461564145 -0.0019348415165166488
1755702284.809681 71.81901459655101 30.44178572595131 -64.95533194699647 0.010496290768567323 -0.3031604665270607 0.9528800832559798 -0.0017624838363882614
1755702285.667069 71.78760850995562 30.686118035637296 -65.7501543222558 0.01049760526942981 -0.30447944259561727 0.952458213337809 -0.002328339669862329
1755702286.326595 71.75533572270142 30.869831217163483 -66.35801768565061 0.010647491497765517 -0.30515906370505996 0.9522372198897784 -0.0029755369334354743
1755702287.052096 71.74098375688695 31.06808206083612 -67.00636880659397 0.010830412679173642 -0.30320281705199775 0.952855666859621 -0.004102685271694498
1755702287.579684 71.7262841137443 31.20903793807804 -67.4710424047964 0.009648967998094934 -0.3044390228692229 0.9524768452702119 -0.003411450587276453
1755702288.371112 71.694422470439 31.437183940724427 -68.19548092399047 0.008952419880779166 -0.30540348973903864 0.9521625293302853 -0.0059228686334251894
1755702288.964723 71.66124438516835 31.599713280930832 -68.73618550520888 0.008879238531106034 -0.3040365803372953 0.9525992050593509 -0.006137708057877801
1755702289.756132 71.64355152745478 31.821795898457104 -69.4393998400396 0.00706500641165795 -0.30601848577970936 0.9519669784954492 -0.007851362922570684
1755702290.745412 71.6143914631578 32.08521055090215 -70.30119628918168 0.0060458408895042145 -0.30499120882637354 0.9523006135769936 -0.00820680982158953
1755702291.536845 71.58793417745814 32.29685883246602 -71.00665488623423 0.0027153898048940376 -0.30563433766373654 0.9521243464551223 -0.006285474243270832
1755702292.328291 71.57211754910098 32.50363879619226 -71.70510290084594 -0.0010116428535900497 -0.30481615989400107 0.952388747546445 -0.006462104388323174
1755702293.119828 71.56256579490628 32.734225260365484 -72.3986509884976 -0.004480854573310891 -0.3100866925085932 0.9506726991281773 -0.0068981304510771155
1755702293.845231 71.56335942110411 32.941493307391454 -73.04649662079186 -0.006658837979538854 -0.3086477448093151 0.9511276863905884 -0.006953681195798961
1755702294.504735 71.56176580961689 33.13938799624504 -73.65785337752001 -0.008008856375882521 -0.3071616012976884 0.9515765964242529 -0.009465201816397767
1755702295.098306 71.55981462616555 33.30952816306336 -74.21449609678199 -0.007082724224569486 -0.3082006940323441 0.951242398170644 -0.010003356341854551
1755702296.021633 71.55377032265355 33.58822728431206 -75.06256903989087 -0.011405772077417105 -0.3102216001562619 0.9505232791814114 -0.011745760683029067
1755702296.74712 71.56117499999536 33.80214159523607 -75.71728209212114 -0.015412095983999312 -0.31192147832664485 0.9499318034377735 -0.009850252451568422
1755702297.340708 71.57863262100129 34.000023598237135 -76.349136799774 -0.01814056824718508 -0.3071565427473963 0.9513874893772749 -0.013697557721788404
1755702298.198079 71.61509631993326 34.28703598821448 -77.25604705389124 -0.019749355470229723 -0.31137563172173327 0.949938847344698 -0.01647316708555322
1755702298.527924 71.62159791282407 34.407145690566 -77.63030398291905 -0.019546207612967534 -0.30990258820858274 0.9503724830198286 -0.019247729951819652
1755702299.121427 71.64209548807105 34.60616556727651 -78.26008531130444 -0.020161120465827232 -0.30779722706700297 0.9510174509132122 -0.02049888509070952
1755702299.912855 71.66989605784201 34.8921317110864 -79.16392939019845 -0.02251214889705059 -0.3089500046468761 0.9505413103405644 -0.022678516635243024
1755702300.308582 71.6820468431932 35.04579475126362 -79.6572029015977 -0.02292758992962961 -0.3073326031723405 0.9510648516408856 -0.022285524912633484
1755702301.034051 71.72159264164478 35.357951042100446 -80.62278588558463 -0.02699300997524409 -0.3137586389489973 0.9488239211748798 -0.02366559747132039
1755702301.49574 71.75575435181956 35.56433802716165 -81.26773930696342 -0.028749825916838914 -0.3138823453358463 0.9486859563317311 -0.0254219797649314
1755702301.825481 71.78690095772758 35.724564705185344 -81.77071927544648 -0.03013333592402743 -0.31477788351672764 0.9482424028674584 -0.02903810460357056
1755702302.22126 71.82663671229486 35.90885179698469 -82.34595835600508 -0.030775441320244745 -0.31242774496590997 0.9490251705706969 -0.02816029137491337
1755702302.682874 71.86402181164766 36.11380421098013 -82.98729352596 -0.03240331466342356 -0.3104761022461308 0.949566742172874 -0.02962460619262428
1755702303.01264 71.89886863456243 36.29225284052483 -83.52312906733152 -0.03345692857223294 -0.31260832718305215 0.9488026370487876 -0.0304995677935405
1755702303.474325 71.93822373328055 36.53311150139567 -84.25884753222518 -0.03351671811990361 -0.3150557458925714 0.9479207936091434 -0.0325987059552686
1755702303.870022 71.96907726989066 36.742384299386394 -84.93729510048993 -0.03323701413562441 -0.3141220824074968 0.9482767630378997 -0.03152457640777037
1755702304.199817 72.00222531802906 36.94647955902421 -85.5505651520001 -0.03377194862661476 -0.31558681528925336 0.9477451443398145 -0.03230416198963198
1755702304.661536 72.03953234267891 37.20330948283773 -86.30360293649406 -0.03444805988786702 -0.319269849436982 0.9466144863370018 -0.02830386311765488
1755702304.991224 72.06714388459528 37.36637725576742 -86.81528903078944 -0.03462539582120723 -0.3181455062481672 0.9469791738897566 -0.02854755746813037
1755702305.320998 72.10442080494427 37.54069723592425 -87.34048805312463 -0.03514226968085661 -0.3175885221410356 0.9471030642522401 -0.02997227335335051
1755702305.716704 72.13530020913925 37.74010318425149 -87.9496031302398 -0.036281949962120905 -0.3149823152704782 0.9480285651657874 -0.026675846818683877
1755702306.046476 72.1659162757261 37.90977236472119 -88.48515608470294 -0.0358904294130987 -0.3149994810710068 0.9480078813483714 -0.027717519782839643
1755702306.376223 72.19901743770302 38.10323754904064 -89.03373639106398 -0.03452623398633468 -0.31298098404107105 0.948735486891839 -0.0274193126738938
1755702306.706039 72.2266473390387 38.27884158190927 -89.58482869592929 -0.03383804577791085 -0.31214777033025587 0.9490896870311812 -0.025446455683180758
1755702307.101716 72.25639315542114 38.520177361752 -90.27622715503787 -0.027793143092625 -0.3233555355861466 0.9455995572386381 -0.02258796478040685
1755702307.431476 72.27837265736534 38.71046356974394 -90.84519317753438 -0.021109402928294073 -0.3183662442448035 0.9473659252349067 -0.026365343488718888
1755702307.761236 72.2830322400949 38.885468371762755 -91.41100320480739 -0.01463513722883008 -0.31955722804291337 0.9471535641381131 -0.02385616700754647
1755702308.091023 72.28747375768639 39.074303724748795 -91.96602107249022 -0.013216437828424271 -0.31478633849223253 0.9487318509628365 -0.02535274814317465
1755702308.420769 72.29912029777492 39.25376676881996 -92.51966396900117 -0.013298073709565662 -0.31482246343060794 0.9486361093219101 -0.028275605133886175
1755702308.816561 72.30108814408261 39.47576201341649 -93.15594456507434 -0.0102106373433617 -0.315941849951228 0.9482930291408712 -0.02858008427679665
1755702309.146265 72.3073302917141 39.64470467014338 -93.70353189958799 -0.009337425886103532 -0.32520233619545696 0.9451071339461637 -0.03047553731940969
1755702309.476004 72.3132660087928 39.818805720811746 -94.23824479722401 -0.007300284830922764 -0.31718882459377357 0.948088125903313 -0.021606964510343368
1755702309.805765 72.3317712601877 40.00269862525709 -94.7702748760849 -0.01144737205666244 -0.32065435897896005 0.9465837943922023 -0.0320758465959869
1755702310.201484 72.36724237043492 40.196512642047935 -95.42525082615661 -0.020313668672049295 -0.3123747668176577 0.9491982034291561 -0.03212678831689631
1755702310.531769 72.38576985559666 40.38271063571639 -95.9898360869229 -0.02337270762246969 -0.31490299688581186 0.9483426977986801 -0.0305932447224932
1755702310.86102 72.40903379858361 40.55385945459892 -96.54277445040469 -0.02363678465188738 -0.3114001590774725 0.9492248092140116 -0.037993485105587706
1755702311.190783 72.43257800009413 40.74647290311847 -97.11474120380336 -0.02265893656396077 -0.3148719989562333 0.9479922420726227 -0.04065594467255864
1755702311.520539 72.44776404002886 40.959632559848814 -97.6958144438523 -0.02503288188419879 -0.3240969694033207 0.9449115102988449 -0.03842846539885156
1755702311.850306 72.4689954148899 41.151864924384235 -98.261399180223 -0.02203669274156382 -0.32699526267355167 0.9441069627591416 -0.03536276617825021
1755702312.24603 72.4878021896605 41.34065202546209 -98.89605218378094 -0.021091191861527407 -0.3163080665329236 0.9476110200518127 -0.03921381578508869
1755702312.641751 72.52075405960639 41.555066834990484 -99.51195959528981 -0.024194766258626002 -0.31600938894109254 0.9475947517079562 -0.04021027135328374
1755702313.037477 72.55988955638763 41.7666650652739 -100.13393676587064 -0.029659944426707444 -0.32310874110570303 0.9454353697674507 -0.029546416201908492
1755702313.367249 72.61797863128086 41.94452582787063 -100.66422348196049 -0.03910556287585379 -0.32038726190143463 0.945816063848176 -0.035422178507361325
1755702313.894841 72.75968975644368 42.19833961359707 -101.46964444814478 -0.08565233176337149 -0.3128379981301835 0.9455802146613339 -0.02596387163776315
1755702314.224614 72.84611336991192 42.36614588540921 -101.97638136498979 -0.09212689830883318 -0.310179084005066 0.9458374364771368 -0.02632706235284147
1755702314.554376 72.94439369073434 42.541917658770295 -102.47718704643991 -0.09452200916837879 -0.3126238169685704 0.9447400508396268 -0.028251994377639554
1755702314.884132 73.03773049228414 42.70589087506328 -102.98517117166054 -0.0946820021315578 -0.31805727885275437 0.942924977231366 -0.027701500940722205
1755702315.213899 73.13941318092506 42.865208151165 -103.50481507269171 -0.10089649283274457 -0.3186668525645214 0.9421079676878564 -0.026531340518912296
1755702315.609621 73.25825119585855 43.077925791441146 -104.11557735220048 -0.10458133337578802 -0.31386276239017535 0.9433268951725037 -0.026216024457469764
1755702316.071327 73.4006954965393 43.324007454966015 -104.78896922622226 -0.10048217931243392 -0.32240206764497803 0.940783696815744 -0.029770358153187397
1755702316.401053 73.4959056335061 43.460082578112775 -105.27504713429843 -0.10323027052885697 -0.3114754489471554 0.9444128952833374 -0.020269168020697722
1755702316.796782 73.63080592841685 43.6753713835972 -105.86481358690811 -0.10228607282814726 -0.31838200194407135 0.9421479312540597 -0.022972500455453897
1755702317.126599 73.73074354935747 43.861023102351915 -106.37277430958635 -0.10295500639083296 -0.32391693219427486 0.9402665272615758 -0.01941508198203943
1755702317.456298 73.82481525345467 44.028893883821475 -106.87462953805233 -0.10175989356713858 -0.3229819705552142 0.9406727449572666 -0.021502503389992465
1755702317.852011 73.94753624543296 44.24236492947879 -107.46454275953718 -0.10119476124421632 -0.3226997837998954 0.9408345776750577 -0.021325273344613083
1755702318.247876 74.0710870534608 44.41771627992645 -108.06097336823414 -0.1018814598943934 -0.3134012032371866 0.944030616196185 -0.01435442870761263
1755702318.577522 74.16548363677657 44.6025987540973 -108.52964428646665 -0.10398990745131018 -0.31786827915983473 0.9422181762972892 -0.019255246226510533
1755702318.973233 74.25616623971274 44.730666012460475 -108.97404079657706 -0.10696400856073271 -0.3195290611516481 0.9414344565576338 -0.012690309617923532
1755702319.303002 74.32433484247426 44.83939987198583 -109.27365773181934 -0.1047299990874098 -0.317712438186411 0.9422071932013979 -0.01833136635225506
1755702320.028466 74.48275252287281 45.05332738231407 -109.91103787828587 -0.10757819568396455 -0.31260190525207776 0.9436477139821235 -0.015361397803136284
1755702320.75396 74.63930663174932 45.26845330113708 -110.54705019107307 -0.11890831002815251 -0.313982700101652 0.9418448948805547 -0.014278369324327031
1755702321.347514 74.78262361709128 45.470251001093715 -111.0933400033375 -0.12525076215049905 -0.3236134788100727 0.9377021598523991 -0.01735575758379283
1755702322.072993 74.94641318604855 45.680602427248004 -111.71388544918308 -0.1284887521739564 -0.3202586173111655 0.9383963066647979 -0.018369274362005
1755702322.600616 75.06029917983108 45.834088024763744 -112.13407515436128 -0.134332754330119 -0.3277311158238008 0.9350288034335575 -0.016375701040870938
1755702323.721842 75.26884707612321 46.10550090895484 -112.90895425926759 -0.13622029606809402 -0.32672700252204695 0.9350422097426969 -0.019737344339436108
1755702324.777128 75.36926723699787 46.21918917965003 -113.30140121244425 -0.13592345261096694 -0.314785259186408 0.9392621431538604 -0.014888991479524043
1755702326.557785 75.58058225182906 46.44995171809884 -113.9994354289479 -0.139841707854509 -0.31075063857541024 0.9399966751744808 -0.016869737112074967
1755702328.404475 75.81775223447798 46.70645556107197 -114.74972470494345 -0.1432706123647305 -0.31179201471260864 0.9391367094176207 -0.016778325850065178
1755702329.921412 76.06813192947898 47.03168124679685 -115.67567498607133 -0.14272719732841382 -0.317145624903974 0.9374717716371628 -0.013938333132876242
1755702330.712819 76.27060661942183 47.25645912400268 -116.35772238661063 -0.14682181534928543 -0.30987138141470183 0.9392901529128759 -0.012533561289230803
1755702331.306376 76.44489699800361 47.42772129047301 -116.90424804004819 -0.14511988010386653 -0.310377428479019 0.9392727304413562 -0.019308291965635077
1755702332.163765 76.68500377433011 47.700311658226966 -117.67431562638969 -0.14862776091850452 -0.31374800650451534 0.9377494888796822 -0.00989308873351345
1755702332.955204 76.9016367519557 47.93146377747759 -118.3501301986362 -0.15265665971155007 -0.31342104124076287 0.9372091307310555 -0.01011140087264584
1755702333.482835 77.02101089957704 48.06767914493199 -118.76700335764403 -0.15020815574766 -0.3114381636559491 0.9382561758102 -0.010914610369398838
1755702334.406376 77.23496700265382 48.27302249378909 -119.42515930747525 -0.14405283846450925 -0.30280015650195546 0.9419552859690188 -0.016765565535744417
1755702335.791183 77.42256507451388 48.47821093256924 -120.05755019159207 -0.14559689349786573 -0.3095206676527241 0.93956457461521 -0.014727899637167297
1755702336.912383 77.65608328255385 48.77495163600028 -120.90467680358171 -0.15041060141851348 -0.31528131888131805 0.9369691234164271 -0.007950013184257134
1755702337.835716 77.84986959640705 48.98493763343185 -121.59972551484461 -0.1454585119498687 -0.3053124970694723 0.9410144429018062 -0.010859037007794498
1755702338.89095 77.99295676316775 49.13623001066367 -122.04667394082104 -0.14060193887719383 -0.30409930184262507 0.9421018949322515 -0.01409712622710283
1755702340.408126 78.25104184747816 49.43136816471178 -122.89702666707359 -0.13560781487610218 -0.3134401235985105 0.9396889192300062 -0.018722834705845962
1755702341.331222 78.45248755828851 49.69855600016778 -123.67992162124487 -0.13644724160323124 -0.31753434068186387 0.9382565410807726 -0.015124677376649503
1755702341.793166 78.54971969224377 49.81634858044215 -124.10064382877026 -0.12852156963366745 -0.3075191453230596 0.9426809143076621 -0.016336315335580717
1755702342.716241 78.769330559276 50.1088263237556 -124.94375256309785 -0.12645977279967485 -0.3085208126031285 0.9426918286241343 -0.012447903415669058
1755702343.507645 78.90670155878323 50.322854173824894 -125.6526112928664 -0.1131525570665569 -0.306641918672711 0.9450286679545843 -0.00938345810467741
1755702344.365125 79.01507697643089 50.58174930016234 -126.44924477750511 -0.08715299393122569 -0.31703612027979816 0.944336260589078 -0.011021843012585636
1755702345.024556 79.08013336051732 50.78038411903506 -127.04085992456295 -0.0680622803403559 -0.3096368999565015 0.948398940061862 -0.005653907474926639
1755702345.61814 79.08568841942925 51.01228895931193 -127.72811193845392 -0.024377450347926436 -0.3182603662133032 0.947682333916081 -0.0037779883110156845
1755702346.211754 78.98437722952009 51.19209725972401 -128.28838601888873 0.038397584505149615 -0.3160078847481736 0.9479779970905831 -0.001536005625445969
1755702346.805283 78.8188291548222 51.379979256981194 -128.8128456116093 0.11416935203424593 -0.3173594275405365 0.9414069657146932 0.0011303588270639268
1755702347.596846 78.49475619702993 51.55169602819717 -129.35760345715636 0.20544734971160888 -0.30654223087986776 0.9294021220725859 0.005911232582452271
1755702348.190302 78.21495781375484 51.68370991095286 -129.70754002442033 0.27337010195625633 -0.30243589132306653 0.9131193059635724 0.0038015881750111924
1755702349.113654 77.644258273224 51.87096685306464 -130.22092958534233 0.36698788543492067 -0.3011995809978701 0.8799722346568628 0.01573437586052592
1755702349.773163 77.11937322150744 52.038353852981544 -130.6398941241769 0.39766010962940906 -0.302211704308642 0.8660357068327784 0.02273054066761264
1755702350.36674 76.61186065424232 52.17933424556237 -130.99819472597707 0.42898938972431505 -0.29836347168609106 0.8522246073237415 0.02570138010452781
1755702350.960318 76.12487986201829 52.290392275342526 -131.25356487012422 0.48020314206180187 -0.29054992807697444 0.827384336072556 0.020514435654280617
1755702352.015562 75.28177517673922 52.33627822067156 -131.56369853276598 0.5664621623725046 -0.2491348733853951 0.7854960970963022 -0.006950892747420206
1755702352.741036 74.67280332152762 52.356805715153115 -131.6703540791593 0.617542015393652 -0.24619037279416442 0.7470108833994229 0.002626718452850614
1755702353.598417 73.8624124135366 52.386026128115596 -131.81907219863112 0.6348323844683694 -0.23562903064160315 0.7358411481952366 -0.002146665278649249
1755702354.587719 72.87793729525718 52.442878676275 -131.97280769433826 0.6329510248235596 -0.24444023726613084 0.7344649571796206 0.013535038057626073
1755702355.313212 72.37094762928045 52.50026868250713 -132.12935605422365 0.5859234846468192 -0.25590303556390187 0.7688031498198373 0.01220751226112282
1755702356.236541 71.67678046484136 52.546673284925916 -132.3710910201944 0.5610655665027755 -0.24426189582351124 0.7908507753035761 0.00982891323374439
1755702357.093922 71.11587945747709 52.58886778139354 -132.6260380558289 0.5372195837117485 -0.23475873833804498 0.8100971868671193 0.0050991646849636975
1755702358.14917 70.15615959034434 52.69061563419359 -133.0564675150617 0.5262830059142055 -0.23973842287062005 0.8157423755169012 0.010773257235348385
1755702359.006558 69.45169604467307 52.738784478873185 -133.41343959361163 0.5284237013071708 -0.23491596383466204 0.8158079267796926 -0.006348892492512639
1755702359.73209 68.8822436991212 52.801851781157474 -133.62632096850118 0.5593314663285675 -0.23264607356230188 0.7955939622386665 0.007373091628185306
1755702360.919203 68.09760468243037 52.83768465369193 -133.7441274525048 0.614181482746762 -0.22716360674294783 0.7554787094051592 0.020729728846261366
1755702361.776577 67.33173466374119 52.820364662252466 -133.91051550555105 0.6190534649417102 -0.20402438343154322 0.7582713144246555 0.013094740537587121
1755702362.106342 67.0150777932061 52.82120784395739 -133.96939169050438 0.6181778509016744 -0.20054228356836087 0.7598229019980647 0.01755262815117765
1755702362.831809 66.44065324390279 52.82171360454919 -134.12516291555272 0.6003442308190312 -0.2042459907283385 0.7731007039252166 0.013626495662488147
1755702363.623261 65.85616602229835 52.84952291236388 -134.31301363102486 0.567497718557135 -0.20880400704077326 0.7961432173649661 0.022432198285591287
1755702364.348763 65.20332853548621 52.91202097783333 -134.5691942827975 0.561891789755512 -0.2284249551967526 0.7943156648178652 0.03409224359970914
1755702365.008264 64.62853762933771 52.93489420265662 -134.76577670035752 0.5669932644587639 -0.2068659169008387 0.7971154247799066 0.0182244358244214
1755702365.799703 63.945236051357206 52.97125692670561 -135.04681324421313 0.5651389393019715 -0.22095461126748048 0.794495598387069 0.023953771891974326
1755702366.129474 63.63751644916584 52.987165560487085 -135.15017189504695 0.5700941311009893 -0.21824797359929174 0.7918980434422388 0.016062144824548243
1755702366.854946 62.99776007513625 53.01309877935894 -135.38312824748283 0.5676985942972053 -0.2190039808067602 0.7932221006212007 0.023542759181095007
1755702367.712337 62.24413768339507 53.058041613746276 -135.5982043748024 0.5977148955900379 -0.22029971094725373 0.7703769309834155 0.026913289559629693
1755702368.503785 61.69594195842609 53.056546050855005 -135.6624948136871 0.638531936954925 -0.20451030153773933 0.7416333022553644 0.020797765248645243
1755702369.229235 61.04689420178406 53.060979782079215 -135.7153730515178 0.6555604605961092 -0.20159176814034377 0.7273546157834562 0.023590345897589314
1755702370.020662 60.2522500829994 53.06561782731445 -135.78921211689317 0.6654305299653622 -0.20258420223514712 0.7179530688074565 0.026556388774110762
1755702370.878083 59.45408973539773 53.0634079493141 -135.87095781267817 0.6605936345762885 -0.1971486468089413 0.7240327544579955 0.0229135656470234
1755702371.472091 58.84782580133885 53.07537833797102 -135.94281015960445 0.6525700688953284 -0.2027563005869483 0.7295268774693471 0.028856936844817306
1755702372.329084 58.0661206195168 53.065186202638145 -136.02478643142393 0.656080161811444 -0.1970635995800565 0.7280695100483061 0.025289277096033628
1755702373.120446 57.3487942197282 53.06541230679013 -136.12697386004368 0.6425063374485157 -0.19236801448249718 0.741607478395733 0.014089050006224122
1755702373.845965 56.73128376728029 53.080368403770315 -136.24444064202984 0.6245407761116382 -0.20408650836868322 0.7534010998099532 0.02615910703569736
1755702374.505457 56.113704224536995 53.06794159013317 -136.3714496521252 0.626858137253864 -0.1949146720247767 0.7542319442073621 0.013831873527184145
1755702375.099039 55.483897636373186 53.09904169033113 -136.48278278987428 0.6245868617611209 -0.20729931576770094 0.7525415794330366 0.024482994548625785
1755702376.022372 54.611207314162684 53.11291698121232 -136.68196590575096 0.6341231451761885 -0.2175973687106061 0.7418244858780749 0.015351027125537018
1755702376.615947 54.052519170119574 53.11877496077669 -136.80858240192524 0.6381391380235887 -0.2199366664496405 0.7378318920688572 0.003225262721267085
1755702377.341429 53.35359539358662 53.1333777313923 -136.9469359657376 0.640052815394873 -0.22024729045481986 0.7360617152203089 -0.006056066325899034
1755702378.00095 52.71424136359586 53.13683630646667 -137.07334947548745 0.6350501332804979 -0.22018372629775101 0.7403576651393052 -0.010049008087143409
1755702378.990243 51.791419899952956 53.13248768450821 -137.28319128750144 0.6258371855637297 -0.21160989805607786 0.750624285414871 -0.010594826840517874
1755702379.583846 51.20789143589314 53.13816753929603 -137.39747728674004 0.6237467660441669 -0.21406071723918677 0.7517309700640857 0.004304629019679882
1755702380.3753 50.480348226701956 53.14211399358994 -137.5313084269901 0.6266819851989893 -0.1995169932162687 0.7531616588246378 0.014497397059924358
1755702381.496712 49.35745365604337 53.17497659216812 -137.73039953566857 0.6282478455651689 -0.20439024792563829 0.7499701474073276 0.03277268822435876
1755702382.155991 48.65949765437212 53.215514719120755 -137.85330177685063 0.6320899552820108 -0.21497176418216982 0.7434275929952896 0.03955809663294432
1755702382.815514 47.92748200650466 53.30078672984903 -137.9636129681405 0.635380607977433 -0.23318153665791763 0.7343453056590892 0.05152500387713604
1755702383.672894 47.00582956440097 53.393241341166565 -138.07359478870535 0.6472805950278666 -0.23439352981414555 0.723605537253466 0.04982500313857457
1755702384.530315 46.203778805315544 53.423548475516924 -138.11709105381547 0.6742113096008611 -0.21447990806173867 0.705542135634221 0.04059278124029448
1755702385.519872 45.287652779572596 53.40601889944923 -138.0932535014046 0.7097018130518262 -0.19385742511355492 0.6767392534690525 0.027687869066485436
1755702386.57482 44.40216512504243 53.37745565546653 -137.93647691564811 0.7556522618636848 -0.18560289139793032 0.6271879679608497 0.034299835133209604
1755702387.630067 43.660053569678844 53.29670917755788 -137.6615169867251 0.8097578243860475 -0.15781026161209788 0.5643076631812766 0.030741640333318093
1755702388.556086 42.86300247368159 53.17430256156739 -137.1827327214799 0.8568873616730122 -0.13614362813931052 0.49582205445174704 0.03700611086534686
1755702389.146979 42.24371462527073 53.07951887358323 -136.7881703107306 0.8663222650415772 -0.11943653855530562 0.48266806762766296 0.047457168517894305
1755702389.740561 41.64858915437158 52.957549467548276 -136.3635117158796 0.877274809329761 -0.10397277710820481 0.46652162161431515 0.04400167158402952
1755702390.334147 41.01390953324197 52.83990434242263 -135.90273565032842 0.8840523842598927 -0.0990485782713553 0.45431154123761514 0.04734748699904661
1755702390.927704 40.36557091566833 52.698478732133665 -135.41150275282286 0.8922319362650093 -0.08754089105531418 0.441132482749339 0.0407541036637791
1755702391.455331 39.7811529121359 52.54261336769609 -134.96114836913142 0.9002461658714555 -0.08749373062608858 0.42564634878034263 0.026960595409525594
1755702392.114855 39.027771204527525 52.35782282917114 -134.3179435941212 0.9069417474150108 -0.09248217831919044 0.4098861137259605 0.029951415054606485
1755702392.444934 38.65162052634129 52.269911450143326 -133.98268259884625 0.9089430041221251 -0.09423735188949031 0.40444371728935674 0.03697588824449787
1755702392.708428 38.355729130066045 52.19411028437955 -133.71773099762677 0.9114118489505948 -0.0929259563955349 0.39918970008007676 0.036616820867078896
1755702393.038218 37.99899852921096 52.08520401859386 -133.39274886567296 0.9120470428354698 -0.08822075752854376 0.39944173271089345 0.02887198928171672
1755702393.302003 37.68478359844275 52.003482456013295 -133.10611433456273 0.9125794560445684 -0.0882891355611851 0.3981671020511331 0.029440173088163307
1755702393.63177 37.31746906065934 51.90691611102294 -132.76905119075556 0.912544599673163 -0.08890105285395546 0.3981340566646853 0.02912437694657058
1755702394.027509 36.855347672013465 51.80452629667383 -132.37024487811453 0.9081944190244616 -0.0954261367522125 0.40606359112519314 0.034483469081292704
1755702394.225371 36.6245111677596 51.75150097348853 -132.20058309578206 0.8990373364222369 -0.10288113135695674 0.42427488162132587 0.033736706340901916
1755702394.621055 36.198333948687 51.656909336696614 -131.92098759991458 0.8838170790276554 -0.1095945168063859 0.453974187764721 0.027637828213518532
1755702395.280583 35.353107057250746 51.495141212037545 -131.36509191700787 0.8803498619384503 -0.117754353915286 0.4582381791383672 0.033701689852270324
1755702395.874163 34.53006385130847 51.33189590762624 -130.78870503005757 0.8820085571196138 -0.11792307252598963 0.45512732812834894 0.03184602525523714
1755702396.203926 34.06667513115004 51.24567962314393 -130.44110710288572 0.8883394654683567 -0.11829010471395411 0.4422766295995923 0.03538118325015596
1755702396.79753 33.309615828326244 51.05738848819204 -129.7982076258561 0.9094628144048917 -0.10779238433826455 0.40042277315992153 0.030328102946335356
1755702397.193217 32.82251617055036 50.9343559464085 -129.33256003491508 0.9152933470260279 -0.10383767084487024 0.38779128523481027 0.032768065236406685
1755702397.522982 32.41775632335399 50.81262938520571 -128.90943368636505 0.9226074002230484 -0.09504071793198363 0.37250367653850125 0.0316837174892808
1755702397.852753 32.0461432969372 50.68741712951473 -128.4877861347708 0.9298165097275094 -0.08611620644682416 0.3566917049325957 0.02821851976342395
1755702398.182504 31.689221517253387 50.5662700507321 -128.05971720180412 0.9380875544309539 -0.07915130765087326 0.3360209364168223 0.028578681013489295
1755702398.578223 31.33381213688639 50.40577088914677 -127.53938094123156 0.9508495325557467 -0.06393089486192974 0.3020051824798952 0.02430795910717432
1755702398.907993 31.06079127495149 50.27511075859738 -127.07061556216334 0.9612127396590717 -0.056523616278758675 0.2683824426451028 0.029086326679750585
1755702399.237789 30.835223333363682 50.13217422892545 -126.59460845398958 0.9692129265466215 -0.04240578313562369 0.24088733823438171 0.028307999751702846
1755702399.56753 30.601429324092518 49.990355461589736 -126.0823185580913 0.9728129605658515 -0.037213492074150624 0.22645123432022535 0.031143831453382
1755702399.96323 30.32456630687028 49.80353980844537 -125.46653635818652 0.9755918861032948 -0.0328477614200527 0.21548014964489684 0.026642099168797697
1755702400.292996 30.08326519738221 49.66635840696735 -124.93565221379846 0.9758936097719721 -0.03393146329719785 0.21302855242088925 0.03315349239825486
1755702400.754663 29.744786160731262 49.480236148421966 -124.18631235710195 0.9747824764725669 -0.03725994581232303 0.21571614866079425 0.04332854956061104
1755702401.084454 29.50806352888259 49.34434189976578 -123.66146276955011 0.9755269182308722 -0.03660439733948531 0.21303078864692504 0.040314178533852975
1755702401.414228 29.24071500705605 49.209187197358226 -123.13208112477257 0.972716987651766 -0.04749883795344117 0.22380364071854678 0.03843764727283418
1755702401.743977 28.9551733220251 49.07222986332999 -122.61324115340398 0.968131987037455 -0.05293729400390978 0.24121717316235963 0.041621796573584155
1755702402.07373 28.64689591075524 48.94231774635375 -122.11519490232992 0.9622893391412304 -0.05843228158128954 0.26261111979128304 0.040252900594957064
1755702402.403491 28.316125097315552 48.80675538299534 -121.6378660005473 0.9544027850889798 -0.06355143558187566 0.28974742282508886 0.033510741801708044
1755702402.799215 27.90200888679788 48.6641558933431 -121.07815636780437 0.9456402250405072 -0.0659555880359495 0.31585264830648024 0.040639017581063835
1755702403.129455 27.537116283961833 48.54984473704031 -120.60385729374917 0.9445717267722127 -0.06852245594853817 0.31767953192350695 0.04656866983501451
1755702403.524687 27.097038584193722 48.41768724136651 -120.04004619219361 0.9452014748554431 -0.0708871750855313 0.315079436841435 0.04789706482836625
1755702403.854453 26.748523068169327 48.27144865208099 -119.59736422029395 0.9457784976377943 -0.07119447802104598 0.3155554263424679 0.029311305176173683
1755702404.184213 26.354459476977716 48.13351862895449 -119.0911028989511 0.9458368162359292 -0.0716153467583012 0.31518536939557096 0.030366792394769467
1755702404.579928 25.89386951772022 47.96466794675271 -118.47021614875008 0.9460949636450768 -0.06595138278237272 0.3153497191589441 0.03330599797166659
1755702404.909707 25.484207722022827 47.83562874104935 -117.9147042498867 0.9476972406648589 -0.06713782480917192 0.30828003592377345 0.04822729483334173
1755702405.239496 25.130712165196197 47.68989004025204 -117.35723491658989 0.9500929594901532 -0.0510770555189706 0.3043898199061341 0.045401985245858915
1755702405.635174 24.714255575409926 47.537684877880096 -116.67815113716138 0.9539786941406708 -0.042222185896817026 0.2907352972893015 0.060124246804900604
1755702405.964952 24.407284293434227 47.36884446772486 -116.1433330455437 0.9579178911290872 -0.024010218475606717 0.2838417125120108 0.035365314954130644
1755702406.360654 24.003016905236482 47.20819173586788 -115.44966057891315 0.9603041623872861 -0.02673890687347596 0.2730937660830635 0.05020698644046673
1755702406.558515 23.809597512918394 47.12291213595334 -115.1143872040094 0.9598903462242755 -0.025895358471880438 0.2745019738099572 0.05087848277504902
1755702406.95423 23.431157409554455 46.961436703577284 -114.45049950803009 0.9614008492958025 -0.028942591992125632 0.268519320490564 0.05261281084843079
1755702407.284009 23.10345086774201 46.81188346479056 -113.88150876269678 0.9612370572947394 -0.029835983612505047 0.2700071756328993 0.04721502803100629
1755702407.613758 22.737069140157175 46.67210288552328 -113.34750262691884 0.9517839113661745 -0.04288634088283567 0.30026580503817835 0.04591943112629055
1755702408.009696 22.31121114377553 46.51661416014058 -112.78069135477136 0.9485496644016796 -0.047479777353884284 0.310455910633489 0.04020363738043881
1755702408.471142 21.83420990105119 46.345554073423315 -112.15504622049949 0.947814805046681 -0.055112874741336734 0.31148962581628215 0.03979798212095971
1755702408.801035 21.4609080022227 46.222586108449335 -111.66763819337984 0.9477244714666858 -0.06537964597256331 0.30910067129628166 0.044728101679830747
1755702409.196647 21.04550232341974 46.06933352914051 -111.11688024709068 0.9472344955684858 -0.06969785441911401 0.3105278764611618 0.0382290130007237
1755702409.526504 20.707833373995122 45.9385567242384 -110.67995719258742 0.9471081381777104 -0.07147356037073349 0.3114065788618079 0.030060728651624905
1755702409.856156 20.341808573839938 45.813696666937616 -110.2097061660869 0.9468864642311724 -0.07776452983737465 0.3099463140688198 0.035944181032725536
1755702410.251889 19.91433427831924 45.65721644273997 -109.66626335144085 0.945980006076857 -0.08023024802151821 0.3126887557140374 0.030177432880253673
1755702410.581653 19.559941486667373 45.53593005683513 -109.21303734595539 0.9447216644802812 -0.08380509825180335 0.31521436419743115 0.03343032713303582
1755702410.911405 19.19998948030752 45.39612870187925 -108.75524191269642 0.9440709061489351 -0.0825574149075548 0.31804512950920244 0.02759878624840772
1755702411.307113 18.78671204592619 45.22736153657133 -108.23158115903416 0.9438439881113996 -0.08273631351476013 0.3191656168291736 0.021131435493330197
1755702411.636895 18.463593145003326 45.082636778588295 -107.8435400418488 0.9441480391231226 -0.079281313261189 0.3197797165312552 0.006315574616277326
1755702411.900693 18.215825201084208 44.989142387653786 -107.53851474118851 0.9437653819966676 -0.08503044962912526 0.31910195275751974 0.015832565391955333
1755702412.164507 18.054833323722338 44.9115050804787 -107.33710516900014 0.9436704552469389 -0.08228351952284454 0.3204080772722076 0.007359234178619455
1755702412.692122 17.761141117702056 44.77553016687422 -106.98103217558132 0.941313683271798 -0.07949995746871635 0.328005423800694 0.004555041721075156
1755702413.417676 17.301392909728673 44.59302096261902 -106.47293016018084 0.9375237129707032 -0.08316114363005762 0.33780761721959734 0.0044187731538714164
1755702414.011212 16.925684020998386 44.453151590897896 -106.07468106776899 0.9332843451970112 -0.08921001660240008 0.34784232974413953 0.0052552436817875
1755702414.868599 16.36645938133155 44.26985192204593 -105.55234110193346 0.9224329135219419 -0.10303502020982548 0.372151147820561 0.0021972340843444804
1755702415.462183 15.948353314661837 44.140459923024295 -105.21009017959872 0.9125175211243091 -0.11447926275758209 0.39266332259780323 -0.004667668163008478
1755702416.187734 15.500920062849122 44.04139061448731 -104.96268267136072 0.8853222913607579 -0.1373444341479059 0.4441500397353176 -0.008466937548181619
1755702416.979115 14.95682580421087 43.950231134311 -104.74185213160906 0.8574600104241608 -0.15642252353756297 0.49002023871392386 -0.013209477820407583
1755702417.836443 14.177437893119196 43.82075589552701 -104.4410264064414 0.8331533536007737 -0.17085675351771135 0.5257188373028573 -0.01682745572283889
1755702418.495963 13.578600846807142 43.723751817595634 -104.2330328818103 0.8204128271615372 -0.17595372084781638 0.5437227771721972 -0.018127954456461093
1755702419.089543 13.018086536842043 43.640224819068834 -104.07325890018662 0.8115117165588938 -0.17802367078840015 0.5562055256056204 -0.019791912803883076
1755702419.749104 12.413165336354222 43.51576007519117 -103.91202150401901 0.7975325822100725 -0.16606310753896894 0.5790306665596299 -0.03298957125131186
1755702420.474576 11.780587102581823 43.40586366141894 -103.7703175494593 0.7807292753493515 -0.15793453988986406 0.604099961158217 -0.024118802849517694
1755702421.134249 11.252454372593537 43.3627849740913 -103.7234884852579 0.7362435666997486 -0.1734196004998234 0.6540780913825492 -0.007273446849747429
1755702422.782896 10.589127895139235 43.42185520631643 -104.05831184345647 0.5809895827716511 -0.22099663404233688 0.7832477855484693 -0.011597365485278054
1755702423.970062 9.576639238266088 43.565052612453144 -104.65037158428859 0.5026932625603832 -0.26753731002093833 0.8217488367488917 -0.02126313300060403
1755702424.695539 8.971948379574073 43.62256502026524 -105.04638295950996 0.47463725763299985 -0.2515715715418588 0.842761991559723 -0.03440121568889965
1755702425.421035 8.442008256090547 43.66302852045615 -105.3704036117408 0.4858229426088642 -0.2429558767590471 0.8386113155159733 -0.04098258010027629
1755702426.146492 8.01955916768004 43.6662210484937 -105.60005257826673 0.5176703865016733 -0.23109310895174745 0.8223707818072508 -0.04816267397015157
1755702427.201762 7.545676007898376 43.61485470181917 -105.73886525176164 0.5803430076673712 -0.1992051190935327 0.7871876525075938 -0.0620879514729286
1755702428.125072 6.837767780052257 43.48553696437209 -105.98677910731357 0.5963598521778966 -0.16402444480759545 0.7806526052562063 -0.08962375869497566
1755702429.312227 5.876794049396405 43.296140058868666 -106.27105303633604 0.6200663360675096 -0.15429788612138665 0.7637141836186404 -0.0919268565436645
1755702430.03771 5.261406586491385 43.17837605260853 -106.40678934137465 0.634712678818387 -0.15749783396820577 0.7513084693903204 -0.08871207057038219
1755702430.697239 4.65763775731775 43.05925992946021 -106.49645875452491 0.6459596661078546 -0.1572567645224049 0.7434558852436928 -0.0726620015571476
1755702431.290804 4.119780964057561 42.97082027148608 -106.57921300220367 0.6506443904037857 -0.15677345538025034 0.7398191335982872 -0.06893192646446598
1755702431.818442 3.549666425878982 42.94199633685925 -106.64752440969309 0.6546430858988339 -0.1795990988514592 0.733203739502279 -0.03998587446174038
1755702432.609862 2.7654860273125634 42.924847524143466 -106.78648287451647 0.6293217563575119 -0.21095633078610304 0.7476027524149631 -0.023273978128630916
1755702433.401305 2.159484386651648 42.93210012538126 -107.00255848569493 0.586587344878158 -0.22256070933567332 0.778212693527883 -0.027695146160871136
1755702434.720357 1.515980867768985 43.017894463798015 -107.48653114325988 0.466372663260946 -0.24593442389356837 0.8490280409192229 -0.034120138333498536
1755702435.841547 0.993767827450383 43.148554128673915 -108.07469823937086 0.35602371280520134 -0.27050750944626345 0.8941044252156044 -0.025496667693114528
1755702436.764888 0.4756407606842842 43.33743125827653 -108.81362828133442 0.28657134676571466 -0.27931907099678527 0.916081287235067 -0.025549852604665572
1755702437.358497 0.1980414147187344 43.47138441568386 -109.31085174388907 0.24113724136699186 -0.28720636977881586 0.926727674142114 -0.023262630193919394
1755702438.018004 -0.06648795192218564 43.62436149142915 -109.88405931025314 0.19927317236384318 -0.2898710201645423 0.9358878187966136 -0.019467538954229577
1755702438.479672 -0.2244074132217197 43.74904700821028 -110.32081616435005 0.16860372835284018 -0.29100596479589147 0.9415829867955211 -0.017600858387011285
1755702439.271123 -0.410695900592922 43.938999401774694 -111.03167425513695 0.1150401617138049 -0.2966203629124131 0.9479263471369842 -0.014756757845256648
1755702440.062554 -0.4728128307443054 44.113256271167955 -111.65325211405774 0.051222776594511084 -0.2944358671363059 0.9541461144223807 -0.01699822444591026
1755702449.625711 -0.5585067731935017 44.31035790514389 -112.3688173599532 0.04482941902594397 -0.2963776021534187 0.9538541660142484 -0.01768813469105266
1755702450.746884 -0.748270710071342 44.77436283373523 -114.00337424401884 0.04899242139272521 -0.29747875754866376 0.9533112757383007 -0.017428224338542315
1755702451.010695 -0.8117821052566836 44.905157155759035 -114.47382444034194 0.04959391552071602 -0.2956018000556864 0.9537909741287972 -0.021042742634983114
1755702451.340453 -0.8840270593247739 45.059116406045746 -115.03523051170967 0.04882236934018763 -0.2970017034279114 0.953411431950585 -0.02032254508825887
1755702451.736256 -0.9640777350008487 45.24198515215032 -115.68244203519053 0.050021437293002104 -0.2960005928389396 0.9536170965199712 -0.02226966714970495
1755702452.065958 -1.0152287470869907 45.39560218690799 -116.24207698015489 0.04852096922635617 -0.29483648002439444 0.9540219536639926 -0.02364904901468087
1755702452.461658 -1.1096175205108518 45.59051051346948 -116.91397022948769 0.0502367433379475 -0.29761320586218454 0.9530509189092033 -0.02442530002995491
1755702452.659513 -1.1540318636196736 45.694036739481085 -117.28570909397875 0.049432809956476934 -0.30068557472945817 0.9521104134190048 -0.02510663475087647
1755702453.055236 -1.22987380451907 45.87914992501823 -117.9557815568927 0.05040648262765945 -0.2940007561424537 0.9540988203208043 -0.026798935785265324
1755702453.384995 -1.3012915638070963 46.03590235979946 -118.51033421307872 0.048951868287341785 -0.2982567270195149 0.9528539242946235 -0.026758892636306757
1755702453.714763 -1.372271833629242 46.19799609472688 -119.08380204719882 0.04912543321664995 -0.29649143044584847 0.9534044656140783 -0.026447087374317016
1755702454.044522 -1.4366367804156484 46.350133713792246 -119.6599368737681 0.04926515753999358 -0.294718795372372 0.9539526942138706 -0.026230385222387992
1755702454.242383 -1.4794522409427704 46.456770812960514 -120.00938860187208 0.04801427589932206 -0.2996405868316368 0.9525098405381528 -0.025202216391397914
1755702454.50623 -1.563248958524128 46.59046560494164 -120.51288960301096 0.04862425810517874 -0.2974897599615121 0.9531771465515982 -0.024266263278796208
1755702454.704065 -1.6024949636227954 46.68441575241558 -120.86247262185492 0.04836079032194714 -0.2947055879641814 0.9539765709345337 -0.02717632223299269
1755702454.967866 -1.6651609803285308 46.81468189378893 -121.32488174579855 0.04682121499161646 -0.29591029719805984 0.9537308528174715 -0.02534423451050273
1755702455.429534 -1.7581105465411762 47.045973068105575 -122.16533994091638 0.04908981728964452 -0.2948377464686666 0.953917560011229 -0.026498713138013927
1755702455.495484 -1.7759753094062871 47.08443833048741 -122.2942395352191 0.049987618369678806 -0.2946126191859842 0.953921267792147 -0.027181932968877207
1755702456.023106 -1.9115287946514226 47.30742080657846 -123.18042831469135 0.0561059907738205 -0.2915804145504491 0.9545965815392435 -0.024048828733779073
1755702456.221176 -1.9702598403020388 47.398651550636174 -123.53839498817989 0.06214496335269761 -0.2908725315812002 0.9544054670930792 -0.025325447365782686
1755702456.748614 -2.1356950350689283 47.6488040935107 -124.45272038570602 0.07613430111710569 -0.28968900357249827 0.9538284723054171 -0.02225072632740602
1755702456.946471 -2.2104404810747003 47.737000063473104 -124.79512654806015 0.08295996578521761 -0.28843656500004433 0.953700612559689 -0.019419929226568378
1755702457.474071 -2.4025999735820482 47.97473565106039 -125.67888248979108 0.0913216307603443 -0.28713166877930685 0.9532903690008626 -0.02128936141552252
1755702457.605978 -2.448154332003089 48.037988831753694 -125.91630812182225 0.08956240201679824 -0.2899053776904466 0.9526191842902942 -0.021216452418706004
1755702458.06777 -2.5920267139490067 48.237256795945434 -126.68484220508613 0.07602084293922229 -0.2861540547490613 0.9549547009167906 -0.019955139348153572
1755702458.52936 -2.7147118501453766 48.44325690629211 -127.47812961512419 0.05622672705696953 -0.28764250022888993 0.9558673016279366 -0.020446244277647938
1755702458.991029 -2.828221149754897 48.631940829565096 -128.22285363898715 0.057921635237638415 -0.2847120682633793 0.9566699596231601 -0.01914969219616491
1755702459.386702 -2.9411517820284456 48.829303828213696 -128.9338622032969 0.06781805578721753 -0.2879385151306754 0.9550473619964267 -0.019407708706851344
1755702459.848397 -3.0893746768376222 49.03457535729742 -129.72241168518022 0.07517862242856595 -0.28621026723846876 0.9550423173750711 -0.01805629197486234
1755702460.046249 -3.159071205237405 49.122253066838816 -130.08826917837015 0.07321499162746538 -0.2837283870042391 0.9559118803397985 -0.01924173677696103
1755702460.310061 -3.216802385813775 49.249269772654614 -130.53542897130794 0.06773892369221488 -0.28781042695036907 0.9550734761042438 -0.02027933918605286
1755702460.639811 -3.2991049246775637 49.391181512763936 -131.09910142973587 0.06326635060551984 -0.28723859236031923 0.9555681164558454 -0.019517549870559214
1755702461.167424 -3.4353651544311123 49.63669153356116 -132.01304511583928 0.05127008310229945 -0.29066460369735686 0.9553059834313243 -0.016611585007219105
1755702461.365282 -3.475792567423245 49.72812433157981 -132.34542588220123 0.04522864359612235 -0.2894838706942776 0.9559714262648251 -0.01649516812613527
1755702461.89291 -3.5430941832459 49.95412690170387 -133.24946711425827 0.02887271124427509 -0.2826554377287625 0.9586143336112724 -0.01818871800822609
1755702462.090931 -3.563649479933448 50.06588970583276 -133.6214242520746 0.024297432523573657 -0.28889949808822374 0.9568445642625257 -0.01987950246842599
1755702462.552439 -3.604857287901501 50.279176347311775 -134.45502086124228 0.010988041263970396 -0.28734940631266775 0.9574377651556871 -0.024950100092419415
1755702462.948147 -3.6430195178823825 50.46455727304401 -135.15376816949697 0.013014301309019732 -0.28147187157244274 0.9591439976422966 -0.02543629811309982
1755702463.409896 -3.6796995738625706 50.687033109881405 -135.97302729725612 0.022425311987413727 -0.29318924459273304 0.9551739650861784 -0.034349216278655434
1755702463.607722 -3.6999445099030406 50.7683510773344 -136.32948744057018 0.027601406527918138 -0.2842823025578059 0.9575373125046542 -0.039294146783929305
1755702463.8715 -3.753835270130646 50.88803647169152 -136.79774383917896 0.0426732377964087 -0.2838708371528273 0.9571474712743596 -0.038276112958646524
1755702464.069396 -3.814338686928538 50.98522263134887 -137.17018083004544 0.06231822596632058 -0.28646882348512615 0.955236698948302 -0.03968502067290983
1755702464.531032 -3.9805575123709094 51.164138224303834 -137.94931085180656 0.0898264643079914 -0.28012457382371425 0.954962488321122 -0.038833945840447456
1755702464.992682 -4.148020016510537 51.35677832362584 -138.7616756666695 0.09152321692458135 -0.27802451430242003 0.9555570302231075 -0.03516578169008386
1755702465.388431 -4.292596592729275 51.51659985987986 -139.47311163134424 0.09286859849821626 -0.2759839735842108 0.9560894423806712 -0.03318505545970988
1755702465.916029 -4.511086121532585 51.74421041633518 -140.4074775755544 0.09308276746004036 -0.278322187867759 0.9555720780996311 -0.027465645793180306
1755702466.047933 -4.573604417526611 51.80890366332524 -140.65958363636688 0.09451491685920949 -0.2782690236758039 0.9554151161156941 -0.0285523528145465
1755702466.377697 -4.682120935470867 51.93399167331409 -141.217551124939 0.09416269906142946 -0.27407937223506024 0.9566973688346586 -0.027276881888205047
1755702466.509684 -4.750099288951012 52.005048921054154 -141.47953840093086 0.09498810886179719 -0.27597850904131127 0.9560285925472178 -0.02867842315016463
1755702466.773414 -4.860285266128075 52.12290000177151 -141.95597824613304 0.09442092887657658 -0.28080457979582035 0.954813057329014 -0.023780279851130084
1755702467.235087 -5.025438166449112 52.32446836133571 -142.79629998446467 0.0833291629509948 -0.2809542054453609 0.9557917314590967 -0.02414852208468738
1755702467.696792 -5.15719985083593 52.52334192324112 -143.62000427260017 0.07173689402838083 -0.2808428088351972 0.9567509224262993 -0.024674018666259165
1755702468.158431 -5.27592734847838 52.726054461509705 -144.4409348027398 0.05882214158193544 -0.28060217048848396 0.9577059359962319 -0.02452993547581933
1755702468.290467 -5.305980833542209 52.78976306940434 -144.68343995556486 0.058181150468695216 -0.2806445000465827 0.9577207950816309 -0.024989937814073892
1755702468.88392 -5.456004643278016 53.0366847304255 -145.7187560894632 0.05440731101026116 -0.28042619154681736 0.9581468864925343 -0.018855755297593972
1755702469.081793 -5.50631919528855 53.12938081921128 -146.07764862423195 0.054328346423549556 -0.2795468781609692 0.9583774257621553 -0.02036377850113833
1755702469.411711 -5.598276765657687 53.26296216322908 -146.67026291301502 0.05654070247548435 -0.27625347141686885 0.9592901519279339 -0.015797876686111666
1755702469.873207 -5.7137936488537155 53.464936351188356 -147.46535144122424 0.058997442502952635 -0.27825335871501833 0.9586171160989052 -0.012148862668586452
1755702470.334857 -5.829816168773291 53.644946024120486 -148.27385519987914 0.05892593148959073 -0.27300991382001605 0.9601102636219147 -0.01347602470793995
1755702470.532824 -5.878277337429774 53.727816769549044 -148.64691140116298 0.05936300289535964 -0.2748379962542405 0.9595331996204425 -0.0153671249215864
1755702470.994394 -5.995921006415651 53.936814120886986 -149.4815501238621 0.0572197696179002 -0.2780606258494425 0.9587620437132504 -0.013547318992417167
1755702471.391356 -6.0987706536825215 54.11043120936285 -150.21218681759703 0.05531447975462247 -0.2749773189176417 0.9597312547125928 -0.015610930085469243
1755702471.851781 -6.20162652838893 54.313898289415775 -151.02034211128765 0.05210951946006868 -0.2765375798946619 0.9595159446557234 -0.011862412869180836
1755702472.379419 -6.319153941216032 54.5255872513789 -151.92380320737772 0.04769551645380374 -0.2749968323282534 0.9602203900455346 -0.008870313434871943
1755702472.577468 -6.375024899927945 54.61152454713896 -152.29190494696235 0.04625167560487453 -0.2743160268177231 0.9604880702475108 -0.008612017585459496
1755702472.841069 -6.435062257137927 54.72760445625498 -152.763912986757 0.04373643537757088 -0.2749546164237593 0.9604272225412722 -0.008162924070733388
1755702473.038936 -6.47425433259329 54.81645287934317 -153.1415313178747 0.04037023061633065 -0.27510438040352336 0.9605340595878538 -0.007883193163627341
1755702473.302737 -6.521764071352907 54.92488107426137 -153.6284018620301 0.03644969839568014 -0.2709893399756336 0.9618738100568316 -0.005913597313699386
1755702473.632521 -6.59014921704577 55.071120487975676 -154.23808242095976 0.03327952286758156 -0.27353900353850563 0.961264718354437 -0.006247251222119553
1755702473.764409 -6.618382315418075 55.13986692375948 -154.5162482619271 0.030651402394397523 -0.27799751667787825 0.9600765305050797 -0.005561279126090196
1755702473.962345 -6.648093129296147 55.2291471816075 -154.899578303432 0.028002165385302598 -0.2741775342789539 0.9612613916757027 -0.004369817403365681
1755702474.489896 -6.722428035833464 55.46332233842748 -155.86053922685835 0.023544958820045776 -0.2745034291265061 0.9612766135248447 -0.006385499366354166
1755702474.819689 -6.762557499977499 55.60551698855532 -156.47197814973555 0.0189637895143097 -0.2759138039977862 0.9609667035881201 -0.007412290179858941
1755702474.951593 -6.764574665045233 55.676005921901 -156.73867339199975 0.01674856525939663 -0.27665732866162096 0.9607736412398316 -0.009706614153393004
1755702475.413225 -6.784894039148532 55.87873934758258 -157.57667318079325 0.007242986421770082 -0.276222036431507 0.9609566889064044 -0.014531613240282711
1755702475.874901 -6.7941879918191885 56.09801726316823 -158.4573019073897 0.0034596770390220685 -0.2793817282733667 0.9599805254572931 -0.01926840119241105
1755702476.402527 -6.840348076075201 56.29693260232693 -159.3456482950021 0.017624876029243407 -0.2697898251623173 0.9625358011488045 -0.020679591163003042
1755702476.600405 -6.885049842432214 56.36803431873264 -159.69707600390916 0.028794536744647263 -0.27173897444964545 0.9617217853138347 -0.0204941960439142
1755702477.062049 -6.982127571397209 56.544058803825166 -160.46148440439478 0.04154879310114764 -0.27201542800568773 0.9612468672703738 -0.01690458167518699
1755702477.194039 -7.011588399619355 56.603761963467235 -160.7161541800106 0.04117590711412908 -0.26963351699219335 0.9619560913692534 -0.01558170290237474
1755702477.391805 -7.058881424445128 56.683047869534015 -161.07826196336163 0.042873387584530825 -0.2654113388209836 0.9630328225310042 -0.01692561934603765
1755702478.051553 -7.209462484756813 56.95377430115772 -162.2287895366156 0.043542537419853124 -0.27288053220938957 0.960963546224284 -0.013759556831864089
1755702478.249206 -7.252739518851549 57.04717503579139 -162.6231616858899 0.044461174680173805 -0.27307724957482304 0.9608554985233345 -0.01444751425619752
1755702478.71087 -7.3496796506950375 57.23275021481673 -163.45428605678796 0.04619035341270563 -0.26911488885882634 0.9618798406014277 -0.015192106196403595
1755702478.842765 -7.381346493463901 57.28461338361837 -163.6980794126828 0.046381665607534914 -0.26858998547426505 0.9620022608376918 -0.016118651977584334
1755702479.172535 -7.449842945337255 57.42267755254862 -164.26376084245467 0.04647517024105917 -0.27499726124497037 0.9601762344968837 -0.01667823630410231
1755702479.634208 -7.562284529482424 57.616083691229335 -165.09125595388775 0.04584098499852169 -0.2648812006782132 0.9630792884474371 -0.014657345776491276
1755702480.095912 -7.667644707548848 57.79745983583133 -165.90137963958045 0.04568982107312672 -0.2667989640408356 0.9625925574662847 -0.012096336121321254
1755702480.557583 -7.773539491826504 57.99108182527333 -166.72089958562228 0.048199157930902035 -0.27090304073695 0.9613004427691778 -0.013778331757107262
1755702481.019225 -7.8758498143650835 58.16861981738808 -167.54789610062826 0.049883410757056115 -0.26772378102562133 0.9620378572545327 -0.017854512418306816
1755702481.348983 -7.945381841356316 58.29896801003262 -168.13503568641974 0.0505439700622761 -0.2705906262079079 0.961103891496867 -0.02247954288535027
1755702481.744687 -7.994257268312132 58.4489918519548 -168.83058085908453 0.047579879666934735 -0.27155202832429126 0.960827431243613 -0.0283953928242456
1755702482.140403 -8.077488940357359 58.60919435823557 -169.51225421522338 0.04281386009371731 -0.27472288733277106 0.9599843190683786 -0.03353230833454228
1755702482.733976 -8.167927500481419 58.82213020429659 -170.50875713625845 0.038733856757026924 -0.27156607994047166 0.960961355363503 -0.03612237622901838
1755702482.997792 -8.206785961951327 58.93121868314809 -170.98342741582923 0.03571349044034759 -0.2760725057821956 0.9597900196532285 -0.0362165200669799
1755702483.459486 -8.271241638281209 59.11530881815789 -171.8038289497852 0.036584772978637894 -0.27224216675272916 0.9605899879551344 -0.042575016949329025
1755702483.78924 -8.311030683308744 59.239002054361 -172.38959861787654 0.034408910717717456 -0.2702489985692693 0.9613343697542621 -0.04022107861187744
1755702484.184941 -8.379673133639024 59.39168222150662 -173.07641975107109 0.03196934337158568 -0.27571598317273016 0.9600165857287791 -0.036425442113200285
1755702484.712562 -8.438298808385273 59.576357006265525 -173.9640293817818 0.027800827479030926 -0.2653016021955478 0.9631824734708864 -0.0334917402125027
1755702484.976378 -8.47653641759342 59.68047642029822 -174.4502861223639 0.027233648519618535 -0.2665886164825839 0.9628209160928117 -0.034128016121807936
1755702485.174263 -8.496135841883696 59.77026822756798 -174.83141179724112 0.02815427771551801 -0.26792121062013846 0.9624445959071491 -0.03355534764059548
1755702485.438047 -8.54031775226604 59.87493696507147 -175.32806602046446 0.02648467859795847 -0.27066868519502113 0.961768493787766 -0.03222404399781862
1755702485.767816 -8.589636186627635 59.9939455389495 -175.91796462469534 0.02658418956438241 -0.26965191051217974 0.9621445679561397 -0.029307991654664387
1755702485.899739 -8.607949566165642 60.0367347852891 -176.19086952781382 0.02502483736985617 -0.2617342328188292 0.964231378475702 -0.033567806723090926
1755702486.295433 -8.66829484495264 60.200629335271685 -176.91923739471088 0.02615355098343108 -0.2713739827238963 0.9615989764944131 -0.03161584533781931
1755702486.493298 -8.684626402559823 60.26512736071742 -177.28445163263166 0.025398049507477358 -0.26407474283471716 0.9634950758510922 -0.036009833222214425
1755702486.691227 -8.71814735505433 60.3351044305527 -177.66520205756254 0.02306785905388416 -0.25804116338819305 0.9652394880652374 -0.034574015611386795
1755702487.152819 -8.753139781466526 60.51632388228058 -178.48474612867514 0.024902018420551116 -0.26308772693982574 0.9635500778966716 -0.04166515087619824
1755702487.548679 -8.78899468439886 60.658727686367705 -179.20486797365004 0.023912019023108567 -0.26016080359419896 0.9641244316377299 -0.04699629707416822
1755702488.01021 -8.829965313238358 60.82363607521128 -180.03196246900387 0.024830761878499395 -0.25912759307774674 0.9642998882409703 -0.04860091880529723
1755702488.471884 -8.883114110246757 60.981328170724545 -180.81708010056727 0.02330016610073694 -0.2630194988334403 0.9634489991586253 -0.04520919722055656
1755702488.933578 -8.915239697468557 61.13348301217155 -181.6199507394416 0.027257805915545767 -0.2529643622086894 0.9657285825488346 -0.051325902985142405
1755702489.263323 -8.96707274124257 61.267754932569815 -182.21134230631182 0.03117428684390646 -0.2687876468665736 0.9614036016638486 -0.049844552756383186
1755702489.725003 -9.039497569305027 61.45050069844958 -183.01543373777847 0.027236634951097752 -0.271810789478446 0.9610390754568202 -0.04220137301966341
1755702489.988796 -9.090192448686084 61.5222218094331 -183.46275592501024 0.02569973027348365 -0.2607894549915937 0.9644697255906859 -0.033563856275536014
1755702490.252608 -9.094441541698744 61.5969796407725 -183.92433844427563 0.02659832287634935 -0.25237015855734035 0.9667580548220557 -0.031316061798757136
1755702490.450462 -9.130961309847406 61.68404324908735 -184.2908359104683 0.02417721907760947 -0.2620199849269504 0.9642824870957978 -0.03033602902320201
1755702490.978089 -9.19913093055502 61.85732502486147 -185.17790213223302 0.03143306060779545 -0.25712701549462524 0.9652994822780687 -0.0330842880737359
1755702491.175944 -9.222427705047943 61.93708909838162 -185.55159960050474 0.031354077113659215 -0.26564028643638415 0.9629557166349234 -0.03418256676242572
1755702491.637626 -9.277453515295608 62.08481046667972 -186.36571782817805 0.03443286375706539 -0.25910817130353375 0.9645669517878047 -0.035887727373138736
1755702491.967375 -9.323013978650797 62.200061556074814 -186.93538832493363 0.03404969804246325 -0.2594038608719016 0.9643895262875734 -0.03876978997619413
1755702492.429046 -9.377409213338051 62.35578978927244 -187.72687231142677 0.03937440637614125 -0.25806879877357 0.9642169509353855 -0.046214962414369086
1755702492.956698 -9.44608866525424 62.53040077677545 -188.63522256592907 0.04084848637173892 -0.2571749170138556 0.9642727745862912 -0.04868756937566269
1755702493.220481 -9.50704382123709 62.627848183899374 -189.09215322093155 0.04045187467844541 -0.2605012517402518 0.963565477401499 -0.04521409555418009
1755702493.418333 -9.535200573611808 62.69622120933768 -189.4325510613419 0.038898122043948054 -0.26280022454054125 0.9631432086932531 -0.042167969253448664
1755702493.945965 -9.618134356166765 62.85781614116981 -190.30893868872116 0.03799516029525062 -0.2566661721016054 0.9652277542348646 -0.03184692053507183
1755702494.077862 -9.640779967720766 62.91590299277629 -190.58387579106616 0.03840728266347319 -0.2565683283990713 0.9652256437135027 -0.03220295357212968
1755702494.539528 -9.704107761147094 63.055477649176794 -191.3480255701667 0.03895922880827888 -0.25428964108620056 0.9658842679073397 -0.02977478691809325
1755702495.001205 -9.775179599775026 63.19630532026806 -192.12929673550508 0.03983124189824576 -0.25143786281851677 0.9666512826671525 -0.027888546538841954
1755702495.594774 -9.865008799333175 63.395560726105444 -193.161469600866 0.031009331987875862 -0.25532892875262575 0.9657760462537176 -0.033499073931070156
1755702495.726689 -9.871247584074546 63.44614040314463 -193.42735538136026 0.021806412003881472 -0.2548552083437923 0.966084876440465 -0.035402184799397045
1755702496.188353 -9.858003512270612 63.60611147609388 -194.24164978116394 -0.004415489678895418 -0.2539907096730481 0.966412788069877 -0.03893001291656802
1755702496.518115 -9.831499333342036 63.71251875253154 -194.81562108772226 -0.01691990248310734 -0.25058136927948615 0.9670690933443873 -0.04123181984880742
1755702496.847923 -9.807704591002228 63.83361232046388 -195.40753339581147 -0.028976291937226496 -0.253951464672959 0.9658307606170491 -0.042894870811322705
1755702497.309552 -9.76891950355825 63.98660056144527 -196.22724173872314 -0.03880884198111703 -0.2513731282292605 0.9662712329426101 -0.04031536401781137
1755702497.441448 -9.741971228377675 64.0504409296246 -196.49255425703316 -0.039587764529460646 -0.2555797605559871 0.9651649848388617 -0.0396023602163329
1755702497.903135 -9.709749266363 64.16356903618505 -197.1129455732464 -0.04516552061461319 -0.25177945766233817 0.9659304314441496 -0.03931389139971892
1755702498.298844 -9.670624987240263 64.2391989253879 -197.47720070420957 -0.04860870659026698 -0.2551091282755833 0.9650198170168848 -0.0359621895717103
1755702499.156259 -9.59994608506616 64.3748005378669 -198.22948425287296 -0.04896137331709143 -0.25188066736635517 0.9659009261857038 -0.03455885014845835
1755702499.815748 -9.557993698307657 64.4929866613282 -198.81516182004515 -0.04906815233136192 -0.2526347395224965 0.9656117123749172 -0.03690563287042966
1755702500.673145 -9.502408004097308 64.6243939703074 -199.55780419783252 -0.04475794345604757 -0.24860289033636943 0.9669526575457994 -0.034581606080462596
1755702501.530536 -9.440452563815125 64.77829748148788 -200.34399338885598 -0.04000916043443555 -0.2521917042039091 0.9662694234116113 -0.0334964593927759
1755702502.519818 -9.405658390865653 64.94197951393068 -201.21070164917182 -0.03180929608424341 -0.2481710881562358 0.9677814727264983 -0.028254216204042518
1755702503.377208 -9.397669584751611 65.08538075415152 -201.97999679289475 -0.017746330945991127 -0.2511821987893731 0.9674782807390871 -0.02404884711230897
1755702504.168648 -9.386228411166604 65.22661896093437 -202.7364489122372 0.002056438303535362 -0.2461347205356012 0.9687444852771412 -0.03078299292615965
1755702504.76221 -9.435914552024174 65.33477287687066 -203.2741316097177 0.009305361195978858 -0.2584158312379216 0.9656911979031688 -0.023982883708371584
1755702505.619622 -9.466686848113138 65.48473466784807 -204.03332703468973 0.013492875751138594 -0.25485923921539494 0.9664628519070436 -0.02853535305929048
1755702506.476985 -9.459789245687507 65.5870627379827 -204.7099725669681 -0.01047191926194241 -0.24060910274884376 0.9700301617390817 -0.03223482430258676
1755702507.400337 -9.365949258404843 65.7529016339351 -205.46597502686978 -0.04909943338166039 -0.2561276617779473 0.9648721523771692 -0.03177414170060536
1755702508.25771 -9.3057510779425 65.88206435503973 -206.23558591545554 -0.05302740338477352 -0.24918880901993465 0.9664169525453803 -0.03363488936201948
1755702509.181282 -9.220439229236328 66.04977038993736 -207.05357728580717 -0.05895249614981564 -0.2576719552813053 0.9639564866069585 -0.030292880146719114
1755702509.906597 -9.15108654328457 66.18360461634997 -207.70187077335538 -0.06144896463718753 -0.2526086544806179 0.9652271774993316 -0.027374956496460406
1755702510.697984 -9.051372600379699 66.31822671257916 -208.42243958211228 -0.06432373350605601 -0.24391178490374524 0.9672166592754277 -0.029350170578589758
1755702511.62133 -8.94743423114271 66.48882157485254 -209.27255047925553 -0.06934642984086911 -0.25300843487227137 0.9644917673033371 -0.030552174323514657
1755702512.478686 -8.832323880880153 66.63138554296349 -210.03866087159 -0.07380924436072094 -0.24858024925882496 0.9652205786992188 -0.033305999172297394
1755702513.336114 -8.719731924335004 66.77355273993658 -210.81859861395188 -0.07361434761652569 -0.2467479528982295 0.9655371186522278 -0.03787410817801774
1755702513.995604 -8.644144565509919 66.89568022179898 -211.40952900823808 -0.07488661947989175 -0.25287777459026184 0.9637502592424182 -0.04037651732532566
1755702514.721093 -8.540895722450387 67.03455072871208 -212.0961884209181 -0.07340227928150773 -0.25018550241071397 0.9645826202423106 -0.03999610613868049
1755702515.446564 -8.454102580413695 67.15368807796199 -212.74602408357146 -0.0742869674687692 -0.24619438760591206 0.965509876039968 -0.040748610343540506
1755702516.435896 -8.336176705224391 67.33152778238102 -213.64429101856453 -0.07217398481280587 -0.2523225353726157 0.964010701674725 -0.04251612771619807
1755702517.029431 -8.245818993022603 67.4369370965385 -214.2010372167882 -0.07159113262366458 -0.25175425844397836 0.9644109773046696 -0.0374962656705355
1755702517.886819 -8.164582494794953 67.58939077490503 -214.97347128983338 -0.06736095420478533 -0.2473817256803844 0.9657929908463163 -0.03884176206279888
1755702518.480424 -8.077910457543627 67.68245752545404 -215.51596842500064 -0.0659387945613849 -0.2455204650424035 0.9663446260583428 -0.03936801119329201
1755702519.403727 -7.976030001051504 67.85415934863671 -216.37084051233535 -0.06245280494524391 -0.2482620506209272 0.9659871618756303 -0.03652950133013691
1755702520.393054 -7.8625899453629815 68.01465798509108 -217.26410697873388 -0.0568538135731277 -0.24687931288019418 0.966372923274971 -0.04406383908583254
1755702521.184452 -7.780893890913549 68.1734263492838 -218.0202107746853 -0.057616527125230514 -0.2503148273962159 0.9655417036592878 -0.04185739459582038
1755702522.1078 -7.7086357485944195 68.30544899848766 -218.85390422255534 -0.05720096911723283 -0.2451195561840387 0.9670522817981217 -0.038135765066866376
1755702522.701369 -7.643375057126286 68.41214813162779 -219.4257915636933 -0.0555249615613495 -0.2456589818574377 0.9669514437031014 -0.039667982011513586
1755702523.624707 -7.5630435515300665 68.55279190552173 -220.27562885669036 -0.05301496404649507 -0.24344630402083356 0.9677168676044235 -0.038044379343435956
1755702524.218284 -7.520645261347338 68.65081331357706 -220.83427252585588 -0.054716421364976384 -0.2471619278064395 0.9667690551950258 -0.03570278131087227
1755702524.811863 -7.470953944678598 68.74417542562719 -221.36389191198046 -0.05430385869789959 -0.2421485346616763 0.9680675316075089 -0.035502568062979856
1755702525.73521 -7.355628637054572 68.87681470200954 -222.1933535804127 -0.06809826197210558 -0.237492893053001 0.9682002203159744 -0.03934572207741038
1755702526.59259 -7.2285682976372865 69.02337016849012 -222.97472654892343 -0.07818957464737475 -0.24091506832297435 0.9664209813773256 -0.04332213089272356
1755702527.384017 -7.117844608038186 69.14798891415678 -223.6943130877168 -0.08413497333250605 -0.23831465768648502 0.9664980144036225 -0.04482207433806792
1755702528.241401 -6.977074150079891 69.28774685148626 -224.4706431083695 -0.09198388368205303 -0.2407257040591214 0.9651605803711883 -0.04533381349013075
1755702529.098819 -6.815602556717023 69.42595670052278 -225.2385811291535 -0.09916376252586726 -0.24224101996354708 0.9641487402078237 -0.043623883417231286
1755702530.088121 -6.605726560549452 69.58214348804222 -226.1397190318313 -0.1044306791253835 -0.2396225885230556 0.9642765352017578 -0.04296524160544908
1755702530.813817 -6.472913397504803 69.70005731752107 -226.8094427082016 -0.10819328932961694 -0.2403428484747021 0.9638488610405617 -0.03904997313592253
1755702531.473123 -6.333999270049612 69.8086010765632 -227.41703959445036 -0.11033865491872542 -0.24087273654031285 0.9634203742543378 -0.04033470582437896
1755702532.066686 -6.223427466156211 69.915763101575 -227.9910535489135 -0.11341128069903617 -0.2382384299644107 0.9638014667737655 -0.03830227856192065
1755702533.055965 -6.026489350874312 70.08325782596741 -228.88510278902962 -0.11925706655351419 -0.2408520954260205 0.9624262760015231 -0.03877735766895549
1755702533.979303 -5.8280650451778255 70.23626011369456 -229.75615848516352 -0.12129228961493797 -0.23999773772034855 0.9626300060582569 -0.032136238195546375
1755702534.572891 -5.704938061241546 70.33896830045641 -230.30512567179042 -0.12081152840993573 -0.24328988538421933 0.961845748382527 -0.03267051562870508
1755702535.496283 -5.4782911075153695 70.47607532084399 -231.14660214169882 -0.12461093369824391 -0.240777290241419 0.9620486751635634 -0.03099610173688984
1755702536.155823 -5.324737826946965 70.59209369378985 -231.76505392727896 -0.12478232875649549 -0.24175434907481386 0.9617687908275173 -0.031384679760901375
1755702536.749317 -5.1772804598277355 70.68638120192104 -232.31705548103776 -0.1258878862323817 -0.24301453039494664 0.9613724988416171 -0.029310349501353326
1755702537.474815 -5.005206712132567 70.81265657853933 -232.98397475279216 -0.12587685688779254 -0.24357397478420073 0.9611740560012999 -0.03116359699851437
1755702538.200276 -4.851718833378391 70.93136933449937 -233.64974798696997 -0.12685577602070625 -0.24408522194221197 0.9609441121078696 -0.030272593625649307
1755702538.793873 -4.706356226713092 71.0337584915589 -234.19387805524008 -0.12779012768123518 -0.24134592395522358 0.9615927815604085 -0.02758895989937517
1755702539.717186 -4.49958304538538 71.18591795125137 -235.04313328505887 -0.1262511442546999 -0.24133884535422098 0.9618370981038629 -0.026184098392163124
1755702540.310763 -4.346432529491813 71.28102712611533 -235.61074172900317 -0.12403609757837768 -0.24161529763807119 0.9620763146734481 -0.025421628373289984
1755702541.234106 -4.145743472205183 71.43385427756263 -236.45929544053357 -0.11572908276425346 -0.24217180278449327 0.9629903181971252 -0.024682876600039788
1755702541.959672 -4.010543293594562 71.55137821565077 -237.11625410917597 -0.10889394367065476 -0.24285359031329318 0.9636156902177913 -0.02467882229534523
1755702542.948879 -3.8339639215214065 71.71168016265456 -238.0313282374975 -0.10523160705492812 -0.24060583690382192 0.964595400662043 -0.024307470993117326
1755702543.740391 -3.6721066809557756 71.85227553830934 -238.78648415802573 -0.1031128494689105 -0.24214526451028673 0.9644209514432285 -0.025012788068966188
1755702544.465817 -3.541046173079385 71.96088374605435 -239.43906236890905 -0.10519332394019468 -0.23993266807736313 0.9648004045948546 -0.022953402390408224
1755702545.257229 -3.3713321071859514 72.0878558901228 -240.16889721340408 -0.1097571993968841 -0.2403674831762305 0.9641588766676894 -0.023968536771705205
1755702545.850799 -3.2636776433513557 72.18384862769261 -240.72463427306644 -0.11334884588799818 -0.24124070410209475 0.9635642529712901 -0.0223358952375738
1755702546.840195 -3.0384670413972987 72.35589227123963 -241.64987721782344 -0.12008483477301317 -0.24282964614237348 0.9622475917110968 -0.026324278871453666
1755702547.499632 -2.8784748513716467 72.47104100957046 -242.27731515520665 -0.12418129953234215 -0.24729014753556522 0.9606181892231664 -0.025284032746022606
1755702548.159182 -2.7267249895402346 72.57530222908669 -242.89072845842435 -0.12893811111501172 -0.24022128549171687 0.9617591842923191 -0.026229161789372058
1755702548.88466 -2.5341486027370204 72.69773844241644 -243.5601495608189 -0.1334618021227166 -0.24786980463211752 0.9591866179477077 -0.026637178451015948
1755702549.610211 -2.3577947161726613 72.81178086627308 -244.2121808741645 -0.14057179613864376 -0.24341933356516238 0.9594063721450373 -0.022934935459814534
1755702550.533451 -2.0901920442532758 72.97627178982924 -245.04624932329537 -0.15567528605535227 -0.24502681747814872 0.956649266812836 -0.02343596242055196
1755702551.258949 -1.8702039082454622 73.09915723727208 -245.68442440868688 -0.1652630480156949 -0.24210153037127916 0.9557191554502289 -0.0259974971477641
1755702551.984489 -1.6357825836494144 73.21520448375846 -246.34804864051983 -0.16975519730001193 -0.24030692951492874 0.9553999923848923 -0.02542847159561302
1755702552.775842 -1.3602561688085335 73.36154693798845 -247.10523632847992 -0.17241803062850283 -0.24737544718223603 0.9530390639888198 -0.02817717794407267
1755702553.501336 -1.1060048738521668 73.4725347175559 -247.77677845487426 -0.17633840884522198 -0.24269852651659124 0.9535941721055425 -0.025697192822480563
1755702554.358717 -0.818206837698355 73.63861513959141 -248.5948439927337 -0.17673931882951208 -0.2453956436533451 0.952764921174143 -0.02798564338494699
1755702555.084203 -0.5935465479446858 73.76423599554245 -249.25835129256154 -0.17240213699946455 -0.24373337584081 0.9540389785191282 -0.02609927442360378
1755702555.809912 -0.38728022740512313 73.89181530299022 -249.95279695525753 -0.156541324381701 -0.24549677525560354 0.956338148397395 -0.025367164204237597
1755702556.53528 -0.20504876991095874 74.00975982369445 -250.62072958067242 -0.14608017609585902 -0.24561550388254638 0.958021727807421 -0.02297771644897357
1755702557.326592 0.009765237023242657 74.15033482779484 -251.3824039835937 -0.14417881793562637 -0.24582261535698455 0.958246199835301 -0.023407920431810485
1755702558.052142 0.19168584490884585 74.27372097599512 -252.07028937660567 -0.14352623892032865 -0.2463424571708593 0.9582996020146417 -0.01942898131625608
1755702558.711602 0.36646961870407996 74.39778542990179 -252.6808819409309 -0.14510413838103686 -0.24743560112348822 0.957745383133387 -0.02107589637564218
1755702559.437115 0.564972317693519 74.5218105871449 -253.38601370945798 -0.1460114529448724 -0.2466627247174686 0.9578468925077558 -0.019169933675351865
1755702560.162655 0.7614333534608013 74.65175741269817 -254.05552656353274 -0.14493586490680688 -0.24862929319279356 0.9574851040559731 -0.019983621821136936
1755702560.888067 0.9703562860647627 74.78421562500839 -254.74763085667382 -0.14452817613896468 -0.2491378860415341 0.9574092346901729 -0.020235547204788856
1755702561.613518 1.153765731182572 74.91603545980631 -255.42782272056053 -0.14395783362475412 -0.2465016269942589 0.9581706600749246 -0.02054449315106947
1755702562.339003 1.4098720326946825 75.07201573208101 -256.31369739845115 -0.1434653350386406 -0.24630423504922913 0.9583562271928215 -0.017471784104827928
1755702562.800742 1.6206763303643315 75.23066696913017 -257.0526051715055 -0.14484119426328013 -0.252789497568252 0.9564730532310334 -0.016667237518026266
1755702563.262345 1.818017066572212 75.36503830658086 -257.7521063082311 -0.14483229484145044 -0.25088379010256207 0.9570377664679959 -0.012635022306381131
1755702563.724028 2.0203948155627116 75.50523204383721 -258.4893487212158 -0.14578671272541321 -0.24935600829188734 0.9573125523471907 -0.0109769139543515
1755702564.251657 2.280114029071696 75.70746107832981 -259.46411215911746 -0.14622407032801976 -0.2552631784434979 0.9557143852185833 -0.008321350485030082
1755702564.581401 2.4496338731090295 75.82322175944753 -260.0521771655694 -0.14522802061747242 -0.25467635467383426 0.9560417412249421 -0.005741553200912789
1755702564.977116 2.647806582204616 75.95913596975606 -260.74244940380095 -0.1440128771672295 -0.2532721911998899 0.9566033468575514 -0.004850273781354443
1755702565.372852 2.8517690749957914 76.09555254817101 -261.4466350899467 -0.14564569604056488 -0.25239593327129933 0.9565880501959555 -0.004788143196412177
1755702565.834499 3.0681209521359287 76.23673028393539 -262.1690929017517 -0.14472097461601371 -0.25412679614547157 0.9562347343097509 -0.00951545514355282
1755702566.296166 3.2776968703367033 76.37618889742816 -262.9004629088638 -0.14449372032813895 -0.25349896012554124 0.9564268228977207 -0.010371810004759098
1755702566.691916 3.4596066787613626 76.50264711891452 -263.5460514389955 -0.14469316191785045 -0.25098201316881746 0.9570727283610013 -0.009149349024449561
1755702567.153574 3.6887872768041925 76.64948507005451 -264.3221926249452 -0.14441456303118433 -0.25131789163141294 0.9570155801868615 -0.010243564323914357
1755702567.615237 3.914645266336631 76.80948255344862 -265.1203531973522 -0.1464796926859358 -0.24867261377578934 0.9573836703727299 -0.011051628485931827
1755702568.010939 4.1138818958198735 76.93742847378086 -265.80844729476155 -0.14432696237146875 -0.24464357099479841 0.9587461442890179 -0.011184002614424114
1755702568.472607 4.327052276806026 77.10078661743279 -266.5977131983633 -0.1431435852529578 -0.2515363796723023 0.9570617473483899 -0.01649774120076804
1755702568.934362 4.542400707458597 77.25043096156104 -267.3886018538898 -0.14471280081515497 -0.25073214112309405 0.9570424023883988 -0.016169066723356915
1755702569.329993 4.737023730200126 77.39069155670444 -268.11116450882844 -0.14613964658315498 -0.24918236044421577 0.9572334941116623 -0.015981010317806642
1755702569.659798 4.908052503069975 77.50870652625692 -268.7094596858416 -0.14429304424533956 -0.24930502522580977 0.9574753135842707 -0.01635682292724272
1755702570.187393 5.151368323421669 77.69285033731659 -269.64534177780774 -0.14440754870793202 -0.2513947965362962 0.9568789749902638 -0.01815883730371521
1755702570.649061 5.406178863559059 77.84746440787478 -270.48243813007997 -0.1441825499518423 -0.24774937259861968 0.9578401378692071 -0.019336777215271918
1755702571.110725 5.617485894876355 78.01371990232832 -271.29170979115565 -0.14473726340337487 -0.2537650885784342 0.9562352231678349 -0.016389093154975595
1755702571.440484 5.80406242947536 78.13328501171823 -271.8866480667639 -0.14551063170519848 -0.2515457701289339 0.9566606897740548 -0.018753832462332157
1755702571.836207 5.996422326459827 78.27910507349168 -272.59368722197536 -0.1464576070806827 -0.2555634842612091 0.955512704626896 -0.015262573081405034
1755702572.16596 6.162616085764404 78.39733998949364 -273.20833408486106 -0.14597388942941691 -0.2523890786984595 0.9564073413148464 -0.01662450112508547
1755702572.561682 6.390038741896121 78.5465651785754 -273.9384153546769 -0.14277947323612517 -0.2557201452590785 0.9559567225452177 -0.019182647150386617
1755702573.023378 6.619590958039754 78.7189736297672 -274.77937337986424 -0.14208700052649012 -0.25587780102213004 0.9559655574049523 -0.0216261018425273
1755702573.41911 6.8181153908855565 78.86312216183234 -275.49489012962516 -0.14253239639862314 -0.24984768938008636 0.9575169483229354 -0.020541221059874503
1755702573.748848 6.993354603394018 78.98365412279355 -276.09462631162666 -0.1423285644831056 -0.2530480994710227 0.9566335359696426 -0.023696348758833835
1755702574.012664 7.128877237956693 79.08575954237874 -276.58710959740847 -0.14248145210853005 -0.25400898902073754 0.9563812409598467 -0.02265813853367591
1755702574.804142 7.514912616739754 79.37348980678581 -278.02444919172405 -0.14391716368598662 -0.2513541338461483 0.9569162290758734 -0.02050072989540492
1755702575.199828 7.711923191650362 79.51908797395953 -278.7359361305558 -0.14450832910350034 -0.25148614734525293 0.95679579238204 -0.02034384902569738
1755702575.595516 7.924273958229988 79.6667012559256 -279.4517055954348 -0.14408965929433043 -0.2561374101204229 0.9556573974681549 -0.018727943977887067
1755702575.925279 8.087335482614135 79.78601938402167 -280.05768870374317 -0.1467890197795681 -0.25177614258185277 0.9563960412623703 -0.01919296632681711
1755702576.255064 8.237217286203622 79.90392707703445 -280.64044344980675 -0.147246788916403 -0.253351621904742 0.9559474328009185 -0.0172001323651426
1755702576.716743 8.48897439928934 80.0813011687347 -281.4363341027075 -0.14620058563818145 -0.25824577539032584 0.9547040893958224 -0.021785544358488732
1755702577.046476 8.660979957277306 80.18719668740259 -282.03596880969866 -0.14592747602287612 -0.2489212980406871 0.9572730418062024 -0.019279070372633024
1755702577.574095 8.913442605714474 80.37963525090575 -282.93156659883573 -0.14606649478846265 -0.25640045741396106 0.9551896216177368 -0.02315537285142315
1755702577.903886 9.082801569830375 80.50598959363604 -283.5159620836388 -0.14434727892356036 -0.25866577099034593 0.954773199418543 -0.025768578878411635
1755702578.233665 9.246918121245516 80.60577515493061 -284.0740839132514 -0.14440842183334154 -0.24840443198387366 0.9574799677231928 -0.025952982163260127
1755702578.629498 9.439562335640188 80.7565513453662 -284.7527909303498 -0.14137558203893694 -0.25983538665429473 0.9548373710179866 -0.02800199194387273
1755702579.09102 9.657715132885393 80.90546921719094 -285.4994994154676 -0.1423717406094119 -0.2499809988494607 0.9573023286956421 -0.028496300882274447
1755702579.420797 9.812275911894336 81.02288944184505 -286.06135675454834 -0.1399939033021098 -0.2554088483318293 0.9562482648136575 -0.027518780367549137
1755702579.816494 9.98573830808089 81.16188394451027 -286.7181167076189 -0.13953675769608534 -0.25320680023882886 0.95679681252553 -0.03091389825731573
1755702580.146297 10.141341149501276 81.26888481352735 -287.281878726416 -0.14072218167598036 -0.24969898662177037 0.95760895485418 -0.02885781085769655
1755702580.60793 10.331935880403895 81.44254727522055 -288.0215384467285 -0.13928823131537502 -0.2680912892685561 0.9526465333830154 -0.03450263277898172
1755702580.937699 10.450809570535244 81.51671156742067 -288.4180205218654 -0.14090292316813635 -0.2618938756517225 0.954187559904153 -0.03292513725032442
1755702581.201523 10.523254868980086 81.56008946285611 -288.67344271127797 -0.1402973790491264 -0.2519853042863827 0.9569112384253814 -0.033777709082289095
1755702581.926992 10.697008732008099 81.67199561487918 -289.2878271402953 -0.1410969263397255 -0.24683219226167055 0.9581852585195786 -0.03235021787481574
1755702582.586518 10.858998447293509 81.78379659707075 -289.86058673488895 -0.1405459616948203 -0.24926521922570627 0.9577012484616804 -0.030364483044794822
1755702583.311991 11.041610162637623 81.90964972514753 -290.4784840782203 -0.13828153837006124 -0.2512564077397119 0.9574515334519574 -0.03217133516408999
1755702584.037512 11.210246423690586 82.02514466928947 -291.1079644959765 -0.13900821952227213 -0.2464409540000732 0.9587312031188294 -0.027893570282478304
1755702584.631047 11.355529735195013 82.13522741112304 -291.639769657609 -0.1367779584847187 -0.2492611845188912 0.9583429678558896 -0.027192056306156304
1755702585.290573 11.51950505135353 82.25376374609377 -292.2490195846492 -0.13558399633305057 -0.2539933613646076 0.9572312800834477 -0.028506643977697903
1755702586.016078 11.691382047292668 82.37441968314884 -292.9100064535531 -0.13543916942294779 -0.25087320475642044 0.9580660390718869 -0.028780745271290452
1755702586.741537 11.875979741536119 82.51280926296256 -293.60699278681204 -0.13416263483367616 -0.2533639408832329 0.957596925369395 -0.02855222228977713
1755702587.532975 12.065638351628367 82.66221945167275 -294.35791754079366 -0.13135432756210705 -0.2521661745362934 0.9582707665349022 -0.029587143408059735
1755702588.258454 12.257565278532416 82.80384450449502 -295.05274400539594 -0.12862415627543602 -0.25114038688226165 0.9588586781071113 -0.03121486693457349
1755702589.115861 12.460889991471033 82.97792265548783 -295.89084456828294 -0.12812204657326928 -0.2549986838964404 0.9579091070842753 -0.031153731044075105
1755702589.907316 12.653754911740366 83.12432834837817 -296.65543956126294 -0.12645665104656828 -0.2480422017927703 0.9599408134115526 -0.03158189802161818
1755702590.500852 12.80064553840327 83.24169178407888 -297.2273264379855 -0.12541824774337348 -0.24985449428098186 0.9595315709766786 -0.03379584470913354
1755702591.292316 12.975898362679551 83.37827170416698 -297.98240377930915 -0.1233325728245019 -0.24576510062734447 0.9610290360663839 -0.02849181692060139
1755702592.017765 13.138449320246865 83.5198479075877 -298.6931594628856 -0.12156504647628279 -0.25084484149696457 0.9600374900023909 -0.025036428648896308
1755702592.743243 13.311503837335575 83.65615911940088 -299.39159947896627 -0.11806469189222686 -0.24989945630948476 0.9606504249952864 -0.027599840959562964
1755702593.468722 13.468450818715889 83.78281445934843 -300.0825990304153 -0.11689531940448172 -0.24831326412433827 0.9612535317925238 -0.025839016576492353
1755702594.194205 13.625365254482384 83.91814937582721 -300.79628626480996 -0.11729602095868341 -0.24733149120084916 0.9615331544044268 -0.022864162103545155
1755702595.051589 13.803044299492873 84.07712470286918 -301.62068147342865 -0.11548337260123871 -0.25270353502806897 0.960353017243217 -0.022947686349836648
1755702595.645168 13.921517482120558 84.18254473977044 -302.17993969260175 -0.11572481772153041 -0.2476055181848936 0.9616499586848944 -0.02299197444870388
1755702596.436597 14.079429086443145 84.33180876816337 -302.9160007993751 -0.11566542390526559 -0.24892193727937154 0.9613690626911776 -0.020710001308216028
1755702597.162106 14.24313070367504 84.4597414093519 -303.59790547266954 -0.11495170238961848 -0.24957561890279065 0.9612396534615131 -0.022725430253521674
1755702598.085417 14.424655597653462 84.61705612810692 -304.44648008571835 -0.1144170860238189 -0.2477905915581929 0.9617254254346296 -0.024346647277179407
1755702598.942808 14.584716038859868 84.7629163282926 -305.2469251365646 -0.11375814004525862 -0.24760977951813215 0.9619320062991904 -0.020863794420947136
1755702599.932094 14.788701751397586 84.92457993543283 -306.114222612521 -0.11635307101477288 -0.2488118086185102 0.9613795776420138 -0.017434289497434405
1755702600.261896 14.837170795086417 84.98339791369453 -306.4153478358864 -0.11711512181880486 -0.2515394778059882 0.9606342064894611 -0.013923385680961589
1755702600.921388 14.949915303158347 85.08403563913446 -306.9840548140458 -0.11746513268355063 -0.24931386200024788 0.961231360706895 -0.00887761295215843
1755702601.712822 15.11256166390935 85.203547661007 -307.6829047186395 -0.11860058769600156 -0.24463965504043697 0.9622618188518081 -0.011727393566728691
1755702602.438362 15.259641389511675 85.31875566526065 -308.33358372163707 -0.12282891026097445 -0.24512435891017995 0.9615965033055264 -0.01262031313238698
1755702603.163898 15.437806438807769 85.4479765837372 -308.9764470621285 -0.13275699745164435 -0.24756715902135215 0.9596291723529023 -0.01406886530621089
1755702603.955296 15.65632039315161 85.57673171954642 -309.7068498942683 -0.14388986749324417 -0.24352790766944193 0.9590635447380258 -0.013674113260223685
1755702604.680701 15.867909712500714 85.69369648139566 -310.38383892245434 -0.1572201263195791 -0.24459275611624215 0.9566368503636028 -0.017382521736557417
1755702605.340249 16.066395906836217 85.80138017420356 -310.9780877258658 -0.1691483011770034 -0.24378865196315166 0.9547764348454825 -0.01891837325652564
1755702606.131668 16.348024971059306 85.9402676911078 -311.6871435673214 -0.18376220302268795 -0.24490539611731502 0.9516960915715329 -0.02296408021972254
1755702606.857135 16.636538551495473 86.05557920256787 -312.3209517119957 -0.19684391402718626 -0.2433579130583493 0.9493355237256058 -0.028132953186114945
1755702607.714528 16.974292592320296 86.1946235405238 -313.0626215859698 -0.2140431003331862 -0.24251832393790726 0.945597126386835 -0.03487819265767633
1755702608.440012 17.270103944732472 86.30032970250596 -313.69367112652736 -0.20898861355958862 -0.23895830460367282 0.9475895387406543 -0.03601047254137598
1755702609.165561 17.50658159744516 86.41826888715906 -314.3230912178249 -0.18566102313905752 -0.23994432631821896 0.9521876674344534 -0.03599098137574609
1755702609.957026 17.72675427797765 86.53260672230978 -314.9707883169238 -0.16839273035760896 -0.24003204363816444 0.9554218514724063 -0.034606243925555
1755702610.682407 17.953795576884982 86.6442892644925 -315.62865541382234 -0.16650817553728844 -0.2363612461048919 0.9566844539809113 -0.03410636788389725
1755702611.473847 18.184278108294667 86.77895040017938 -316.3525608276137 -0.15700511582454182 -0.2417947779041179 0.9568898021945761 -0.035307016855657174
1755702612.199352 18.37683014419464 86.88085003215305 -317.04200861280344 -0.13381742617310513 -0.23488213183623907 0.9620631348155069 -0.03684840872315845
1755702612.990769 18.552895543613893 87.00105373326136 -317.79506271588923 -0.12219127491104156 -0.23680832063653925 0.9634509884638376 -0.027446392130307532
1755702613.6521 18.680521661154877 87.10317573220932 -318.4126052572225 -0.12056359881783123 -0.23830502178471197 0.9634863323832206 -0.019215164402398753
1755702614.375774 18.831716633770125 87.23190427856396 -319.1174882271494 -0.11481392953826573 -0.2429463089968288 0.9630211473981867 -0.01962453038112807
1755702615.16721 19.000252645380925 87.36499167905055 -319.8495883652018 -0.11315257129902975 -0.24472549738780844 0.9627450765979154 -0.020684390810022664
1755702615.892681 19.15676178086132 87.46749103706561 -320.50319108720487 -0.11859009654801375 -0.23603454716876293 0.9642374104789332 -0.021686350002965628
1755702616.618191 19.329346831878862 87.58007764094147 -321.1669334067292 -0.12571976339390742 -0.23813010683807376 0.9626737811727507 -0.027345645942750216
1755702617.277738 19.502317254070487 87.68711094084027 -321.7684485539026 -0.1352550970265312 -0.2371048643010695 0.96159381065469 -0.02871733559554706
1755702618.003169 19.690163890024298 87.80653794652443 -322.42096550808435 -0.14755017630223177 -0.24471937432318705 0.9578092271804676 -0.03070598690814952
1755702618.860564 19.918057990778014 87.91378572424924 -323.1570339959919 -0.1522065896995006 -0.23116134020708076 0.9605007043276186 -0.028913419580927923
1755702619.586115 20.11636834458852 88.02987763517324 -323.80733308999316 -0.15198834484613993 -0.23808618272379378 0.9587121163848912 -0.03294830077175618
1755702620.245563 20.289744451272547 88.13262012486534 -324.4015293679993 -0.14519762551850598 -0.24037679813096552 0.9592374479526905 -0.0316253523190196
1755702621.037042 20.469303823318704 88.25693588414543 -325.10427230577034 -0.12569528793778534 -0.2383083398493565 0.9625064711996814 -0.031482100425762556
1755702621.89439 20.608751920101437 88.38086328426878 -325.84565945836744 -0.10185433073570087 -0.24000459926181575 0.9648959646447585 -0.03161115397796745
1755702622.553918 20.74278539355679 88.4834888787012 -326.44195512086196 -0.10071119227473746 -0.2422166151850262 0.9644707978436773 -0.03137590135264039
1755702623.345357 20.872258433676123 88.58488339891817 -327.1311331725398 -0.1056413144210523 -0.24103765537337873 0.964416279399111 -0.025337746732348527
1755702624.070869 21.012890580616595 88.6837943840626 -327.7761455369466 -0.11159107329632817 -0.2365102205091989 0.9649348966638702 -0.02260515772007782
1755702624.796319 21.172176292192916 88.78499126213724 -328.42108616915226 -0.1152153356483583 -0.23995143892695606 0.9634984416880678 -0.028626670309073548
1755702625.653693 21.373111219560702 88.92062022568481 -329.18440544275285 -0.1300557944553136 -0.23750755653731978 0.9621963680867708 -0.02921985894723954
1755702626.313232 21.525327295252538 89.02506539436308 -329.80419594127665 -0.13652800720826613 -0.23732576276083983 0.9614907683504756 -0.023918360197492605
1755702627.038735 21.709058148057384 89.12706205263561 -330.44722032044007 -0.13932671735888716 -0.2356070211233899 0.9615437107470081 -0.022607294182046364
1755702627.830173 21.920512948677715 89.24203269429057 -331.1638194826232 -0.1413771802979895 -0.23817093583313365 0.9604784215152561 -0.027718225392713118
1755702628.621585 22.13560082769188 89.3697253642666 -331.89909990928373 -0.14510786182784682 -0.23581504252063745 0.9603988892272054 -0.03112792521017955
1755702629.281103 22.292935043434564 89.46345611460542 -332.49869290690185 -0.13638605737293902 -0.23434063684018308 0.9620851814205206 -0.02958737857003967
1755702630.13849 22.512556074501987 89.60018384287567 -333.30276077984314 -0.13243521444384768 -0.23763091620368393 0.9618794805929499 -0.02793432393394793
1755702630.995881 22.70728010777353 89.72939255317455 -334.11151225816076 -0.13201518943855514 -0.23358929736691492 0.962983026956345 -0.025917555963648232
1755702631.787306 22.89681988119816 89.8585627143816 -334.85590495957825 -0.13129219620017996 -0.237320933511263 0.9621896895633788 -0.025142295682872313
1755702632.512789 23.06895491583464 89.96205951714143 -335.5340169094322 -0.13011939769618583 -0.23430983921890697 0.9631466914667661 -0.022722066477626934
1755702633.37018 23.274990077158378 90.08161648571506 -336.3220452476125 -0.1300055199289615 -0.23126895079363174 0.963855478051231 -0.02441013349915167
1755702634.161605 23.455656181878485 90.19275409262372 -337.06511483826057 -0.1331392716531593 -0.23197771215127536 0.963208477956099 -0.026262204824073085
1755702634.887101 23.650316239552534 90.3021370842057 -337.7308397637724 -0.13421264855703882 -0.2334666726051074 0.9626528676435325 -0.027923720520155466
1755702635.612568 23.842909709427516 90.39828946883497 -338.39634092703534 -0.14158404477554623 -0.2311959216297697 0.9621529393647713 -0.027642817484624688
1755702636.469951 24.081912436909672 90.52467129013067 -339.1787687716072 -0.1448681479640751 -0.23372442634854634 0.9610927542480306 -0.026207441031818827
1755702637.195444 24.244123528110652 90.62053427691903 -339.8085930515979 -0.1430426861836451 -0.229565278714418 0.9624039487503746 -0.024843755107167662
1755702637.92092 24.440570463979455 90.72519462668032 -340.46489262312093 -0.13845619993457337 -0.2334680425951188 0.9620534796666146 -0.02785060228864238
1755702638.646397 24.6225837219093 90.82469687803234 -341.1552545846632 -0.13314886131804315 -0.2318902307046372 0.9631884024589635 -0.0276839845760743
1755702639.305939 24.774732901307814 90.92549835132615 -341.7883394267327 -0.12830198213183822 -0.23519737265429455 0.9630394879765615 -0.027852143102472752
1755702640.031411 24.93399210641873 91.03141833786815 -342.44004007193365 -0.12712994011565665 -0.2343540577322138 0.9634194750937685 -0.027185822788420518
1755702640.756915 25.10503526344532 91.13238217925274 -343.0925205106848 -0.1261576766111079 -0.22968533127786964 0.9646326716223211 -0.028507859734562713
1755702641.284509 25.23509337971816 91.21418861097928 -343.59212558662176 -0.12661132675577147 -0.23303491959786846 0.9637891461435508 -0.02783486951726687
1755702642.1419 25.434691097999135 91.34998142569695 -344.3799150870302 -0.12337665964519363 -0.23870314530954967 0.9627778483977043 -0.02928861397897392
1755702642.8674 25.61580773715936 91.46264383434408 -345.0625152401664 -0.11969053091956089 -0.23804517281101095 0.9631229113346444 -0.037455709469291235
1755702643.592861 25.761732614848974 91.55853526658947 -345.7356146630863 -0.12112178341295729 -0.22868002445172064 0.9653613916806014 -0.03335181332577865
1755702644.252398 25.91195600623592 91.64943182268567 -346.4014169198038 -0.12485488198640234 -0.23010581051722157 0.9648283463618774 -0.02385029280699437
1755702644.845993 26.033106838897545 91.72941529499828 -346.95268223359494 -0.12654428362654155 -0.23000040975021416 0.964586450363982 -0.025677530457428585
1755702645.571462 26.20183383998129 91.84031552471549 -347.64747183694266 -0.12549801218589232 -0.22929665791199524 0.9648668253143512 -0.026557503941150175
1755702646.429051 26.396191128875554 91.9527566229846 -348.44358661076416 -0.1259134139252415 -0.22905273247664473 0.9648767409243743 -0.026335010192354805
1755702647.022413 26.546209619404507 92.03676195925823 -349.0022960286586 -0.12509753897242223 -0.22882015266219047 0.9650192546005227 -0.027014472583165933
1755702647.747916 26.717580138420388 92.12946615890073 -349.6764817829252 -0.12278254723818391 -0.22908114831369772 0.9652663799418449 -0.026591151440781932
1755702648.341762 26.85429336803373 92.19726081473466 -350.22883183723025 -0.12267277161680054 -0.2234892965886673 0.9665955730408116 -0.026399310446675185
1755702649.132938 27.031474827178208 92.31171517987165 -350.9825379172955 -0.12464693778980258 -0.22727814034591196 0.9654813885036715 -0.02556318199191136
1755702649.792442 27.18343506502218 92.4028573155931 -351.5879885852707 -0.12615610813544947 -0.22692373972614766 0.9653740099190256 -0.02536284096227658
1755702650.386007 27.310043875196712 92.46800927347958 -352.11630005879687 -0.12665404777087408 -0.2252285816212625 0.9657171615951021 -0.02492392434643202
1755702650.913626 27.438995574406572 92.54035345000389 -352.61709141896705 -0.12691725639765547 -0.2268532966342657 0.965348774559244 -0.02305071130406773
1755702651.507229 27.565758027007995 92.62442122036013 -353.179201256547 -0.12791396854099782 -0.2301246555629514 0.9644580020549018 -0.02239245020967158
1755702652.10091 27.692736757364177 92.70012138196846 -353.728373285545 -0.12804693049493004 -0.2283009483793658 0.9648990153904523 -0.021273238080847964
1755702652.694397 27.824848719972767 92.77842618829081 -354.25960459478966 -0.12808053884852408 -0.229855493242009 0.9644826643685912 -0.023130454539584122
1755702653.419835 27.997168038808503 92.88310991445131 -354.94324739137306 -0.12910261816951252 -0.23249907911787637 0.9636939813833819 -0.023887286086168406
1755702653.947458 28.11785362252125 92.96345815868511 -355.44760662710405 -0.1291125724154522 -0.23383543346605654 0.9633806498038167 -0.023423434495865397
1755702654.739029 28.290058148283386 93.06704203752413 -356.17899673743307 -0.12805349765102983 -0.2269910327299233 0.9651869791411654 -0.022169079725881592
1755702655.464377 28.46549342576432 93.16777782663645 -356.86481998915525 -0.12703032326593963 -0.22817386734316378 0.9650631669668474 -0.021285370481488115
1755702656.060092 28.60634937764957 93.25787623620248 -357.43293795162947 -0.12547549029420446 -0.22745490520225684 0.9653809223510973 -0.023660984666869625
1755702656.783438 28.763474976287174 93.36089763017235 -358.09919266422986 -0.12650685314139923 -0.2275267148653309 0.9653182260013972 -0.01970615843756556
1755702657.508927 28.924480668591645 93.45455419936357 -358.7635074930705 -0.12987006540323168 -0.22834094557996337 0.9646471333554609 -0.021215249065237717
1755702658.102482 29.073214902053696 93.53889031710486 -359.33016934250185 -0.13178002069191475 -0.22741629353005713 0.9645943677655461 -0.021761462691551454
1755702658.893919 29.268685053371758 93.65476262991997 -360.09332634735694 -0.13318858958939878 -0.2307407354911745 0.9635846441626635 -0.022894237748646806
1755702659.619415 29.447380121814355 93.75728605750132 -360.7873809224734 -0.13315279398507976 -0.22787555826288036 0.9642663433454858 -0.023097239910285446
1755702660.212993 29.601612680495606 93.83862573293483 -361.3668117297097 -0.1348469390821183 -0.22856925618863452 0.9638668314585663 -0.023089594183996275
1755702661.004403 29.80173404205058 93.9455293306571 -362.1243101541763 -0.1379211429755085 -0.22850693343204323 0.9634313970503646 -0.023712504536547933
1755702661.532034 29.932520058918968 94.015566144998 -362.629241222606 -0.13900750966390754 -0.22682671945990845 0.9637071712348539 -0.022249487783107834
1755702662.257511 30.111411158690565 94.11206755386306 -363.26787089501653 -0.14006706913316458 -0.2261064473959124 0.9637279997185163 -0.022032547492113357
1755702663.049037 30.310960988085373 94.22351517137386 -363.98279994095657 -0.1410449682872206 -0.2288832063229902 0.9629253157953822 -0.022217807824527383
1755702663.774557 30.47514711588655 94.31380109359473 -364.5809438351923 -0.14107498155868967 -0.22822033189645125 0.9630642105388524 -0.022817889176388287
1755702664.76376 30.637113632956524 94.3959700073854 -365.1682836902537 -0.14390167428454587 -0.22608878948539896 0.9631554373594801 -0.02253377225410931
1755702666.016817 30.883941560398945 94.51058960933668 -366.0071210595696 -0.14730648157567025 -0.2247488338134554 0.9629518255443071 -0.02263943166633822
1755702666.808283 31.10827660460436 94.61272529257963 -366.7667748449211 -0.14823531163216527 -0.22451222007393257 0.9629016503208796 -0.020999219797781403
1755702667.599698 31.33824753217894 94.71626007141334 -367.5282618312715 -0.14858579269130923 -0.22474535745367544 0.9628040553080726 -0.020497258247016353
1755702668.588987 31.61845175012102 94.83609885898056 -368.42586618860673 -0.1592075901379647 -0.2257867415163991 0.9608291850098525 -0.021921857384157244
1755702669.314465 31.845925205010722 94.92171913496922 -369.09119705057424 -0.16470469447979008 -0.22387039543945986 0.9602843472640813 -0.024665402119086043
1755702670.040352 32.10214266610858 95.01637213848815 -369.7813088598821 -0.1705452671004654 -0.2241464385992573 0.9591539373856275 -0.026389587540320482
1755702670.633538 32.2983563064809 95.09001772563899 -370.3292228125141 -0.17167215716237644 -0.22331894905213995 0.9591553110854951 -0.02604624091786251
1755702671.490911 32.57886943483212 95.2039094855465 -371.1080139739405 -0.17448086952205358 -0.2255444174128817 0.9581027358443042 -0.02693119960884336
1755702672.018525 32.74267580389245 95.26779236100532 -371.5814692849597 -0.17509140391568512 -0.2225688059385619 0.9586565824682376 -0.02799435279188138
1755702672.941881 33.037113613219724 95.38203722355281 -372.40483372203863 -0.1782119918259865 -0.2258137783659347 0.957339530604611 -0.027379675148879255
1755702673.337586 33.167095316183776 95.43027571484839 -372.76489496368043 -0.17457228346600467 -0.22295870258462455 0.9585773419353605 -0.030715050307376687
1755702674.392829 33.49905638347081 95.53602482162377 -373.6759326954074 -0.175517282539485 -0.21513859728735188 0.9601661267159332 -0.031465482588193455
1755702674.788553 33.63065242440965 95.60075364616385 -374.0490764667553 -0.1692143143761126 -0.224037735093867 0.9591129271631594 -0.035721170372042636
1755702675.579978 33.89179225250973 95.69376310471935 -374.76470883121243 -0.1733397960042183 -0.21875030518136826 0.9596933921151776 -0.033018362084425504
1755702676.437416 34.17598051797878 95.79215837283203 -375.5388113463728 -0.17768803374338546 -0.2208416853437962 0.958421792129812 -0.03291779229536428
1755702677.294772 34.467013858682805 95.88074208174343 -376.29830136294237 -0.17988761066135733 -0.21458071249496669 0.9594924210695911 -0.031142563570052708
1755702678.020236 34.73144862235955 95.9880395200709 -376.9666280816458 -0.18241513408162188 -0.22688913042444336 0.956007517917271 -0.035995375242975816
1755702678.943569 35.05911829947407 96.08621118443499 -377.79999572400027 -0.18755285342883435 -0.21449497228897377 0.9578511068332641 -0.03656625728380675
1755702679.339308 35.191704909124645 96.15393222930618 -378.15543023194954 -0.18758893568712232 -0.2299671986279034 0.9542512580316824 -0.03646937493237996
1755702680.328591 35.33802521569296 96.18453107362981 -378.52174510765053 -0.18728637840685983 -0.2143812472671504 0.9578945545013904 -0.03745017676868893
1755702681.515737 35.560917358265364 96.24367108416382 -379.0898796377291 -0.18388620071905107 -0.20404918387201812 0.9607713663701801 -0.038316801921001384
1755702682.636934 35.872694434140065 96.37559051368079 -379.88737355085306 -0.1822433857328148 -0.22258811109462998 0.9566450206675281 -0.045521265228352134
1755702684.021957 36.114308463899334 96.43868816709326 -380.44325626604007 -0.19486659054202343 -0.2155932603950038 0.9557284768414495 -0.046147984973371775
1755702689.034395 36.42522157304566 96.51913406073233 -381.02816571051704 -0.233696646955805 -0.21824058487174317 0.9464067491458708 -0.0455103228685344
1755702697.476342 37.08297979391118 96.57664812852201 -381.285277513428 -0.4481508784991923 -0.20279424416050953 0.8678138992929818 -0.07024472100934155
1755702717.262163 38.11895687072464 96.62983369861894 -381.50035600174715 -0.5712549890033264 -0.17970322328083294 0.7961956907704867 -0.08629548701870904
1755702718.449321 39.105882799576015 96.7051884405006 -381.5650903140458 -0.6669324006146748 -0.1795761128974363 0.7178689204526093 -0.08728004202106754
1755702719.372657 39.9653815169613 96.82025224966 -381.36959247192203 0.7360083971511803 0.2017639227202045 -0.6323109959826061 0.13328827094306014
1755702720.296007 40.84945185591917 96.73479959517046 -380.88408599102763 0.8315174812020616 0.10601067064569845 -0.5359310485278082 0.10058989704991463
1755702720.889589 41.597198858700146 96.69109105544672 -380.2299337568047 0.9020191219001725 0.08248517123331504 -0.41093644063361773 0.10338733971055415
1755702721.351309 42.13850169048886 96.63218018149698 -379.6320863390313 0.9269152487362012 0.08119588746654097 -0.350384160946062 0.1070807605359211
1755702721.81292 42.730789167055704 96.54795808247592 -378.97528077432685 0.9323816493533698 0.0850696696181704 -0.33421864508469584 0.10828438732289726
1755702722.274587 43.23879546283792 96.49086671010105 -378.25348295679294 0.9534765014666928 0.07542425024417351 -0.2659931946572452 0.12017222650002235
1755702722.736264 43.46125681554096 96.4159977658323 -377.5749054506657 0.9864960388890694 0.04060132214987144 -0.11182943887132202 0.11256675573890898
1755702723.197951 43.50741534199489 96.3446267150287 -376.90909144197065 0.9933424197209105 0.01757916260247816 -0.015223857359442206 0.11282749838714518
1755702723.593643 43.56217967404779 96.29312408293569 -376.1894576638988 0.9923839907636748 0.01455532168576639 -0.009119434429145068 0.12197947943108722
1755702724.319551 43.58334002754101 96.14609014550169 -375.01426944564304 0.9939013958693861 0.008734563459426806 -0.012684984779049826 0.1091916381927401
1755702724.912697 43.6640057604622 96.03622795348248 -373.97760673845295 0.9928191318476078 0.011448150561883296 -0.030392514737457136 0.11513212555150744
1755702725.572333 43.73036923662465 95.92661630299594 -372.9176179426722 0.993173919450675 0.012186174753118879 -0.02161360636875111 0.11397330778567175
1755702726.297732 43.80822569025226 95.81475207217598 -371.79812029940496 0.9931802364864405 0.01110468296154174 -0.02111784473205002 0.11412160401490616
1755702727.023198 43.91961666154814 95.693968915146 -370.76124059639034 0.9928359692659572 0.01857821216054171 -0.043372372749332665 0.10977442984018784
1755702727.748673 44.104968937533094 95.58460372996412 -369.6858820914828 0.9906193893004992 0.027913584594951114 -0.06453503818520774 0.11717203669562155
1755702728.408207 44.355309688364216 95.46780475299097 -368.7428192037727 0.9861794455238684 0.03386382298552713 -0.11216643162701823 0.11714108730544505
1755702728.935853 44.61706398057102 95.37599016079244 -367.9338458971612 0.9816960475212033 0.03550408702024387 -0.14298829119950182 0.12069249631171217
1755702729.265611 44.81573293526772 95.31544660209858 -367.29792616829405 0.9812132116940141 0.03883640702772173 -0.15305824012478136 0.11084016337140558
1755702729.727258 45.092433471000234 95.24131421053315 -366.54689898789616 0.979780381489564 0.039751945843573326 -0.1581856564542506 0.11587702508242045
1755702730.122989 45.35325391398353 95.18111104586944 -365.89960591762537 0.9785490566250445 0.042997074605707564 -0.16206737237899357 0.11969612426371688
1755702730.32083 45.49723029188415 95.13691278473158 -365.4804795681927 0.9784868471626904 0.04245710049019753 -0.1647403259070737 0.11671122297197646
1755702730.584654 45.686349704716896 95.09417686914861 -364.9835357300724 0.9779593790031037 0.041095981303564205 -0.16658223361784197 0.11898290962760902
1755702730.848452 45.87356633751112 95.04321485683197 -364.4908099968726 0.9779561548600993 0.04081979554018465 -0.16824612590501398 0.11674221422116902
1755702731.178224 46.09894383208854 94.98900183419714 -363.89479104246357 0.978072196725284 0.03777007185035384 -0.16880131184612282 0.11599274453354685
1755702731.442037 46.303737122497466 94.94911117412963 -363.4100937687241 0.9785475874283867 0.0382284862934377 -0.16530534867277513 0.11686463825284588
1755702731.574021 46.40098863910139 94.9124157907348 -363.15038730067863 0.979726610494484 0.03823615229978485 -0.16298578645068562 0.11004271334962981
1755702732.167511 46.81511628492285 94.80902190513318 -362.10332838862956 0.9793129618439419 0.0407566542236673 -0.16230900676985785 0.11375765566466459
1755702732.365369 46.964066435169876 94.77946225359962 -361.7144267272323 0.9791591008055262 0.04465196682230589 -0.1615894461178314 0.11464077839907412
1755702732.629189 47.15075493789271 94.72591049713307 -361.2006567623503 0.9795717219788921 0.046577163029377186 -0.16050096265134567 0.11184476014295062
1755702732.827044 47.28957685519848 94.68315717681297 -360.79531342924804 0.9797768847961931 0.0456876478093142 -0.15994874576486728 0.11120383799566136
1755702733.156826 47.52630979095346 94.62033093099473 -360.17832222626566 0.980049068720529 0.04974432496886945 -0.15765875925467543 0.11033150349601765
1755702733.420619 47.70170523703724 94.57050616417236 -359.67506161400013 0.980005860097559 0.04553680961453769 -0.1584094517071193 0.11145114963257621
1755702733.684418 47.89007030866387 94.51886459665741 -359.1752840922921 0.9799587316036809 0.047369449190287675 -0.15713854010089393 0.11289153578578552
1755702733.882287 48.02392279613424 94.4817167790377 -358.8046397553414 0.9801650176796698 0.04762919848388618 -0.1563021371194391 0.1121500757944064
1755702734.146094 48.210805167066496 94.42856275528555 -358.29983500920815 0.9800884835472649 0.04717168180099067 -0.1567638480635062 0.11236766792280935
1755702734.475892 48.4308230453965 94.36372098517721 -357.6738703782473 0.9810936220355669 0.04717917830180846 -0.15079285192092914 0.11176289968254796
1755702734.739667 48.60905857468213 94.30658363119578 -357.15398940142336 0.9819401837688941 0.046300822586278746 -0.14711772407450352 0.10957228021211685
1755702735.00348 48.77249871082472 94.24204218644817 -356.6496287069122 0.9826724195828447 0.04297270368140554 -0.14439173428645435 0.10797819038703042
1755702735.333241 48.98207949674189 94.16736852816979 -356.0175125065841 0.9828217651182386 0.04214111098416732 -0.14186424683613072 0.11027257249428522
1755702735.663015 49.177974315543345 94.09846725821625 -355.38200936991643 0.9830401389528894 0.04244488555005883 -0.13873837868464578 0.11217031326550665
1755702735.860866 49.2973655073108 94.064021531701 -354.9755276197858 0.9832973257096356 0.040926921183996184 -0.1341696053100133 0.1159735891728503
1755702736.124753 49.464492539117494 94.00571274391396 -354.4398148303582 0.9845396000632045 0.04272650205692139 -0.12671950143755384 0.11312996899488158
1755702736.32255 49.574244454236876 93.95400870570542 -354.0566036637728 0.9859416341204198 0.039049015244867195 -0.12425195983699522 0.10466957052089168
1755702736.586426 49.72837584732534 93.90302919527369 -353.52712443427345 0.9854024955745908 0.039006696366888964 -0.12402002899890449 0.10990646824013883
1755702736.91611 49.92260867408589 93.84149765470839 -352.84710803540037 0.9843622061966584 0.03860664633313981 -0.12435500559811143 0.11864403252270508
1755702737.179953 50.0803708325068 93.79390852530437 -352.3132361683936 0.9848036108790706 0.034833018645990615 -0.12427282979897222 0.11621003650850438
1755702737.377788 50.19450467794102 93.75037675993912 -351.9144550899914 0.9847329907746635 0.03559004377378651 -0.12398939651617355 0.11687991793170373
1755702737.641599 50.35121535102112 93.69051839207495 -351.3922846382683 0.9859468753134026 0.03324679193861221 -0.12227216891831437 0.10887114674485364
1755702737.905407 50.50889892901462 93.6405657984579 -350.85243625252525 0.9854237865352922 0.045090579457430675 -0.11788946125261265 0.11405645751209686
1755702738.23521 50.69247382304152 93.58553806817156 -350.17899793766577 0.9848590550438026 0.03974137369812561 -0.12023648724278 0.11839109785085647
1755702738.499061 50.849398817291544 93.52878473675197 -349.663164764488 0.9846500382814959 0.041763474120624165 -0.12795037979540838 0.1111252205929666
1755702738.696936 50.9762825455596 93.49183121340602 -349.2591176665709 0.9839756746787331 0.04197092074149042 -0.13106460321280738 0.11336835200933591
1755702738.960822 51.13913976164755 93.44872999169323 -348.7185229643309 0.983786543858451 0.041986257713444775 -0.130544993023575 0.11558198424814714
1755702739.224459 51.302652340808024 93.39624221754801 -348.212264211462 0.9842889375645493 0.044606313411743745 -0.13040153770619314 0.11036758199636544
1755702739.554261 51.506686358587274 93.32578008860828 -347.5657800189558 0.9846615832939957 0.04499319687465031 -0.13049886385931864 0.1067109420415153
1755702739.686172 51.589405465875025 93.29812609893607 -347.27330623632133 0.9842054683123403 0.044198612891818166 -0.13137753093201862 0.11011822341798118
1755702740.015895 51.79744789310457 93.22348216767246 -346.6157765516875 0.9840598852394713 0.04539493815520601 -0.13204295444140932 0.11013673335789344
1755702740.34566 51.99264534938015 93.15388863042796 -345.96957587257253 0.9842067052970181 0.045078634800758355 -0.1326141682655933 0.1082522993202144
1755702740.477567 52.06847288389526 93.12459282039667 -345.70359716676035 0.9841419513513314 0.04546781946249852 -0.13287284120588097 0.10836099415193653
1755702740.873281 52.318470643079074 93.04722222879838 -344.93187406959106 0.983541558365781 0.04791861076753477 -0.13441999394833823 0.11082001144400386
1755702741.07126 52.443399345108205 92.99948522641398 -344.53328509648605 0.9838848352647612 0.04660714903267198 -0.13549624712085612 0.10695406308899091
1755702741.334951 52.61069907167427 92.93970537750761 -344.0210495542314 0.9840990857311623 0.04969284431981037 -0.13595160624856442 0.10294062096632617
1755702741.664753 52.8276378178902 92.86623172015597 -343.3714875855801 0.9831296764679268 0.04992504259471535 -0.13883564017393832 0.10811195302776577
1755702741.796618 52.92025388013717 92.84244633980731 -343.1063307966328 0.9832513578221208 0.04993322313804976 -0.13838906093287404 0.10757280503044811
1755702742.126388 53.13737811242714 92.78556270141777 -342.4452517618662 0.981935323595482 0.050688071809790444 -0.1407856219949919 0.11581514707120542
1755702742.390229 53.310361018663244 92.72014382191027 -341.93294828460796 0.9828852372163114 0.0500542831111585 -0.14227886200328646 0.10577289176113645
1755702742.654013 53.47952072183106 92.67745120485355 -341.40146963167143 0.9814394241440705 0.046475266669977096 -0.1479945856833545 0.11275774444410605
1755702742.917824 53.65980745110102 92.6290483836009 -340.8861213224924 0.982305267768828 0.04523976895630619 -0.1455051780232182 0.10889429455588003
1755702743.247743 53.886681852885864 92.56553051998971 -340.2276468193115 0.9797450734336993 0.0525923362418099 -0.1494341616385132 0.12248701395012562
1755702743.379497 53.973666798601556 92.52509507590041 -339.9706880306794 0.9817357461460327 0.052619229472157726 -0.14840780488521815 0.10677670568995891
1755702743.709256 54.20322107468607 92.46698551170121 -339.3441944371378 0.9817896278473636 0.05686520347352434 -0.1466652989020998 0.10651180865616568
1755702743.973079 54.372552246542206 92.41403380995926 -338.83529768830925 0.9817875200410094 0.05499951754075369 -0.1457094161377898 0.10879836676528468
1755702744.170972 54.51072170387856 92.39361657342292 -338.44725026794134 0.9805710639765349 0.05238549265992826 -0.14963778438359335 0.11551918514027056
1755702744.566699 54.78328903552147 92.31518114453145 -337.7135743490718 0.9808818839051517 0.05296282495732244 -0.15080983580061563 0.1110047855950894
1755702744.830455 54.965339118528206 92.26881075997987 -337.18792440318333 0.981232901128505 0.05700916590624704 -0.14762859037668713 0.11017144842927318
1755702745.028879 55.10190534320822 92.2281755522582 -336.7919754682916 0.9814063751242487 0.05985592964923949 -0.14485083901389878 0.11080175534835776
1755702745.292129 55.289994688997766 92.18298271960118 -336.27048837504174 0.9818300322839038 0.06270636089956526 -0.14226444757836051 0.10880499512129939
1755702745.555937 55.46447902733704 92.14229481623546 -335.7260633564899 0.9803973899460077 0.060761979888480866 -0.14351039930292975 0.12055581644616427
1755702745.753809 55.60123588461509 92.09068614708025 -335.34429122330033 0.9832088983756617 0.05656247666252611 -0.13878819205271836 0.10410949109210221
1755702746.149532 55.83103247366509 92.0130997011956 -334.5901050914643 0.9833234630144766 0.057064187787678466 -0.1340672818409162 0.10883294306935862
1755702746.413331 55.98408913867841 91.96139426075285 -334.0642844356861 0.9849388895191896 0.05104238011806743 -0.12770332006737642 0.10479466297649712
1755702746.61118 56.10814635349569 91.91528812540162 -333.6651232590663 0.9846193331947525 0.0542718826151952 -0.12262942821431146 0.11198819041467878
1755702746.940954 56.29225474106768 91.85615318333448 -333.0274769744597 0.9861090025460495 0.054278477602290695 -0.10992032194262691 0.11207321174501117
1755702747.072886 56.358888728804466 91.81799005578996 -332.76847045905 0.9881930571939824 0.05776137939359762 -0.0993574925252947 0.10132222581075384
1755702747.46858 56.52172244131101 91.74065835503556 -331.99879122651936 0.9882796622691932 0.053399009438959706 -0.09151730334443142 0.10989284837782054
1755702747.666452 56.61644976293594 91.69743665647681 -331.60039965584576 0.9884108435917422 0.04971181885389723 -0.09677523987168905 0.10586449964116768
1755702747.930276 56.75438684857528 91.64322098343035 -331.07762032207717 0.9872226559089591 0.05062075251817569 -0.10562915933112789 0.10803447493070822
1755702748.32596 56.963842046169326 91.56327813042284 -330.331670933608 0.987582538054428 0.050066187348109685 -0.10558984255236557 0.10499948839953925
1755702748.457869 57.031097736831676 91.5442581648986 -330.04695808867086 0.9867120498656927 0.0483162640247551 -0.1093318781431217 0.11005185006273348
1755702748.787627 57.18255097142168 91.46511929904042 -329.4260884225144 0.9872263157468463 0.0479118555013715 -0.10865240903210555 0.10622292413054708
1755702748.985486 57.29922044448715 91.43431039777276 -329.0112144390384 0.9859322616563102 0.05347744317185681 -0.1054711853971048 0.11812521977970518
1755702749.249316 57.42601583105388 91.37681090517778 -328.5046890930574 0.9863065753192872 0.047835005738350485 -0.10914715020886352 0.11400899661533355
1755702749.645004 57.61322401836644 91.28956863960491 -327.75248152679353 0.9868352240672167 0.04791189895840655 -0.10888195854806791 0.10956919996578704
1755702749.776955 57.68629556191678 91.25653130965439 -327.4827483886897 0.9868841145930792 0.049691372216231225 -0.10807481472696542 0.10913453309028374
1755702750.106686 57.845996900547476 91.20271263711402 -326.89516213965004 0.9866642335358964 0.048379195495991865 -0.10861291146522987 0.11115925137940082
1755702750.238588 57.92332825510789 91.17673270983313 -326.60129010085535 0.9866233676018417 0.04805754308615153 -0.10900882202759124 0.11127389529750821
1755702750.568351 58.07078811108937 91.10438898741744 -325.99370799994153 0.9865905558029712 0.0473162034846467 -0.10973016741620074 0.11117347906311423
1755702750.83221 58.198836132688676 91.05079813086046 -325.46404433477227 0.9865219256489088 0.045386548520065614 -0.10950451799170173 0.1127976594030648
1755702751.095986 58.32704656432524 90.99550269712765 -324.95401403087357 0.9865008474292841 0.044082789022685524 -0.11124109270454965 0.11179537122431929
1755702751.491717 58.51999149634397 90.90839424936743 -324.23525573381124 0.9875985316570612 0.042932933631841724 -0.11036467397873494 0.1030802707415343
1755702751.623593 58.586050956111194 90.87558986079924 -323.96859055726566 0.9880258764930661 0.03945381727264287 -0.11167901589496351 0.09887396569096357
1755702751.953392 58.75293696849864 90.80202236626559 -323.36110498951103 0.9882660244560766 0.047338431430877556 -0.10538239386535092 0.09991941192107508
1755702752.217213 58.87991483687557 90.76265531784344 -322.81059184823164 0.9865195158837246 0.04959666431171577 -0.10459125159004425 0.11567232063255498
1755702752.415024 58.98862500192872 90.7269772875931 -322.4072508278006 0.9857181830018487 0.04748945359137204 -0.10682787762175441 0.12121146835163132
1755702752.810752 59.18173916193194 90.65156902683772 -321.6427281657248 0.9856848940770268 0.04524156653005964 -0.11220106059042444 0.11742832813529663
1755702753.074557 59.32110624821891 90.60267459133806 -321.142781365531 0.9862302953689946 0.04643598107222964 -0.11272001311332416 0.11174839060128337
1755702753.272438 59.41554904837966 90.55237746129302 -320.7471857310535 0.986127388948158 0.04546426391488972 -0.11609028469033214 0.10958475839952941
1755702753.536228 59.56109531867108 90.50679168969198 -320.2628032784551 0.9859261207550791 0.04406270620916017 -0.11803147576446824 0.1098941903069868
1755702753.865998 59.723761601795786 90.44094866028846 -319.6538437046541 0.9866727873370288 0.04206656767873994 -0.1172164052706063 0.10472597074147968
1755702754.129804 59.85927125169905 90.38789869093486 -319.14626836692355 0.9856955706482008 0.04455941304911323 -0.11440055417509382 0.11546087613415948
1755702754.327675 59.95409341888062 90.36043164307789 -318.8008125676344 0.9848047154846247 0.04434947993008085 -0.11131965800973154 0.12570095357544048
1755702754.855284 60.11414628728049 90.30250914909314 -318.2319691090019 0.9862438921599352 0.047029586941218546 -0.10887214327661601 0.11514364744837755
1755702755.580774 60.29344577154164 90.24196375274205 -317.5814407993812 0.9867225501890209 0.047203882567936346 -0.10976227028301606 0.11001202862099195
1755702756.372197 60.49135861811513 90.15679150591914 -316.8432956010913 0.9866343930975974 0.04745481915943792 -0.11071626983890653 0.10973842576071063
1755702757.031733 60.655438583926575 90.09592314273425 -316.26200216074005 0.985735708020496 0.04909751683612582 -0.12095817872143777 0.10622460531463641
1755702757.757208 60.8834871960906 90.02658100318945 -315.57783086145366 0.9814590070492494 0.05543265710483889 -0.14367999178937102 0.11411177839121092
1755702758.350796 61.07688601464687 89.96737679016385 -315.0409063490887 0.980888070692783 0.057185735671081706 -0.1490788909877855 0.1111929344436908
1755702759.14222 61.357026904117404 89.89381545447735 -314.3109921147819 0.9810694770382394 0.05953511063036185 -0.14996647983070327 0.10709018047110261
1755702759.867711 61.60948038223271 89.82112937616384 -313.64384122521744 0.9801602906079385 0.058725136788528136 -0.15530333782498643 0.10824987891424363
1755702760.461284 61.82873690215293 89.76172816226374 -313.106435810614 0.9801595486836365 0.05874316171792538 -0.15902675612696618 0.10269854386215131
1755702761.186781 62.26371794025486 89.63043875057254 -311.9209145152974 0.9801592824640374 0.058913532916647006 -0.15776782795681224 0.10452889122463808
1755702761.714384 62.60617937570633 89.50428885634116 -311.0089181755162 0.9830132784984305 0.05446168111993019 -0.1525836802100679 0.0862382752547265
1755702761.978322 62.77444758226745 89.45529728840847 -310.51376968189726 0.9823722009690635 0.0527298288918654 -0.1479028726214021 0.10143551734264393
1755702762.176087 62.921867223828556 89.42489400207472 -310.1222341503481 0.9822072112649876 0.06115687472065487 -0.14017048515355177 0.10900030231736221
1755702762.571898 63.16518930311798 89.33969268066436 -309.3928623581436 0.9836688366028301 0.06058392139284772 -0.1347057700534645 0.10285700695335771
1755702762.704113 63.257012302659284 89.31709106016238 -309.10090867679224 0.9835111700234945 0.05228779572034422 -0.13806975170585487 0.10444380556839135
1755702763.099397 63.484519109152586 89.24363384628647 -308.3542449475026 0.9832714825844661 0.04986505155247719 -0.13538567093419565 0.11118178032174429
1755702763.231293 63.571039372229556 89.21540173937873 -308.07606988253127 0.983752539418532 0.05017026603612152 -0.13240119575731177 0.11038029242345919
1755702763.561056 63.746836877267505 89.14414877121592 -307.4949447264751 0.9838695725291975 0.049176082264418046 -0.13324193243260132 0.1087610436965527
1755702763.956776 63.95438944743307 89.05874258950172 -306.8057169307636 0.9841524980333877 0.04395665344377489 -0.13494583176842762 0.10630755251154034
1755702764.220626 64.12107114886827 89.00630065184967 -306.3107447871598 0.9844344552180203 0.04554059782779939 -0.13308941787921938 0.10536633322677912
1755702764.485648 64.27464485249608 88.95456033106326 -305.8229074091897 0.9840631232941025 0.04792160418079394 -0.13368591323817 0.10701105469563296
1755702764.682362 64.39914207617748 88.91423898908313 -305.42968281494063 0.9837721953856515 0.04787829654485992 -0.13333393880491076 0.11009994127530769
1755702764.946072 64.55607372699653 88.85667417230334 -304.9220524571129 0.984120267729241 0.047786944487605405 -0.13425438351358254 0.10582753464223586
1755702765.143928 64.69064987062231 88.81181258147808 -304.5400376024902 0.9843948425875411 0.049440710715749334 -0.1334518863241988 0.10350364267737186
1755702765.407756 64.84462293032111 88.75218221511979 -304.03643448153815 0.9847400765509076 0.04626634800555255 -0.1344006573659046 0.1004134949912334
1755702765.803478 65.06655194472336 88.65456943136542 -303.3205620628856 0.985322348197873 0.047594166904428 -0.13464599738114347 0.09351535065292801
1755702766.067281 65.22163273937586 88.600484243215 -302.81315548097183 0.9845077869411136 0.04656324105342974 -0.13496348094484656 0.10178968929199647
1755702766.331078 65.37277563000696 88.53427634938465 -302.3199944330391 0.9841155814360856 0.04502351221746707 -0.13718179260603564 0.10329840995733469
1755702766.528952 65.49328748052177 88.4826550484589 -301.92830990925233 0.9846255071681556 0.04481352984962666 -0.13582035899575365 0.10028553364535589
1755702766.858704 65.678430483914 88.40559306688992 -301.3143334940313 0.9846932957330362 0.04087875069880845 -0.1374807564842186 0.09903071582212736
1755702767.122518 65.84965427237553 88.35361387126451 -300.7893476579304 0.9838703737164899 0.04679650093761368 -0.13533218691444926 0.10721182028080212
1755702767.320382 65.96896372247537 88.30958254107902 -300.39596727785124 0.9835155052994233 0.04636046964049224 -0.13703151937282884 0.1084911074176458
1755702767.584189 66.12753434068223 88.25475808511686 -299.8897698775823 0.9834301275010344 0.04539634569087283 -0.13880930563330948 0.10740732186779668
1755702767.847998 66.29138193392085 88.1920076383252 -299.4070805344133 0.9835578078639204 0.04621276200896427 -0.13870517733864482 0.10601553186621969
1755702768.177767 66.49888454736148 88.13242779861525 -298.7752721484991 0.9825827525916229 0.048141186227330185 -0.13988593928538529 0.11245214310247931
1755702768.44157 66.66331324949076 88.0669408303319 -298.27471388948584 0.9832864208043564 0.04869662578206524 -0.13897544516690677 0.10706203313901579
1755702768.639453 66.78802407443416 88.01525246450717 -297.88403521314143 0.9837137989145818 0.044902992199418144 -0.14248697988535308 0.09994170140502819
1755702768.903274 66.96140603738422 87.93559510470068 -297.39030620822024 0.9847998085544141 0.04467427218138908 -0.14288852960043624 0.0880705091666776
1755702769.101098 67.07691020260543 87.87259325366907 -297.02232541218433 0.9856005613137128 0.039803003249774024 -0.1416131152409173 0.08338453131220146
1755702769.49681 67.3151692571263 87.8036664865796 -296.25953001003484 0.9829785645507862 0.044036209839534136 -0.1431190109756952 0.10644671227418467
1755702769.694672 67.44696417706825 87.76497441258994 -295.84187956961046 0.982875783934471 0.045357353112232844 -0.1418503528075442 0.10851903649695074
1755702769.826578 67.5412519215996 87.74127227522537 -295.56293704282103 0.9818713249098471 0.046837107009225123 -0.1430103308805968 0.11525203680720937
1755702770.354283 67.87592205967648 87.62182357279148 -294.57931652284634 0.9830717873733283 0.0487613871349652 -0.14372089008766367 0.10264742445718424
1755702770.684009 68.08653157302831 87.55131405999042 -293.97541519343633 0.9829370849611775 0.04714586438741762 -0.14435433541798087 0.10379682232717481
1755702770.947843 68.25813411773693 87.49607821242107 -293.4820657676439 0.9828911762867606 0.04825564560495731 -0.1459444453109024 0.10147190314451493
1755702771.211602 68.43027582202646 87.43354260542685 -292.9768594236047 0.9824968470311106 0.04880223294067975 -0.14659317568780808 0.10406117660152331
1755702771.607304 68.66476818979243 87.3440296804114 -292.2788242011003 0.9834634856710454 0.04604949148425437 -0.14819968040637407 0.09335883146894972
1755702771.673258 68.71238232250025 87.3274860489052 -292.13610309508806 0.9831391644546222 0.0470611809201911 -0.14785755975710257 0.09675107538699028
1755702772.068975 68.95965485659285 87.24696571281179 -291.41543927390126 0.9829535441963736 0.048089671672814034 -0.14465857979914476 0.10277941778723504
1755702772.332801 69.12235692096611 87.18950063798711 -290.9208053690504 0.9831387188607863 0.051059951507884886 -0.14339904426536648 0.10133042451585683
1755702772.530658 69.24228035116498 87.1309264646052 -290.5465671093384 0.9839012751258053 0.04391541070229043 -0.14397753454422202 0.096333727506159
1755702772.794462 69.40000249954167 87.05873659063946 -290.05665321251274 0.9845178173798838 0.042912664830008995 -0.14295641520827593 0.09190557006806684
1755702772.992351 69.53382253276742 87.02696223730234 -289.6612323882289 0.9836959241525702 0.04429547860635302 -0.14109224079181945 0.1023387461765982
1755702773.256133 69.69061378831725 86.96479521122863 -289.14089231993336 0.9838574766917937 0.04609984923353772 -0.1384890010341863 0.10353775181475976
1755702773.65185 69.92935506601141 86.8665527598732 -288.38646085734786 0.984884865202316 0.04470516604794559 -0.13593424799039922 0.09759677580394735
1755702773.783756 70.01544505063028 86.82888408760942 -288.11034875437844 0.9854911692334931 0.04581939297078037 -0.13429227778147942 0.09313067549875151
1755702774.179481 70.24022303697545 86.73380009773271 -287.3886359029375 0.9857403335823134 0.04906606076418472 -0.12959905357757626 0.09545994836532996
1755702774.443274 70.4104904426331 86.68046404931208 -286.8725754439151 0.985524084441085 0.04855662712894717 -0.12824918669351165 0.09968289251859837
1755702774.641165 70.52601275967355 86.63321554673438 -286.48313319164595 0.9858522204997384 0.04368772528704937 -0.12971683354284358 0.09674877307023928
1755702775.036895 70.72730264281896 86.526975445284 -285.7526045731659 0.9863727117294873 0.03894433153533713 -0.12739405787980274 0.09655551052944185
1755702775.234733 70.84377759677677 86.4888501790212 -285.353555389974 0.9864548648154193 0.03956274903300664 -0.12561360991698325 0.09778961895092998
1755702775.630445 71.05443700643043 86.40324491549345 -284.58094115069423 0.9861683932757577 0.03928128934892372 -0.12258660910019524 0.10440978728219197
1755702775.762331 71.13636762760312 86.36976761206917 -284.30251117756393 0.9860167018296109 0.040416372814347325 -0.12329240281832805 0.10457802794502868
1755702776.092105 71.31121509156281 86.27523477670749 -283.69513989143127 0.9877944233234608 0.03353866781874734 -0.12332962756406698 0.0890344763387957
1755702776.224006 71.37605433381694 86.23487316085685 -283.44853042127454 0.9881051304091747 0.03208218926847042 -0.12295427324370839 0.08660964774158601
1755702776.61974 71.58173852038857 86.13374127409742 -282.72934477546016 0.987968897587778 0.0352434209342161 -0.1184251354090602 0.09300992411237666
1755702776.817597 71.69575409648867 86.09574981765064 -282.3257164602165 0.9870945460550932 0.03990679705976928 -0.11657199553292742 0.10228770480459008
1755702777.2133 71.90218114877577 85.98347039394515 -281.61641978700374 0.9878183159843699 0.038166828162503795 -0.12088090399426944 0.09025560859772463
1755702777.345206 71.97865038694086 85.95358553318363 -281.33627811163745 0.9873786792790147 0.03679088665419069 -0.1223534002809536 0.0935917720962485
1755702777.674984 72.14323816251095 85.86762907916406 -280.6971231576024 0.987095687514885 0.0389879762955625 -0.12165990191864488 0.09654485827344167
1755702777.938777 72.29598313737708 85.7998343274448 -280.1614636544198 0.9868714962368568 0.04136242777211262 -0.11978020769504184 0.10013241896886874
1755702778.268543 72.47430012713858 85.71817824745457 -279.5075789258983 0.9869003588962322 0.04231720287822368 -0.1198985092785456 0.09930399500439945
1755702778.40046 72.55432162319322 85.67899500633952 -279.23820121806625 0.9870227675073646 0.037423263148182444 -0.12266048908681633 0.09664346959017849
1755702778.730233 72.73303813474149 85.59065538569888 -278.5881001785193 0.9871115357113407 0.033625614477654706 -0.12336811014251738 0.09623119824912527
1755702778.994025 72.87547099107498 85.52043011522584 -278.0390155549145 0.9866126490790459 0.030173695745828455 -0.125592548361225 0.09955672030756661
1755702779.257835 73.02745135419248 85.44701303987637 -277.5214351079255 0.9866482942617358 0.028252759178375438 -0.12781718024947192 0.09690043066101264
1755702779.455692 73.14736656148719 85.36740210442483 -277.13104622732294 0.9881843939575525 0.02645131603827613 -0.12415950760418575 0.08588566871180413
1755702779.851412 73.36240689766322 85.26638774689519 -276.34984470276135 0.987379547421969 0.023523144782930827 -0.12555319758355266 0.0936198994277085
1755702780.049275 73.47361835689809 85.21820573575704 -275.94098017987244 0.987572491484883 0.02307897155791932 -0.12550291398221744 0.09174395738216985
1755702780.445021 73.68967129996109 85.09736549308239 -275.1693983389463 0.9882888373388313 0.0245963697099508 -0.12384994546048292 0.08568187438418873
1755702780.576918 73.76285509264099 85.0655199439883 -274.8838967002626 0.9879133555635349 0.02058895709008606 -0.12718767462897027 0.08617767789639387
1755702780.906666 73.94851815605321 84.97056509216823 -274.2462232301927 0.9869155607860669 0.028535410381778835 -0.128538641272675 0.09306569686217009
1755702781.170463 74.09447382024794 84.90450046772602 -273.73763580430864 0.9869501761530136 0.028454296927515544 -0.12813990756098653 0.0932730768665736
1755702781.368329 74.20345728540501 84.83652276969809 -273.3332297629102 0.9866355635299346 0.026517676390323895 -0.1356089626203118 0.086355583918291
1755702781.764056 74.43782333888716 84.74473980589833 -272.5514992555428 0.9835995494342151 0.03156312020097557 -0.14541571810138346 0.10193117641353266
1755702781.961907 74.57574825986434 84.67303515131047 -272.1771047169377 0.983069333119249 0.028350545742310107 -0.15543652488912252 0.09279234648925141
1755702782.225715 74.77882652912119 84.61161427799959 -271.67365831192643 0.9815911886275097 0.03272836907732561 -0.16091659074240497 0.09753688066681448
1755702782.555479 75.00720761369189 84.54132377821466 -271.0448039145249 0.9807464918403783 0.03465714411691912 -0.16411526729423923 0.10000690048886803
1755702782.819304 75.19391195992641 84.48397279184339 -270.5648056477623 0.9805950558252662 0.04064808306615841 -0.16425786465720205 0.09899708951452109
1755702783.083099 75.3869340602826 84.39902918584022 -270.08154736982135 0.9814592093655329 0.03626533258372393 -0.16434785874113877 0.09171928549317064
1755702783.280988 75.52554303767208 84.32725003192293 -269.72214063784475 0.9819900031049895 0.03794389680887553 -0.16643888154204464 0.08095673664281096
1755702783.544765 75.713206277025 84.24148979995928 -269.24167606746533 0.9819996371492701 0.0381007725622696 -0.1673216578323034 0.07892088816726318
1755702783.742637 75.86410567669986 84.19771494078299 -268.8597459470553 0.9814394996648932 0.04610446879086948 -0.16432551011647675 0.08745291979114019
1755702784.138366 76.1416911902281 84.08745593500785 -268.132582279288 0.9811589911192827 0.04662507208543137 -0.16753547696060156 0.08417244655113376
1755702784.402158 76.32761015896291 84.00978005818101 -267.619664779882 0.9808810396365947 0.04544211378721254 -0.17004380281258427 0.08302111479026347
1755702784.600016 76.48396659549357 83.95352835985572 -267.22806805686685 0.9804614164056539 0.04740129569203014 -0.16867882904428325 0.08942024792397414
1755702784.99573 76.78150366640924 83.83912196702138 -266.4695840126566 0.9807434757662683 0.04920778683885403 -0.16856703205817294 0.08547504992347227
1755702785.193593 76.918117056635 83.77811145815159 -266.09332348113304 0.9809723617505135 0.04841687590033517 -0.1679601392017333 0.0844891901310796
1755702785.589311 77.20101341547819 83.66643962543509 -265.35973096602333 0.981267826986819 0.045820930851444175 -0.16702973119436793 0.08435023955870329
1755702785.787168 77.34123433304306 83.60217085369385 -264.9686035315502 0.9822526115262893 0.047263145249533525 -0.16178212777439233 0.08229547608280953
1755702785.919082 77.44223477526693 83.57046386887106 -264.69119431976833 0.9819230737667181 0.04378495926310698 -0.16212434606395046 0.08732497329049076
1755702786.512646 77.82325167562026 83.38803055140501 -263.5920537183092 0.9839019495571473 0.04025871821976612 -0.1517571281856579 0.08535785441181182
1755702786.776495 78.01076253440553 83.31125351861016 -263.0788842489166 0.9839050416560539 0.044336810762777366 -0.15065899285666773 0.08524660747853326
1755702787.040293 78.1889675639041 83.22732070623624 -262.5691100801979 0.9843334314124532 0.04417174468593423 -0.1479036861287045 0.08521180906850588
1755702787.238139 78.33039243323636 83.16930353203512 -262.173094891064 0.9844904157858865 0.044253454564993105 -0.1467173876160444 0.08540644680537895
1755702787.501949 78.49331814767486 83.08638488795519 -261.67366798225447 0.9849328873873076 0.04539071987504112 -0.14467587274909277 0.08316117926301413
1755702787.897723 78.75328429730234 82.96453651800257 -260.902515528847 0.9852628790217515 0.04731672010476271 -0.14132177092892706 0.08394250581087548
1755702788.161471 78.9080828573592 82.8901919426762 -260.38740682611086 0.9849131986024339 0.0472626791466574 -0.1387213787494463 0.09202504798398822
1755702788.491236 79.04466017869612 82.8142589963856 -259.95966058182023 0.9861479057831283 0.04774834421726103 -0.13432511219040486 0.08478896024303906
1755702788.623167 79.0820918744328 82.79640323231992 -259.83505599701414 0.9861145061709615 0.04472576305260808 -0.13704220842661513 0.08244525424861522
1755702789.084828 79.21611028019623 82.72661180042904 -259.398273710645 0.9866467642181413 0.04457794573016768 -0.13538210667259493 0.07882039460215666
1755702789.810334 79.44464061338918 82.60689641168635 -258.7018873074819 0.986375745694941 0.04536841519884668 -0.13656832895337429 0.0797100165222477
1755702790.667713 79.70311384500837 82.48315856938059 -257.8866865603958 0.9860475236896878 0.04222680819907349 -0.1369843275268438 0.08463138724357297
1755702791.39324 79.918472483598 82.3642303950028 -257.20497549773955 0.9866810007983251 0.03980127679437899 -0.1375638252072692 0.07715345114443581
1755702792.184594 80.16838250561491 82.24599194471473 -256.44129332879686 0.9863472860026155 0.04170816509732178 -0.13490857565697364 0.0847297856346628
1755702792.910082 80.39040125229833 82.13815817662667 -255.76092352887017 0.9859703286615157 0.043696465124350166 -0.13809153761977583 0.08296901332753734
1755702793.635554 80.6206089490268 82.03407331955329 -255.0369751019154 0.9855371643402788 0.04228251886615019 -0.13829897899244845 0.08832937626917903
1755702794.361037 80.84700912002232 81.90769274164208 -254.33468809893148 0.9860419095714298 0.0411249898400405 -0.1382568552540758 0.08315725918185693
1755702795.086521 81.06317035963133 81.77985874775894 -253.65938162929015 0.9862980488891869 0.04031726315604388 -0.13840607985171763 0.0802149244783623
1755702795.812004 81.27140119273686 81.66563209727803 -252.96654365382577 0.9866126060424428 0.038924984559167895 -0.13921612789922688 0.0754935818990857
1755702796.537475 81.51346158842941 81.57298371514406 -252.24725447432084 0.985091715336915 0.04588381621219831 -0.13677067465990966 0.09371643579144841
1755702797.262973 81.73240544555561 81.45655787524878 -251.5677473023193 0.9863692796374931 0.04638224131854076 -0.13536250295600924 0.08124853642476247
1755702797.790584 81.8944840921409 81.37470273926503 -251.06797362607804 0.9862486841021283 0.04251991495620698 -0.13869175298699418 0.07918451611478021
1755702798.516085 82.11886964761585 81.26506038982413 -250.37803468373212 0.9863309847436486 0.04516589934478281 -0.13640620304000278 0.08065096306437317
1755702799.241549 82.34201179113887 81.15609947278926 -249.65745529285002 0.9861042272178752 0.04593147143699342 -0.13686102811631462 0.08220591205999185
1755702799.96706 82.55844409953917 81.05363309213712 -248.97947558774123 0.9860823953355484 0.042432016176404075 -0.13828140963276878 0.08197124716927948
1755702800.692503 82.77188922195329 80.92691829623347 -248.28580812361108 0.9863910117217777 0.04160751409290879 -0.13863915725682247 0.07797929751295629
1755702801.286087 82.97375712012418 80.83644173903579 -247.7078541047494 0.9860428121076926 0.042083578123661716 -0.13965781884915357 0.08027601620260011
1755702802.07752 83.20706952816693 80.7135891953578 -246.96034870207035 0.9862289773882614 0.040426936254224666 -0.1385867625673247 0.08069557748668062
1755702802.868955 83.44214587238348 80.60010007663908 -246.2375742358324 0.9863371167269852 0.040730317168327236 -0.13726327856313633 0.0814796035101041
1755702803.59446 83.64646434877207 80.48634364935387 -245.5436523876295 0.9866159486115123 0.040719516206841895 -0.1361003009757076 0.08004747978299184
1755702804.319907 83.86596532291925 80.37916296448158 -244.8543408193677 0.9863574194775921 0.040873624354814904 -0.13604590537068018 0.08318593333898842
1755702805.045406 84.08034524148043 80.27139313810872 -244.17646993543835 0.9864929655132811 0.03983952768286036 -0.13590845625091838 0.08230025848265105
1755702805.77093 84.28022775536941 80.16269808768715 -243.52870637079678 0.9865602145819903 0.040371333024263066 -0.1365255714328913 0.08018645034358207
1755702806.496399 84.48920124963385 80.04824741229928 -242.84752101878053 0.986685062098716 0.04017976026110238 -0.13609293440949402 0.07947885442321298
1755702807.222054 84.69922206742763 79.92978713283438 -242.1673203911324 0.9870572555142155 0.04023029715145685 -0.13400576959106483 0.07837060191268395
1755702808.013276 84.91656836082304 79.80026788716557 -241.44584754835768 0.9877054526742068 0.037969881464735566 -0.13242453915205182 0.0738915982339038
1755702808.474993 85.04694062267009 79.73251841656975 -241.00805123641254 0.9868309993710551 0.03631094280551671 -0.13579819288755304 0.08003089979110597
1755702809.596159 85.3655232102598 79.55871223089376 -239.96915102281204 0.9868476363116312 0.033948717355657604 -0.13668314248641064 0.07935329770142868
1755702810.388086 85.59421548768704 79.44099677211288 -239.24193570260087 0.9868196958285397 0.03416111153119054 -0.13543247513951914 0.081718731398656
1755702811.113055 85.79320798482401 79.33308687637987 -238.58479451309512 0.9865229413906137 0.032465870594750035 -0.13661543753691113 0.08399211619631324
1755702811.508811 85.90939938229944 79.26733030681937 -238.20900327443968 0.9872119158308073 0.02964720615414963 -0.13554799859903632 0.07848832068987141
1755702812.23436 86.09777620273732 79.14446262499816 -237.5464413087792 0.9873012929179099 0.0271073941266362 -0.13508917964322867 0.07907123199752356
1755702813.091698 86.3301860142647 79.00069996498236 -236.74121655695478 0.9878172558109924 0.02322859801470059 -0.13288603297492024 0.07758094866976274
1755702813.81713 86.51879819935328 78.89153724244771 -236.07340363381533 0.9882309364545854 0.022502988412363593 -0.13028882348647186 0.07692889067910247
1755702814.608562 86.74480754764325 78.74826060748677 -235.34584769197136 0.9887691515430801 0.023204907727964186 -0.12834254451511232 0.07297457421253352
1755702815.268092 86.91457282563081 78.64776110509092 -234.73500266276804 0.9886319240108586 0.021816873814470093 -0.1257673454079166 0.07945764703662725
1755702816.125484 87.1298294379154 78.5031341411823 -233.96081998990243 0.989476538083049 0.02294676101418219 -0.12205368804814415 0.07424637348712114
1755702816.850982 87.3187244466509 78.39177005960808 -233.238064492285 0.989239494021956 0.023445224818934303 -0.12016505548940971 0.08009934044423313
1755702817.57644 87.50374799885404 78.26868849533547 -232.57270176283652 0.9899271827458369 0.02365003495634916 -0.11861258958665959 0.07359281418046677
1755702818.301927 87.68243234326269 78.1484773576655 -231.9070652471801 0.9904361018834641 0.021462339723972938 -0.11606202657959262 0.07145139638732718
1755702819.02741 87.86574893854925 78.02942816238559 -231.23885543721065 0.9905395064364461 0.021777579138132795 -0.11295490271611262 0.0748225446501088
1755702819.75288 88.05072593385708 77.9045970322097 -230.553230365304 0.9907664482603429 0.02426862382044375 -0.10983924543285754 0.0756849989244091
1755702820.478419 88.2286622565889 77.77711558983044 -229.87549599668168 0.9915314999258762 0.029067219843262746 -0.1050431233685692 0.0706139052758098
1755702821.269804 88.42456298862844 77.63096954677543 -229.11481132752778 0.991812038726252 0.029777127900650936 -0.10427261021796569 0.06744942735113547
1755702822.061312 88.59924185060403 77.49913795707944 -228.34717865972053 0.9915735523090545 0.029135807654144474 -0.10432019502940089 0.07106540637026675
1755702822.786713 88.76809906022184 77.35783272309449 -227.62235177152252 0.9915172182057149 0.02565434503762809 -0.10358441333104576 0.07420060577349905
1755702823.644106 88.9642350084651 77.1982861110158 -226.7767377122098 0.9916525823918637 0.023316445151278762 -0.10459735953051176 0.0717000111596942
1755702824.435531 89.13014028366011 77.0436274540069 -226.04661594276536 0.9922429985214272 0.022538328693156327 -0.10262790390538143 0.06643319174113384
1755702825.16103 89.30696588672556 76.90926519680141 -225.35030489057058 0.9920691364401356 0.026743250783116505 -0.10177091146817298 0.06874815371638926
1755702825.754598 89.43640435390083 76.80254985386492 -224.80001057918315 0.9918716015439125 0.02361677184829351 -0.10353840828998022 0.07009117024958951
1755702826.677934 89.65728002403067 76.62899760352212 -223.90728575586888 0.9916450148365646 0.018705699153477275 -0.10712378220482 0.06938844756228091
1755702827.337532 89.80020522967914 76.4936230323275 -223.25916395418125 0.9916838691948361 0.013830778685724632 -0.10962914330989004 0.06597927005389989
1755702828.194849 89.99421802001798 76.32581105645072 -222.46575081741875 0.9918334159000374 0.010724875724446522 -0.10830028000138439 0.06650189092334512
1755702828.722484 90.12371142778805 76.22710095681838 -221.90582435607297 0.9908684817244923 0.006153648730121129 -0.11280787973385589 0.07359461123110668
1755702829.513908 90.30550575817735 76.06985994101485 -221.1832641476594 0.9914714337447281 0.005581641704547293 -0.11401495612867166 0.06287949684143598
1755702830.239398 90.48455323524519 75.93234514271573 -220.48592530630467 0.9913658065864542 0.005901000425967763 -0.11243125442441226 0.067217771115344
1755702831.09677 90.67549610275881 75.7696812414563 -219.68463341884924 0.9916577341158522 0.005458641745427585 -0.10990375535990955 0.06712902618314828
1755702831.690354 90.81261372745746 75.6650513686578 -219.13003856649632 0.9915150632762812 0.006881490094877192 -0.10977494310034694 0.06928193312561046
1755702832.481777 90.9947826712478 75.50837763269625 -218.37271416674164 0.9919874879106715 0.00881353731514467 -0.10777391074973074 0.06532939269868528
1755702833.207262 91.15104474606188 75.36256428628292 -217.70521126188098 0.9924271175962078 0.00960196375095618 -0.10662513300663536 0.06022706669866473
1755702833.932738 91.32234173958562 75.21135685433518 -217.02022577397042 0.9918189723867773 0.009030231581235839 -0.11190745541293921 0.06074785884479842
1755702834.658218 91.5370144889644 75.02963944665368 -216.14183601161386 0.9901615475108998 0.005550962257125485 -0.1245406429917758 0.06355253647208088
1755702835.185852 91.7204448345017 74.88687955485159 -215.50348435944022 0.9897998084202316 0.0077276603243478376 -0.12899294573995868 0.05997868343430242
1755702835.779413 91.94004692958299 74.75758406252108 -214.8062373590774 0.9880252232679104 0.017507401537493625 -0.13615500432802105 0.07043765948863825
1755702836.570864 92.20083244735666 74.58412984578315 -214.0140985753491 0.9870178785684647 0.02480596698130636 -0.14440354830957128 0.06578743515243003
1755702837.164421 92.40856939685716 74.4537536948297 -213.42413187116713 0.9857571595564085 0.0230411297577566 -0.15499282791770622 0.061066783252763414
1755702837.955871 92.6663232226349 74.28921081160797 -212.72766364657332 0.9842872399446072 0.021674869647293572 -0.16758635740535124 0.05122150055988201
1755702839.20897 93.14169337421622 74.05900705399891 -211.6057735068212 0.9809726115874392 0.037494650594220295 -0.17932794328599633 0.06425243379788131
1755702840.198249 93.53014641232456 73.87554297084117 -210.74501022719278 0.9800992783945389 0.04717754113520647 -0.18272962736442866 0.061559462198731936
1755702840.52807 93.67086093540222 73.80292048727425 -210.44920246454737 0.9805627347049695 0.05300826193218569 -0.17919440752352075 0.059801436330032764
1755702841.385413 93.97851634357843 73.6225795907638 -209.68955817716906 0.9827833928922032 0.046624267254606604 -0.1718304527566601 0.04936877417661331
1755702842.440832 94.31892673051844 73.42262891238529 -208.76142844111524 0.9870642920359075 0.04741916385264172 -0.14381949458848273 0.052644650853457875
1755702842.902401 94.42712014121658 73.3311056363821 -208.36250184231045 0.9894298250791553 0.04049026323351257 -0.12825939693425312 0.054209657120986125
1755702843.825754 94.63353204606248 73.13301589533194 -207.56410790867255 0.9914066120023394 0.032464565372950824 -0.11657956197989185 0.049680855485437776
1755702844.749004 94.85912913965855 72.95381986321925 -206.66728613073306 0.9915545193947842 0.03164281373890665 -0.1094176529029599 0.062017293069520606
1755702845.078785 94.93664612053968 72.8893124893627 -206.35966311338146 0.991968498491268 0.031239293073410886 -0.10745535638789976 0.05895719593741007
1755702846.068132 95.14793132666293 72.66987561014166 -205.41589037352202 0.9924327393314696 0.02318798159914518 -0.1072011191106105 0.05520412551454623
1755702846.463785 95.24659754392461 72.58109615071758 -205.01793217647602 0.9928373708088926 0.02320511503001902 -0.10397630320043917 0.05407777856476273
1755702847.321164 95.43905550683996 72.38462038210062 -204.1986257832981 0.993519894565532 0.02205017348661053 -0.10059900683173749 0.04808168857447305
1755702848.113943 95.61977633306857 72.21301317680714 -203.44884736053666 0.9936676683941231 0.02123422061630297 -0.09898751442599914 0.04873545578701257
1755702848.969989 95.81628895867772 72.01733993427194 -202.64669914800317 0.9936276296728976 0.022773936395182336 -0.09748169833850209 0.051795751377196234
1755702849.893318 96.02241266166259 71.816585048177 -201.7618964182015 0.993350280456401 0.022859528080333653 -0.0992132244769431 0.05375312439311714
1755702850.289053 96.10978895978725 71.72442429894164 -201.37672744668492 0.9934291977049478 0.02000903750780271 -0.09909294389230744 0.053653108354236485
1755702851.212395 96.31275463333105 71.53631080638131 -200.52404866144556 0.992869624538526 0.020907957903492754 -0.1037259794041598 0.05489705968155237
1755702851.54214 96.39218881426595 71.46069766011287 -200.20743359471064 0.9929228950299078 0.02043699213211195 -0.10417933927166642 0.053227052773357764
1755702852.399539 96.5821980506233 71.26854736130625 -199.41023609884937 0.9925650414849209 0.016844405808587544 -0.10935200901625751 0.05072516672324992
1755702853.256908 96.77225798386947 71.0872143105992 -198.68013225481707 0.9920881491620543 0.01699080708047493 -0.11441716668320089 0.048796810706770125
1755702853.982407 96.9625759741674 70.93180423288334 -197.9980398998266 0.9915493876066294 0.01691750716207263 -0.11840760986023574 0.05023194019272523
1755702854.575977 97.11967476235698 70.8059509124469 -197.4572653264377 0.9922939169921359 0.01958669766889714 -0.1110157470470764 0.05142613618006858
1755702855.367404 97.2900866301587 70.614678459988 -196.74824724108242 0.9935693489214167 0.017958178077457296 -0.10386032091020246 0.041358027811301205
1755702856.092914 97.4464407909792 70.4625885725326 -196.0878072056533 0.9933596371756228 0.016622281897441537 -0.102232925495693 0.050087522592250466
1755702856.686472 97.56775275273189 70.32825232081498 -195.52971294508998 0.9943960911526389 0.01451122115939549 -0.09383666704034113 0.04648137562052048
1755702857.477898 97.70453880048278 70.14449961143383 -194.78728209661546 0.9955707012565842 0.009261486130852925 -0.08208529740702009 0.04489106396291068
1755702858.335283 97.82139781646131 69.95061692706992 -193.98420809892522 0.9968045594688356 0.00472135861689039 -0.0660460339781304 0.04467997751466407
1755702859.060761 97.90569735260787 69.77840870505041 -193.289067306415 0.9971626398395153 -0.0013483468565062358 -0.06099069869958376 0.044101999287791155
1755702859.852195 97.98574556511626 69.59379449566092 -192.5394143059691 0.9973569005065769 -0.00888351318885214 -0.057888105761008196 0.043003062876265735
1755702860.709585 98.07857644517719 69.39762528060008 -191.69860245823264 0.9976849300473812 -0.009574628761896858 -0.04626394966210333 0.04891578275042025
1755702861.369213 98.12989590923074 69.22199768275836 -191.0603786997351 0.9978515654960984 -0.01531891080403049 -0.04762307165084558 0.042303986281461814
1755702862.094603 98.19276931878225 69.05105531857902 -190.40811796640148 0.9981284093337969 -0.017283127257411476 -0.04404248604514447 0.03874572771224974
1755702862.754135 98.23830664153495 68.88402517650094 -189.74635478053318 0.9981548562384476 -0.01906678669013539 -0.03857460673719152 0.042840872166519404
1755702863.479612 98.29969201080327 68.71818451831628 -189.00804486348227 0.9979051536508863 -0.017641875975024354 -0.034745555589656835 0.05164121315237259
1755702864.205083 98.35791339038418 68.54624698251902 -188.31268241834647 0.9982524640189705 -0.015363835937532065 -0.03630212523467817 0.044024156196166626
1755702864.930584 98.42343448789347 68.3717460708855 -187.64650105753518 0.997983366212079 -0.014986378696473946 -0.0484638439752971 0.03815579962091363
1755702865.787971 98.53286823926145 68.16416820666174 -186.83882204748662 0.9973035826676218 -0.01079331872943734 -0.06179828430416057 0.038079395034491946
1755702866.51344 98.65096289851871 67.98854485763967 -186.14187476536912 0.9959473030756179 -0.007603277898957142 -0.07888245522100572 0.04252902444097093
1755702867.238916 98.78984687430321 67.79579409282672 -185.4460732966784 0.9950752009759513 -0.00563411599633346 -0.09247218777656431 0.035249051440089565
1755702867.964404 98.95899569478678 67.61932367616694 -184.7815435509761 0.9939323564267408 0.0016831115340271428 -0.10331556223102667 0.037703217162956396
1755702868.689882 99.11915163102361 67.43436872350385 -184.15816594839202 0.9942664520277242 0.005596287632817193 -0.1024535260759687 0.030102806040847245
1755702869.481322 99.24189579798399 67.25330829522 -183.458186922787 0.9961824304107604 -0.0021811970544001855 -0.0798620668135201 0.03518320628642997
1755702870.206801 99.29368422065366 67.09357212957163 -182.88116364692362 0.9980286641956623 -0.009240579707790762 -0.05201905615254337 0.03387351365719915
1755702870.932298 99.34417925692226 66.9185638109406 -182.22428116847095 0.998483597661551 -0.012151009602189853 -0.040746481496148935 0.03496544597423953
1755702871.525851 99.37401331012268 66.77378468474308 -181.63963806278937 0.9985833623551977 -0.01530997711223882 -0.03207018745208213 0.039602728504473154
1755702872.251331 99.41067764963014 66.59576551741483 -180.951303722009 0.9986725798123869 -0.016129455098097767 -0.03066507840423467 0.03811262226050674
1755702872.976816 99.45760212911095 66.42829934843344 -180.24273100983172 0.998429612604715 -0.017103901410128134 -0.029376039757557388 0.0445287942652136
1755702873.636361 99.50220045401284 66.26731772724696 -179.61494341957805 0.9986685700383774 -0.014996396656887978 -0.027195551007677673 0.04118977191245991
1755702874.295879 99.55869942006107 66.10088806536969 -178.97140527010131 0.9980836131125831 -0.014886242702781475 -0.042701898381553235 0.04223800289948711
1755702874.889475 99.63216285089635 65.94864559453009 -178.39939531671814 0.9982021791792552 -0.006253764057875659 -0.048968017451751035 0.03399166344472529
1755702875.746869 99.74996334067937 65.73387987711101 -177.5902975250052 0.9978186293031455 -0.0003013039070640041 -0.06041889507944467 0.026597920011282642
1755702876.406367 99.85144172893956 65.57700698204052 -176.9645456308625 0.9966784356332916 0.00423252782925172 -0.0726763933776425 0.03650100679936538
1755702877.131842 99.9822615939265 65.38363097620044 -176.30206967282083 0.9967454358140729 0.00615832236770315 -0.076611523899147 0.024316365996581355
1755702877.857348 100.11456440348726 65.19632334311133 -175.6331805734265 0.9963776583938684 0.012390031070885465 -0.07787424228945541 0.03183789206994416
1755702878.516879 100.21677836291194 65.03215818457217 -175.02927949856073 0.9964008075486855 0.0101462205611213 -0.07923115315377673 0.028370923400113143
1755702879.242335 100.31286143115058 64.85640019417006 -174.3526719552578 0.9974018658881666 0.003738232814449025 -0.06240225784191435 0.03579806914429937
1755702880.297598 100.37466269490004 64.60868872383217 -173.4837081116427 0.9991480827427472 -0.005424456269990806 -0.02302699191051926 0.03381481434548951
1755702880.759243 100.37325256976405 64.49700523544838 -173.07360837949594 0.9993876596198826 -0.011865284741963838 -0.005723220977993827 0.03241551417334926
1755702881.154963 100.36774797820233 64.3916143620643 -172.70814312096732 0.9994577613721826 -0.013946072918036494 0.0087617410879257 0.028511790125814736
1755702882.144256 100.32048035431161 64.14409031438778 -171.8371592354251 0.9991850672044076 -0.02272280501459966 0.020841665807959826 0.026048043579919015
1755702882.474014 100.29679433445648 64.05181344340461 -171.51560420793348 0.999065692569551 -0.02500952656521442 0.02572217451097841 0.024096374207213743
1755702883.463311 100.22809695689378 63.7978157833129 -170.57473644866505 0.9983423501148224 -0.026842678626169666 0.03933289470937334 0.032325623971809644
1755702883.924983 100.19565330717747 63.67383838048225 -170.14665023625653 0.9982908708564374 -0.027744812386630142 0.04346491770687204 0.027502063178265493
1755702884.386664 100.14950206334791 63.547316715532276 -169.68978843437392 0.9980699352435557 -0.030260046739251437 0.04708953914963195 0.02689440902749446
1755702884.848406 100.09251518433939 63.43399812733387 -169.26479649878968 0.9978148944537975 -0.03451431711521559 0.04973794598964946 0.026463844183301166
1755702885.441926 100.022448015533 63.27470733124035 -168.69309995036662 0.9973209335485643 -0.03884011955774285 0.055991209497053177 0.026596711782049403
1755702886.035469 99.94477218085387 63.12720327961414 -168.13873368511574 0.996891704479855 -0.04161520911664251 0.06003319648860822 0.029514729014304283
1755702886.497141 99.87179511850675 63.01114634117741 -167.68245056590067 0.9962542841784043 -0.042529860635115956 0.06738224350076466 0.03358936545004043
1755702887.09072 99.77335189264697 62.8614147282679 -167.10682960731623 0.9956574629463303 -0.04348418311527017 0.07410178030919676 0.035836691436042366
1755702887.552403 99.69885962017248 62.73876991205377 -166.6737386225237 0.9954670225237418 -0.04391118316405098 0.07856952794890493 0.030725304534466896
1755702888.145966 99.59230366500542 62.597921224734776 -166.12149940286466 0.9947864377504053 -0.0459558767758869 0.08571877249042147 0.03066419247842351
1755702888.805479 99.4828959968841 62.43624050377345 -165.51489524304932 0.9943519685109442 -0.0446246988643058 0.09085001319350088 0.031922939595548296
1755702889.26716 99.39951502126877 62.32873870313724 -165.07341325926387 0.9940358757904936 -0.047855436509545726 0.09161242073551405 0.03478073036735325
1755702889.728831 99.30698694107707 62.21089420619469 -164.64429460729858 0.9944688966089352 -0.04698854067055865 0.08852842074485043 0.03140715592792385
1755702890.058589 99.25231630988262 62.12927705796117 -164.33068329137313 0.9945040263037187 -0.04534607816449433 0.08896693725651912 0.031469968795451594
1755702891.113839 99.06318811003767 61.862668749807966 -163.3368858992603 0.99516067863208 -0.04479583529915148 0.08151328885972314 0.03168817734835297
1755702891.443609 99.01019736733153 61.782912966281636 -163.0062320967452 0.9952858843293786 -0.042792651314100275 0.07987848528480576 0.03455756121027243
1755702892.564801 98.84322206404455 61.51730949353427 -162.03917766861213 0.996546772875393 -0.03971437474708933 0.06753443368386927 0.02750269399689168
1755702893.026756 98.79996438992904 61.39974805993697 -161.5944803261237 0.9971251034518819 -0.03738848397026582 0.058871981393704254 0.029626325105530264
1755702893.488144 98.76272316148759 61.284415896756535 -161.16439844654053 0.9981533001282957 -0.034083773503684064 0.04245187845848566 0.02694668517810532
1755702894.015766 98.72460872494463 61.1489878997185 -160.66098592049727 0.9982695982847176 -0.0337280973920602 0.03755358233929817 0.030165427897937944
1755702894.477519 98.68855523997702 61.031908301367736 -160.21429495082788 0.9981782654160405 -0.033385836054538966 0.039410810796089844 0.031182116579197852
1755702895.071032 98.6408081718583 60.883889586963 -159.65374992030843 0.9982720536548467 -0.032147235807051866 0.03903830672746196 0.029924450363427335
1755702895.532683 98.60000024498065 60.76234538263201 -159.210267266203 0.9982542633599193 -0.033598449882249096 0.03713817983004986 0.03131014928366708
1755702896.126263 98.55764108819965 60.60680451266442 -158.6560921025063 0.9985741536205104 -0.03262315708720338 0.03310719139841863 0.02625458475111731
1755702896.719851 98.52538266942204 60.457190494720486 -158.1022741703851 0.9983588434240499 -0.032940624310311355 0.03696298811455672 0.028779724402493136
1755702897.181508 98.47050233908881 60.32866653912936 -157.64608858670107 0.9980899126176392 -0.0362636628271138 0.04252010834139965 0.02633464402474756
1755702897.775066 98.40813713900701 60.1673608666909 -157.093743750186 0.9977929484520508 -0.03491951487550605 0.052275876882140394 0.021379714601129446
1755702898.500554 98.3149581414067 59.994912333394325 -156.42530540175173 0.9968599819848145 -0.04033519867752979 0.06131598429385586 0.0297253786343415
1755702899.160155 98.21534000715727 59.82189648186796 -155.82823724171112 0.9962067463657098 -0.04277128526675198 0.07339944453751736 0.018848267656744973
1755702899.687716 98.12978880806688 59.689262764945994 -155.32589835553932 0.9950933587254721 -0.04558806007685366 0.08476974656125756 0.022913451656788403
1755702900.149416 98.02800506899176 59.5691229298285 -154.8719967432369 0.99395681051286 -0.04959570425313875 0.09330223930382633 0.02974587527085756
1755702900.611066 97.92032099373446 59.44753973234663 -154.43898371962044 0.9925868515559532 -0.05072938653074586 0.1070762277119769 0.027065714833107088
1755702901.204628 97.77432325532882 59.29717139366355 -153.88653927870908 0.9917285563018149 -0.05811451841973212 0.11078927879943534 0.028686391677270356
1755702901.666291 97.6452143891098 59.16916915803842 -153.45005518237537 0.9910383150607143 -0.06308583488783102 0.11480964689211734 0.02611475633876868
1755702902.259883 97.50156701579388 59.018119361754756 -152.8911337625208 0.9903807501377043 -0.0611455022176138 0.12039606104564686 0.030199102634458807
1755702902.919396 97.32392046872577 58.85750994126088 -152.29547180947782 0.9904919532047353 -0.06698688641055925 0.11735805477274053 0.025797958555777094
1755702903.447026 97.17908502051047 58.71766617561553 -151.78981540849986 0.9906132146547547 -0.07075504905293058 0.11468676391217528 0.02293748391265257
1755702903.974643 97.03983599923849 58.593541627550046 -151.28182882383635 0.9905915150769112 -0.0703422292422181 0.11375430282298643 0.028989302028871438
1755702904.502265 96.90539556531569 58.459973806990135 -150.7957778575782 0.990660967687423 -0.07254771904694855 0.11251059200031738 0.02586585102875917
1755702904.963963 96.79531528136334 58.34011396202527 -150.35813651601688 0.9908279041119544 -0.0703815574240783 0.11243090757829843 0.025802942250703294
1755702905.425621 96.69421305628205 58.21528839669194 -149.92345573187214 0.9913098616612025 -0.0696607227620589 0.10910474860814409 0.023415714993760668
1755702906.019218 96.55726813558984 58.07331577889128 -149.37352096951733 0.991993365760751 -0.0716527753697174 0.10083579580125918 0.025439818269797583
1755702906.48087 96.47742250604695 57.95422739579958 -148.9415257300799 0.9936974590561755 -0.06653018206470576 0.08722270676382328 0.02304981918648632
1755702906.94252 96.41405100332938 57.83743037569516 -148.51521473086845 0.9951034793730379 -0.06381221847297652 0.07231055085747799 0.02163909304751673
1755702907.40419 96.32946260694793 57.69551563876672 -148.0327023501141 0.995787160183763 -0.06376397715215808 0.06431665377940199 0.014333697273076835
1755702907.931831 96.21161380746433 57.4769524382885 -147.23065030513467 0.9966115656794217 -0.05997608410841828 0.051520121910098984 0.02267010205976612
1755702908.393488 96.14280749452784 57.26753198672086 -146.51228100513853 0.997383201910235 -0.05612762038432866 0.04152117399587506 0.018773142711984152
1755702908.855176 96.07772526205562 57.062902773617324 -145.82478416705936 0.9977389847419098 -0.05350548600962164 0.03705593451224449 0.01676123535069842
1755702909.316821 96.01236049136824 56.85977786973787 -145.12234052396533 0.9977758919295574 -0.053341559516341404 0.036168110452421874 0.017023962489447573
1755702909.844437 95.91669190608927 56.627098527682314 -144.33999275736699 0.9970981052365883 -0.05455922893551885 0.0500772953840901 0.017633024657776483
1755702910.306191 95.79899828029507 56.4271275323597 -143.64686423144417 0.9954700853436806 -0.06100048410753766 0.07057880159101755 0.01835436979214924
1755702910.768175 95.66483401008723 56.236285566884334 -142.991185180733 0.9940200800466491 -0.0667835497692422 0.08502365205140199 0.01533024905586239
1755702911.229448 95.52375873386194 56.04807997101907 -142.34087804334655 0.9930115266629665 -0.07249882762138851 0.09180813212915502 0.015597909570340041
1755702911.757078 95.34975973016019 55.83417512215581 -141.63370902930518 0.9920819832560823 -0.07434774811422788 0.10027222168339854 0.013828680620255175
1755702912.086861 95.22722589963362 55.70238366315045 -141.15851516998626 0.9921350355634121 -0.07348726763989774 0.10003817389104767 0.016126266367440297
1755702912.680412 95.04130291400907 55.48617552919441 -140.36995310098274 0.9929270063626086 -0.07204055917469517 0.09286304301881274 0.016809911090533012
1755702913.142072 94.90189536846712 55.29413871734297 -139.728288990914 0.9938108925037278 -0.07088126459770965 0.08459419728554564 0.012632420812650688
1755702913.537798 94.80741146217342 55.11973859656072 -139.1954740852168 0.99446380101481 -0.06456019726979255 0.08242829140941127 0.008905401450069976
1755702914.065421 94.66777019017331 54.90482064515809 -138.43149640810034 0.9948977618812509 -0.06478161973625005 0.0761556907374941 0.013494291990351076
1755702914.593048 94.51923978992022 54.6697719535119 -137.65530697403005 0.9953161680622911 -0.06158227226308992 0.07388599367320861 0.009706146281324896
1755702915.054705 94.40785950591278 54.453750246606006 -136.9533549470778 0.9952347104473396 -0.060563347272261134 0.07594843366116626 0.008472751170379244
1755702915.51638 94.27809827216012 54.24068698531397 -136.25863103679313 0.9947141961173803 -0.06331770811715674 0.08023593106415075 0.00983520450286112
1755702915.912343 94.16354474503454 54.05439202366464 -135.69670790741597 0.9941431243732904 -0.06364350358616941 0.08718942292804682 0.005192036408184862
1755702916.505671 93.99730378888617 53.81083338643903 -134.90706482377053 0.9930648270498531 -0.06407973210825528 0.09812383415795921 0.009367517254912945
1755702916.967344 93.83036856101056 53.61595448929522 -134.26170746812426 0.9927243891613727 -0.06374262446366978 0.10169245880242822 0.009685494999184792
1755702917.29711 93.70633085037838 53.45802178147045 -133.73816885715863 0.9923889314508492 -0.06668372980622878 0.10327642075388382 0.0071742476426766115
1755702917.890696 93.49146916441606 53.192655466321796 -132.9008161031051 0.9918872437931948 -0.0664054102263158 0.10829279176014694 0.00476322850675207
1755702918.418474 93.2959373119718 52.953235059542166 -132.1455425406695 0.9915099827294027 -0.06886713350311775 0.11025853387631118 0.002885789051480132
1755702918.879986 93.13379339749189 52.736584825330105 -131.48388135658183 0.9913318179895735 -0.06758830779523377 0.11263820419153066 0.002383746498868205
1755702919.341647 92.94630870406098 52.533567198970886 -130.82446710736764 0.9909345366945642 -0.06896367986018626 0.11524494521920925 0.0033700812294032907
1755702919.80331 92.78240849405269 52.32038068675541 -130.17603585109518 0.9905402235342283 -0.06885973813704874 0.11862397429967109 0.004093256137717617
1755702920.264989 92.59902870299307 52.11317897081307 -129.52888817241805 0.9899445234891688 -0.07189302813492436 0.12176169551193786 0.003914386982861935
1755702920.792607 92.39130011241534 51.87433498406202 -128.82880318882562 0.989351453046551 -0.07180978922586771 0.12657613380886815 0.0023534816791727204
1755702921.320226 92.17351570548061 51.65737901892698 -128.1436949882411 0.988550485529853 -0.07227612479421609 0.13235439964348503 0.005139283844606517
1755702921.781902 91.98203756142522 51.44256515199481 -127.48913774859399 0.9898522234976783 -0.06925120021915945 0.12406928509849588 0.0019129558427159465
1755702922.309535 91.78278200612758 51.19890983874174 -126.73338371474318 0.9918008642528947 -0.06617637109294461 0.1093235260972979 0.00031657200349662973
1755702922.771276 91.64239152858836 50.97423162124013 -126.07115298363487 0.9934083825053932 -0.06068648765502758 0.09724599712023609 0.00038965138987799136
1755702923.232863 91.50962929685295 50.758988830865725 -125.39977810789236 0.9940695989173501 -0.05905763548552329 0.09094373889311912 0.008189295164896401
1755702923.69454 91.38333581297071 50.5702116893842 -124.80611254830971 0.994671054856115 -0.05649007902974376 0.08594273100936792 0.007225689537221902
1755702924.222164 91.30883116747712 50.463523498249444 -124.481509979431 0.9946665823501023 -0.05693384729323587 0.08576716996279865 0.006396838666873177
