1738184915.943273 0.0 0.0 0.0 1.0 0.0 0.0 0.0
1738184922.145757 0.0 0.0 0.0 1.0 0.0 0.0 0.0
1738184922.545975 0.0 0.0 0.0 1.0 0.0 0.0 0.0
1738184922.946074 0.022001648716388364 -0.256564452073169 0.44819508648035683 0.9982105497394453 0.006858075337438192 0.014640658928181182 -0.057570098989744675
1738184924.079686 -0.09102853275259704 -0.4914108675884698 1.2022306048991485 0.9974404691300854 -0.012218384216560345 0.07014300012024892 -0.006571237541151622
1738184925.680643 -0.24957763036135933 -0.7429112520101746 2.028428144719345 0.9966299374218768 -0.02706098626171688 0.07671601833771204 -0.010541507834126237
1738184929.015198 -0.2843324559292362 -0.8596187571860952 2.382291430488897 0.9968699566175323 -0.02111276060668097 0.07485129796470233 -0.014206481827804056
1738184937.485268 -0.43941326204915176 -0.9840244567647846 2.768755750026959 0.996543802532114 -0.019143110143154424 0.07829305547152661 -0.020104438162117363
1738184946.890105 -0.19155199629408487 -1.6391810175355392 4.678915175112942 0.9989023025032358 0.0010456469416293913 0.045210677299472306 -0.012210296242536563
1738184958.160261 -0.3684052737030984 -1.9361925502033484 5.752573109455733 0.9955885550440067 -0.01932511923521683 0.09037992077489888 -0.016169067773201252
1738184960.627936 -0.5386048337990978 -2.183853432398315 6.238789898775647 0.9926764406164975 -0.029218476483267985 0.11713112231253787 -0.004479404286672374
1738184965.496386 -0.6932623441649637 -2.4196245693665226 6.886263866223285 0.9927149696297213 -0.026757998382041 0.1174581072209355 -0.0021428121064155908
1738184971.232064 -0.8627876583668288 -2.755257868484389 7.796535984254526 0.9939185722052744 -0.022738726226397107 0.10634419049252501 -0.017312865260241735
1738184973.966637 -1.0562853362066185 -3.1037547868623596 8.861307127263913 0.9939856389580983 -0.022264729064874082 0.10615047880367671 -0.015129680580865357
1738184988.038983 -1.0557871174587758 -3.3240004551594247 9.408861036612146 0.9952950771871383 -0.03344856473714798 0.09081556372661638 -0.004629927546966745
1738184990.239717 -1.293869137285805 -3.799685170453425 10.88158026642394 0.9908457987833383 -0.039895522238258804 0.1281284683905655 -0.014698500829425911
1738184992.707564 -1.6007493920712113 -4.116946296250776 11.856644615259604 0.9885011577541399 -0.049653443493492176 0.14264683573643294 -0.0072025635954740454
1738184993.507901 -1.7389247668109604 -4.254027454066816 12.294659911218117 0.9879442597691845 -0.048021219544136386 0.14712197691031154 -0.0039020472336356283
1738184994.241556 -1.8760645611592193 -4.403408895057461 12.741795431819613 0.9873999234100495 -0.05066795344776612 0.1494351575406606 -0.011970105849213548
1738184994.77489 -2.0011283951612313 -4.527252807515403 13.136148252489646 0.9870606444171466 -0.05265694741055478 0.15118737186913309 -0.008994927432379207
1738184995.908939 -2.2112002940364768 -4.739226080965971 13.758873635887495 0.9859105040521298 -0.054001620675153995 0.15802903514315395 -0.00954604713250173
1738184999.24358 -2.590991984240565 -5.0547404738298845 14.678425969198399 0.9909434825906871 -0.03644035723976578 0.12842446450697725 -0.01450074451105632
1738184999.643765 -2.6919450799402256 -5.212547799852996 15.193741151708824 0.9943592843834124 -0.02926928658608309 0.10158318855298516 -0.008589425281028825
1738185004.245375 -3.0812273906041394 -5.6924086684614315 16.65967459791916 0.9891354061101348 -0.04955954806826836 0.13824050910795238 -0.006675418801983251
1738185004.778911 -3.2172926479560364 -5.785810004505969 16.946454119047747 0.9842000151692767 -0.06137159184047789 0.16606119518167003 -0.0027454162884035615
1738185006.37998 -3.4388250860259646 -5.985014154663993 17.444500314207826 0.9868091888352168 -0.05046112808546901 0.15109941282904746 -0.028814351032778067
1738185010.114402 -3.711160356188928 -6.328888282309058 18.459583856326027 0.9915081696864573 -0.04528939650076198 0.12124341528487355 -0.012667054103770595
1738185016.116832 -4.239615443236991 -6.881859512149674 20.339831312202584 0.9915149440049073 -0.04587519550198345 0.12047419953448447 -0.016719733823410975
1738185018.317671 -4.463383251341451 -7.263795887390641 21.442184912012397 0.9914142979659638 -0.04646813913036599 0.12037762892385562 -0.021157227821399987
1738185020.785558 -4.791245349138508 -7.719648847642085 22.643122783807176 0.992001321388347 -0.04087111335272355 0.11730958047103139 -0.022391801776389584
1738185021.985838 -4.9051708675127506 -7.948278224202407 23.34432568100886 0.9932627470177019 -0.03896149443847421 0.10678877666605367 -0.02252275551830717
1738185024.520185 -5.086265860057622 -8.322244382533944 24.488113566917566 0.9929711362428155 -0.045004481898240065 0.10668246388856041 -0.0245310231419121
1738185027.855287 -5.4203695237361895 -8.726947417188677 25.610659954601257 0.9924248314858952 -0.051173868787715175 0.10855395936509786 -0.026272169869480867
1738185029.322281 -5.536122435199794 -8.914769175587448 26.132202978675906 0.9917222728577453 -0.05547845742221662 0.11190576850880438 -0.02976866228725804
1738185029.922587 -5.572691337126081 -9.070347886022214 26.54552046650838 0.9941564272955982 -0.046821023630705616 0.09299834701136422 -0.028497320333306004
1738185031.656455 -5.626898033464613 -9.352003819120572 27.371603865611323 0.9961236703482876 -0.04069010665062348 0.07572986468470388 -0.018626223112943815
1738185034.390842 -6.01055621305635 -9.784098627671499 28.491600220224278 0.9916221166235417 -0.05175605864578714 0.11464451501340035 -0.029385768559680676
1738185036.725289 -6.303962132079323 -10.100256401253196 29.344666976234308 0.9912253504519537 -0.04309385965497842 0.1221709013870027 -0.026258231770741575
1738185037.658838 -6.495832655562391 -10.25110116081433 29.79317238093135 0.9906647659394121 -0.04321001745801195 0.1236938295170425 -0.03763047245115215
1738185039.593468 -6.5776273745766565 -10.565945528570992 30.469071162853645 0.9895581659306646 -0.04998500443950903 0.1312406806508585 -0.03243484720822498
1738185041.193734 -6.776067001575162 -10.774945194159434 31.07149993336473 0.994291241196605 -0.03750712856320392 0.09641625352066903 -0.02611606868761326
1738185042.594166 -6.767249848414444 -10.941018226478198 31.640599939541104 0.9939045576170299 -0.03831880325399843 0.10049595635010933 -0.02420666070639068
1738185044.995107 -7.034983793693524 -11.21323014622188 32.35809858040425 0.9887021149333478 -0.04319673649380542 0.14134930876835303 -0.024950807468268364
1738185045.795562 -7.118329356066314 -11.35999707730036 32.718391269223446 0.9917637548489224 -0.03345228104994146 0.1207806525274581 -0.026412751381929386
1738185046.395714 -7.1570279236833825 -11.424891950484612 32.93156979411907 0.9927051649627678 -0.028217530007266182 0.1140652526880392 -0.02700638046363735
1738185048.129705 -7.238548041793724 -11.614728567982242 33.54873649097521 0.992720969746915 -0.035159910635715004 0.11357954174916095 -0.019197515591441287
1738185049.930594 -7.382483671794267 -11.823015867715517 34.15046370093638 0.9904761501966441 -0.0413046660852317 0.12950250683132 -0.021909385560215662
1738185051.464419 -7.560539146302788 -12.045038909971327 34.742313266548 0.9910658191570824 -0.044749873820656705 0.12544052524174834 -0.0071179715236240745
1738185053.198601 -7.651184618228945 -12.166449481193641 35.153641889780666 0.9894981322062274 -0.050059833027612265 0.134856975047948 -0.014179413194915468
1738185059.867783 -7.907696718319141 -12.415546034461656 35.726683413900034 0.9864805386915644 -0.046743522647192136 0.1554769825822409 -0.02231810387227669
1738185071.672566 -8.146979771912005 -12.97702991050802 37.19143420616163 0.9906836536273885 -0.03831759332339296 0.12888092363122602 -0.021618695644135877
1738185073.740207 -8.229280670439326 -13.087550961263002 37.50877902937464 0.9852953995179694 -0.048138105252891125 0.16276992123728976 -0.01953589649320146
1738185079.74261 -8.543080138613 -13.426256410316 38.31438163180963 0.9867354167426187 -0.0489101708060864 0.15061395902997968 -0.03572741080467239
1738185083.210769 -8.735738260439964 -13.643779914151525 38.83793491391878 0.986567908062795 -0.049803288759155774 0.14882856818755 -0.04531503614272225
1738185086.411807 -8.874743239637672 -13.844224489712786 39.33094233206011 0.9852290287731924 -0.045899333143468724 0.1578458622614835 -0.047975992397714336
1738185090.280069 -9.073885853191234 -14.068830636076843 39.86515513168288 0.9846555940364851 -0.03056861009990582 0.1637249945142318 -0.052086921396178626
1738185092.814395 -9.19404066173112 -14.335509346896554 40.51150485897738 0.9860764701749505 -0.03794933381303401 0.1536565529019571 -0.05101673040038005
1738185097.149497 -9.384464126294047 -14.601305492349926 41.2959557150408 0.9868518346453842 -0.060714447495998074 0.14622914252211783 -0.03246921926287944
1738185100.350814 -9.522775887432541 -14.843059632859955 41.900971402499515 0.985448192338061 -0.047152061295707044 0.15967286413839235 -0.0342508363555742
1738185104.285715 -9.757763829883576 -15.078280940224595 42.44845807407128 0.9849541222371844 -0.05027227494146904 0.16211152134467618 -0.03252583753727889
1738185106.019943 -10.020481997882083 -15.370943416933615 43.131997631638136 0.9837586941514126 -0.051635503496449 0.16765036809939626 -0.03802578778030003
1738185107.953834 -10.184311718630438 -15.601560245079721 43.72827838540678 0.9875906772240741 -0.046194184882015224 0.1469041267971378 -0.030820919407951775
1738185108.354021 -10.271103589443385 -15.75632797054355 44.11876565645936 0.9908813972922188 -0.036018980259260654 0.12601683426327953 -0.03124815264242297
1738185109.221053 -10.404725898201084 -16.00899837943093 44.734428281460154 0.9886087227628187 -0.032985029777686505 0.141213141010356 -0.04029429108226944
1738185112.15556 -10.81604338863798 -16.474816874674094 45.883102469417814 0.9836634922381301 -0.050068127800339327 0.16754339039253516 -0.04276130204085676
1738185113.556116 -11.024880804388083 -16.700765813157627 46.44693718953849 0.9843497909516811 -0.05304662582099981 0.16207644913274188 -0.044415866296969496
1738185114.68989 -11.195222118946498 -16.912604366409667 46.97688378998069 0.9847466259396774 -0.05451826616209376 0.15981230437845254 -0.0419746200024365
1738185115.423689 -11.324180363133767 -17.070029984876175 47.3531411917625 0.9837472051017631 -0.05337770866981269 0.16330346322036446 -0.05219421013738457
1738185117.157557 -11.579713806478168 -17.379460163127195 48.06868150084924 0.9834307933636601 -0.05534558019121316 0.1665070286099675 -0.045564798264663045
1738185118.024592 -11.733972863724974 -17.551092053995685 48.459599249577856 0.982868376197736 -0.05525508911278425 0.1686864500089343 -0.04961362495269997
1738185118.558297 -11.869173871558985 -17.650222910487386 48.70917956696159 0.9788822947585863 -0.06444893266321029 0.18861834699338162 -0.04537518335193181
1738185120.158944 -12.22030050620229 -17.92081808981059 49.38709895662963 0.9773954895375688 -0.06600265303680172 0.19633288975321475 -0.04236865852103368
1738185121.759575 -12.577226746130382 -18.268864591239335 50.21054314546371 0.9753413357456799 -0.06597611414352143 0.20664701198549837 -0.04066255754154205
1738185122.893234 -12.86909426618025 -18.565027068534015 50.889979710723885 0.9745630637695094 -0.06865867143656555 0.20918028512025683 -0.041909782745333336
1738185123.493461 -13.194942135884714 -18.801800942095163 51.46089901125928 0.9772378162277393 -0.06464748406207597 0.1980748791907638 -0.03991610667947474
1738185123.960354 -13.407096421390596 -18.99913564671457 51.8933759295605 0.9766005032604581 -0.060085868701845534 0.1982670022592802 -0.05771777220998147
1738185124.427295 -13.56821156300618 -19.144194490804672 52.24737724883346 0.9778359746521118 -0.06436442685152553 0.19436841749389203 -0.04376009041522973
1738185126.027816 -13.907284410868689 -19.547781410771464 53.183248670553965 0.9865336339454474 -0.04680386148309861 0.14920616030878178 -0.0479406859626698
1738185126.761521 -14.04463314578172 -19.76408525475381 53.70220855956717 0.9890266195674627 -0.03803083954167927 0.1360436033411073 -0.04326822183403978
1738185129.029041 -14.65105448385008 -20.270659528169 54.863685128929774 0.9760742109203339 -0.05983399924323227 0.2032346262126385 -0.04893581529940494
1738185129.829432 -14.90473906253593 -20.45763962904713 55.306896850980664 0.9760361251833423 -0.05880084969012779 0.202616705203731 -0.053314286876880924
1738185130.496407 -15.05099034220567 -20.583737125558535 55.62900121570028 0.9825119515345369 -0.0495196021895688 0.173014415336117 -0.04779211416838919
1738185131.963547 -15.202980673413407 -20.89813460859498 56.36403869912502 0.9869074304242429 -0.036884258229468773 0.14829934657435823 -0.051580801408066056
1738185133.097361 -15.480289729265255 -21.223170050195424 57.080758882280996 0.9847914229668903 -0.037450776451741094 0.1623530279947507 -0.04924212520743775
1738185133.497634 -15.626700655996133 -21.398990153527702 57.44169337145309 0.9795931595910002 -0.04590861787427728 0.18937702035579568 -0.049254285585675336
1738185134.631292 -15.956177516810541 -21.693791071879883 58.18271398727812 0.9797716768336094 -0.05114710286054928 0.19039205936231535 -0.03438457321832557
1738185136.432133 -16.20645719165771 -21.91030699830328 58.69302763667579 0.9773077933694702 -0.05243965699594495 0.1995366562015818 -0.048007105987928976
1738185138.899701 -16.5574382528229 -22.175501556537803 59.316136363955984 0.9762541873729695 -0.050650476101592144 0.20469663493304352 -0.04961429788390932
1738185139.433551 -16.614361288492447 -22.272335791656044 59.536274708735505 0.9838024688256984 -0.03479906393924405 0.17022781497398845 -0.04409329303414172
1738185140.567004 -16.607216390380483 -22.490260802280094 60.098362640820945 0.9970458990037456 0.00440351463210705 0.06327098384665185 -0.04332282241237632
1738185141.967755 -16.515522837342946 -22.843301854123208 60.9374412210328 0.9980456339585422 0.030995698976650443 -0.024747336547552196 -0.0482881819397114
1738185143.701613 -16.366705718360258 -23.120096441857562 61.5293870493438 0.9972484057858617 0.037980263439965155 -0.050544470979597626 -0.03870882586673063
1738185145.435807 -16.373673705254564 -23.411022430948037 62.13738083955183 0.9982212649193296 0.01435508496465761 0.0004032821308996781 -0.057862554057300494
1738185147.569998 -16.445874606219654 -23.768456260519514 62.9930417720102 0.9989550079423466 0.009421959117935492 0.020448285373645618 -0.03977419287130859
1738185148.170106 -16.45385730394992 -23.966219681557757 63.49061182068423 0.994667656342609 -0.011531160535383438 0.0944165165032238 -0.039859844129213395
1738185149.371161 -16.610433086611092 -24.280670380555044 64.17303012191265 0.9880565947805922 -0.020673189185001748 0.14197403527025465 -0.05621528322958396
1738185150.17105 -16.63838331619699 -24.469541262442394 64.64254144558504 0.9943211136412519 -0.0021793682073689047 0.09610076711574343 -0.0456663539293761
1738185150.837838 -16.689511972067535 -24.645478791708616 65.05973770501656 0.9950334665230343 0.0069181674447186875 0.08764699528911388 -0.046674871988581224
1738185151.638254 -16.712090625148992 -24.868854044138903 65.577850395443 0.9963727733790955 0.021760122596174835 0.06000233512537295 -0.05628066553401389
1738185152.438547 -16.722062790649353 -25.10492086665062 66.04008680860338 0.9952104750177015 0.02866325702498937 0.058331075958498756 -0.07302063878989462
1738185153.638974 -16.79518678538613 -25.46525065439423 66.7043961344296 0.9905686944279353 0.019278742314123794 0.08864044371003842 -0.10268818555709854
1738185154.772785 -16.945654679083987 -25.737577301930028 67.25111671592185 0.9835347836705918 0.0013674699760256473 0.14132162508199775 -0.112630624699014
1738185156.106698 -17.144071730019036 -26.063970957680628 67.99145354072144 0.9851914899771407 -0.01386178320836941 0.13844539584188637 -0.10019207260601573
1738185157.440602 -17.478369111279825 -26.30634413512097 69.2235125430975 0.9896000830252456 -0.04441399859985077 0.1356549820055659 0.01779882754198137
1738185158.440898 -17.61933492180083 -26.597032164891406 69.85589717083441 0.9916575806496559 -0.02485072826149044 0.12118135688159883 -0.036232068520573264
1738185159.641387 -17.553692825983685 -26.948171797860724 70.69643557576195 0.9990369099473905 0.027351542894931795 -0.009243863823092764 -0.0330408330048823
1738185160.841841 -17.42375991698399 -27.293010419004332 71.36287107536988 0.9963546066361381 0.05527528276613678 -0.016482117863648112 -0.0628528499019644
1738185161.775685 -17.28613486707504 -27.605194871376252 71.70402819768094 0.9856116976238477 0.08105719002856618 -0.02566807739315533 -0.14608375424614828
1738185163.176237 -17.137452439903615 -28.011016809690673 72.44006015732005 0.9867850655155359 0.0720422468697148 -0.06391742539779835 -0.13030622345835774
1738185164.843476 -16.82306515999537 -28.34056136048084 73.57059520787996 0.984217262679868 0.04332514528846551 -0.1611558057734595 -0.05889072842297183
1738185165.710974 -16.591692330344724 -28.493539376154768 74.14922881080423 0.9854009865799578 0.05376194949215934 -0.1589511757732302 -0.028793613082694413
1738185198.390486 -16.20353971197758 -28.503948844502858 74.50209971160936 0.9740754638209888 0.09571670900779186 -0.20456822251607282 -0.012928446745759182
1738185215.530749 -17.00198259962724 -28.170496152650067 73.66854427175538 0.9894808915318806 0.03561139933689112 -0.13217010015364672 0.046802330667586746
1738185217.398107 -17.163179604820144 -28.017612207975787 73.17506747897728 0.9973796880413578 0.010336904766695045 -0.06526544834647402 0.02945042503091892
1738185218.065234 -17.229467874433915 -27.882308494881812 72.71541677734531 0.9996033668103604 0.015464055886074407 0.018714298600760987 -0.014273999608587948
1738185218.932135 -17.20697752698429 -27.676007721975328 72.0636953508511 0.9929168629889065 0.014611137642133993 0.08627753084991219 -0.08036669409347602
1738185219.59905 -17.083295980637722 -27.425063423786547 71.6471007858848 0.9964865466788924 0.023742346049734898 0.03182380264192654 -0.07374353447888297
1738185220.999665 -17.12650711194447 -26.970557357515403 70.76541723877807 0.9989922126963731 0.017814204776639475 0.019986480782953807 -0.0360243482396726
1738185222.066655 -17.134229969216754 -26.667730790845685 70.05097934197678 0.9941878894266212 -0.014140062769037003 0.10078315134327279 -0.03511773836179029
1738185223.200446 -17.005523804243747 -26.388223898373973 69.46095252606148 0.9981259257787126 -0.023341842346962773 0.056545608596542445 0.001545584900279482
1738185224.534346 -16.929878467451452 -26.111355912192987 68.71777861035102 0.9987496476545813 -4.916336338680291e-05 -0.0012446190431473405 0.04997589235072243
1738185225.468075 -16.966803098923858 -25.93404041639834 68.0259276095558 0.9977371633505872 0.006813665228665811 0.05971738256608549 -0.030132392117640065
1738185226.268348 -16.914677237424605 -25.714079512954136 67.49294067025104 0.9965361689566459 0.009630987166294758 0.07459544938468995 -0.03547431434869918
1738185227.202153 -16.822586503774467 -25.416924863084922 66.78951472787757 0.9945739236150373 0.013867756804322572 0.08135586497404733 -0.06333734301761357
1738185227.869387 -16.779488444063226 -25.207652292002415 66.38450619802465 0.9955728017526875 0.013182298231943196 0.08192070543518061 -0.04415904714359904
1738185228.269273 -16.750627170142362 -25.0854734097882 66.14034345095273 0.996053938072814 0.011574874200912875 0.08014413960516102 -0.03632480727850369
1738185229.13617 -16.68078455227697 -24.8486789022631 65.58026565341297 0.9963602637822739 0.006045543356980285 0.07834861127245756 -0.03303288169254423
1738185229.736424 -16.661060591881093 -24.664475933110694 65.19488407996955 0.993704508939108 -0.007184260139578814 0.10785404713499486 -0.02944893609174069
1738185230.003203 -16.670660570645712 -24.596157904005022 65.03018835119273 0.9874222782000102 -0.020374841164186554 0.1535093862594043 -0.031890103356636716
1738185230.936903 -16.51237761321829 -24.49533833537466 64.85868289396667 0.9976192484673491 0.006633695667602765 0.06428637185448156 -0.024064321370421207
1738185233.07113 -16.164584341857434 -24.35502515999834 64.56922156581749 0.9818510487638256 0.09153037032036032 -0.16439268609804064 -0.023785586136662155
1738185234.938513 -15.578076376816956 -24.576936312098766 65.07391420339056 0.9318149826020503 0.14623273193655928 -0.32942946133606704 -0.042579998972990044
1738185235.93893 -15.018845383971518 -24.696087199378457 65.47846621479071 0.8932105933774926 0.1753576617750722 -0.413318908312324 -0.024331180951923936
1738185237.072938 -14.328016428863794 -24.769593644204026 65.71933125940804 0.8369248660105908 0.2048781547958487 -0.5070602750206882 -0.021716073230372286
1738185238.33993 -13.616874704606998 -24.84941763961399 65.83091373036929 0.7905297447733988 0.20666981115456903 -0.5745008277036792 -0.04794904330252462
1738185239.607093 -13.215300585681458 -24.89139030388544 66.01811085386234 0.8431840088511757 0.18893035236948827 -0.5018055766954701 -0.039207299939270926
1738185241.40779 -12.572798568347691 -25.055582062229018 66.32791758041694 0.8518531590386814 0.19458288309075558 -0.48233997147988766 -0.06190193015318275
1738185243.675812 -12.194025263778796 -25.145244833653408 66.56886524127556 0.819979129337396 0.22177873622882394 -0.5252761614528174 -0.05033263173355038
1738185245.409407 -11.300249808720192 -25.277079422587136 66.80881562837598 0.8536478046692798 0.19758368154641065 -0.47638502447488823 -0.07282460316366832
1738185247.477006 -10.54323851079294 -25.409391227596448 67.12265528002389 0.8391109688653973 0.21335902743168 -0.49755602424210865 -0.05299726486874457
1738185248.277243 -10.070225038152273 -25.50344789920501 67.33901468323937 0.8516628284396973 0.19706523738264606 -0.4817752320280735 -0.061060172565364564
1738185248.877472 -9.739928990540959 -25.597651057465143 67.51565936101052 0.8686890345079432 0.18288203297504152 -0.45625655643537294 -0.06134719268482135
1738185249.811171 -9.32864906522848 -25.77070572761398 67.70710350026441 0.8589018796326892 0.15817334542637868 -0.47975672132164354 -0.08427480232411208
1738185251.278468 -8.607873787275842 -25.977791599044973 67.90475584088479 0.8288401185102185 0.16963362054803002 -0.5225062632466521 -0.10599857355528008
1738185251.878818 -7.949886242187586 -25.87764815106709 68.08245120992073 0.8076215535229163 0.2748550322446975 -0.5216954657637132 -0.00599821111500784
1738185252.879081 -7.249287526126262 -25.95663208825883 68.27336720653248 0.8135573210958087 0.24473552234430268 -0.52477591862309 -0.05328456275099397
1738185254.212983 -6.502044750374545 -26.15796147828308 68.63875233885369 0.8528218160035076 0.19723006718479705 -0.47858410824888914 -0.06893839335504956
1738185255.013391 -6.064720694702667 -26.291671789984008 68.83390073449733 0.8543428714235511 0.18338159657100342 -0.4795752800711588 -0.08047980387339977
1738185256.080382 -5.443737225062224 -26.464532344178668 69.15221029895142 0.8572178755507364 0.1696247127478576 -0.4820306976103314 -0.06365042987118365
1738185256.947402 -4.9349280651059955 -26.566621937194533 69.34039716378007 0.8371558588636636 0.18113447700868954 -0.5132842404425515 -0.053848470009305975
1738185258.014826 -4.2167152669517325 -26.683896615604265 69.57614204061613 0.8290786164481101 0.1968512852221197 -0.5212389684272574 -0.046777740943485614
1738185258.948235 -3.5722448560977282 -26.719343645478887 69.85138801327048 0.8559236070586238 0.21850374667278935 -0.467944209684812 -0.026059704375999408
1738185260.348882 -2.9780903209529477 -26.910910328132776 70.36776847296419 0.91028002487473 0.1656546900807482 -0.37825648517495447 -0.029509852446283204
1738185261.549254 -2.513219042703133 -27.158390125606154 70.96872863852774 0.946398082838951 0.11679545096871541 -0.2990593434726794 -0.03539774729361152
1738185262.617028 -2.2184530640035076 -27.406973707874656 71.50922379446607 0.9708351332047064 0.0860994614591221 -0.21911346694250738 -0.04533558730493913
1738185263.883605 -2.0042713846504734 -27.66137132324101 71.97624352270195 0.9846426988511039 0.063442365262326 -0.15504947531344068 -0.04912720319906863
1738185265.084012 -1.8250665817280936 -27.98113557671717 72.72774688215034 0.9913348414970732 0.0412449495605345 -0.11276920724914892 -0.053265298892621694
1738185266.284775 -1.7643520964916035 -28.227761067385686 73.2795924336628 0.9958473779650665 0.02248891518816493 -0.0724865595097116 -0.05027869513229706
1738185267.818458 -1.7222088006787255 -28.60180841739966 74.07904299979643 0.9989645482091432 -0.0041301964571728 -0.005549625701144977 -0.044966371357992
1738185269.352467 -1.8450196854081768 -28.915104187904873 74.8051673011729 0.9936270803299658 -0.040800129777396936 0.09682736797231492 -0.040804845994674356
1738185270.819657 -2.1586705611966464 -29.215462331833955 75.48713677064741 0.97980550665381 -0.06532707660628038 0.1832244056179057 -0.04628562821128104
1738185272.22027 -2.5103476381523757 -29.474991478495404 76.14203150252185 0.9698614658645418 -0.08181221674923508 0.2266523303623189 -0.03611397739087862
1738185274.087652 -2.9856121912847313 -29.773865426956533 76.89450454761592 0.967812405261407 -0.09380983763336727 0.23111809596997668 -0.03351549344025893
1738185276.555151 -3.5160253683587244 -30.126427180382244 77.81135186149478 0.9682178936206687 -0.10241679451868631 0.2249123247470338 -0.03846240827298051
1738185277.489054 -3.7447974319112123 -30.299583621272333 78.21960367201423 0.9668568061449554 -0.1022355598079386 0.2310554161785975 -0.036731476644273946
1738185278.422873 -3.960534695756163 -30.44423400809382 78.5647603132941 0.9654059587358447 -0.10450540029664174 0.23593892623715013 -0.037453694507003324
1738185281.090485 -4.515360538230146 -30.79776512287091 79.39427955472391 0.9619369457854154 -0.11176247785312021 0.2455538650925567 -0.043471372364626
1738185283.157994 -4.807507870766652 -30.987452907319415 79.81742114553262 0.9604323260715654 -0.11201004347573923 0.2497903348742618 -0.05126680993322446
1738185284.291807 -5.001714258735227 -31.12619089538563 80.13145563501907 0.9673594548954094 -0.09897053696773497 0.22866953239324636 -0.046160186219604535
1738185286.426003 -5.235220681767357 -31.372101042886936 80.66869735001265 0.973350473718679 -0.09018045189619435 0.20587906648917348 -0.045498916349379526
1738185290.160828 -5.477160629582239 -31.679928816457696 81.40422315151211 0.9750057107654837 -0.08501735768431148 0.200489349891684 -0.044044675581525694
1738185292.495094 -5.6016841674384885 -31.905753582893485 82.01316134249218 0.9732925825236461 -0.08512246326685884 0.2109194065617679 -0.031124250793638186
1738185295.096173 -5.958961063793814 -32.215038025728454 82.6668379573797 0.9730537200156861 -0.0841764257301296 0.21269211933976795 -0.029031873616640613
1738185296.096542 -6.537408855298316 -32.86552165487282 84.21166061655609 0.9979963500825588 -0.02500148689046716 0.04796027028784807 -0.03283326589105724
1738185296.829978 -6.72757795129072 -33.138675737843286 84.91013536045762 0.9955800321815989 -0.036378978038975884 0.08099103353001919 -0.030617347466191915
1738185297.763881 -6.876133500239568 -33.32833602861584 85.38532399085786 0.9890629883511713 -0.0529253133545991 0.13397084369371057 -0.03170377454127086
1738185298.83103 -7.334125909371991 -33.61838844579788 86.0774248675953 0.9574301148703767 -0.09993444407817116 0.268539737178585 -0.03502986700146908
1738185299.964884 -7.861681574535199 -33.87469677996718 86.76278661894969 0.9654800118061664 -0.09297255426545335 0.24147247822885848 -0.029924792633130196
1738185301.09854 -8.178057833260235 -34.16300795689705 87.48184689628808 0.9711885564458271 -0.08844024247384735 0.21919930379268562 -0.030377237475443134
1738185301.565407 -8.439864839871527 -34.32812933403855 87.90613276212187 0.9656288940848756 -0.09436307900028876 0.24060533255489838 -0.027668071420899474
1738185302.299072 -8.817936243395149 -34.49168197148088 88.32800569765223 0.9437431578495582 -0.11874467730457804 0.30736107299978044 -0.027887711064177933
1738185303.366166 -9.407174759760384 -34.750584945066116 88.97934212376859 0.9442789638823339 -0.12723535296641683 0.30214934976449276 -0.029226251242872422
1738185304.233155 -9.686382606427117 -34.929571823286075 89.41738850058412 0.9616634138626696 -0.10895639066036299 0.24990964901979612 -0.02961673005354258
1738185305.76692 -10.298595417402606 -35.28948200105289 90.37024169206427 0.9614335763312061 -0.10718487298449932 0.252551356202424 -0.019357008720360287
1738185306.167537 -10.484410820704142 -35.400601084945244 90.66626188817503 0.9611162907857015 -0.10537446781516727 0.2538143335246014 -0.027018164565113485
1738185306.567249 -10.673951199398147 -35.51202206045682 90.95802310496465 0.9606900373687057 -0.10032334466861172 0.2573713543030561 -0.027746433991210545
1738185307.501123 -11.036555955752405 -35.74788133767516 91.53640556617097 0.9596130790992836 -0.09188092271098199 0.2634893803804693 -0.03569286889683954
1738185308.434879 -11.418603502844624 -35.976474087915804 92.09456227733074 0.9590967085670761 -0.08773910605676287 0.26775778412430745 -0.027223554598951108
1738185309.969173 -11.95801912244687 -36.29971692240031 92.90327478216047 0.9572812909788386 -0.08392508846080303 0.27491100339537883 -0.0315126907908613
1738185310.635711 -12.204471491232132 -36.43746346046169 93.24377843575179 0.9566636523157819 -0.08758207811238111 0.27646110726518636 -0.026330440578396765
1738185311.635964 -12.529694783103126 -36.63042290954493 93.70726855916196 0.9548690988463439 -0.08761855282145234 0.2819287500582352 -0.03262166703966364
1738185312.769917 -12.871519276806541 -36.83253105249618 94.18681194285772 0.9549619115311854 -0.09314197781317868 0.28021976291367917 -0.029141104412068863
1738185314.03712 -13.285297707445547 -37.07174942234437 94.7430853360704 0.958953063324241 -0.09348236581905794 0.2662348991868107 -0.028089999589083356
1738185314.770797 -13.518820623594062 -37.23705155314015 95.15995231286416 0.9692425647912222 -0.08994733829249824 0.22674654045769635 -0.032624121773537886
1738185316.171343 -13.940733879205212 -37.52478949593059 95.85555993509284 0.9577768767235328 -0.10216153756754585 0.26659829321357853 -0.03393854315017842
1738185318.171936 -14.563599548698933 -37.871217166490965 96.65963932662575 0.9618628949941602 -0.09807130696607626 0.2518520867194575 -0.04209888832823767
1738185319.372581 -14.950148760329405 -38.12807657133525 97.26821153332516 0.9605001063184434 -0.0996533889618199 0.2555097321265922 -0.047154264062544485
1738185320.706311 -15.341368342937617 -38.397186451070084 97.87162697359082 0.9593778941685756 -0.10153825162918187 0.25738069446793216 -0.05512910077230734
1738185321.706855 -15.646189715789694 -38.55640393000153 98.20562614254924 0.9467272595457313 -0.11201502974750152 0.29737908243973815 -0.052209294871651955
1738185322.640574 -16.17688491437495 -38.77022548411486 98.62545727679893 0.9353520000805842 -0.12084590340520229 0.3287108565383399 -0.04961931447795586
1738185324.241073 -16.63784013646325 -39.05942248366112 99.23915141135821 0.9504514167822197 -0.10407607817624952 0.2878866442584283 -0.05414383017245522
1738185327.375828 -17.079942745746706 -39.269511323806064 99.76257665617459 0.9515075765414185 -0.10015728136317559 0.28660847762154695 -0.04957248561121025
1738185329.843303 -17.614953607529184 -39.725557679711386 100.57522233082636 0.9482461392019481 -0.09580583447992087 0.29962931742407306 -0.04327555555033221
1738185331.177336 -18.01909845436156 -40.04042771586663 101.29381468018529 0.9620988561345867 -0.08368814158869034 0.25663483655957225 -0.03873818072642042
1738185333.645052 -18.46863083295233 -40.231120262249206 101.75601664181339 0.947962379073838 -0.10054807333698988 0.30066291909018733 -0.02931248698176114
1738185342.581952 -19.062447538859047 -40.48966812107667 102.25926645690636 0.8663905561890484 -0.15952880918731382 0.47259528262329265 -0.02390945478087917
1738185345.182868 -20.082661886350092 -40.85475505271145 102.9121346222264 0.8366840460335965 -0.1939289426736156 0.5116383651801899 -0.024032386108893102
1738185346.383836 -20.598066414964336 -40.90540939002752 103.00719165344687 0.807486028596891 -0.2113442040867444 0.5502043360893899 -0.023981859148014404
1738185347.383764 -21.385685633353987 -41.01845923551122 103.2146301666417 0.791708615026171 -0.19246555058233417 0.5790112968028185 -0.030006647715122976
1738185348.250945 -21.909992994388162 -41.21258641636586 103.38298387451707 0.7658048766948025 -0.11491677758181683 0.6310751354719419 -0.04562015398636447
1738185349.718193 -22.43578232830048 -41.52879851272307 103.52496302138552 0.7212456311956953 0.007275446629606162 0.69104330267681 -0.047020859020113784
1738185351.652251 -23.00892247994991 -41.860519346572424 103.39737239512026 0.6253262256523916 -0.0035974772723954265 0.7712504980063525 -0.11885637969230815
1738185376.795753 -23.853109748350843 -40.95226338505046 103.27715670925042 0.48599129376164824 -0.40259254555012525 0.7704003615031662 0.0906365690609511
1738185402.005751 -24.327917709480836 -40.97754502115605 102.50646790681452 0.3436503703473399 -0.2575302045673686 0.9029721195841719 -0.01496555876983283
1738185403.073017 -24.651480103490982 -40.68972379841679 102.027742048418 0.2888385487283601 -0.31036371964807835 0.9055293535128581 -0.0162248026579356
1738185404.606808 -24.821003185083267 -40.518640679548284 101.44940356483237 0.20647707723640046 -0.2824388871528559 0.9359630569571307 -0.03960615622896017
1738185407.941478 -24.973180449949727 -40.3209546297882 100.9761551675337 0.1731453723565427 -0.2834488213394937 0.9423828324273639 -0.03990041176410448
1738185421.146954 -24.50611805671298 -40.13186601676315 100.00345253815912 0.001207798576781074 -0.253316789754451 0.9657438449084573 -0.05628473392072407
1738185429.883822 -24.235752330025107 -39.88384527741924 99.58169254136332 -0.13591160221813103 -0.3119079207069683 0.9381903213225742 -0.06356419085775425
1738185431.151034 -24.031264010942 -39.73243090098162 99.08523134066313 -0.17335417445834123 -0.27318381599942465 0.9443014034847369 -0.06011482554757552
1738185433.951979 -23.52871782952419 -39.36692326343101 98.19469404422699 -0.1922939260199254 -0.3025706989877014 0.9330179640195859 -0.030846344138061903
1738185436.286228 -23.218798439500564 -39.08807423823488 97.57788815967162 -0.1298843552970451 -0.3139546408363821 0.9403762202865009 -0.015971914914742216
1738185448.49115 -21.64873129295992 -37.80952388989313 94.55823166840814 -0.1766816468237769 -0.32763196934873406 0.9280940583470322 0.009072331411704953
1738185449.091417 -21.55518070438716 -37.73515629774187 94.37181154172025 -0.17678511594002658 -0.33469722370206684 0.9255609336652625 0.00785807233916522
1738185450.49214 -21.355834750391548 -37.62012154218761 94.02967524083321 -0.17308580442624233 -0.3218789297275827 0.9307706924636204 0.010058675575791175
1738185452.15932 -21.123997789260237 -37.45300308974972 93.56998275579748 -0.1428524341694504 -0.3304959138383082 0.9329256976627741 0.003908404849911241
1738185453.560015 -20.94573680591629 -37.2889978714569 93.152713939321 -0.14070708909767463 -0.3283964412618958 0.9339995088360575 0.0014865860838139202
1738185455.694106 -20.737102933688544 -37.05201227192056 92.60525473749108 -0.13625864519290523 -0.3300839622510396 0.9340614563167363 0.00271206532109036
1738185456.761432 -20.5746949145719 -36.88918537065308 92.27656587494268 -0.13429488650720026 -0.3389857138502402 0.9311569179545229 -0.0006028340527727853
1738185459.095478 -20.2188265389133 -36.51169376932754 91.33551014238917 -0.1362934016909102 -0.3342347804611204 0.9325726569945636 0.004411304991341574
1738185460.496247 -19.980893542122573 -36.26843621280413 90.77666404353245 -0.13432452305507372 -0.3311919257516508 0.9339520050136074 0.0015758026534440671
1738185461.830112 -19.75642054015988 -36.04581276327624 90.21745144709661 -0.136229937377231 -0.33293358730319056 0.9330369581262516 0.006218149092453982
1738185463.097062 -19.52322594860729 -35.794373211731475 89.63097349580923 -0.13487527941692462 -0.3486549559977596 0.9274745790176114 0.00626784943272948
1738185464.897878 -19.23066522078342 -35.435039382392155 88.7695489805858 -0.13413172608382554 -0.32554768661906586 0.9359563939591402 0.0036072706788623132
1738185465.831636 -19.056936746015268 -35.20603438730975 88.1944158021827 -0.13356059066100154 -0.3235938671759705 0.9367204993139343 0.0018121571229658261
1738185466.631829 -18.86949581625111 -34.94622562657451 87.57352169952817 -0.13474468464191283 -0.33227927533557833 0.9335059347572292 0.0010113932203720283
1738185467.166284 -18.64013161964346 -34.67306494990393 86.89801658904761 -0.1359862369139377 -0.3326060661374778 0.9332038209835598 0.003402446211505354
1738185467.765703 -18.47843218822563 -34.46067705235175 86.33507933222728 -0.13751510559054486 -0.31561074996153826 0.9388380753439871 0.007906865847775672
1738185468.365909 -18.381060165387296 -34.518761124096905 85.91836461399161 -0.13469496831841662 -0.1926682593456365 0.9716807458552338 0.023931892625529656
1738185470.56895 -18.147121386026203 -34.33206395049861 85.2595701140356 -0.1305331680293323 -0.18832532246216296 0.9733153160256721 0.01232722813913858
1738185478.903519 -16.60704993465886 -32.354685726601176 81.55798065538681 -0.16641127418646648 -0.3333105614268281 0.9280010933338648 0.005032716574684888
1738185479.703793 -16.348367187477475 -31.960256560122392 80.82896353371719 -0.16403127929942474 -0.37705715854496913 0.9115354860987954 -0.004969525532759932
1738185480.437445 -16.119675845185224 -31.749276726991845 80.2812365017983 -0.1632072220003715 -0.35736224920063075 0.9195947869625398 -0.0010263159886626906
1738185481.437796 -15.931306335383358 -31.686170204794664 79.73393092319506 -0.1657261499655762 -0.26062779820226234 0.9510886377789974 0.006196540124871243
1738185482.504979 -15.626236365330225 -31.44940276655526 78.96484145635145 -0.16630874428573775 -0.2717235009997158 0.9478859475643706 -0.004468891199607789
1738185483.305329 -15.364792074095227 -31.051440322224227 78.34870375436874 -0.16993038695762921 -0.3484586844912186 0.9217872207721826 -0.0029203445302692613
1738185484.238921 -15.091869167895359 -30.673482719435466 77.65065268142878 -0.14705195400143561 -0.3616110529325836 0.9206405488126428 -0.005843723410959302
1738185485.239577 -14.905509034589397 -30.494394452806752 77.06157442252915 -0.13188759745805928 -0.31016054192652504 0.9414855668795505 0.0033207267392297507
1738185487.106771 -14.523313839030731 -29.776283040394777 75.58668045534328 -0.12454736314921758 -0.33469049387318667 0.9340173589110604 0.00904438479426733
1738185487.973782 -14.228786572941777 -29.292642688538955 74.57729650581723 -0.11908087966358755 -0.3447542647129362 0.9310992997176153 -0.004281953544263856
1738185489.240976 -13.910299063322519 -28.758985793296613 73.4635371399959 -0.11908972750603457 -0.35042439516120816 0.9289828978393976 -0.003340000053180671
1738185491.375178 -13.435780671777495 -28.028951689266478 71.83856294782784 -0.1506399496926808 -0.35144284009115967 0.9240098501377116 0.0011543629107607003
1738185493.309292 -13.049569881182535 -27.50877511116188 70.65238902233726 -0.15796652022881427 -0.33870809598800233 0.9275088942456031 -0.007117253282018967
1738185493.842806 -12.908318754978145 -27.315290988086318 70.25170353549751 -0.14928009925923602 -0.3394096750781565 0.9286410696487422 -0.011928461348099426
1738185495.64352 -12.479150879329472 -26.801137374080625 69.14566308211033 -0.15740830788766763 -0.3452002345508342 0.9250063936305375 -0.02055710136710728
1738185496.84416 -12.184547981314367 -26.43315990264736 68.34153008770699 -0.1636748430637047 -0.3462612560650464 0.9236392792702289 -0.014288809799989852
1738185498.578189 -11.774204670264405 -25.988486326160086 67.37570016666332 -0.1659994976369512 -0.344807824487569 0.9238053916634336 -0.011633111793490683
1738185500.379256 -11.45541937359544 -25.562273646907524 66.48727827375066 -0.16884499973987158 -0.3466897048933618 0.9225993853950923 -0.010391758869142386
1738185501.646179 -11.207943105411367 -25.294563147645942 65.88249918636598 -0.1568405146446781 -0.342774028721894 0.9261915166564478 -0.008734567727352472
1738185504.580452 -10.738877964421956 -24.568198732906527 64.3020709313685 -0.13407549463002957 -0.3501276633255627 0.9270290437075088 -0.007178665379862062
1738185506.714716 -10.354357448647118 -23.9556139652642 63.029210290412976 -0.1318034011304493 -0.34070720296033974 0.9308311295637525 -0.009993674822431662
1738185509.115804 -9.869030377194864 -23.303007656210653 61.499031026567565 -0.1168606455642066 -0.3427202259384695 0.9321366156447392 -0.0027867589370669647
1738185510.116652 -9.702571956527054 -23.029708113490045 60.951419794062986 -0.11622488281440328 -0.3473820474053348 0.9304853502943535 -0.0038082335603517384
1738185513.584258 -9.270028724353931 -22.49007083683438 59.639451184683786 -0.12045868076623822 -0.3383492712381584 0.9332196395212652 -0.010515763998138639
1738185517.452451 -8.625564310911768 -21.84094526253426 58.11357411540806 -0.13352931545952848 -0.3270807742263348 0.9354772224486634 -0.008393766981817919
1738185520.453841 -7.9923023279063985 -21.16984872982173 56.6210551858786 -0.14101164949778305 -0.3331891566632562 0.9322545920984323 -0.0014408675608994265
1738185521.520824 -7.781730996874029 -20.896688930151818 55.98649842944444 -0.13894067609257058 -0.3385050739546417 0.9306494321632561 -0.0011991030443341036
1738185522.321315 -7.603282310570286 -20.643401167572343 55.40248340394714 -0.14082813124115595 -0.3414572082381756 0.9292833922287572 0.002605632577449975
1738185522.988044 -7.4760289579453465 -20.468565658095322 54.96831427111049 -0.1404060668968071 -0.32875348890078 0.9339061626747236 0.005153565009467981
1738185524.121852 -7.280340974933044 -20.27147822582801 54.32933933378186 -0.1371354794382282 -0.2990773993977558 0.9443198091850327 0.002582136608717168
1738185525.122308 -7.059181742646774 -20.08973338341883 53.891780177267 -0.20512315081465307 -0.29402480877741133 0.9335068296327071 0.0062372952766037645
1738185526.722871 -6.5004372733323175 -19.651625954753538 53.148992276753866 -0.334234060209731 -0.3532505628787914 0.8731885405206369 0.03230178826280217
1738185527.923369 -5.722409455370815 -19.308207131612996 52.76610666260855 -0.4702365872524432 -0.3668456477057582 0.8020656164043194 0.03150507499558325
1738185529.057352 -4.934202888031487 -19.17001680064406 52.45692602121013 -0.5400013292527801 -0.315287245157632 0.7800740350048851 0.02184072703320639
1738185530.324344 -4.04152937391727 -19.00032652885692 52.128927891683496 -0.5791774465131732 -0.30891365401106047 0.7539952076248558 0.02484082717555668
1738185531.125123 -3.48566403999473 -18.94289728366921 51.991469642200215 -0.6050943589707065 -0.2937635403497324 0.7391554075121081 0.03482933603487514
1738185531.991675 -2.8686570991916844 -18.91327487755609 51.87942767338588 -0.630325286567497 -0.27194582495163205 0.7263751776124742 0.033385666886041984
1738185532.925383 -2.2950080541256446 -18.950178418697377 51.86730783036275 -0.6739212606455666 -0.2283814204962331 0.7018606338235597 0.03261459659116106
1738185533.992543 -1.6235665685577558 -19.02064792942695 51.97865661059169 0.7326732148667648 0.18989303263797078 -0.6529759183147643 -0.027441692246365414
1738185535.192981 -0.8203205585886377 -19.120583941724103 52.15325273776575 0.7798248768974153 0.16662634363935025 -0.6027558901759483 -0.028180841639527738
1738185536.32676 -0.03319322447877284 -19.232932289484275 52.36237306683655 0.7972419472231206 0.15480039264784354 -0.5829220132113332 -0.02537799317532219
1738185537.326975 0.6363589291412193 -19.339639815581993 52.55754592680571 0.8061178965757025 0.14721778113882514 -0.5726906091794751 -0.02294183720994559
1738185538.260804 1.2564395764728533 -19.455007186042977 52.76879853740039 0.818449294040176 0.14028487597189174 -0.5565906573415096 -0.025840797565764486
1738185539.194567 1.9056610652692652 -19.560220962710847 52.99437769039581 0.8259605352018724 0.1416515981898246 -0.5451380540322952 -0.02342052657792471
1738185540.395043 2.642975948065861 -19.70007847165818 53.256512536309806 0.8363920526072547 0.14526044418987494 -0.5277195840690377 -0.02932197604502944
1738185541.328774 3.280873160238408 -19.82435175226577 53.49522205767932 0.8439426819986183 0.15197449805478394 -0.5133602394231861 -0.03355243689129305
1738185542.529252 4.044735021173871 -19.999244949387734 53.81626155977164 0.851353766473918 0.15391943971383273 -0.49947292243094515 -0.04508181614735906
1738185543.262726 4.523876682091257 -20.10733919036311 54.032889826121774 0.8558366628263613 0.16109692934462055 -0.48951014639178714 -0.04439822628734799
1738185545.130353 5.23859173245351 -20.29859313731057 54.35907612262883 0.8639177404773432 0.15898142558890288 -0.47442095839174114 -0.057409043232784444
1738185546.330602 5.960589461570404 -20.526640742052834 54.73730117316829 0.8731705230445242 0.15233763951421336 -0.4588286099433098 -0.06199022480100833
1738185547.531266 6.6965349410174895 -20.759786846822923 55.13502265405583 0.8796269867999281 0.15218387958682197 -0.4460945410155024 -0.0640007137721998
1738185548.665113 7.398865650439672 -20.977939604847244 55.53227854262488 0.8838636238105487 0.1570431370986643 -0.43628787868120994 -0.06144456453214326
1738185549.66544 7.991514898910415 -21.179595492975732 55.879138539549466 0.8876120111445444 0.15588953056498842 -0.42798273025903655 -0.06836778870334838
1738185550.665941 8.526998633143794 -21.359987698313326 56.21777973436262 0.8937102237889574 0.1582371983192505 -0.4141815753271375 -0.06853209191828875
1738185551.532899 9.011525422510887 -21.55139126304386 56.50955381949618 0.8959239148825833 0.15809432765475795 -0.4063656313127676 -0.08481447985239066
1738185552.666708 9.560285438586401 -21.815006133749502 56.81139143244998 0.8925056896043254 0.14897335303162823 -0.4069479684577284 -0.12503553526317598
1738185553.867182 10.093386903415382 -22.111130892171534 57.163173639118405 0.8877063033411144 0.11562997347299316 -0.4244510074211199 -0.13582551506357182
1738185555.001064 10.841111194556696 -22.257017294683298 57.721191103360546 0.8978671475380195 0.1632948606989924 -0.406424202202684 -0.044595310349282415
1738185556.601594 11.84846896586331 -22.446189524573192 58.38243584311405 0.8723627175661829 0.15175199825739819 -0.46051328898023935 -0.06230674680990177
1738185557.802096 12.5788178646418 -22.534431298007004 58.3974977214 0.759470278179597 0.2165690154975298 -0.6093927810825481 -0.07030786906679709
1738185559.469376 13.481668877091808 -22.41328417697746 57.96034827196496 -0.6083173762783364 -0.28195548108320173 0.739415110488825 0.06096204381236007
1738185560.538018 14.262663581143656 -22.3017360125168 57.69376918377992 -0.5751383875061292 -0.30065083234427187 0.7599004281787125 0.03709786356861492
1738185561.603614 15.028523168267206 -22.162677833067956 57.40457915701489 -0.5645634351965763 -0.30561914065560486 0.7658878916680429 0.0357883486661637
1738185562.470647 15.586630177027525 -22.04921120088871 57.13930013255147 -0.5412076065089293 -0.3114342913498897 0.7801478765206946 0.0383705562706519
1738185563.804607 16.418696736236843 -21.819876686685923 56.62038576414988 -0.4748238288115159 -0.32462969017199494 0.817407447748266 0.031669547159259
1738185564.93829 17.00917507985079 -21.594418666927357 56.09929366357649 -0.40761652671130627 -0.33381659939039987 0.849355813566059 0.03177966464231709
1738185566.138862 17.632718491063592 -21.324128838499085 55.515756537573004 -0.3909717581154136 -0.34340680719076055 0.8532083156835747 0.035332975809969476
1738185567.472642 18.28945790399222 -21.024650723315187 54.87408216100005 -0.37637018966705427 -0.3495269400052462 0.857304389901244 0.034721486094496275
1738185568.473068 18.787874784719758 -20.78704823464646 54.38881776488155 -0.3663847505190898 -0.3509547481221559 0.8612013492829458 0.030417352790996884
1738185569.740335 19.385322644076762 -20.506686252540135 53.762017645516025 -0.35629091914632244 -0.35073847899900584 0.8654264259061828 0.0328085602637928
1738185574.008587 19.612944087887485 -20.28891357778251 53.36205381831099 -0.26384509366257175 -0.3736409230031647 0.8888568129024976 0.026679455848017876
1738185575.8094 19.607048102603976 -19.905286338209994 52.582628068627784 -0.05269599347621129 -0.3810147624699146 0.9229639253886152 0.013728637324522633
1738185577.276615 19.474341837031382 -19.482333820312878 51.71556688796431 0.03289419639324666 -0.38176571973799994 0.9236724417240963 0.0014585869926411006
1738185578.543806 19.344692512957426 -19.13557075468924 50.96936201150987 0.05338000388979126 -0.3701477863593491 0.9274325763238536 -0.003163512493885282
1738185579.677568 19.26976101397144 -18.78087118546307 50.257238000802 0.03510619563638358 -0.37784728891628516 0.9252021163775194 0.0001585468769304885
1738185580.611276 19.21560816818759 -18.464710393617615 49.61293429581823 0.040384402946612705 -0.3801416674203204 0.9240462116612966 0.00010678927966922622
1738185581.278229 19.162255626564463 -18.244907766672203 49.14713325138294 0.04128378092540035 -0.3747904449268585 0.9261890876532365 0.0012432763555736723
1738185582.345162 19.077030652016138 -17.9280862424056 48.455857063127866 0.04653167258785395 -0.36944239658439726 0.9280840127518579 0.0026803594092481174
1738185583.546531 18.962275875537827 -17.539389098283557 47.66123525119148 0.05024615503753932 -0.37690763565274965 0.9248622250620154 0.0067692498798384215
1738185584.879715 18.915107611779874 -17.121055670289266 46.81107309172919 0.014176623914638031 -0.38018859931221255 0.9247284509563733 0.01153014653969481
1738185586.213681 18.954149593341988 -16.7705083454347 46.12266758339593 -0.040582588357438866 -0.381570493957095 0.9232122661976453 0.020883563052247943
1738185587.347393 19.03749480469842 -16.440671674462262 45.45241222374761 -0.07298570081825342 -0.38112271759332167 0.921188280013878 0.028822116081626065
1738185588.547962 19.15581825882751 -16.14857236554985 44.89701007825345 -0.10850386241955304 -0.39013385185215993 0.9136025869887381 0.036780463924763286
1738185589.348125 19.333376620002042 -15.871679179166708 44.36315765716189 -0.15693529536922982 -0.38362699856601784 0.9091774030681489 0.03997610272222731
1738185591.749112 19.77576014555801 -15.559487124854593 43.714371920550136 -0.22104811678270755 -0.373911103521047 0.8997413541027425 0.04235224253631335
1738185595.150489 20.401859911219802 -14.953346688199979 42.45453472006089 -0.21628497281023526 -0.37376550201066777 0.9013760527664519 0.032270288848410156
1738185596.684259 20.78883188817843 -14.609407997620192 41.732935445015336 -0.21600525040727991 -0.36934494903098725 0.9033325297614118 0.030271787139738066
1738185597.418043 21.05525053013089 -14.335321068076828 41.148039165613696 -0.21398607098110856 -0.3672804228769763 0.9045484781167803 0.03327315936297866
1738185597.81821 21.20470848817943 -14.20053313304452 40.83183880391434 -0.21576224286879533 -0.36051604674540444 0.9068392493092048 0.03342769067121049
1738185598.218391 21.39145986700128 -14.038852260189353 40.505754957461996 -0.21678924954274612 -0.36994163311173506 0.9028983255565203 0.03033517892723752
1738185599.418927 21.82693488590486 -13.631019168909745 39.66419975880448 -0.2200084063961528 -0.377283910941281 0.8993867162838108 0.018886138623355312
1738185599.95388 22.025332443760888 -13.431971036652158 39.259315181995355 -0.21957664379144023 -0.3781659718173331 0.8991422701665633 0.01788220513409687
1738185601.152977 22.495593066444197 -12.997399469618061 38.41003987051986 -0.22183138122765256 -0.37782493217789653 0.8988052006755879 0.013724801124820267
1738185601.61977 22.716555909464013 -12.815054675562422 38.06264322044384 -0.2212293216374918 -0.38238571679864247 0.8970047504417444 0.014873752759386233
1738185602.019919 22.881055882489473 -12.665010574697643 37.777214746065596 -0.2222180382461441 -0.38348019398244865 0.896346754306979 0.011161556547503993
1738185602.686668 23.12128989242654 -12.405544243379186 37.28207058758158 -0.22673110054167905 -0.38391233981264933 0.8950686206280196 0.007515833539291574
1738185603.553875 23.470299916880933 -12.068194304661843 36.642633539846884 -0.22160994122699224 -0.3818224433650078 0.8971971526100067 0.01174414920889712
1738185604.020707 23.595783435707965 -11.88103302222817 36.286366800118415 -0.16277041949509277 -0.3865888285568845 0.90775705188663 0.00565711255866706
1738185605.354629 23.84602227421392 -11.334676762450895 35.26548065873976 -0.1434475195756315 -0.38554058739461244 0.9114671321981679 0.0029885651178317174
1738185606.088078 23.993600436999003 -11.094449227647022 34.7296520003926 -0.14714733668105612 -0.3704784662459285 0.9170952072736468 0.005454186597759448
1738185606.888533 24.212617653678766 -10.83686913561451 34.219133605246775 -0.1977857128700829 -0.37451117154701563 0.9057909932580563 0.01284019873439267
1738185608.089199 24.56118651888538 -10.483135991958893 33.50589078668132 -0.2057078762373506 -0.37407859591717524 0.9041856514305063 0.014063480285639068
1738185608.622706 24.74555360943643 -10.30134602021598 33.12448139035444 -0.20636931918081486 -0.3650664769797715 0.9077677626218408 0.009790844241548366
1738185609.222636 24.914946886752674 -10.126155333283473 32.78092759833071 -0.20797350185764277 -0.3734673114942882 0.9039374830895944 0.012892495334365085
1738185611.023577 25.386793083886285 -9.695544654934725 31.860352345683914 -0.2156932663316647 -0.36660745037287995 0.9049435959718454 0.012348291372473707
1738185611.623627 25.576974182603063 -9.50318614368819 31.446298919915215 -0.2147817023940757 -0.36536064439636934 0.9056366153241069 0.01423870876406552
1738185612.757576 25.871806631440226 -9.255432072623913 30.89965459592797 -0.21880158544074194 -0.36329478136445653 0.9055290699093742 0.012644033811766006
1738185614.024799 26.105046764616127 -9.068788501075048 30.492957649756697 -0.22299941191943917 -0.3601134641321369 0.9057314493401203 0.015495060844719266
1738185614.8249 26.29858990564226 -8.837621211807376 29.963748329773683 -0.15220637286282743 -0.3578540797834658 0.9212320825684795 0.010253179448978978
1738185616.359037 26.616809946812353 -8.475844224131823 29.140801433929095 -0.2097345663148874 -0.3567398745638453 0.9102054401302879 0.016556882137248208
1738185617.892828 26.918760293154573 -8.23907487208839 28.584162262208825 -0.21455679645178827 -0.3546920089519696 0.9099662223889856 0.010974242255426885
1738185619.093791 27.220650087005428 -8.005348389761084 28.058319810202295 -0.21875376571232472 -0.3608082953818979 0.9065304860092243 0.012908985481673156
1738185620.227311 27.576078631437937 -7.649632805863106 27.277276934074703 -0.2041362815923614 -0.35934749137696526 0.9105102988548157 0.012990560343581248
1738185621.961267 27.8626034072044 -7.355913342166753 26.595163304310276 -0.20536983369829714 -0.35340920704459794 0.912506000154309 0.016061241086119678
1738185623.361851 28.105386690157555 -7.098758143889379 26.02277229955282 -0.20482785682239485 -0.35350182104455413 0.9126083709383009 0.015098770846305256
1738185624.629052 28.316098913384213 -6.855003532498766 25.472272481485145 -0.2073322581362666 -0.349169688831714 0.9136694158688987 0.01737992068641382
1738185626.229758 28.605741034465666 -6.5048291829058815 24.700543940922277 -0.21307083656984235 -0.3456324828796179 0.9136801869219945 0.0180975525441323
1738185627.36344 28.787921229974472 -6.276528683181681 24.21622977415167 -0.2162449742286002 -0.341431249902461 0.9145249451006973 0.01751963183066012
1738185628.69736 29.09496394968159 -5.934636790129646 23.393613515020597 -0.22340039877963905 -0.33839553547750084 0.9140041457876427 0.013309578392858602
1738185629.697562 29.452227257058976 -5.693066095089942 22.764310089193327 -0.22415183789003304 -0.3343888046293895 0.9152907841045733 0.01352262704816116
1738185630.83154 29.8372871700769 -5.411293283839885 22.064460820946557 -0.2289392082951553 -0.32487193159659855 0.9176241275156923 0.003320778063465889
1738185631.898629 30.15303063538149 -5.163878757189088 21.471657238516404 -0.20595183079710674 -0.33895121542090023 0.9179759821492603 0.004001643801633677
1738185632.498869 30.324677020812867 -5.010260561738182 21.071542601336947 -0.18914055381418518 -0.34037657476600314 0.9210609111553569 0.004054157753501481
1738185633.165624 30.497313321340766 -4.807949276246054 20.57087127098966 -0.15964673063836687 -0.34048186888793514 0.9265758761584535 0.006493387117227231
1738185633.966154 30.73895778429636 -4.53518190955924 19.882915485058437 -0.1743419581053348 -0.3385163457626213 0.9245981173607418 0.01139678325189965
1738185634.699755 31.013504653810422 -4.308265705010038 19.300868411917826 -0.22839325178384406 -0.3340958721417137 0.9142988129740051 0.016557516474239548
1738185635.434747 31.30414950937841 -4.07978379449531 18.703530043733174 -0.22898609237478032 -0.32988732046544367 0.9155456740423848 0.022712200186979687
1738185635.833783 31.512157604565246 -3.920050003563409 18.30092942544514 -0.23047764807808782 -0.33819843438154334 0.9121253579283535 0.023004437448872855
1738185636.233564 31.764172499354835 -3.734362846318708 17.802184955128844 -0.23320445687512353 -0.3429226695765118 0.9095161677059153 0.02828541436222241
1738185636.833935 32.19252403200507 -3.43141697655359 16.99914802561158 -0.22780651516118175 -0.3442246047011353 0.9102444912618356 0.03268913115926278
1738185637.434236 32.61741279792116 -3.127948281577446 16.190316434512045 -0.22196610803430195 -0.33344426052807974 0.9159252229181859 0.025039129922149447
1738185637.83439 32.88209030491281 -2.9271217623461747 15.681022818499992 -0.2233037009787575 -0.33977167404607794 0.9134223887627883 0.018713801110329817
1738185638.234321 33.12055405554454 -2.7585964067883366 15.203292019688565 -0.22400775050009067 -0.3276973969414693 0.917655207574156 0.018543563996898632
1738185638.767916 33.518630133055105 -2.4366567582279197 14.42381692719751 -0.22510531881548398 -0.347292763083757 0.9101585279521668 0.018077227292189763
1738185639.101358 33.79300310706994 -2.213396697123015 13.886763334073011 -0.22460446782654309 -0.3459788992085056 0.9107711100330881 0.018639191611298466
1738185639.568378 34.123966250896814 -1.9460666441665573 13.233674509275879 -0.22378728485973903 -0.3421657331642445 0.9124643465805832 0.01583282673910242
1738185640.10211 34.55773142283297 -1.6019043434977316 12.373718018895236 -0.22464057408667915 -0.3406906890139774 0.9127545205877969 0.018591719654977995
1738185640.568787 34.92070377894135 -1.318339021783611 11.658056165615559 -0.22392034088721544 -0.3381829943160175 0.9139094792664383 0.016168085828361045
1738185640.96896 35.21316868729539 -1.092311697668812 11.06117881585349 -0.22402857641602708 -0.3335691825795296 0.9155596048180461 0.0171291391393705
1738185641.30223 35.4712525535943 -0.8884229878788715 10.528945823225573 -0.22370058466334064 -0.3353519390807514 0.9149484066898048 0.019145194484438806
1738185641.836049 35.89933527787605 -0.5566604286986574 9.7039444419819 -0.22408499272883692 -0.33366508722151184 0.9155377320360931 0.015626478214398307
1738185642.302797 36.273225810927784 -0.26997112995240957 8.978485582597 -0.2261540619411367 -0.33465962582013026 0.9146573642324544 0.016099104596040904
1738185642.502885 36.43706862723532 -0.1423801641836987 8.650613527784865 -0.22634729156725117 -0.33606888205680024 0.9140890009631729 0.016306698973446183
1738185642.702971 36.61235187564202 -0.014675138912199239 8.319741250711932 -0.2256998473550912 -0.3346986110423116 0.9147656166105848 0.015501139870749773
1738185643.436697 37.13716445510234 0.4067069301379452 7.2608501702310795 -0.2213837058028628 -0.33647482763656433 0.9151545109955739 0.01631460009892702
1738185643.8368 37.423370069258056 0.6409595768872124 6.643480085675991 -0.22070433041088713 -0.33446216343333546 0.9160126381969643 0.018587803334773032
1738185644.103356 37.62764376233456 0.7928260924136392 6.228611552027277 -0.21792208453244286 -0.3298275518558291 0.9183445343710381 0.01915900051323982
1738185644.303645 37.78340252269726 0.9167274531481765 5.903323331824846 -0.2155026612546157 -0.3308033069390852 0.9185328904483906 0.02061805701002235
1738185645.104389 38.29199179960499 1.3504515140509856 4.760493864291775 -0.19767455726288877 -0.33579085123481833 0.9206063537404187 0.02555807290639016
1738185645.4374 38.484433441399176 1.5410745350623365 4.249920992982198 -0.1854617216710779 -0.33139751577824333 0.924638960921395 0.028678010339138138
1738185646.03847 38.804232283430466 1.8853931253294096 3.3641830971411655 -0.1763828754792518 -0.336170507388591 0.924673391393946 0.029284645256282795
1738185646.437861 39.02744362788575 2.1172399393551085 2.777044276945579 -0.17842963345989435 -0.3431968392497901 0.9217629436858105 0.027053115901697726
1738185646.838001 39.2674872115963 2.3435509862317927 2.214396196120365 -0.1939462372448246 -0.340105375666534 0.9198599812487847 0.02389153402955905
1738185647.237953 39.51194102893408 2.534412853625938 1.7018595511901682 -0.22058126901373587 -0.3347723416417243 0.9157361580113373 0.026432403270253327
1738185648.105017 40.066402811694736 2.9549696716405722 0.6388435027680133 -0.235082831370963 -0.3308359069091041 0.913552384414172 0.02656512799560456
1738185648.438608 40.35504834148963 3.1463845507511166 0.13917667060471745 -0.2371769421150914 -0.33403807316635264 0.9119024936933764 0.0244848075354221
1738185649.305667 40.83622359345826 3.5338683684561807 -0.8578492025490405 -0.2260384036698471 -0.32763351069669827 0.917100041966588 0.02214578424500515
1738185650.172683 41.35307656928467 3.8754938274799073 -1.8321874754142906 -0.22471962761110906 -0.32453189467792126 0.9184812289189754 0.023924264389354934
1738185650.772898 41.66092825791757 4.142664456660125 -2.5083526984081934 -0.2240164645541762 -0.32763510552357383 0.9175561914705037 0.023717013541940012
1738185651.639934 42.04993125616164 4.4561369182635415 -3.312777260075769 -0.2244277772489159 -0.32938307920051463 0.9169167390523437 0.020066229867979526
1738185652.707065 42.59237260800162 4.812796561383747 -4.267766368328135 -0.23050930386887836 -0.32615822421968654 0.9166012723906449 0.01812128736035752
1738185653.440491 42.966871678344766 5.077029490779845 -4.950351407625806 -0.23232296389896212 -0.3230479878322647 0.9171937830422641 0.0205329576862807
1738185654.441054 43.41609878083775 5.37970353966808 -5.771487127096026 -0.23543160276469074 -0.3262562355614181 0.915201147992683 0.023144932270723645
1738185655.241478 43.81270177369627 5.6194215073480605 -6.4408194778180485 -0.23684681250437226 -0.319458098151758 0.9171958256040256 0.024534229686916008
1738185656.041503 44.17432312823058 5.853797440949092 -7.128447174379355 -0.2386163405858418 -0.3220649464612598 0.9157672910657523 0.02658347005981594
1738185658.109187 44.95853449719719 6.361667090729006 -8.576886703688492 -0.241694232734297 -0.3175400972966715 0.9163394228075706 0.032775702593354224
1738185659.709888 45.59894742334432 6.744949517607035 -9.69195330201329 -0.25004464687933925 -0.3173342901068769 0.9141714189065973 0.03266863547272495
1738185660.31013 45.88968128335057 6.906256851687668 -10.17983985898915 -0.25228364426017685 -0.3141048547788026 0.9147127314870245 0.03149161632464807
1738185661.510568 46.42030131281154 7.208947482779276 -11.096704482026649 -0.2540002582167866 -0.30838589937793465 0.9162489480517331 0.029493577008569454
1738185662.577516 46.85442299571332 7.472837753656047 -11.870544561518198 -0.24826418366137742 -0.31009608016150647 0.9172969600780412 0.0277777466869218
1738185664.111631 47.45232690240406 7.80351310187855 -12.931977857073194 -0.24307985289935558 -0.30784212351436013 0.919446582172691 0.027629597093591196
1738185664.911777 47.76511922935177 7.9880188290173635 -13.489162700708572 -0.2295822214251283 -0.3073011353557619 0.9231501266257536 0.025531539816826904
1738185665.578839 47.97145464994849 8.147912746716175 -13.98217216860712 -0.21099254955703473 -0.3078593083775521 0.9273528661837257 0.026859855873521115
1738185666.112296 48.12546021551605 8.279561438093912 -14.390647263919625 -0.19498304792897456 -0.30803754412281087 0.9308068026998708 0.02632828286763358
1738185666.579263 48.25551285009741 8.397053636661784 -14.766941409115987 -0.1872446329284479 -0.3081536143599087 0.932247683655634 0.02991744833906147
1738185667.84646 48.6121103169507 8.694712932586246 -15.676995416214645 -0.22719344413424708 -0.3073183190383574 0.9234715079883218 0.03374853566648383
1738185668.579922 48.86886927035642 8.853566442293236 -16.17048246664501 -0.24349992411645963 -0.30294894985008436 0.9207234612102364 0.0346125514380548
1738185669.313697 49.13028193824635 8.995135714852893 -16.6413392423659 -0.24806234980701242 -0.3024339533442737 0.9196739383997494 0.034621113515757765
1738185669.980713 49.41140032195875 9.12943377219495 -17.120856464817585 -0.24119278789926948 -0.2983383607117426 0.9229126521408181 0.0324422272911325
1738185670.781003 49.67299676991881 9.281588836267737 -17.612733103341252 -0.24121439330243083 -0.3028670609657362 0.9215534823553982 0.028746112856452552
1738185671.514484 49.93293936278396 9.434807071663192 -18.092447188115198 -0.2437165261231594 -0.30493459489843017 0.9202459570527803 0.02765006793123867
1738185672.581707 50.143444430151966 9.54386524770514 -18.456144107636074 -0.24678934000164235 -0.3026862902349118 0.9201849284992076 0.027124319867762325
1738185675.649587 50.47228676513809 9.74469637142167 -19.073212824490554 -0.2318518875587955 -0.3079260448410922 0.9224895120885602 0.020960754532109303
1738185680.384682 50.492748760942725 9.764267815612689 -19.210078772032194 -0.23036815975788083 -0.3096071875732901 0.9223441780066683 0.018844566058374746
1738185697.125003 50.716525877591536 10.093580509071314 -20.434384945950523 -0.23113076147420278 -0.3250500283653789 0.9167783780606749 0.020939333333698375
1738185703.194048 51.444449274439734 10.53290250892081 -21.771648776903305 -0.23050457772327604 -0.3290045210132364 0.9155256372316334 0.020891921239480506
1738185706.462013 51.58635914939336 10.659872639909034 -22.049547815152934 -0.23485717875001777 -0.3325724489521887 0.9130214144652289 0.025091203945579964
1738185711.597445 51.70994876010647 10.797109127012027 -22.39399766350959 -0.2402708724376708 -0.33495617539327205 0.9107189348803143 0.025793217604978352
1738185715.665754 52.34638316713602 11.072611114797631 -23.06719884168359 -0.32374688934062923 -0.323965876825362 0.888494393210989 0.028491674708187167
1738185717.39981 52.80397973025131 11.293900564295932 -23.650404705757385 -0.33181239038227217 -0.3179710888191754 0.8879208199859342 0.019787412651907855
1738185720.001035 53.368250976410096 11.566411585650803 -24.348332146443244 -0.28631255684612006 -0.32543860036378347 0.9011550497450428 0.005866302456268049
1738185721.801385 53.72588490856066 11.776306036079646 -24.881766864946083 -0.2699625595898361 -0.3310254276065735 0.9041803424741112 0.0005394265366065238
1738185722.868505 53.957753759543344 11.921379946252872 -25.252187080799295 -0.24277478382321788 -0.3314344872838712 0.9117080541411695 9.482926514597501e-05
1738185723.802372 54.12308196274722 12.068372746616975 -25.615448263420618 -0.22087243661737796 -0.3327828490861214 0.916769938726668 0.001954876959632425
1738185725.603146 54.369021576891974 12.335337495032066 -26.309029190302798 -0.18498953808136465 -0.33699107029777947 0.9230483887448997 0.014055652793274285
1738185728.137306 54.81839741494496 12.647559530283843 -27.066121228312664 -0.2532044734654693 -0.33174065876034503 0.9085660883727096 0.018528167784232653
1738185731.538667 55.43979466176575 13.023065663144736 -28.03533089153639 -0.2580955384223964 -0.3267171078642481 0.9090534198096677 0.016263591473674503
1738185732.739285 55.666966477930806 13.16004165289733 -28.409072772101844 -0.2579690380597236 -0.3263759064683799 0.9091852567911346 0.01768931635544203
1738185735.940588 56.22231962522758 13.497865624031522 -29.34166829109028 -0.25414247102123755 -0.31759144596196104 0.9133960764517024 0.015965130680517508
1738185738.47493 56.600814759979244 13.770031325162062 -30.01856995514268 -0.2543986772589711 -0.3262213727139769 0.9103715074085794 0.00920040717170136
1738185740.275508 56.900577267469075 13.946213289832043 -30.47776878902579 -0.2914328592584068 -0.3213396687674629 0.9009522849622472 0.009627359045572076
1738185742.009698 57.48273676644783 14.192359852182092 -31.05737682545843 -0.3426180061492691 -0.3144924552772888 0.8852447377178189 0.007010832965634293
1738185743.877271 57.93896131582178 14.410670855951333 -31.623311068187412 -0.2988094442826662 -0.3156665007124093 0.9005711533439397 0.0062589216509793795
1738185747.211804 58.43183084812684 14.739525071601806 -32.589342585496716 -0.24335394191181595 -0.3159803266553254 0.9170018766723061 0.006546014225694273
1738185748.679079 58.6613487017483 14.864167088615005 -32.95666470648866 -0.2567627440374624 -0.3143649576334975 0.9139035047798201 0.005286836256494635
1738185750.67994 58.97885656103562 15.053729648106769 -33.49894239644168 -0.25509129889123633 -0.3140288460202427 0.9144928669378833 0.004136353092702045
1738185753.681057 59.18677718702611 15.187005042951265 -33.88327524921399 -0.25039725281896347 -0.31232721342557196 0.9163741722623402 0.0033621340015206023
1738185756.615614 59.479973428598406 15.448913720375991 -34.63236430292042 -0.24619158050539122 -0.3136026915104006 0.9170591994441707 0.006744055197476204
1738185759.550101 60.00904422248047 15.805945479480378 -35.66129731826525 -0.24907362327073299 -0.3140388334535079 0.9161461042279573 0.004272818962446695
1738185761.417434 60.37641054599986 15.987667824449263 -36.20088448414405 -0.2487439849795183 -0.31643313386451855 0.9154168962378317 0.0028996226450519885
1738185762.751394 60.61222077583543 16.210151715104654 -36.791388252905534 -0.20911376970845552 -0.31066067204150616 0.9272220486169888 0.00454430671868751
1738185763.951711 60.91603819301508 16.401027897035426 -37.37615233724244 -0.27184144960119516 -0.3054100420830714 0.9125419098637412 0.009705421978108737
1738185766.419398 61.49407789530307 16.678541266842817 -38.16333869325493 -0.24015343502971964 -0.30526258046192895 0.9214471127230204 0.00873516270942763
1738185769.487306 62.0347944158436 17.026958644773803 -39.16149287376806 -0.22184579497165832 -0.30022534336556755 0.927654525159781 0.010308656799073545
1738185769.954146 62.209511598019276 17.155149580726697 -39.56687514581493 -0.18829878698520908 -0.30354078852667243 0.933994150880533 0.007841086752304589
1738185773.088745 62.6897846713911 17.399376025766983 -40.36790307477339 -0.22957051349158428 -0.29084676902558926 0.9285560492278672 0.022117859863025814
1738185774.48959 62.855426721435144 17.485232129095017 -40.699212043145764 -0.20729978325320664 -0.29190123000569274 0.9334285233460772 0.02305783138759933
1738185777.557371 63.19889840642928 17.69522844033727 -41.41780038015577 -0.20982878380817854 -0.2844283942605248 0.9350005597995984 0.02909163450887003
1738185782.69302 63.578399084591666 17.888495197333985 -42.27664312840576 -0.19180491314745515 -0.2801855983410846 0.9398459802811701 0.03736895936565393
1738185785.493754 63.99350133690098 18.075564548575574 -43.11397606045155 -0.20922736969910283 -0.2814644096325027 0.9356595272904537 0.03928031147567925
1738185788.428939 64.43661178156341 18.322258366374104 -44.091463230021546 -0.21533581300001353 -0.2762560612906624 0.9356289913953092 0.043720323653758705
1738185789.628757 64.71129992243749 18.45645445969983 -44.69092101615825 -0.21789637676713214 -0.2717839166184488 0.9363812917028901 0.04295053210519273
1738185791.362789 65.10714636340394 18.656485515704308 -45.61434346179008 -0.21100898339649435 -0.2731117147969658 0.937646572436567 0.041280811094216024
1738185793.363597 65.52014469665662 18.91592803727274 -46.68654901677923 -0.18939808957588583 -0.27550619320266373 0.9413199172425342 0.04627650132075547
1738185794.230605 65.76708006278086 19.077168890534022 -47.35015492566381 -0.18715083622634116 -0.27721824503927317 0.9415002034632374 0.04125501176595828
1738185795.697837 66.10271191536496 19.2731503750051 -48.15918333811218 -0.18250976129357446 -0.2806401264200967 0.9415580264899805 0.03741375719929194
1738185796.831663 66.36613668023024 19.462947607812925 -48.8290308878644 -0.1766684830853004 -0.28801886294848295 0.9405962193678826 0.03334866985425602
1738185797.965599 66.5858516072308 19.65344774362196 -49.542532317589014 -0.16152608016024914 -0.28962527718378916 0.9427920632632477 0.03420014169717158
1738185799.566115 66.87760926641498 19.89637283319756 -50.42547819416907 -0.15917803399580785 -0.2950754240757269 0.941690064377312 0.028507371902954777
1738185800.500162 67.08662963786304 20.075146268319898 -51.06128608272534 -0.1570607266166222 -0.2974764704199098 0.941290582131862 0.028490659715627174
1738185801.700282 67.30521980271078 20.26096866133723 -51.74292748958412 -0.1558844811179771 -0.29390056185913066 0.9425081413806804 0.03163687273738875
1738185803.767923 67.59429425143435 20.493926777061663 -52.63272538069909 -0.15047052319792564 -0.29494630813308653 0.9430533612625362 0.03186933916222819
1738185805.03513 67.80066831193069 20.665835464841113 -53.2475664320332 -0.14757870854728095 -0.29683144308868054 0.9429394944868549 0.03125266251509663
1738185806.902523 67.97962513603478 20.837223363319207 -53.87725521998186 -0.14585739468565315 -0.29733911291644216 0.9429825834108764 0.033149958210026254
1738185808.302948 68.13043937033737 20.99335595976222 -54.37966068397336 -0.14464164122350337 -0.29965386610285255 0.9424862863438861 0.0317168126944602
1738185809.370179 68.29481848130168 21.13696020808949 -54.90579289931753 -0.1434650014964061 -0.3022531325226133 0.941796968439464 0.032852815163072445
1738185811.570924 68.63067649474903 21.432927312932357 -55.899705919814025 -0.1441570657325561 -0.3081320477894641 0.9397325061621956 0.034295748811914196
1738185813.438334 68.88908249861743 21.729747672701052 -56.83887377676872 -0.14194748351613776 -0.31078264748189066 0.9391960083165298 0.034291630318192545
1738185815.37261 69.17727442291289 22.01105379590211 -57.77491385566083 -0.14229276301820354 -0.3039547977399508 0.94139902707007 0.03364702594638283
1738185817.439965 69.40681621212866 22.21787278189487 -58.501426378401966 -0.13951845554550515 -0.30221131385912087 0.9423750883632884 0.03364691917583518
1738185818.507214 69.50466206397411 22.35391436146118 -58.91822958272148 -0.13986985883093156 -0.3025392675310993 0.9421095179613513 0.03655229622050496
1738185819.707518 69.6366487857104 22.512475262404653 -59.414562528234 -0.14123432773128647 -0.3068870076725917 0.9403511775296063 0.04016082806338959
1738185820.508029 69.73329326162367 22.619459551568358 -59.75515395806244 -0.14153348338422708 -0.30756965695841915 0.9400205705855831 0.04159935186468448
1738185822.84212 70.0249011632845 22.928179207045112 -60.69724741672921 -0.13971718946985898 -0.3132057479419813 0.9384339127038496 0.04150973271524698
1738185823.976128 70.15320350512357 23.07199308855677 -61.147076920574435 -0.1260678027787381 -0.3106072120351033 0.9413613274795845 0.03832649292846926
1738185824.84313 70.24044479721226 23.234677915823568 -61.67180618942386 -0.09506530390599521 -0.3070234680851672 0.9462958649862703 0.034975905250665705
1738185826.77712 70.40160316764391 23.49577817810454 -62.55255717663358 -0.08650095241207374 -0.30403660263020255 0.9482293530763461 0.030666324483097928
1738185828.044228 70.54345512184722 23.690484213773466 -63.20278745427832 -0.10952967418297702 -0.3016943935154454 0.9466909777414821 0.027566937762381158
1738185829.97854 70.75728854785699 23.931098524898303 -64.01333035747481 -0.11950261349246882 -0.29990751061724763 0.9461159867163094 0.025281418545239576
1738185831.312229 70.89061708186217 24.092972655727934 -64.56579846432084 -0.12229225310707217 -0.29836308455395494 0.9463156056037795 0.022601973281052117
1738185832.77948 71.05937802095188 24.260839288316316 -65.1978327385759 -0.12350820226346676 -0.2938814336631064 0.9475949004861527 0.021055438594388867
1738185833.846804 71.18020454370686 24.40679551545508 -65.6915361054925 -0.12564284041283993 -0.297428607219655 0.9462106692918102 0.020867907866252568
1738185835.180631 71.32389402650256 24.57614789840866 -66.23636527958588 -0.12857123744716556 -0.3025213616087176 0.9441218728851372 0.024169232746882797
1738185836.314393 71.46618167277218 24.712243424928225 -66.69077623295563 -0.13107993915314195 -0.2994607664636088 0.9447214280976325 0.02535196627100909
1738185838.181665 71.69871826631199 24.95727195134306 -67.52610768682699 -0.13059969922641088 -0.29639424428272554 0.9457359803672991 0.026031249619380074
1738185839.915694 71.89943452274288 25.146502597325487 -68.24903537504709 -0.13279814665423112 -0.2869394095231877 0.9483977644542111 0.02391877684875408
1738185841.783282 72.10386657856137 25.35271560119215 -69.02460140717969 -0.1087724248193483 -0.2888553982860225 0.9508273424579513 0.025660929723851904
1738185843.984002 72.32526546028137 25.570974484152735 -69.88658973732122 -0.10669719786456906 -0.28866040625732853 0.9509960596576841 0.029956173700283407
1738185846.184921 72.51497195496786 25.743972157098796 -70.59523930232407 -0.10347536178276069 -0.28639899688881815 0.9519890014438283 0.03139116460070081
1738185848.386096 72.69907728348839 25.910847971520553 -71.25905584143305 -0.10325831572398726 -0.2890171907432669 0.9510735549329437 0.035579162383737074
1738185851.120342 72.94977717556593 26.170866357002705 -72.13841891918011 -0.09938580372774201 -0.29302495216697066 0.9502491192374298 0.03585318414624283
1738185852.987661 73.14421768115986 26.381622208545295 -72.92317466352917 -0.09771552889846899 -0.2859841805946391 0.9527122916369839 0.031686167731546824
1738185853.521211 73.27995056632018 26.562812496120642 -73.6243691604928 -0.09656813460491336 -0.2796593309548111 0.954702335559959 0.031760108079069364
1738185855.65536 73.48690418619675 26.85770310989599 -74.83454139191791 -0.06613249617400599 -0.27836511429836136 0.9576496525929618 0.0323496364745415
1738185856.922596 73.62818444124204 27.09269011430104 -75.77744606413606 -0.0658971504667032 -0.27811365745211203 0.9577218692372188 0.032850879497292367
1738185857.856414 73.7765301946485 27.275129941594116 -76.51478550655186 -0.0862030397064132 -0.27763096405291704 0.9561896206232817 0.0345180120622118
1738185858.656742 73.96837559283418 27.513368755885015 -77.51434169720973 -0.08748781274748262 -0.2779631844922115 0.9560643368402917 0.03198960002475081
1738185859.390212 74.14107942897694 27.745101166462472 -78.44648851739701 -0.08711082917065407 -0.2804217236743573 0.955461705801876 0.029466745305055435
1738185859.657029 74.21846097696233 27.851553711718537 -78.87437631226271 -0.0868802202647759 -0.28086082435145826 0.9554154536680151 0.027392253717140113
1738185860.190786 74.37887619566425 28.07863343838027 -79.8212373177128 -0.08737999431513215 -0.27869711061984176 0.9560768260646361 0.024693314637992236
1738185860.924138 74.57324738705051 28.35733568604948 -80.9332494298345 -0.08919291504391189 -0.28343554549037897 0.9545710607830187 0.02242778130184517
1738185861.257623 74.6755127787395 28.503758330765013 -81.53491059557771 -0.08916089053632502 -0.28100285296228317 0.9553444508662864 0.020117465665950185
1738185861.457731 74.74422872427763 28.6042778993724 -81.92534654727953 -0.08953396302896366 -0.28114151539900784 0.9553033389169828 0.01840240303715153
1738185861.791193 74.84979432259567 28.76349512689756 -82.54722659167847 -0.0909254087526185 -0.27998314175607014 0.9555412581002265 0.016820060755116235
1738185862.458149 75.03459454697445 29.037100794648595 -83.68247990105107 -0.0835943793169061 -0.27752023107904006 0.9569818688221454 0.013424002165212976
1738185862.724927 75.11055896816441 29.162958276689924 -84.16302854352975 -0.07652511187826185 -0.28127335788727953 0.9565007622665855 0.011640325522716695
1738185863.058509 75.18792057617699 29.309082681812967 -84.73159334258698 -0.06696099424798888 -0.28117383981731175 0.9572458940158687 0.011738630306375555
1738185863.592057 75.29478792425644 29.518686552908985 -85.5879151729413 -0.06653839249482747 -0.27946906711656044 0.9577630137563528 0.012636943046171746
1738185864.392635 75.47010985087003 29.780924781246082 -86.63718852225195 -0.0688914474988563 -0.28370867815562706 0.9563372278121818 0.01350781630058185
1738185864.992473 75.61848662337431 30.01418234182214 -87.60429920093729 -0.07070565450199948 -0.2806349188584013 0.9571612187883426 0.009335629941077355
1738185865.792986 75.80362773062446 30.295658554116876 -88.66840720122188 -0.07147280116150262 -0.2814758117769244 0.9568251357113096 0.012192856502229324
1738185866.193131 75.90231074623787 30.44198951415748 -89.2246602510894 -0.07137972828345322 -0.28215798604448716 0.9566543057791369 0.010214917314249096
1738185867.726901 76.1812667097503 30.807624564927213 -90.79300138360256 -0.07661590875694635 -0.28227189502500655 0.9562698528374626 0.0007405123607647422
1738185868.860839 76.29474013852358 31.12052052274372 -91.94518441060968 -0.057338839392012196 -0.2841852697421102 0.9570531559138991 -0.0004967031579281562
1738185870.061353 76.36623489404518 31.396288178022242 -93.03183706817177 -0.0588926772322793 -0.285314190022043 0.9566189427630143 0.0027683727084664867
1738185870.928199 76.44244811733128 31.58651758765763 -93.74196808453918 -0.06321129035712336 -0.2842548936416227 0.9566588873899439 0.002694696645642228
1738185871.795355 76.5778895356351 31.783422251125568 -94.44422958569797 -0.06686271407152372 -0.2872826319561177 0.9555064578617803 0.002340048672420638
1738185872.862302 76.62109787884162 31.99995493865796 -95.28149877972314 -0.01944848220736496 -0.2871173747671583 0.9576971557995517 -0.0012358883825706402
1738185873.862761 76.59171130569823 32.23195181763871 -96.11853875135115 -0.033383818763412676 -0.28921340399275075 0.9566810438273129 -0.0015836594270283457
1738185874.663046 76.70671271437635 32.41667135610494 -96.79007125514516 -0.07590247510397742 -0.2908905079415253 0.9537287127944252 -0.0048030255152922635
1738185875.263478 76.8119588578834 32.53650254314452 -97.29604915313904 -0.07956614732042754 -0.28579496658350706 0.954976992480604 -0.003067427067868872
1738185876.197003 76.87973958003607 32.76495330515951 -98.17522435588911 -0.03453724521156894 -0.28774503269358115 0.9570817087813757 -0.002139525528694631
1738185877.931171 76.93555851994094 33.12152694722491 -99.52419803451582 -0.06415829920525172 -0.2905250501525447 0.9547004951280731 0.005086499696554615
1738185878.197937 76.949643009838 33.2162531975499 -99.83449938871546 -0.06497064126519751 -0.2923289117158629 0.9541025201561105 0.0033172549445142233
1738185879.331578 77.0179067925371 33.44455323590605 -100.71676004417402 -0.07231682934394297 -0.28896184358606747 0.9545773402256783 0.007309628762788721
1738185879.865145 77.06204697707912 33.56840748222028 -101.14838006056132 -0.0751064248836466 -0.2917162682299636 0.9535254311876166 0.007063700846633412
1738185880.865682 77.1223263728137 33.74588992484888 -101.82719186186851 -0.08235887838455691 -0.2915394482200607 0.9528866607531172 0.015125377402031482
1738185882.199589 77.18923615775272 33.99319576142744 -102.67780545644959 -0.08491010866055913 -0.29961067444065254 0.9501788268966133 0.01356149423350362
1738185884.267084 77.24747470530795 34.17484298805319 -103.36611759826064 -0.08631360354496465 -0.29379680596647173 0.951878624867457 0.012668155644018582
1738185887.068189 77.44881860209358 34.41899941050678 -104.2789693252982 -0.13144064996558663 -0.2952882845983309 0.9462693610644535 0.010123281398353232
1738185890.936263 77.74115612842625 34.678011165934564 -105.17426885921509 -0.15792415184007394 -0.29749830125187054 0.9415154848831483 0.01016438601660627
1738185893.470822 77.9672496437246 34.872091041734365 -105.85708564896495 -0.12877729396622806 -0.29589584151605075 0.9464770453717267 0.006577394366315172
1738185898.339311 78.01656834832981 35.122417747184336 -106.71874677836402 -0.12317261378528954 -0.29605059694932445 0.9471796988456588 0.005759284147869658
1738185902.207488 78.03436926541912 35.29952083366405 -107.46627033436626 -0.12415291919207314 -0.29197720463072163 0.9483027932393745 0.007561545246615321
1738185906.942915 78.18156344098765 35.51918509010933 -108.27188118616081 -0.16417940065881498 -0.2942089190212633 0.9415184657142939 0.005405098209474344
1738185912.011451 78.40098853969711 35.71306278666963 -108.97840912080702 -0.17225513681799312 -0.29731794034421616 0.9391057125745124 0.0032666189255811688
1738185923.349653 78.71669831402812 35.94262732439922 -109.77585926142223 -0.18132388577193734 -0.29674216539452286 0.9375847744972405 -0.0007255043027851275
1738185928.017905 78.94090480066231 36.08716639475544 -110.32592128491203 -0.19364200872448423 -0.2931059867804558 0.9362599640820851 0.0029887501760358496
1738185934.887316 79.46630084668777 36.361054727309 -111.29285823081014 -0.22338066532949286 -0.2925423528934322 0.9297776577526536 0.005792863239958397
1738185938.555472 79.87780673761345 36.52099125060251 -111.89825433228147 -0.24179588893665913 -0.28734307465496467 0.9267937213398607 0.004701449369597064
1738185941.023355 80.20154674615456 36.660311571858095 -112.40468025857766 -0.21537754795305006 -0.287984581196124 0.9330944094518224 0.0034951224269396544
1738185944.357803 80.5094614327947 36.84545497365766 -113.0781147595639 -0.1937111156483536 -0.2931174238381112 0.9362387819779305 0.0038887835193395512
1738185947.292388 80.71808769086726 37.013398245325355 -113.66448350668591 -0.18006475528439295 -0.2942652555587763 0.9386045706209485 0.0024704826987011525
1738185949.960083 81.06204686127128 37.25444973072201 -114.52386262577325 -0.17996375707470283 -0.2946348561142082 0.9384891622723341 0.006437390736131188
1738185951.494044 81.40534949586696 37.48503863575717 -115.33135653679643 -0.17847962742099388 -0.2908580126074856 0.9399515047000857 0.006148813684908663
1738185953.294842 81.7400400366419 37.76994398208611 -116.35193373982524 -0.17852470100050258 -0.28827893445432945 0.9407378340974172 0.0060427295370555885
1738185955.362724 82.06076649110994 37.95005357375376 -117.06084793520526 -0.1837866551768134 -0.2916423954580039 0.938680903479903 0.006733497797540705
1738185959.030382 82.12220426568624 38.05028027354001 -117.3815476778382 -0.11396013858633533 -0.29657321942699866 0.9481525945048 0.008004365427984909
1738185975.904031 81.37794844394175 38.05705060466638 -117.04130404031663 0.6313628282951498 -0.24082551644807498 0.7335690637142819 0.07252915576524281
1738185977.771494 80.64799916033587 38.19228674586249 -117.0662856657207 0.6896169674756998 -0.254726628809226 0.674688385796129 0.06586626463463703
1738185979.43861 79.8439842797792 38.259299634538195 -117.00785436873326 0.7118896662349931 -0.2398884333049799 0.6579097388549595 0.053117023581064446
1738185980.372341 79.25189275049321 38.235866724829634 -116.93912914888546 0.7170314500663156 -0.19274998538844537 0.6682004023419305 0.04713348129125692
1738185982.039649 78.47887497982003 38.131435355574425 -116.5385797082883 0.8048690634236132 -0.11748442910891851 0.5785132701730541 0.06087360589143755
1738185983.106772 77.7738557097957 38.09193418920443 -116.19440272912492 0.8225359933300432 -0.10603255753364596 0.5520878241243458 0.08596901112074437
1738185984.040625 77.1742315532611 38.05558441102677 -115.91093495266414 0.8395782031154126 -0.11438568569867638 0.5265471883894821 0.06908266178911997
1738185984.974356 76.62403210813304 37.983257022951726 -115.60248599674807 0.8572031029482398 -0.11367132118961383 0.5001427297524437 0.04624846927943816
1738185986.108019 76.11879669689009 37.9735696623514 -115.48141490531877 0.7999000610320265 -0.1571302330146349 0.5787158754171474 0.023620283103546594
1738185987.30862 75.45219603084276 37.891368329038144 -115.27613039986505 0.7935620690826976 -0.15869081607473418 0.5873376392891607 0.010533986945061823
1738185988.642336 74.72148200306493 37.751503462171804 -114.97750663131272 0.7706135231726322 -0.08124458844938198 0.6310505365779673 0.036460047117539786
1738185991.176676 74.00771143523293 37.58552541734253 -114.59311654462324 0.7507649668326853 0.02738461460189872 0.653831721067727 0.09003403792697877
1738185996.912321 75.2704507780078 37.83918580259001 -114.74054758260885 0.6226114968629334 -0.19356058461321182 0.7571372929525096 0.04040227318895544
1738185997.779522 75.9553996629054 37.81602594715719 -114.70366942540015 0.49713198218342625 -0.20789853588898463 0.8422817321064869 0.01412355568864459
1738185998.579716 76.40452248980606 37.88748621488789 -114.6309638721394 0.3411535522779205 -0.28695242773484597 0.894134317009017 0.04238373664570787
1738185999.913537 76.92206461513733 37.71048917579837 -114.08746384102807 0.2577486712074112 -0.31714818152310253 0.9111055549430966 0.05356604520809014
1738186000.980679 77.37724577312301 37.44774034326884 -113.46889824612683 0.15977361905697493 -0.2994094492352001 0.9397775874423324 0.04055192354476081
1738186002.848048 77.86325547338889 37.04825720403221 -112.181851627171 0.12124924212064922 -0.2868705776248318 0.9498460187970637 0.028221154365685085
1738186003.515024 77.98087171968253 36.92761441508438 -111.7222910434966 0.12197891462019768 -0.2823367458333192 0.9511949935803339 0.02520298649046722
1738186004.048573 78.07546284941643 36.823852853655715 -111.33638559275951 0.1520988396267273 -0.27421526042384814 0.9492606243657026 0.024004186379057924
1738186004.782214 78.20371974440656 36.6864734902907 -110.83172744165512 0.2203514379015458 -0.25940853490796484 0.9400908623444382 0.019535259612174716
1738186008.250441 78.06427493830304 36.63242440522358 -110.56191074577883 0.40298549331827077 -0.24095508756952397 0.8824095886487764 0.0299442116291328
1738186010.451182 76.87781960290181 36.78735582654179 -110.96256587983447 0.5396314698239173 -0.24819730971145357 0.8034606336027033 0.040583031902733546
1738186011.584906 76.36934464126149 36.89294404128311 -111.23010450593613 0.5071989299231568 -0.2572917645240598 0.8214974774946936 0.04113499559688504
1738186013.519046 75.43965952520396 37.112405020178166 -111.76508632057457 0.4778912757856799 -0.2722927555517534 0.8339265673677723 0.04520026593033196
1738186014.586115 74.70170292059743 37.349508243816395 -112.17807781870897 0.47524655788586173 -0.3001028169444396 0.8253695607585669 0.05333007268758143
1738186015.586551 74.14875555902158 37.47956972644157 -112.53137179828781 0.45654522629987326 -0.27641347776887154 0.8443403747594646 0.04744867966089281
1738186016.720347 73.6315138774425 37.40092397301794 -112.79629055823631 0.5017397768886702 -0.16766658642230597 0.848571518280389 0.008455202452585107
1738186018.120888 72.90545081346606 37.52735419840505 -113.26940837659835 0.453253561690741 -0.20734213166517382 0.8665006081359707 0.027333959669104037
1738186019.254724 72.55125333290431 37.49822421919849 -113.62552743283604 0.44142106964574157 -0.17505297120635413 0.8797666000013085 -0.022685371206448954
1738186021.855789 72.01676555579 37.31733160774656 -114.06011791058687 0.5022954012850082 -0.09869984630246778 0.8505017791480157 -0.12084864026484424
1738186032.193633 73.3273649792947 37.56911633458561 -113.41528506049133 0.6916451622585961 -0.17742701151197698 0.69798018029441 0.05450039473611157
1738186033.660526 73.85189726792792 37.58663745913481 -113.39598433408358 0.6827410987204607 -0.16744978586495532 0.7090880776819363 0.0549477881365125
1738186036.128145 72.38523531609448 37.530259674601496 -113.81416668322858 0.5650266353399556 -0.12923459581701946 0.8148884693181699 -0.00032120509106762477
1738186037.061891 71.5410189531536 37.451087827428395 -114.12631342754693 0.6005477425285993 -0.1304471796457985 0.7839181756679571 -0.08830762211543206
1738186038.06246 70.90031067934098 37.37467722567305 -114.42268272387172 0.5906671018306441 -0.13926647057990735 0.786914293184853 -0.11172788447199122
1738186039.796307 69.78831547271483 37.7493927214345 -114.90474177061547 0.5168149825197517 -0.2852837340690635 0.8070539192692268 0.013395383940040584
1738186041.196881 68.78994873421289 38.18606997409876 -115.45175247430788 0.45802817483245234 -0.29847088934867916 0.8371623292726403 0.016868720101664517
1738186042.06387 68.25301243451801 38.24706561562725 -115.72889440984306 0.45270389945856815 -0.23745563736080202 0.8592183204187825 0.020442053647030084
1738186043.798075 67.3219969353133 38.50811769957718 -116.32380685136425 0.44368861666382575 -0.23635572918396355 0.862539024981218 0.05747008882286043
1738186044.464878 66.92307763010189 38.658375432704496 -116.60893522749804 0.44682965820485016 -0.24781804092327778 0.8585459855436623 0.04275822550511913
1738186044.931715 66.69633576415802 38.76555952229725 -116.83128491901188 0.444077983353515 -0.2481045174371269 0.8609400118140355 0.004603171256215067
1738186045.598672 66.39897757713709 38.83681241672117 -117.09132807503853 0.43227889623871407 -0.23535148256856045 0.8704578765666712 -0.0069080129170259776
1738186046.132202 66.11729586089687 38.90882365825218 -117.31406377576452 0.42330579586724915 -0.2282667992298013 0.8767470456331213 -0.004592333630081649
1738186046.799279 65.7497189113899 39.035590443375646 -117.6170880280027 0.411155999155829 -0.23870902799328655 0.8797089979957856 0.008990170071966879
1738186048.066341 65.09409342945705 39.25376107859549 -118.1771751064728 0.4106566083882832 -0.24554808868204633 0.8778621112194088 0.020625222835841835
1738186049.533942 64.34943538137513 39.45381274306413 -118.80359977722341 0.41487177207657777 -0.23755162166098645 0.8778244607148301 0.029577963942660008
1738186050.134107 63.9805586198297 39.556299951740364 -119.0783184518606 0.4262036946226745 -0.2473590032879319 0.869454971978267 0.034813587644101605
1738186051.801445 63.2542616975634 39.773613880839555 -119.63755358085338 0.4329934588978647 -0.24237589003937413 0.8677039488654956 0.029333421254769076
1738186052.468227 62.826388291576166 39.86714429968656 -119.92437188606405 0.4413305230928457 -0.250129858100746 0.8613414823091627 0.027445843520472264
1738186053.401859 62.403579301932695 39.930539367778394 -120.23292052325212 0.43142946799865695 -0.2311026583814819 0.8717132666517298 0.024003253420697566
1738186053.868684 62.142930587668616 39.98921055036007 -120.44007223119908 0.4128212446223398 -0.22155197683166794 0.8830702589082738 0.02608178257168281
1738186054.668971 61.76055530296403 40.10130825588892 -120.76524104575839 0.41153999599945046 -0.2319800952017264 0.8808918432911284 0.02914837124315333
1738186055.802912 61.16182819908633 40.299764874696734 -121.2472446826074 0.40398684668455065 -0.24464053547762896 0.8801515865935694 0.04773699533815122
1738186057.203483 60.48867758929383 40.448413730402486 -121.79576981098687 0.4038870808144552 -0.22198713642449347 0.8857392400017531 0.055343797614077594
1738186057.870307 60.09821024415622 40.5172944604361 -122.05858127545346 0.4205286109906743 -0.20656167994661478 0.8817111054746982 0.05543903136303992
1738186059.004025 59.54784684867948 40.6360858815951 -122.47693304281917 0.42810112859708327 -0.20816958252939458 0.8778846391390271 0.052090392273251164
1738186059.871066 59.057951784327955 40.77468734702877 -122.84155022493728 0.43001782130323263 -0.21244899568952613 0.8753042651059572 0.061583610477570605
1738186060.471343 58.67924421495538 40.84297991072389 -123.07947965836564 0.4332280335564834 -0.20186809730950278 0.8757835374660797 0.0675717228789032
1738186061.80537 57.902129279033865 41.01629593082802 -123.57656018236152 0.4468714657822436 -0.18566526734242514 0.8723637584612006 0.06939578154140882
1738186062.938972 57.15189688612057 41.18083009413645 -124.0404893591489 0.45035526935730746 -0.18759715881720884 0.8699957282885568 0.0713783589436019
1738186063.939511 56.58827554801223 41.31843185083384 -124.41833006793199 0.4501648823777205 -0.1873228342830566 0.8705849570404764 0.06590574333734114
1738186064.939789 56.1019822367884 41.45855000412781 -124.80759171528231 0.43940687303117726 -0.2089440694059652 0.8715226088587317 0.06092879484372202
1738186065.873479 55.62540045302114 41.61006396294781 -125.21850754893339 0.4104134159912397 -0.21703517529596575 0.883672360376423 0.059830762701242365
1738186066.873907 55.069528350532046 41.75893138515966 -125.6572026227549 0.41201655652668806 -0.2268535730594603 0.8808914163911045 0.053010622204614756
1738186067.874462 54.50673275542726 41.9231029166312 -126.14267418321799 0.409117975982918 -0.23189187764349045 0.8813588265048397 0.045334950674164695
1738186069.008081 53.9052856567591 42.06357041868292 -126.6174838186382 0.41545669350053455 -0.2175233407943972 0.8818833393503911 0.048591231837136886
1738186069.541841 53.58076136064038 42.134863152192686 -126.83915526626333 0.4352619611528371 -0.21447540661636924 0.8729985281526544 0.04920259112514642
1738186069.9418 53.34623358262294 42.17250538220502 -126.9879801866314 0.4516743242694616 -0.20732661504991348 0.8669602575650307 0.03722756089842415
1738186071.742569 52.39237034405736 42.38354896990222 -127.72816664519071 0.42936551933665673 -0.22619511298282682 0.8740916315326913 0.02109126245550851
1738186072.476176 51.97828055216588 42.513067890874495 -128.085789482677 0.4202395324400888 -0.23034988957706787 0.8773310560866787 0.025057569159862788
1738186073.676814 51.31922246831231 42.73369413550396 -128.6247296554145 0.40802568023056934 -0.2426232685221509 0.8794993124607761 0.0336147768850532
1738186074.744028 50.679863993487075 42.97184179053569 -129.12534119336684 0.41527025601047524 -0.25642485909472 0.871417131851778 0.04928578320842821
1738186075.877549 50.061086024639295 43.16184380387878 -129.53722765342656 0.4310960980394352 -0.2584935016407635 0.8628119652912334 0.05378453695022126
1738186076.47792 49.74843664495911 43.23873446980735 -129.78655886664038 0.4268426128163894 -0.24924523130322038 0.8682657132538518 0.042389264495413706
1738186076.877934 49.47357821146464 43.31447502744132 -129.93689678144847 0.4428321201223832 -0.25068887217217906 0.8594366445951633 0.04922861651481789
1738186077.611549 48.97159424313145 43.43021844111577 -130.19254875951952 0.46462287588011664 -0.24639027737435626 0.8489543084607875 0.051903724048894886
1738186078.545458 48.41336390957601 43.589211616699664 -130.537736105737 0.4623369742687774 -0.2359649320601851 0.8528913662224886 0.05604810866533394
1738186080.145923 47.41451041859794 43.819557876240346 -131.09683139931968 0.47413403489428463 -0.22258651582195368 0.8503679757545585 0.05026396064978505
1738186080.746177 47.05407104181066 43.89969731553522 -131.2863763497474 0.4859642159757096 -0.21952870522792972 0.844678994786666 0.04651154843961127
1738186082.480355 46.05541387505478 44.06319622689753 -131.73905307642727 0.5112488928446686 -0.2134167180297437 0.8315946188106388 0.03909301722433499
1738186084.147558 45.085502592923575 44.21148031839534 -132.08192534024843 0.561293305249406 -0.2039320175540404 0.8018360156266102 0.02050760206797001
1738186085.881539 43.95868493630002 44.401524452140315 -132.4158328815753 0.6039396073538318 -0.20751788595108578 0.7694929696346999 0.008593448810709578
1738186087.34882 43.320284641840956 44.5092311105075 -132.4946849679785 0.6421248122552272 -0.2207963343923225 0.73406240250684 -0.008780286498117582
1738186088.616015 42.745520105878875 44.545386263865396 -132.53455949082618 0.6598684390016466 -0.20028063937830004 0.7241804163264329 -0.004902377894819414
1738186090.350071 42.24900268791751 44.55376850849749 -132.55611686037454 0.6583514780429343 -0.17769150357169017 0.731423195935012 -0.004378283376958042
1738186092.150772 41.48867773617862 44.68207768191802 -132.60033396276424 0.6821060571160117 -0.22000005803776634 0.6969728233836063 -0.023668222867633877
1738186097.019562 40.7900434080144 44.70874473069487 -132.509319393973 0.7066201519924274 -0.17650708439457272 0.6849319329126575 -0.02003639771157915
1738186100.620843 42.362196423763564 44.814696364858186 -132.57827156246222 0.73444252560639 -0.28142660608857994 0.605843359866728 0.11977923556178091
1738186100.887628 42.69806344887045 44.77916338359722 -132.5812571935172 0.7445043626684378 -0.2652614097294805 0.5953897121413784 0.14443243801929873
1738186101.22107 43.147647396861316 44.72238025866244 -132.60384456618038 0.761891967709201 -0.21931110512787425 0.5890386155698849 0.15638663010406548
1738186101.488042 43.52702119312728 44.685205827976205 -132.66534332523335 0.7738176217402484 -0.18786389105965326 0.5901971947378238 0.1325923000924104
1738186101.954773 43.89449167795244 44.675855226616406 -132.78362635075788 0.7714552438631932 -0.2076414544485631 0.5860823797332948 0.13508988591535792
1738186102.955263 43.760453625634256 44.68784412056319 -132.73233280060194 0.7897393552245617 -0.1972528807302864 0.5687752853206371 0.11788861972864398
1738186104.68914 42.574218012121776 44.55171068747695 -132.3704170281818 0.82090823541827 -0.15156784413523416 0.5505786450891812 -0.00011497139166490265
1738186105.28943 42.05105306380197 44.50130915563828 -132.1673986652104 0.8459875494615463 -0.1604359616058467 0.507895011303739 -0.02465818063908694
1738186106.156573 41.41727063055245 44.514874821663554 -131.733943472652 0.8805240224803542 -0.18363889207667805 0.4369386048725399 0.006233676596135722
1738186106.823332 41.02015829739144 44.48988146919079 -131.49152490444396 0.8772765295736101 -0.18707032283575745 0.44202962002337 0.000632451898028992
1738186108.157222 40.28688206825983 44.42755393526761 -131.02865874532114 0.8515220808643653 -0.15736690030801528 0.49956431563290815 0.024110143800746598
1738186109.357912 39.52833659055257 44.398905347663074 -130.56434094762744 0.8553063207272511 -0.1590280929383028 0.4924633212010228 0.025318780619881704
1738186110.758317 38.637600838201635 44.34652733877652 -130.17509595655807 0.8445658777243521 -0.1671758225651875 0.5086420708855686 0.00663070573831093
1738186111.425345 38.192130364400974 44.34661005015521 -129.98387465479783 0.8330276036324398 -0.17461316819076922 0.5247400859250878 0.014936375199771762
1738186112.825764 37.36260629783548 44.31891157614932 -129.62015335292259 0.8213551389933543 -0.1721351219099594 0.5431440701054173 0.027198429432092774
1738186114.159973 36.487520945689894 44.31235884376938 -129.261428186347 0.8210071698331101 -0.17738289851577704 0.5420461948364893 0.02585453654682363
1738186115.093555 35.87092845539002 44.32822779804306 -129.00467380740807 0.8165159976389761 -0.17551565503211963 0.5487266883030211 0.03734838660869553
1738186115.826973 35.48942848621525 44.35615954366287 -128.87691397919764 0.8037940507385892 -0.18120833436902023 0.565146242636295 0.041089998619293334
1738186118.361317 34.53220418527557 44.35533661546035 -128.73215727170708 0.7677757517516529 -0.1734997161441198 0.6167634781300729 0.0045886343272568
1738186119.09514 33.987331573884795 44.41390859995868 -128.58457336994815 0.7652184470759626 -0.19470347674685606 0.613287600062284 0.020238676023462663
1738186124.363729 33.21084101407568 44.444825564113955 -128.4233125570697 0.7583992370805146 -0.1988024675429682 0.6205242294200118 0.01605792007767341
1738186126.832237 32.320909886225664 44.45462035310023 -128.2127785274649 0.7674667453360227 -0.19760357394908712 0.6097554138589348 0.012081292795021991
1738186129.699383 31.450689937692264 44.43864265545383 -127.84296842747946 0.7996695317051224 -0.15869197488644804 0.5788934265608052 -0.015096286094220717
1738186130.966435 30.25833190090605 44.41453159152208 -127.30358954332596 0.8201856129994611 -0.15035339701680123 0.5519865024955382 -0.0005632911766094785
1738186132.434072 29.058201362969484 44.37145818372932 -126.73926021276112 0.8359550653280886 -0.1506137624760237 0.5276742243858642 -0.007384864514917707
1738186133.700853 28.073764458690675 44.348190181341785 -126.18834403709354 0.8533769537019025 -0.15315678161240553 0.4982352076401471 0.007242444640464118
1738186135.235135 26.749863054984868 44.29515068701243 -125.50465858576004 0.8286436355647991 -0.14287620485666933 0.5410773673308816 0.013091901542160351
1738186136.768746 25.565484928211877 44.23555719164325 -124.83130524499725 0.8432416459804853 -0.144299320522383 0.5177147704485492 0.009625437148839743
1738186138.102771 24.478706956370253 44.17128956741432 -124.15491349052542 0.864415512595002 -0.137816520450514 0.4835171395096381 0.0018984405310676954
1738186138.436308 24.16643916451755 44.12849267243524 -123.98951318971862 0.8577982529584506 -0.1270370296809815 0.4978755863262907 -0.012792609253615313
1738186139.369803 23.29500194320772 44.10597871050576 -123.42260645492811 0.856180276606141 -0.1294045515302598 0.4999386073696192 0.016467691253174536
1738186139.970045 22.76244922797303 44.07671572983182 -123.07229988490833 0.8619761499715649 -0.1263525280139055 0.4906859159780326 0.01610861277367909
1738186140.370242 22.36395231222983 44.055935970590824 -122.81447291771129 0.8651008576527232 -0.12685222880601885 0.48493203355806186 0.018706709082861418
1738186140.770375 21.93669216362605 44.02851927029022 -122.53949982024243 0.866863953741497 -0.12234676456458908 0.4825624159349568 0.026677136863884943
1738186141.170847 21.507612402093468 44.001739699025016 -122.2436756347079 0.8724358666890918 -0.11550635785862055 0.47422980942863885 0.024900354575119812
1738186141.437625 21.182540509623117 43.97198774692783 -122.02289920083797 0.8719528916815196 -0.1132622129343924 0.47579856908481016 0.022035141621683567
1738186141.770981 20.77481903096987 43.95792707619878 -121.74282803403497 0.871015347623801 -0.12048917700762507 0.475412356620054 0.0282438241175123
1738186142.037559 20.441798355914813 43.955948170918205 -121.51514949863349 0.8700640183200531 -0.12217631910280445 0.4765028645469487 0.03172650554038817
1738186142.771167 19.616897424763913 43.88174199720068 -120.95619969197703 0.8745192709256344 -0.1038810664353635 0.4725675785726108 0.03323631294183516
1738186143.104662 19.21345994201753 43.88925611556682 -120.69651419245203 0.8658719383585209 -0.11890074159289363 0.48407943145907706 0.04237338846698609
1738186143.304861 18.97688920818195 43.900609268708486 -120.58976249149455 0.8559026125151107 -0.12918023179191163 0.4990730634979654 0.04085661384344199
1738186143.638352 18.614117502955896 43.86588118552714 -120.37137359488047 0.8478432551205322 -0.11462202950149301 0.5171911507504332 0.023171505885928305
1738186144.305273 17.816426734597364 43.83690238900703 -119.8979188959856 0.8536449764076319 -0.11386828148931583 0.5076969208478924 0.023834959329787932
1738186144.572109 17.49065548971174 43.822852000807906 -119.70360857330185 0.855359254873318 -0.11521526407296881 0.5044053188685272 0.025715021374629603
1738186145.238838 16.715468758137433 43.74018615303769 -119.21329338777028 0.859335494160451 -0.1089942918691579 0.49924482097144923 0.020429428507428734
1738186145.505596 16.377031080680794 43.711401592069784 -119.01446399769769 0.8612046138629873 -0.10631548513716492 0.496461073806154 0.023452779715688817
1738186145.705681 16.12193941477114 43.6922705881753 -118.85788449838824 0.862680567662249 -0.10665039874046994 0.4936584651267099 0.026631756141485777
1738186146.172559 15.548938198440336 43.663417688890135 -118.51091164460969 0.867133411834945 -0.11088636886187446 0.48488665405844517 0.025861013052892946
1738186146.572722 15.097009489795514 43.664687266213704 -118.25492137436555 0.8670773358610017 -0.1376511173370964 0.4772021153253439 0.038822733817361815
1738186148.506809 14.039808375071965 43.53278855248155 -117.66945792076217 0.8638237998904902 -0.1293146236098964 0.4869016157223302 -0.0036038133094746455
1738186150.707695 12.755518108930628 43.389384899207954 -116.92547369522518 0.863996706812523 -0.11995870929091576 0.4885964221481679 -0.019827630881723634
1738186152.241696 11.917537068924867 43.27152601838994 -116.47044458805675 0.8644459031444064 -0.13589668487222478 0.4822703742858376 -0.040995824955584834
1738186153.442293 11.341240480535028 43.181162181058006 -116.21936503579609 0.843798613063793 -0.12567335892629386 0.5175450660601452 -0.06600918151743954
1738186155.509656 10.224224180580086 43.03928161546554 -115.74044529282065 0.834561272040753 -0.1350008818936038 0.5267981783872423 -0.08812448210090511
1738186156.976893 9.602390833563216 42.973455819357575 -115.43272195835948 0.8181762544231842 -0.1353333519254071 0.5535422250866896 -0.07657353067973134
1738186164.379976 7.736634652780525 42.636995785976694 -114.3524329492539 0.8455162462808489 -0.10166168051356973 0.520915840872017 -0.05842830409056232
1738186182.388139 6.238722020183347 42.590743029398574 -113.98868235955875 0.7624175593041195 -0.15303278646114468 0.6286971218781062 -0.006352989443782259
1738186190.723861 7.565281512461519 42.78715694538613 -114.18861588617979 0.7044320978189708 -0.2528329590546188 0.6556377667432873 0.09995015356628704
1738186190.923992 7.811573761953679 42.78824562874892 -114.26844183337201 0.6938565125983321 -0.27020484563639025 0.6605260193874583 0.09621776879378481
1738186191.391215 8.352923052107727 42.815211714244505 -114.43928741967343 0.6249805784175437 -0.30861980156747737 0.7152633862181927 0.05051121674447941
1738186191.657758 8.642875570700921 42.85466176727439 -114.50291022982589 0.56651641163933 -0.33766064205912694 0.7510193554701671 0.03184923635961321
1738186192.591249 9.210567058520372 42.762255650166885 -114.33289712695893 0.5417887282742483 -0.3644496010263564 0.7557234365541801 0.05023494470428507
1738186195.39239 8.302827743274067 42.743096642257555 -114.88017922026611 0.46490354243863147 -0.1709878258477926 0.8678661831901844 -0.03789653961455982
1738186197.126671 7.3269731275503185 42.937161861332484 -115.54303632075099 0.44867484481424197 -0.20068270885534578 0.8708604325718103 -0.004409192469821997
1738186199.060582 6.31788016365439 43.24520702079083 -116.2008819831312 0.4766135226760177 -0.20257788943318453 0.854577304905222 -0.03872181111571006
1738186200.19448 5.368039225580579 43.513840049876386 -116.80166006019377 0.46603434412217104 -0.2408232495156026 0.8512696465667353 -0.012495656265652836
1738186203.529186 3.641599413044075 43.692398240437655 -117.63215267178133 0.49513494317207507 -0.13387518945095955 0.8581771141671112 -0.02123352112261662
1738186205.06296 2.704752432616789 43.75595234921178 -118.19526038943393 0.49140543258214714 -0.125143358343746 0.8587531311281711 -0.07350442482438665
1738186209.264831 3.411083257248345 43.95513531720195 -117.75877589298173 0.5638534744616583 -0.25056435753534523 0.7831987120430272 0.07672378721465155
1738186209.464903 3.587110337397737 43.927380345236244 -117.66728639522583 0.5700605363121196 -0.24500317651667936 0.7795875246305657 0.08513354143146208
1738186209.998272 4.155491360351848 43.887606873284184 -117.49582096956514 0.5792853153513869 -0.2644741225310474 0.7634692489636811 0.10768782575811306
1738186210.198356 4.395573314994448 43.8696436870427 -117.43098782771932 0.5732989699566752 -0.2770306059621988 0.7628805558082827 0.11223008498828545
1738186210.53204 4.735433593733956 43.82613142093744 -117.35300636943138 0.5685565571922039 -0.2748580941238903 0.7690316750014518 0.0989280153080626
1738186210.731915 5.071248050945423 43.78758658640717 -117.25579834428022 0.5675258516696139 -0.272364850261347 0.7721331933778892 0.0868454242482386
1738186211.132104 5.492891672201718 43.73853620001019 -117.1206479821718 0.5733145615990939 -0.2715994484276192 0.7696324775617928 0.0721803474246851
1738186211.465583 5.796434567841156 43.72107159346907 -117.0201049732761 0.5802942150150961 -0.275420620162266 0.7633009481880009 0.06909246344388749
1738186211.732333 6.3729794467741865 43.628251508153774 -116.89319035610933 0.5805642979221639 -0.27829038157467567 0.7633112785993806 0.053436424507493197
1738186212.065994 6.741899371690362 43.6379669168426 -116.80903538480403 0.5817911894007161 -0.3119952801372438 0.7502037461214752 0.03704451933941253
1738186212.266031 7.06174545882306 43.585730415231694 -116.74651673277954 0.5883262621696221 -0.32378845681621177 0.7399039698794909 0.039690802847338384
1738186212.599526 7.198724124780935 43.60063724323652 -116.71575274672409 0.6029388535128373 -0.33093727587435173 0.7242457422896279 0.04912599247684167
1738186214.066618 7.589944478354929 43.510986728816384 -116.68718801737903 0.6177334113816788 -0.2668006387484447 0.7397438793251606 -0.001358170511343535
1738186216.067559 5.933575777250499 43.66265080703495 -117.10059997248281 0.5863775160944138 -0.2430079345876652 0.7726366144400877 0.011883365387864908
1738186216.400913 5.490893666245123 43.698060306305834 -117.22171189968311 0.5761872345616543 -0.23223507573505467 0.7829214893876749 0.03330287947777623
1738186216.73452 4.998816809039808 43.753742041382985 -117.34839799916955 0.574372590484769 -0.22280821907039894 0.7861357719840047 0.04942846165526286
1738186217.267955 4.230837496646325 43.83426059072858 -117.54453358009877 0.563756756024097 -0.21694892340445723 0.7943544872394974 0.06412825643434399
1738186217.534723 3.728396078612811 43.88935116930403 -117.71718048374046 0.5595808947634945 -0.20727562608501654 0.7997565730265914 0.06553976615394329
1738186217.66808 3.449455703185716 43.90929898476198 -117.84263287376336 0.5619927240871331 -0.19640228823924272 0.8014348423371304 0.057380421186774784
1738186217.868284 3.1351647807194634 43.93505915612346 -117.96395697460058 0.5652636560542358 -0.19214021054518518 0.800738825044593 0.04874907898673664
1738186218.268426 2.501372596630147 44.02104330478269 -118.24503319847281 0.5674715449413348 -0.21847527492549915 0.793322894412452 0.02972179552402377
1738186218.535776 2.106270294406189 44.029149070532206 -118.42325253547733 0.5601611829403036 -0.20783069364527065 0.8017604231324111 0.014355340622302275
1738186218.735151 1.8667623836246994 43.97978537890298 -118.54940876096867 0.5591912259065343 -0.1735335698240768 0.8105059579000418 -0.016473166720318975
1738186219.068606 1.609602179851224 43.86032406153683 -118.75219065164382 0.5560671062830941 -0.10519161766973278 0.8212785679103414 -0.07228838615649129
1738186219.268693 1.409954412073995 43.831696568072836 -118.82308634986516 0.5496220001323144 -0.09100902356167859 0.8260771641682686 -0.0850266631158449
1738186219.669086 1.0503631474748862 43.84107676114373 -119.034896198775 0.5455136867289049 -0.09668053325882867 0.8256010064926277 -0.10700780419477383
1738186222.336764 0.5647135446097801 43.95395922690172 -119.18548625776893 0.5508666449422841 -0.12590555423544247 0.8228226623564184 -0.06046980416201946
1738186223.67051 1.1184339035253053 44.105344871715076 -118.86904301458748 0.6089543086464865 -0.2300210068529724 0.757938158969877 0.042364295870198236
1738186224.270874 1.700391148756272 44.06060986572396 -118.72165920864772 0.6006259512288923 -0.228626147035495 0.7652022052038611 0.03800179934214504
1738186224.470958 1.9122019783048223 44.04669478719633 -118.61962248570867 0.5992476021276602 -0.22433904094899074 0.7675670567896637 0.03761807253953169
1738186225.004495 2.46576627178932 44.04396674953132 -118.43957477963185 0.596569931151271 -0.2423459528414258 0.763561668409739 0.04843898143938565
1738186225.604616 3.071726539058911 44.01356228116084 -118.25153703083431 0.6044647691694274 -0.2515661715653893 0.7532054779496682 0.06339015809647527
1738186226.805225 4.016772078097495 43.96516133908752 -118.06772742462668 0.6205793288337791 -0.23214667548519186 0.7467669325342141 0.057691993888492235
1738186227.072007 4.443985472198272 43.94976529754677 -118.0095522464626 0.5864159576469606 -0.24537303993170106 0.7701360356438356 0.05290446573277845
1738186227.338872 4.85068064586747 43.93473911908885 -117.91878278213981 0.5678152979727922 -0.265073594709701 0.7766741434465643 0.06402383678984071
1738186227.805466 5.337211298902181 43.894244124377636 -117.72882714018274 0.5675767507749155 -0.28888540684392744 0.7660382780390851 0.08710459385888546
1738186228.739185 6.238914206023289 43.75001115024517 -117.49694887533488 0.5709122911431807 -0.2686572323986732 0.7746723153178333 0.04201489237921313
1738186229.406159 6.898659863298009 43.695561286307836 -117.3105612540222 0.5679935991305134 -0.2721831300372062 0.7763791705448301 0.02313003705221399
1738186230.540076 6.92982262860229 43.67625875333358 -117.31745895626808 0.5432978350958944 -0.23601901481437335 0.8055698679728173 0.013404284405546137
1738186232.273962 4.982740090008177 43.90017187203845 -117.88593249862383 0.6009068377472471 -0.24117095908571273 0.7609272299172491 0.04168083027895638
1738186232.874342 4.2949503963504 43.91378584010605 -118.006149019354 0.6242426714165525 -0.20478518665142129 0.7536895597351152 0.018334722718297558
1738186233.674516 3.56344347324619 43.948697645248636 -118.13026787832139 0.6017055197199487 -0.19539301566957373 0.774039824111443 0.025187053333457433
1738186234.007966 2.9151316247464134 44.00062357813367 -118.30125652930234 0.6117683827367646 -0.19857932316687799 0.7653818650284473 0.022277768734857956
1738186234.408174 2.343990654311956 44.00934615730682 -118.42712941152804 0.6114966663295173 -0.19277853614167073 0.7672650555507271 0.014580727063523723
1738186234.675505 1.8854816441030906 43.987450369601916 -118.58278618680195 0.6053037572223244 -0.17672999985101065 0.7761274744505705 -0.0001097641932683309
1738186235.141799 1.1011521169112486 44.075064065804305 -118.84687752685984 0.5839841382307356 -0.2067406717406734 0.7847652848584561 0.019085822595492147
1738186235.40861 0.6836068160109844 44.03549753502972 -118.98222048047245 0.5758828837376876 -0.1813479833280547 0.7970636467357236 0.012702606549924972
1738186235.808878 0.30022502336782647 43.89085442919314 -119.2057228911623 0.5749050387594026 -0.09871742144427129 0.8105538499833805 -0.0523595587220074
1738186236.142328 0.051315894559042674 43.84211862063317 -119.35574217844518 0.5661556652534354 -0.07598780804038731 0.8170182870614433 -0.07857947784149667
1738186236.542322 -0.27115116810682577 43.823401649810634 -119.44550618089504 0.5660111554586904 -0.06680448768904186 0.8173372307463622 -0.08442975516244736
1738186239.543709 -0.44692891085120534 43.88232385126896 -119.4506343623047 0.5662875459283426 -0.08669350730742344 0.8185332231667424 -0.04249721978502273
1738186240.877428 0.5470850375512781 44.021441168539894 -119.01497005640951 0.5851323717833359 -0.1710534252650002 0.7924721779215851 0.018672986277996736
1738186241.0775 0.8697001683688371 44.02009549011592 -118.91959203954195 0.590966294598998 -0.18028899685688457 0.7861999016822319 0.012017938888084195
1738186241.210921 1.058846903422593 44.039652449509425 -118.84965513807037 0.5958594827598916 -0.1949494483432998 0.7786991010387119 0.02395619830564739
1738186241.611209 1.7051720701785986 44.04341337429543 -118.66123771837881 0.6133887135283616 -0.20077798112049638 0.7636057239021898 0.018675835644272765
1738186241.877969 2.154686711843412 44.037228303876994 -118.53738920041147 0.6194092002437915 -0.20187349510400368 0.7584069927041298 0.0199541485741278
1738186242.078087 2.480173679719181 44.04525850752104 -118.4536150285804 0.619253495744147 -0.21481518650479467 0.7546244480155956 0.030355989733851934
1738186242.211461 2.69114430458021 44.051550337216575 -118.40302568924989 0.6190209309766336 -0.22229729498632703 0.7523442154065763 0.03708343563974804
1738186242.811521 3.5215155080025458 44.00438501650777 -118.24515900904323 0.6186348763902719 -0.22052455248106892 0.7522572030262608 0.05262045193386507
1738186243.34525 3.9381167732380598 43.97844712721468 -118.1924487955796 0.6124116608265583 -0.2219806713827781 0.757736216323651 0.03888914614163172
1738186243.678564 4.358307866439241 43.9586379082242 -118.05552252844318 0.6172898420567781 -0.24171418632382652 0.7466212396846309 0.05553582154891864
1738186244.145445 5.269638217859074 43.878720648926695 -117.8578189033286 0.6195628648746673 -0.2466195526012062 0.7422877556967113 0.06579924380883805
1738186247.680312 2.619284111298237 44.02396458019141 -118.39103418930577 0.6086525721939609 -0.20915431977763005 0.7650978013541333 0.020539504451256824
1738186248.013791 2.0985561988322345 44.00709950597586 -118.54573035996559 0.6051567055376343 -0.18985614846983734 0.7731229912768242 0.004565631414340939
1738186248.280379 1.6566786331371623 44.01942983239758 -118.67315823645833 0.6048564383752479 -0.19096591579576333 0.7730903449085705 0.0034679344634609382
1738186248.547182 1.1882399779384756 44.036746289549065 -118.797564301676 0.5971205594841663 -0.201006181053326 0.7762946776052465 0.02025157133261526
1738186248.947339 0.5858625514459646 43.985449069620735 -118.97544420604859 0.5902113137749986 -0.16025732351912614 0.7911386856402428 0.008232583671335357
1738186249.147415 0.2602267259591847 44.00069498091543 -119.06849813153748 0.5798484038819145 -0.16871286544352207 0.7967046806197957 0.023946804127929457
1738186249.547576 -0.29551870503364386 43.94460988969713 -119.26705740991754 0.5673324751745393 -0.13593556734096313 0.8121147904026003 0.01117816413198952
1738186249.614276 -0.36512370475396444 43.9220162143655 -119.29622478661551 0.566981486602867 -0.12402355686089853 0.8143357262138728 0.0027342649650271616
1738186249.947761 -0.668807916055815 43.84133353244256 -119.45300050787208 0.5647954027697456 -0.08206242728289112 0.82030592440544 -0.037014881114729475
1738186252.081947 -1.2338346145952397 43.87629827194347 -119.55077099775689 0.5938060153865927 -0.08450565841116918 0.8000627763216429 -0.012359762606828556
1738186253.749439 0.6377861394176401 44.00297560264074 -119.00308227488097 0.5890818157734578 -0.17593697963068897 0.7884927880270358 0.017547556890591922
1738186254.082926 1.1712905496108572 44.0347934633989 -118.86181509920043 0.5880835404518436 -0.19839916287214593 0.7838667300808472 0.018667380470129214
1738186254.283041 1.488208477283849 44.050553300239685 -118.76821236167598 0.5881634388143184 -0.20855147632233773 0.7812107650366897 0.016726970935555835
1738186254.482889 1.8500102730210986 44.0281405134596 -118.6578610180235 0.5932355467689524 -0.19621467407028792 0.7807441280860998 0.003161358617515132
1738186254.68297 2.194943954311853 44.02389350197351 -118.55446731386324 0.5960732524796746 -0.20044550691588234 0.7774909326823322 0.005111363056409605
1738186254.816364 2.3958908597231177 44.036820168877995 -118.48562268287975 0.5989345670506627 -0.21119217348203662 0.7722828254283207 0.015952673763932182
1738186255.283236 3.1397276615674024 44.01460986888451 -118.26549006558434 0.6063681787740293 -0.21840565548488416 0.7639647500358567 0.031216375912902546
1738186255.816942 3.787418080575099 43.98200239597866 -118.16361658956212 0.6131588227620035 -0.2173053860529146 0.7586073146681395 0.036463260873131245
1738186256.417229 4.567885673180965 43.938897411299656 -117.99259561538396 0.623995579162322 -0.22649864161988378 0.7470207300402515 0.035887482780985705
1738186256.750915 5.119843702401995 43.90703921617503 -117.85455872770427 0.6283621333237628 -0.24592746504400034 0.735349542324608 0.06278345279475582
1738186257.084219 5.523794824355681 43.85218223205212 -117.7977707055502 0.6303865806125402 -0.2376015371975936 0.7367513755489852 0.057928223964214993
1738186258.418538 6.174035652611263 43.798636474571396 -117.71212517603104 0.6054561452292907 -0.2169481583764634 0.7648879811672197 0.036093337987556456
1738186260.818782 2.8706880464953937 43.975010467502706 -118.25226684153408 0.6166031214790676 -0.20423840509209357 0.7600878158623692 0.018808951200983613
1738186261.152261 2.3361605439001996 43.977403233824965 -118.41272329703102 0.6094580516598143 -0.19607698147600214 0.7681782527841401 0.0041076211836461925
1738186261.352361 2.044175127247229 43.96824956071959 -118.5186383899608 0.6010839227767434 -0.18619461356649472 0.7771435405489748 -0.008809145313226005
1738186261.552483 1.7331374365815506 43.97572530325734 -118.63494055323297 0.5917625858168519 -0.18627047018992648 0.784217693380743 -0.011088884126172498
1738186261.952637 1.058992368714677 44.03661924172566 -118.89795860763991 0.5666205584028446 -0.20612868257154882 0.7976923407078916 0.011791462696853664
1738186262.152822 0.749738232638627 44.01788440459387 -119.00396805671986 0.5662136824775612 -0.18753802829785732 0.802620749989623 0.005611185565172687
1738186262.352902 0.4240395287837916 43.99893135439569 -119.10661565370883 0.5668840076931354 -0.17219516269145177 0.8055563600050908 0.008384427397400182
1738186262.552995 0.10735313561592846 43.96579188366522 -119.20109195385525 0.5689236091205481 -0.15494805758777241 0.8075756165534914 0.011774972750484128
1738186262.819775 -0.33653539799748927 43.96204311477977 -119.31802701741428 0.5735361712877435 -0.14800961620586156 0.8053516100695718 0.023626212001465575
1738186262.953144 -0.5754601228375908 43.97841793132123 -119.37422662767732 0.5760552548579878 -0.15994534457612497 0.8006197345179452 0.03982299334980141
1738186263.219784 -1.0137774363711876 43.96141469750959 -119.47656868348106 0.5838087731271794 -0.1504799706640863 0.7963640003919672 0.048243898353845585
1738186263.486522 -1.3773596762982263 43.901520880574004 -119.58092066563079 0.5963510462020505 -0.11550199193516453 0.7942039422004117 0.016273221747832665
1738186264.553669 -2.4894797096497867 43.817274169171355 -119.84156451564517 0.6477594137096653 -0.11289938574809821 0.7527343257029455 -0.032442342035442266
1738186265.020515 -2.859446302591279 43.808126056005364 -119.83855543475786 0.6577444896102316 -0.1298651112008216 0.7417539686334496 -0.0175581689450128
1738186267.554863 -4.926661762444812 43.88282080640717 -120.008719854135 0.6827709388879518 -0.1434381371316019 0.7157798138497766 -0.030143057433836724
1738186268.289649 -5.443922079250538 43.96244742833417 -120.05459085594931 0.6829438804704436 -0.19039698114270132 0.7052156347688614 -0.002748486359778408
1738186294.032402 -4.341734970126444 44.02454859826501 -119.93606322526243 0.4242833845353359 -0.2600611443743252 0.8654351219312079 0.05808494229894878
1738186297.767181 -5.2396286653584045 44.10126958404829 -120.50357255123768 0.45698425678884746 -0.19562451972003175 0.8663772471390554 0.04782156387241692
1738186298.434139 -5.633066664794555 44.1684675652809 -120.88007097930225 0.4094264341890341 -0.20037756082314348 0.8899049347681133 0.01697159925227963
1738186300.434818 -6.163989856377583 44.373955550862995 -121.39501773378115 0.3266403230439657 -0.20188411164093067 0.921382445462854 0.060027443903410055
1738186302.502293 -6.537941705327055 44.6273902703943 -121.8807446185543 0.28239852988557357 -0.2502350911892031 0.9236689092396644 0.06685219188632835
1738186312.773236 -5.750363736773829 44.36168022807148 -120.8851175860956 0.35895938434076635 -0.29617272491046337 0.8811214480040979 0.08399328115968982
1738186313.373504 -5.2991991891851 44.20562955800927 -120.50347255520933 0.4001866176521731 -0.29685804913830405 0.8644961584482914 0.06612383641365907
1738186314.907317 -5.316927007504467 44.23641820189452 -120.56751144608411 0.338802521333706 -0.2891083532441741 0.8932371295020907 0.0612914521057444
1738186317.508347 -5.948904944535011 44.414500149062285 -121.3837174015642 0.26941478706612043 -0.2264583447010722 0.9325202860687735 0.08085917817774528
1738186320.442861 -6.218194982765506 44.556299012827864 -121.84875045778834 0.2047040727970443 -0.22270670179090402 0.9480533449118916 0.09845213435519676
1738186322.977194 -6.287793386861896 44.75801633032448 -122.53143210765046 0.060930157809933126 -0.2279860205146166 0.967780155697336 0.08781492218071757
1738186326.245204 -6.168462085856395 44.55690386038684 -121.35871505607783 0.24462043428439734 -0.3258523932590377 0.9089994767696581 0.0877554110602766
1738186327.646083 -6.017452087275239 44.483747634512085 -121.12186525719761 0.22097267612253604 -0.30194317899418516 0.9235708312165719 0.08377537103505135
1738186333.781745 -6.123303658194729 44.66720794766698 -122.22432018978465 0.04065320552295374 -0.2174686941446282 0.9718203031482233 0.08136327388099591
1738186336.049552 -6.1561988898274285 44.82687606452362 -122.89909762762177 -0.041220761653717033 -0.2040180221534698 0.9740422040841071 0.08899033716223496
1738186337.849869 -5.905193681572826 45.01039112000005 -123.59445115193995 -0.1182759755359461 -0.2287617726612661 0.9628722504367152 0.08096835381080035
1738186339.984073 -5.453162122739736 45.20329887602322 -124.45008847580661 -0.20012902459564855 -0.23328544563862846 0.9461235535216548 0.1018650864582034
1738186352.389248 -4.393459624818925 45.45643975362933 -125.77716529370299 -0.299134157838406 -0.21998246886960074 0.9259360862343144 0.06905673908767292
1738186357.991321 -3.033494749192587 45.70405761740703 -127.35870786263303 -0.25213807584754744 -0.22836116304170123 0.9387131410392373 0.05563460040646439
1738186365.194256 -1.2139327818360157 46.46975035872642 -130.039244768961 -0.22975479845020294 -0.22534366801541342 0.9463973312817282 0.02765963154650863
1738186366.194833 -0.8250812700159195 46.53536091314844 -130.6892679390428 -0.24411696389778584 -0.24506820944861407 0.937904003034631 0.026164130916054934
1738186374.598231 1.1704467584749922 47.21832806184507 -134.18831158828417 -0.2193335920081477 -0.23323810317787508 0.9463802059583307 0.04309603709226579
1738186378.999824 2.043748779654894 47.674982026401686 -136.34338305554277 -0.21869472978576182 -0.2150527072061501 0.9512404720847504 0.032657503811832966
1738186381.667536 2.8813291268987937 47.931540697481246 -137.7471702212553 -0.24646326255802956 -0.2117267982776176 0.9452881019158726 0.02929210604664219
1738186386.603064 4.059524240557091 48.37542053958635 -139.87533708437005 -0.21506421754497457 -0.2040751756372506 0.9548530329656273 0.018878306511329823
1738186398.741273 5.949058600245339 48.97700694191526 -143.241205014955 -0.19568854643257394 -0.21286444183662906 0.9570393332527208 0.02168955517926567
1738186402.676037 6.566590818783213 49.137384772643635 -144.0438737908586 -0.22125729652573084 -0.20977790401594687 0.9516634826730236 0.03708174035091795
1738186419.349575 7.755121771363307 49.80213588162327 -147.10786303445357 -0.12779800412686085 -0.22349302153859535 0.9660996657745982 0.019234740833956984
1738186428.486417 8.663281465232705 50.2492140139394 -149.31998468235284 -0.12593306890568834 -0.23126863718583307 0.964418378915791 0.02351318820663215
1738186439.29105 9.97363337672581 50.558424419193436 -151.63403886272556 -0.1984933689329509 -0.16740851966779846 0.965697073496349 0.0019829959330872745
1738186468.102422 11.985798738865059 50.876919860084904 -153.87421765225324 -0.19454804388568198 -0.17006162093695718 0.9658886355944425 -0.017007272975281318
1738186471.170344 12.568727857948279 51.01660781590827 -154.65446193854396 -0.25926035862319363 -0.16882902076272996 0.9507945359650906 -0.01644927274376829
1738186527.259665 13.92635431099573 51.70634738346157 -158.49371468459475 -0.3046180011616078 -0.13533011252829508 0.9427303351053111 -0.012375349838019892
1738186536.263282 13.82651524228382 51.49886472587372 -157.1771902204232 -0.1396048910158712 -0.286680656929634 0.947380882564267 0.028180466614142776
1738186541.265272 13.817519815659388 51.60583789220331 -158.31354704425482 -0.16981604835419745 -0.19514498053323623 0.9656129903850819 0.025932587484237466
1738186542.932792 14.090267230794751 51.712388178983794 -159.18148011961856 -0.12520687272390707 -0.17191923585512126 0.9767487667227777 0.026997445642567324
1738186547.66808 14.888239215529609 52.093752218335524 -161.35404828185233 -0.180413795546495 -0.15468174051836384 0.9706964983859214 0.0356753352896336
1738186552.003127 15.787419359089043 52.31089459782913 -162.84230934928982 -0.2599134782075194 -0.14724166911454908 0.9537633204013038 0.03317232852108606
1738186574.011856 17.191540413968774 52.625667932861624 -165.3575221110064 -0.19488677439552127 -0.14839199939839637 0.9679883458676636 0.054749629630161833
1738186583.682566 19.034602834762424 52.85668009119421 -167.43523665506805 -0.34197250199747603 -0.12021050064283935 0.9315136887681065 0.029773999570422933
1738186592.55268 18.477290993294595 52.85668681946842 -166.30815845649263 -0.12302192503147193 -0.2604298476776429 0.9546051200501012 0.07596686892509322
1738186594.886923 18.678243357245766 53.0016374267094 -167.5298219991669 -0.14557503868630287 -0.22256944574956153 0.9620528505529135 0.06103329151559818
1738186595.287089 18.8575919930175 53.02992572988018 -167.9968774271107 -0.16659205942342534 -0.1959453051468751 0.9639636156858683 0.06801963511948221
1738186596.020859 19.173494210135566 53.08286617595378 -168.74311258666654 -0.17912940251751516 -0.18012721404946808 0.965691126094919 0.053921172965936674
1738186596.887923 19.505285722071672 53.20049548888218 -169.5341293040046 -0.16135330794920366 -0.14763150017294643 0.9752026075053759 0.03391053649310809
1738186599.488979 20.348720840281143 53.50113878331161 -171.37942126611912 -0.21015106949127513 -0.14046431621666491 0.9664410634860122 0.045803653451265906
1738186620.764156 22.50624678313138 54.00840793534548 -175.3439947143947 -0.27218926424984635 -0.16021120826111665 0.9482827947096976 0.03170353974252899
1738186637.037304 24.367261670371892 54.115029003451276 -177.06231097306588 -0.4067635487343124 -0.11145517024640623 0.9063721718341368 0.02471126405271978
1738186667.383 25.067080140772553 54.56137346811667 -180.0189368627826 -0.13299373563037223 -0.13867970551002257 0.9789928264399586 0.06821767616852012
1738186675.18601 24.580129217552717 54.45817787986459 -178.22638280785685 -0.1644930845819337 -0.24876421784971667 0.9530243909985079 0.05294241403886514
1738186678.320634 25.032719171410353 54.532895215232514 -179.60361338737394 -0.13342303657246687 -0.16132237143140207 0.9751787844489044 0.07210911279643036
1738186679.054378 25.064316672991417 54.6990978420738 -180.20861062210875 -0.11169757703939891 -0.21892656435175925 0.9658830722271636 0.08163762300360222
1738186679.588276 25.196171949056012 54.824798125955866 -180.77462513410174 -0.13452883810357938 -0.24507101972735287 0.9555865326143885 0.09325537890280983
1738186680.121318 25.331270339866283 54.828089028432615 -181.1520488780315 -0.1542688129607362 -0.1988740969784297 0.9640316766180141 0.08539996121638568
1738186681.455224 25.47355451810285 54.82809721084305 -181.75288949173088 -0.1407785409722042 -0.14278928854124065 0.9747887969061092 0.0978745263383889
1738186682.922442 25.564574407557817 54.931824505290294 -182.23698343199842 -0.12189493243547547 -0.17107638153257215 0.9717283775261003 0.10778894859291172
1738186686.123992 25.076168452497296 54.636294301307345 -179.79109432171325 -0.1388183682541442 -0.23112452519209137 0.9609474696080261 0.06237687988284537
1738186686.65731 24.9017097208836 54.58073198115042 -179.3641332969078 -0.1393599736518617 -0.25457708459805345 0.955457382756931 0.05357700511024479
1738186687.057467 24.764922291328002 54.479051631141274 -178.57438356075582 -0.147813258377095 -0.2333040054035528 0.9597675658892384 0.0506626211091727
1738186687.324655 24.642734414305206 54.407229010577844 -178.24078395631707 -0.1531507181521142 -0.22293557968549318 0.9606643134911969 0.06299731442110976
1738186687.524526 24.589291574072597 54.43087491060551 -178.04063542799162 -0.16172064266700165 -0.2616819348423825 0.9502612611083632 0.04870866811217646
1738186687.924621 24.472867552716853 54.37321962216313 -177.5898671128954 -0.15958317403947975 -0.28151698295992744 0.945203231267666 0.04326950970126696
1738186688.991559 24.380278526204048 54.2735163467821 -177.1414193284376 -0.1751568918342072 -0.2316621798386597 0.9557403731688459 0.047042924765107526
1738186691.52612 24.708783549104993 54.46728906418457 -178.4473349451429 -0.14218476259516097 -0.2262039816889714 0.9614819367774942 0.06455801425394103
1738186691.926105 24.892717184407815 54.52400596183331 -178.91425767327655 -0.17491557183647663 -0.2258140270938798 0.9565355602350503 0.058756190334139445
1738186692.392979 25.0797237203736 54.560455572304384 -179.37238997661063 -0.18982153472596952 -0.21242705563447542 0.9566040744489783 0.061246842664406234
1738186692.99319 25.202690702102394 54.59544105781342 -180.0162394703898 -0.14767967238412738 -0.18560591432938905 0.9688329745133956 0.07144106960281686
1738186693.660146 25.355529895608615 54.76799702979978 -180.79993968701615 -0.12792140225857965 -0.23042724695280484 0.9609416039774429 0.0844430722511279
1738186694.393926 25.557786233016355 54.90864694930663 -181.60492034639736 -0.14226883610335964 -0.23720236555308272 0.9570143412848617 0.08728210942065566
1738186694.594008 25.620523325185026 54.95610037074295 -181.8596103863809 -0.1508706740442338 -0.23603747375681647 0.9554381786616317 0.0930711418844892
1738186695.060747 25.76838471323225 54.98590290228857 -182.26870146257423 -0.18312667031298263 -0.21266628237521987 0.9541895063829122 0.10373071324115116
1738186695.79432 25.972299856299955 54.972361410583474 -182.77828698783512 -0.19378394344463365 -0.1606849197230603 0.9609556877399877 0.11485776437319306
1738186698.595808 26.498616718335903 55.23805393027192 -184.45116433843162 -0.12904104613895223 -0.15784173567433835 0.9736166749723797 0.10249373203471955
1738186700.996583 26.641356496069687 55.387583596083225 -184.83723076531706 -0.15838170196555254 -0.20227827316911096 0.9626312940023836 0.08567221541149823
1738186704.731439 26.26012005814944 55.20408804200884 -183.64209283776296 -0.1375181551883099 -0.26373381164965837 0.9510360266617818 0.08404587781513793
1738186705.998741 26.03362106250862 55.083736658762625 -182.83420316329645 -0.15387777371776573 -0.2509019871045926 0.9518210509126103 0.08606108680608976
1738186706.79874 25.84326298877757 55.02945411434733 -182.22924669430896 -0.17976507382268292 -0.25844234832814955 0.9450552190901697 0.08810620690160262
1738186707.332305 25.605590653557087 54.919393420810216 -181.46720033648714 -0.20291840590717555 -0.2540472579417998 0.9431012761173235 0.06959952774422608
1738186707.665777 25.43304298264307 54.8626825868302 -181.05157423721786 -0.2145095378640136 -0.27170226440710205 0.9364333578441277 0.05706228174715911
1738186707.999265 25.330773716605645 54.81441578429603 -180.7363635882586 -0.258355618184694 -0.28083473256585373 0.9230664523378544 0.048296502000428856
1738186708.199343 25.237295393095295 54.77185922293216 -180.41264810096408 -0.3001007648356573 -0.2731965402695322 0.9130385848294447 0.04078877225973305
1738186708.599657 25.08803520520704 54.71613166575896 -179.9432389900611 -0.38282162907715905 -0.26293641985875743 0.885501466467962 0.014113550427088638
1738186709.799991 24.90218428867392 54.69751688305253 -179.6821429984985 -0.38311624855041165 -0.21619719452021807 0.8979648428562321 0.01182599562102364
1738186711.867658 25.725174611263515 54.665272477358094 -181.00664888553203 -0.30108885523308787 -0.14545645566791215 0.9386962538268162 0.0838884009292032
1738186712.867882 26.42504734600422 54.7620889306031 -181.85175833379373 -0.33764678565983886 -0.15389816611656837 0.9250362604806575 0.08135059554482142
1738186713.134664 26.651555678688705 54.78524176497826 -182.06857810035615 -0.34989334784411824 -0.16377736091944797 0.9196438247645726 0.07075914610199842
1738186714.535365 27.598226769476085 54.84042390706756 -183.03236017719962 -0.339253263826086 -0.15070636003596768 0.9282816299325599 0.022091436300233854
1738186728.140718 29.456732348661923 54.985438163370716 -185.55684409423196 -0.27568808511515297 -0.14881815066888748 0.9476310886233842 0.062004496865084045
1738186732.676026 31.522587271668602 55.121460249664196 -187.83734058145544 -0.375471081791203 -0.12282459552579805 0.9176371739924583 0.043331309460974334
1738186748.549268 33.98803597621562 55.168811165955475 -190.18041433773456 -0.3142470747224993 -0.11728454492429126 0.9407150834584376 0.05048012781321469
1738186763.755108 36.33993148532157 55.385466485455446 -193.52952132020621 -0.26839647141811884 -0.15322721469698106 0.9459185019225335 0.09860498226326311
1738186774.692836 39.18640851788923 55.492396659407625 -196.74416016127535 -0.2860176335063742 -0.15788960997350146 0.9414424914936435 0.08337157546832058
1738186795.901382 42.041237604396656 55.579816863823574 -201.25011082758797 -0.19866972649383857 -0.18273490435158324 0.950596642275572 0.15331118093892987
1738186809.240259 43.2198601910143 56.01637821196946 -203.58127915316427 -0.1808341335230316 -0.21659730272949668 0.9451688375215194 0.1644399379150357
1738186811.307614 42.540224496439095 55.892880655816555 -202.41296139429974 -0.2883903933992639 -0.2679159002241374 0.9054846618356444 0.1585861866068311
1738186811.841186 42.429705432128955 55.92441374666268 -202.2298562662216 -0.34300029558776396 -0.2917276302189676 0.8814857248132979 0.14222764831039977
1738186814.90927 43.43740038356634 55.88023706274104 -203.79569902431737 -0.2848599243643152 -0.19522753664840511 0.9232924995759166 0.16814277460601262
1738186815.176002 43.650454833707144 55.95132838694297 -204.17190148272806 -0.2768363713648008 -0.19899331457577013 0.9271323282539382 0.1555279079462926
1738186816.176256 44.29734172308045 55.99611320465273 -205.0576256188343 -0.2889510249960989 -0.15855664719248672 0.9292820231582304 0.16673936613687584
1738186817.976991 45.27320859054256 56.211790241025206 -206.58887490983943 -0.2620280128889696 -0.17784260497726714 0.9340617210007962 0.16505159701556552
1738186820.377966 46.02172016565156 56.51008151122821 -208.27364614263763 -0.2177289350015896 -0.2040066936185621 0.9405545310317357 0.1622730845752533
1738186823.912728 46.96967845261787 56.86888204054437 -210.56933318172685 -0.1345936803384357 -0.1995841935419996 0.9539097672009275 0.17918383559857423
1738186836.784555 49.14013173181604 57.13349994942524 -212.985633127754 -0.1927661857891224 -0.18981872148955273 0.9470846330903637 0.17274474913141752
1738186869.397719 54.216383458359324 57.54659416324692 -219.50942172929155 -0.19028920559160215 -0.19230375308634248 0.9418382811981969 0.19937386201267765
1738186880.46902 55.61810751003439 57.897797114311004 -221.50371651083114 -0.14745871824713772 -0.29814622012409586 0.9185040060645192 0.2138110116014962
1738186881.202486 55.50466980240009 57.80441648580273 -221.01665772033186 -0.1579353888781181 -0.34451262625050294 0.9055016237879917 0.19087763779764552
1738186881.93615 55.25621204383388 57.53602708153699 -220.3506892364501 -0.1640717805631272 -0.30163164678741256 0.9177900509201619 0.19939965624625644
1738186882.736492 55.08206018982992 57.4603174158833 -219.9536704152733 -0.21680544784470462 -0.2939893070699051 0.9082566099596566 0.20404807173312478
1738186883.069934 54.94980231627647 57.34247116398968 -219.47235247919647 -0.26441950999649183 -0.28527907805605357 0.8998112138638462 0.19758023626257468
1738186883.470232 54.80121196441883 57.32034687681064 -219.43802517030323 -0.3074428608426179 -0.2997168795548042 0.8847170509083004 0.1814508728525643
1738186885.070748 54.55160185857532 57.26323494152251 -219.060676645397 -0.3259031329451015 -0.2745720574913864 0.8856550274515258 0.18442479641130527
1738186887.405024 55.578724082133505 57.29872013734788 -220.7353717419384 -0.245638464846728 -0.20472411973691168 0.9234397560665561 0.21215276642417036
1738186887.671774 55.86341603438982 57.3969831241673 -221.40306824718337 -0.25088325031517855 -0.21080014492203555 0.9220697935639415 0.20593248750279958
1738186888.405416 56.34116347228563 57.567802440171675 -222.23979115572257 -0.2698009960628086 -0.2199938434016223 0.9093534935533238 0.22778576591012809
1738186889.472652 57.060664635509674 57.62917849789907 -223.36318482753202 -0.26510423002665595 -0.18182867477911363 0.924636289757765 0.20422000860111575
1738186893.074103 58.83359161128287 57.99556506005113 -226.28780346734746 -0.2471209293853174 -0.1869100129097642 0.9271854632782167 0.2105303066529083
1738186897.075592 60.17747718967688 58.33282444994547 -228.6714567236501 -0.22782933898925853 -0.19451932986536521 0.9310522738993839 0.2083211123991839
1738186904.945415 61.93450188459982 58.730862376196455 -232.06078767694214 -0.20066132981790755 -0.20526711445146384 0.9336084551903588 0.21441943670654098
1738186915.749809 63.58987228678011 59.003976043750804 -234.95109700875364 -0.21233457094735078 -0.1901373097373675 0.9272592562383956 0.24280054601803966
1738186925.620584 64.94490367208762 59.379800860568416 -237.5822207058828 -0.1804203833995474 -0.1973702144004066 0.932478169931886 0.24285375500901438
1738186937.158589 66.04421994837637 59.58699321877364 -239.37077129770643 -0.20968529557515006 -0.3354706521899885 0.8882485582563825 0.2334652374428437
1738186937.691991 65.83561887517571 59.41260320680327 -239.0384242691299 -0.2079681160872749 -0.296245660683573 0.9026660779199388 0.23276967798641207
1738186937.95893 65.74190193352862 59.386214732493144 -238.76819594256847 -0.21379526904888374 -0.27605023276804563 0.9061273701588801 0.2387907891229791
1738186938.425608 65.50423063794807 59.33031603295561 -238.3396980127667 -0.2361497160676036 -0.2743616086929292 0.9035935555851479 0.229080129172324
1738186938.892479 65.39611799200193 59.334756489336854 -238.0271341019743 -0.24866059381363234 -0.28907609422471664 0.900320457539308 0.209823722606014
1738186939.359343 65.15384555883077 59.30275047923438 -237.73089256144436 -0.2361784883707352 -0.2572640461060791 0.9134416651818157 0.20894797563488313
1738186940.359748 65.0483757188379 59.29344591630337 -237.49756200997103 -0.26738487645054054 -0.2418951299073273 0.9063428887579188 0.2203057919588074
1738186940.893262 65.05966379115962 59.33344213774662 -237.65881096072164 -0.24730502118265857 -0.22553365108650708 0.9153595033443496 0.22381192631899735
1738186942.427393 65.72962730501654 59.53664804109318 -239.16159487586617 -0.24265433865907132 -0.2490519875238767 0.9078121269174073 0.23445494591078406
1738186943.16102 66.23593346541574 59.70831594006569 -240.2643710813889 -0.23799648863148215 -0.26066984358693085 0.9034904204437203 0.24313363446853545
1738186943.560997 66.4691860995074 59.80859153108825 -240.8522270240487 -0.21662397349834298 -0.24986770136504763 0.9105935522544819 0.2479104042046252
1738186943.894475 66.57830726990873 59.791561142041274 -241.26589098022626 -0.19949306753168883 -0.17914210748498546 0.927891184971354 0.25909181805894904
1738186944.361334 66.75717255981021 59.816100806629365 -241.79185672175288 -0.19089343006135953 -0.156082913443473 0.9336652464816788 0.2597441625960284
1738186944.761523 66.98127713553805 59.9168520645667 -242.24062256149764 -0.1950485621754347 -0.17448773537702353 0.9315565189303454 0.2524134319616734
1738186947.229168 67.82481316087868 60.35707406048681 -244.43041948626154 -0.19347040688852982 -0.1909886931458448 0.9239829822407211 0.2689757782373205
1738186949.896939 68.33850871146272 60.59728337878122 -245.75303786598465 -0.1272741250646118 -0.19473924328281436 0.9346903009197093 0.26876005205628634
1738186955.899323 67.27643480237198 60.27387125700188 -242.9394140533857 -0.21656653052132016 -0.3000884023819957 0.8988369606632384 0.23481483504977213
1738186956.499575 66.9364323025165 60.07181983079669 -242.04723029396123 -0.18585279701393118 -0.27762256002387536 0.9143190900714901 0.22892150082229198
1738186957.03311 66.69118947649619 59.92052974262153 -241.32985666885997 -0.21242492674347535 -0.26484269132609806 0.9115382678066448 0.23201720986435403
1738186957.433481 66.50823074135953 59.83944909508786 -240.75989920655326 -0.24479121566845588 -0.2713904612196874 0.900197701914731 0.23678803972743606
1738186957.900284 66.26934586323505 59.77532230652829 -240.2223265774442 -0.27429414069595404 -0.29443532960394675 0.8868760694267713 0.2269832560763107
1738186958.233982 66.06130770351882 59.682688218394276 -239.837738680803 -0.27111090433216156 -0.274942438816478 0.8930568530615131 0.23098699116987484
1738186959.500779 66.16016660677396 59.69544919526294 -240.0092755374846 -0.2766380387330628 -0.2649191704589137 0.893068063519793 0.2360480090369171
1738186960.367943 66.7224920477813 59.751844210337495 -241.01490022445049 -0.28808608399235636 -0.21822988796131293 0.9022609512583142 0.23517504128793876
1738186960.568031 66.81483238484006 59.7113094478154 -241.16515733993458 -0.30115877608358593 -0.18895983085079376 0.9037514036775032 0.2383924794611163
1738186961.301508 67.10457538548461 59.679926190462446 -241.76939671062232 -0.2680174335215268 -0.1523445056888557 0.915925715521387 0.2569783853976582
1738186962.835635 67.90511443139171 59.87610659000108 -243.2700125042477 -0.2537972298003408 -0.1804423779019441 0.9147406933290111 0.25744315561056447
1738186963.369384 68.2392340181352 59.90637449309958 -243.834921332369 -0.25997080214136375 -0.1753754081730922 0.9150456202404386 0.253673335455046
1738186964.10262 68.76050766431706 59.975651671873415 -244.60983182772776 -0.2847910644565019 -0.192339711622817 0.9026308443672456 0.25914676099742656
1738186965.511972 69.59868456924868 60.011703816863026 -246.0183136669331 -0.2844241411740185 -0.1580004162957731 0.9144569756354981 0.24063918234436085
1738186967.170563 70.46473315308288 60.06696548671013 -247.24783272760308 -0.27429025050447586 -0.17899158774425625 0.9168016667041593 0.22847663758786768
1738186970.838719 71.9528660964114 60.0746143542118 -249.525745083459 -0.2709714695919416 -0.15479899730273827 0.9194631739300194 0.23916355259065977
1738186986.51172 73.51435534011493 60.00821840675158 -251.70167808667196 -0.22698539904948511 -0.17968766404932174 0.9286455097119216 0.23196441386283664
1738186989.913229 74.45455578156684 60.04734608693119 -253.22851179735383 -0.2089120505775592 -0.19850527376754107 0.9347567747738519 0.20780082633218597
1738187000.984224 76.37168645507276 59.91049089178919 -256.17774129872004 -0.27098495404917156 -0.14773029436118285 0.9299694518226908 0.19974917642766563
1738187017.72447 78.10621085094101 60.06418092581158 -259.1439935920369 -0.19567607455101804 -0.15514366726104337 0.9311171114279306 0.2658237031628402
1738187042.134333 79.93233382511026 60.26177316325726 -262.5599602147593 -0.2056247285784772 -0.15574729742207294 0.9344522834800819 0.24547949047040304
1738187052.205058 81.02736738101407 60.30366923411199 -264.47632074228216 -0.2476754087507041 -0.15317262652893618 0.9230338595275852 0.25140312756210653
1738187053.672176 81.56456211160948 60.31862471230723 -265.3809718040446 -0.2687014539671466 -0.11777782932023427 0.9263920604852705 0.2360628344877907
1738187055.739667 81.93201535719452 60.37643628038042 -265.92115909957363 -0.30355729347222776 -0.1544102209753672 0.9087119311539965 0.24135674719495281
1738187058.140755 81.52712882571953 60.522771920349086 -265.1644091283306 -0.24693058300157775 -0.31691589783398916 0.8855494213811691 0.23322054620048868
1738187058.87426 81.2275721326962 60.46443775907124 -264.5695143951598 -0.2187850708070053 -0.33080645408874576 0.8836505745505413 0.24872041496769495
1738187059.341115 81.01458745478277 60.39623725124929 -264.1038755514864 -0.1839004337879569 -0.32787955340271946 0.8928577449026496 0.24795297191280008
1738187059.674592 80.92001037719159 60.32800052590715 -263.86793905118856 -0.15973706830392065 -0.3030641729436885 0.9074063464089953 0.24341302057265804
1738187060.474924 80.94514819392 60.35692714468907 -263.99299230359657 -0.14240439543833122 -0.2875847279649659 0.9157101943693219 0.24184882122776313
1738187061.608701 81.31442127303247 60.49957653844264 -265.15939646967894 -0.17387791837119412 -0.22721504340603865 0.9243955872793229 0.25225501337219847
1738187062.075588 81.59384777991062 60.533185776331074 -265.73836743399977 -0.20822062671374894 -0.22164692838667333 0.9194444109904443 0.2492765228538811
1738187062.475727 81.8743847968006 60.550836097224455 -266.23475678424387 -0.24141589686219272 -0.2110420523572125 0.9137841167773895 0.24935557905217404
1738187062.809185 82.04187853575546 60.50889798411652 -266.62901983258797 -0.24112662342960484 -0.17279719424293966 0.9190865089374414 0.2593820931066595
1738187063.342817 82.33589742904093 60.565107874110666 -267.2598587107927 -0.23518650998508175 -0.2049869721016647 0.914746140357963 0.25672387012087244
1738187064.409961 82.60888050449282 60.70513959674216 -267.9683499762363 -0.21835664518611186 -0.237904060818728 0.9074973668506345 0.2686457937660483
1738187065.276908 82.82042444131197 60.780120444775264 -268.4827893838878 -0.20458410242312453 -0.2461750931980816 0.9096872082289852 0.2645984726131185
1738187066.211044 83.12266747144679 60.85902517192698 -269.08065197037973 -0.2260877771368278 -0.23199365861729365 0.9123562507001003 0.2503384333240635
1738187067.944615 83.50513104099822 60.911969490610716 -269.6440660206308 -0.33900499466710265 -0.2187270635780898 0.872489259612686 0.27567476690798354
1738187069.14527 83.90718226830295 60.86455739628982 -270.15686816178106 -0.43152461514042195 -0.18101085926302357 0.8182156851686985 0.3339830353486386
1738187070.345543 84.63951214941582 60.775349180226385 -270.5964289964823 -0.46244160116930544 -0.2290677319063766 0.8216534461352488 0.24199453332938592
1738187070.94598 85.13253522271954 60.69006366100559 -270.89567276691207 -0.4515826681217658 -0.20757873260270207 0.8483208974676703 0.1825809917344342
1738187075.414307 85.65702222307932 60.5086549639766 -270.99676989074766 -0.5764448943272129 -0.1284253398632033 0.7910839287801693 0.15938768305876416
1738187080.216209 86.05958515621653 60.31183472102444 -271.16242513329536 -0.602557064212467 -0.09266614185948932 0.7712915553946591 0.18288604948824655
1738187081.883746 86.31052751802653 60.00209396608726 -271.3351223812236 -0.5884297238211886 0.014582970101168114 0.7668452115315235 0.2559027523453411
1738187089.48664 86.82404699669758 59.493807001574694 -271.64962940555415 -0.5912068774362659 0.08702224652589478 0.7188247535269184 0.3552358799426258
1738187105.359818 89.87968326008708 58.53727398314915 -272.15327602075314 0.6978498768042731 0.1366878645052562 -0.6955835295665708 -0.10239887956889511
1738187106.293398 90.50010976292968 58.145275617959854 -272.12831553782144 0.732132952329048 0.061397617955640284 -0.6614982910530387 -0.1504383048203965
1738187107.560763 90.9654315092313 57.71046610312233 -271.8359995200559 0.8349871063556553 -0.057552747594984945 -0.5301438585365875 -0.1357634071464631
1738187109.027836 91.2967439754963 57.32732376725373 -271.1617917471529 0.9258230385073688 -0.14035075988611334 -0.34133935183029757 -0.08149118026170679
1738187110.361757 91.6799564615033 56.884218871281746 -270.55009869616737 0.9365167218772542 -0.1422738845672276 -0.31250719878294725 -0.07094943356552227
1738187113.096164 92.13414984276905 56.35416948167263 -269.80322403892575 0.9391974454900023 -0.14537634900918706 -0.3031892364871268 -0.06964310742755794
1738187116.297529 92.37706438330473 56.06601021700224 -269.39250693693816 0.9417185993977769 -0.15053326471924525 -0.292286649191701 -0.07123433487822052
1738187118.164876 92.713635652487 55.5288704263057 -268.45656285848946 0.9560315280871898 -0.1723864847488822 -0.23177672217328996 -0.050657361141316234
1738187119.699004 93.0156188797633 55.07640511253317 -267.676200090177 0.9588429617107139 -0.17513147517645528 -0.21765430919310247 -0.05075177701340437
1738187120.699205 93.21017836404809 54.77700997336214 -267.14446069608863 0.9587824887082388 -0.17030111055935704 -0.22223099616233521 -0.04844641816875405
1738187121.499557 93.40382600444131 54.53047176503522 -266.7012356511114 0.9592469003092801 -0.1625499222130754 -0.22674889078907814 -0.04480901205654718
1738187122.299902 93.53763099893335 54.31439591130002 -266.2712397917978 0.9673052396145395 -0.17229189979749604 -0.18339179031689773 -0.03167847728018135
1738187123.43378 93.73849180715885 53.924260427642814 -265.4962413548204 0.9696481217322577 -0.16984709632769893 -0.17286818773288193 -0.03242026465196372
1738187124.967782 93.89586334202593 53.548751863920145 -264.65382086657934 0.9731982393464379 -0.17768952211972508 -0.14381488274284812 -0.025077881958368922
1738187125.768111 93.95539600909882 53.36729051526044 -264.2317927003225 0.9754741029713744 -0.1891177034087842 -0.11125590597786368 -0.017518335383943016
1738187127.368742 93.96996720003631 53.082683172606885 -263.49289294317015 0.9760018207324616 -0.19986248998307893 -0.08478362755662784 -0.01694601791049128
1738187128.569184 93.9694577292561 52.873165816168246 -262.87757016932414 0.9765786621518964 -0.20397941207596507 -0.06784410342084503 -0.009148426628534155
1738187129.302702 93.92700338816354 52.75558233656649 -262.4947989839836 0.9767839153860358 -0.2102783180553852 -0.04089691296904114 -0.0019115722655846884
1738187131.903789 93.88040477518854 52.34818539949284 -261.2553050072861 0.9756371630588949 -0.21770475356588698 -0.026844119150941197 -0.004019900523365109
1738187133.837878 93.81808248609802 52.03833086967285 -260.3105445113912 0.9752247963636529 -0.21912358777766416 -0.02996242429350758 -0.004868569335210463
1738187135.90537 93.76702910402902 51.6928617412655 -259.3061678653962 0.9731389773686806 -0.22716954200578396 -0.03724692865529638 -0.0026825764608151724
1738187137.239425 93.71710520874313 51.49437609624296 -258.6906879094812 0.972677050989386 -0.22626440410216106 -0.05172797025546275 -0.00529065290256245
1738187138.306332 93.6930178831907 51.323432781324335 -258.1906906406234 0.9721963653523267 -0.2202030937497603 -0.0786988185477193 -0.01230124619512238
1738187138.973273 93.7101959914154 51.192546075942964 -257.86525481593173 0.9713952784591822 -0.21291699048566184 -0.10314863433441229 -0.020443272357485266
1738187140.30716 93.8064734758401 50.918187444226156 -257.2534508358798 0.9714279826319105 -0.1995500268255752 -0.12641652653849714 -0.022941734275116393
1738187142.64149 93.9412594269372 50.4686116963788 -256.2187393237724 0.9731424981183202 -0.1923239578568697 -0.12442310781387539 -0.022892440504255342
1738187143.908641 93.99372258532946 50.23463262698959 -255.6681847474909 0.9739669943060671 -0.19886934592596983 -0.10675936794066997 -0.021017007643597804
1738187148.177179 93.95348168722313 49.586111886792374 -253.93968991395542 0.9744889865752846 -0.21138865825340242 -0.07361779148834925 -0.016323938914329688
1738187152.64552 94.00295913602305 48.967943794535195 -252.30398328409146 0.9732644009575324 -0.2086344264991688 -0.09487186001776635 -0.015080188490467467
1738187158.848008 94.07228209104001 48.121772127472994 -250.20176733941068 0.9754881535641212 -0.20318260115762657 -0.08188377794539149 -0.020850413719448083
1738187163.717533 94.1289194208625 47.52064188213302 -248.69814626079844 0.9726375043121644 -0.1982569186681697 -0.11913867674465446 -0.021827851684025207
1738187165.650763 94.28734233326308 47.2096272103856 -248.04700050904307 0.9709188053580889 -0.19000469426309421 -0.14350789630816052 -0.024907293253497647
1738187169.385567 94.5276689902308 46.68322671868653 -246.91965382707502 0.9721223734303959 -0.17741385143036478 -0.15026523207381873 -0.030377235333383924
1738187171.586436 94.6290326573477 46.38252247799038 -246.27327672182957 0.9746604627948958 -0.18587853064053955 -0.1209124784196905 -0.029433427828940838
1738187175.054688 94.75555190365002 45.96742802357647 -245.35898854447217 0.9761064734461034 -0.18292775911015632 -0.11331694672807938 -0.030213523921808972
1738187177.38894 94.82007089805218 45.73961074713547 -244.86127589487165 0.9773346818415278 -0.17695644306915684 -0.11234827561460706 -0.02968504492932414
1738187179.989915 94.91025520589103 45.55169455647064 -244.4228949574367 0.9766518540126481 -0.18057336812304856 -0.11382371365507513 -0.02426060568334497
1738187183.191192 94.97171028675598 45.35227296638491 -243.97921965081096 0.9771544673851907 -0.18179126328805423 -0.10714359859023269 -0.025324548217737185
1738187186.259065 95.01015250219629 45.167719191570555 -243.54756950558638 0.9776465060930982 -0.18160000771321463 -0.10188240559975811 -0.029132829449340255
1738187193.128501 95.0609041540012 44.810849825157035 -242.65049341470078 0.9780215417948481 -0.1866372933979238 -0.08861300910325003 -0.0280734592808324
1738187196.596512 95.18157478816693 44.55244833309736 -242.15282245432064 0.9740193956767083 -0.1716279277391982 -0.14169639410513873 -0.041859325880020136
1738187201.798651 95.38964811547334 44.05397885802163 -241.0966898056297 0.9721277440038647 -0.16621814811618418 -0.16043126721545373 -0.04001231153565758
1738187208.935024 95.43862997402691 43.61628768425223 -240.04117750342738 0.9758268165189179 -0.1894304668963789 -0.10329716197924345 -0.034753686149932864
1738187212.669699 95.57233017279303 43.33217582947853 -239.47297452298352 0.9747626729154962 -0.17602578538570904 -0.1313503067894104 -0.0399968908330285
1738187216.537953 95.7431265399879 42.94766421364426 -238.74732441223108 0.9767445510630178 -0.18676031690011607 -0.09916265031253146 -0.035460326888887804
1738187219.272378 95.73845089178144 42.71159196261177 -238.14898615062606 0.9778074620668104 -0.19050865201245198 -0.08132893840180758 -0.03137872548872727
1738187221.873416 95.69667334668787 42.484362949918065 -237.54652786808393 0.9775747292753365 -0.19461573846102442 -0.0742196351802118 -0.031045269836786012
1738187224.474458 95.65431897762701 42.334648887362995 -237.1166842025051 0.9766307417187765 -0.19305648665318523 -0.08687088904040345 -0.037081476889289845
1738187230.543594 95.77154205990536 41.854974837944845 -236.1454225459992 0.9752109173750972 -0.1868358610838918 -0.10904427088846544 -0.04653358606280911
1738187232.2109 95.80894053691368 41.539222325923774 -235.42987317836682 0.9757829126656486 -0.18193242751193156 -0.1116182653269122 -0.04785041290072452
1738187236.012885 95.87663387877515 41.00719947155278 -234.2219836087616 0.9785754449998739 -0.18046764994991357 -0.09070303269899095 -0.0399310108068903
1738187238.480102 95.90399566403438 40.71840156526651 -233.58812166320772 0.9785498594212667 -0.18083977705332097 -0.08696366075934607 -0.04663120595971589
1738187241.081303 95.94383655059593 40.4377960775646 -232.97603051283974 0.9788075823584657 -0.18059576912221878 -0.0880694455397534 -0.039555753754037956
1738187244.482532 95.9679990131743 40.21178558772023 -232.43303741186602 0.9779107507102652 -0.18345307440721187 -0.0913725675291772 -0.04106807810152931
1738187250.885209 95.95460331815148 40.02729600912986 -232.02129300129369 0.9770832436663568 -0.18755314367556872 -0.09047981726146567 -0.044108456243377094
1738187254.753362 96.07323286886603 39.36141977718461 -230.65447898960363 0.9781778917933655 -0.19357322514624506 -0.0663560762526098 -0.03597623740090161
1738187258.755424 96.09263522843086 38.712266745948114 -229.22594375244043 0.9773947398479115 -0.19161241011410757 -0.08004935437335146 -0.03970274137016239
1738187259.688835 96.07866483691966 38.52149352724746 -228.7467062692836 0.9781438443617636 -0.1885593963636357 -0.07989835036056733 -0.036003158053584026
1738187260.955825 96.09364157755972 38.30718619193693 -228.26440270509104 0.9774656842920233 -0.19239158198268613 -0.07819900086163478 -0.03783162008119332
1738187263.223625 96.08331898115892 37.86509362976077 -227.21168005848648 0.9768435220500267 -0.1952246817000887 -0.07660615057942265 -0.042373987036871834
1738187265.291077 96.05630096294603 37.50411906283748 -226.30100023834237 0.9777561202740358 -0.19302592103686983 -0.0744102670955459 -0.0345987749104334
1738187266.758309 96.04154968550044 37.21543846138076 -225.58221082603345 0.978158814311879 -0.19128430525215273 -0.07155597265513242 -0.03867028995958053
1738187268.158749 96.03902067568248 36.96103431584272 -224.97334078852637 0.9763756636144908 -0.1989065662140068 -0.07505989834243755 -0.038636162841805204
1738187270.026169 96.0155710717614 36.65885388642659 -224.2443790132261 0.9758975455152497 -0.20313565327541178 -0.07013277673065585 -0.03796420226648652
1738187271.693758 96.01221656229349 36.32325524617176 -223.47082431899818 0.9753262329240364 -0.20539906000900793 -0.06850097370482112 -0.0430996765546507
1738187273.494234 95.98453050266501 36.03631535699983 -222.75679409671304 0.9757343874245222 -0.20702882614653667 -0.06226665753730277 -0.03470351136141164
1738187277.762638 95.94570122087693 35.74127451079594 -221.98774110828865 0.9760318095280137 -0.2059039949684061 -0.056445113674262457 -0.042182944276348736
1738187281.030652 95.88229895252033 35.51235089789779 -221.38043825021327 0.9744217137445234 -0.22014876472988867 -0.023376050284034798 -0.03860576957151319
1738187286.699603 95.80818619313712 35.13577772485211 -220.48158490049133 0.975061884476573 -0.20381862225660594 -0.07036089717146883 -0.05255125889680503
1738187290.901268 95.84178516460328 34.774534960105264 -219.75099744861402 0.975767105563605 -0.19673848747923184 -0.07364121302444854 -0.06123312003071866
1738187293.568992 95.86901527700161 34.40387037592308 -218.99423189421591 0.9741619946415859 -0.2044421036694876 -0.0742021688401323 -0.06087587849502917
1738187297.904114 95.89773445009953 34.058371058759754 -218.28574163074242 0.9741463856750174 -0.20405303593014412 -0.07840649461267273 -0.05704033140282716
1738187301.372464 95.89883311573998 33.69829309936791 -217.50459960227326 0.9749918862693727 -0.20206556819545957 -0.07460715670846121 -0.05471837010196526
1738187305.974033 95.9280308758357 33.185291959610815 -216.50283332351955 0.9730652909080957 -0.2076043220971896 -0.0703767496009162 -0.07135473489628687
1738187309.508893 95.98670687697218 32.709311283701815 -215.6610186900381 0.9717231493044205 -0.21620795845384613 -0.0689280509424857 -0.06524694322639939
1738187314.177674 96.10349058440794 32.239824540489124 -214.7568038794796 0.9716934957298079 -0.2231576396677082 -0.05051964789706015 -0.05882332352630234
1738187315.845217 95.95299119007755 32.02357089739947 -214.10777203467552 0.9642402927142381 -0.25864919052411367 0.04255169235322485 -0.03912298078441603
1738187318.04609 95.67369075230029 31.771688059686152 -213.343088868252 0.9553083953987485 -0.2787795962571932 0.09203388308635972 -0.03460593526248356
1738187321.313788 95.494906067463 31.589317850297988 -212.87981442566695 0.9616131951051762 -0.26874192705656974 0.03668479168028442 -0.041618093431940055
1738187328.51658 95.35706111263316 31.37584103229234 -212.307118281472 0.9595859618075971 -0.27490031636927803 0.04523397223523549 -0.03973016130953585
1738187331.250999 95.25371524472583 31.103224750186104 -211.71473825285392 0.9669809765034559 -0.24645737864151782 -0.01816022922495898 -0.062263614319049004
1738187333.918802 95.31692433869132 30.61118072726251 -210.85964431126098 0.9698125828361466 -0.22217701499060458 -0.06552123754266219 -0.07620955067066786
1738187337.92038 95.18859599154062 30.181473802759196 -209.91604518710133 0.9672109902866984 -0.24820273697650463 0.006913878788222098 -0.05339007310444731
1738187339.787811 94.96433056121506 30.024180429164055 -209.35995360416487 0.9577900762448998 -0.2731812424925394 0.08131190624296564 -0.03739722583503554
1738187343.189145 94.68853336213259 29.746545361619706 -208.56693012060384 0.9624428032047365 -0.25779969559715704 0.07205336004126998 -0.045293275617745994
1738187346.323766 94.45720291085443 29.48010260960681 -207.89080642564846 0.9612099352616551 -0.26100945252435315 0.07237347980701296 -0.05207307814836769
1738187349.124903 94.31922175264636 29.188823294848472 -207.2667467854796 0.9643812934770027 -0.25383247617839144 0.046744752230002476 -0.05790270259431144
1738187352.593015 94.16494759220679 28.851053026096285 -206.4982642454856 0.9652944221036855 -0.2515284112041794 0.047130619942182074 -0.052142513139267356
1738187355.927694 93.99622484495028 28.574522194462062 -205.79187712623062 0.9597118702662422 -0.26349057968453843 0.08865017439486177 -0.04082875294860291
1738187359.462451 93.68417412956777 28.257966748041188 -204.88758234847216 0.9598883925078409 -0.2647209582215792 0.07772846732631854 -0.04995371431698948
1738187360.86296 93.57900743519497 28.07251504433215 -204.46563601600477 0.9599901976160271 -0.2659268959289471 0.0760359908544917 -0.04382048148425522
1738187364.264344 93.3677216069529 27.703630106841445 -203.57432197099965 0.957951740232147 -0.27010146226178516 0.08586890391201936 -0.04472353755233415
1738187365.998428 93.21834506652425 27.49311429418286 -203.01648268676158 0.9548698501861022 -0.27312928820934473 0.10930317643341174 -0.040948464554778914
1738187367.665723 93.07036389883523 27.31813454764886 -202.52250655888082 0.9496190077152321 -0.2814914378609313 0.1322186474636672 -0.0387883985207172
1738187369.266365 92.88641335461071 27.172292795559922 -202.06266551822307 0.9476008741918113 -0.28465658806889366 0.14157141942304938 -0.0313168213973636
1738187371.000448 92.6881057594359 27.014508084527762 -201.61357071752516 0.945909736888399 -0.2872180752718944 0.14738691388760775 -0.032212489992469326
1738187373.6684 92.3318898460165 26.781961247818167 -200.8516876812989 0.9436484775707685 -0.29055500647672244 0.15522243412224251 -0.03180149265126532
1738187377.269723 91.96974109467314 26.547255416266506 -200.08620994626676 0.938352750118105 -0.29957130944792043 0.1692938101210622 -0.03302654623391743
1738187380.670985 91.51266212957601 26.291360212126488 -199.1954524251369 0.9347805901846311 -0.3058317577136049 0.17707511640533505 -0.036008156547047296
1738187382.138215 91.14387678322746 26.129982839210477 -198.57843943547962 0.9336941574020778 -0.3075812669967015 0.17966488985379395 -0.03646247358246161
1738187382.871839 90.66356615271188 25.918391299725375 -197.77990173397419 0.9336851032359573 -0.3051188520547594 0.18426492402036249 -0.03436643554132175
1738187384.539174 90.20041575693726 25.6945921286177 -196.99619300520243 0.933393420828731 -0.30337259239691744 0.18929187994839647 -0.03017244308330184
