1760467680.978596 0.0 0.0 0.0 1.0 0.0 0.0 0.0
1760467681.912293 0.0 0.0 0.0 1.0 0.0 0.0 0.0
1760467682.17914 0.0 0.0 0.0 1.0 0.0 0.0 0.0
1760467682.312533 0.008198826910864779 -0.16213775081339482 0.457060864806731 0.9999943019852662 -0.0010563427603405425 0.0031511509616956594 0.0005919329265820702
1760467683.313034 0.027365473398078186 -0.4986500571454862 1.4831840194739545 0.9999948951540056 -0.00024140641319828044 0.002868759986714627 0.00138621968367305
1760467684.113486 0.03452030843009739 -0.7529666149295663 2.2929779207557752 0.9999966797385521 -0.0010185970488054055 0.00234419935766754 0.00032817875517566006
1760467684.913923 0.05284388276723928 -0.9871002216826075 3.0060429897859726 0.9999941941710255 -0.0014847122285817234 0.0030511175054271015 -0.0003129469725272535
1760467685.714324 0.07560427583877158 -1.2664325810553736 3.8120155852266864 0.9999881134611002 -0.0024882497655994294 0.0038314109123130484 -0.001703478803768265
1760467687.115062 0.09158365590446615 -1.857946362257815 5.602669408388893 0.9999813303902721 -0.002049547837073274 0.0019852723699516407 -0.005403417268916533
1760467687.915531 0.10572951122347109 -2.371888560753167 7.082579810438775 0.9999909481580722 -0.00222116757112805 0.002953687240905534 -0.002108494302497306
1760467688.582497 0.09258071399718128 -2.8067824375121218 8.33338488951268 0.9999890443151492 -0.003262330621235834 0.003228912673388081 -0.000917916956968649
1760467689.116083 0.07323938253873984 -3.1072806836427045 9.195094080197688 0.999979677481407 -0.0028671278531717187 0.005151198586751747 -0.0024267993684426122
1760467689.716341 0.09709600063541704 -3.4789496658494303 10.24946594673826 0.9999760375124134 -0.004614657440797175 0.004715129910999072 -0.002096875675580146
1760467690.583469 0.12243210870633964 -3.9828200809009786 11.770604293830226 0.9999535494217207 -0.004818729966846078 0.006817448757711012 -0.004816765807572671
1760467691.650752 0.09590409481565478 -4.632232224843941 13.6201639910264 0.9999479308557165 -0.0070911392860040535 0.006708775548465311 -0.0029738277754134115
1760467692.851199 0.07635541041883111 -5.279805461152607 15.562409716963717 0.9999276246392895 -0.006216400768461669 0.009519828701444901 -0.003933790310748382
1760467694.051763 0.05944606467612282 -5.944628004092768 17.49401732151405 0.9999083181703525 -0.0054437371393174176 0.010994519550218258 -0.005730752093306744
1760467695.052263 0.03290153679642042 -6.506914488618254 19.102865538351757 0.9998865883436707 -0.0051473730792070144 0.013303931222101752 -0.004829121542893745
1760467695.31913 0.05003582207602916 -6.692804039994391 19.664286894841773 0.9998740564574332 -0.0066295149807173385 0.01371216496059959 -0.004460637462450489
1760467695.7192 0.042248420181080985 -6.905292754062295 20.295089029988027 0.9998703684761681 -0.006443697164684058 0.014297084153236526 -0.0036494376138091066
1760467696.319502 0.017825377241577508 -7.25037971373057 21.28408652375518 0.9998278849450933 -0.00781688903835516 0.01572184952409105 -0.00599334460256818
1760467696.853062 -0.006895945465489536 -7.573290178620358 22.215398372922095 0.9998117300953044 -0.008183632662697457 0.01653478231045102 -0.006011114224669856
1760467697.653371 -0.014734745170412084 -8.031759946615601 23.518443273450153 0.9997890226339267 -0.01007782324628153 0.017631444196230504 -0.003078940543369535
1760467698.653861 -0.04176411329394641 -8.583484900286926 25.121155789591093 0.9997495204229501 -0.007808817853065098 0.020546663711139657 -0.00421347696805684
1760467699.654508 -0.09321590049529531 -9.082570595065038 26.590196148429087 0.9995915794116462 -0.007610176676492251 0.02707079337513427 0.00509232032809866
1760467701.455082 -0.19491568896619565 -9.563064699607072 28.01372706807886 0.9995705061999145 -0.0059185706562332775 0.02443746600674098 -0.01505270446807026
1760467702.122028 -0.2412314274302875 -9.855719976047228 28.92336466875702 0.9996466465315601 -0.004342066463182378 0.02472051082150484 -0.008753563946155106
1760467702.855686 -0.2498560659643907 -10.257072969817429 30.026960225304688 0.9995918050500239 -0.0057556798964534086 0.02669425408213366 -0.008397155754367135
1760467704.056188 -0.3476436449288534 -10.90646360267438 31.83871880250931 0.9994687470244947 -0.006994341154088521 0.029455913537780123 -0.012068639971488765
1760467705.256746 -0.33239149088784037 -11.562038935481917 33.65483194773362 0.9998109224223325 0.003720305129262822 -0.012842979298239741 -0.014118662029201175
1760467706.657273 -0.16924297604517466 -12.344982508281221 35.73361353348557 0.9997368094427973 0.0038626870119172403 -0.019322220691300827 -0.0117491821732627
1760467708.057838 -0.030192581982645426 -13.18607482087639 37.93488715503506 0.9996433188760617 0.008571136592613413 -0.023612727225513056 -0.009066959630257764
1760467708.257911 -0.08637419071050229 -13.361733434925599 38.41702291604585 0.9995921920736114 0.008319409065928953 -0.023935013994521383 -0.013166323835763523
1760467708.658092 -0.08245120879940974 -13.685309228730572 39.288513507046815 0.9995430013326285 0.009292685712324287 -0.026014789993744746 -0.012274574566735797
1760467709.125237 0.02805756558151248 -14.006074235005913 40.15650077244785 0.9994534635532717 0.009765617455208318 -0.02866561881484491 -0.013254780460258525
1760467709.458465 0.07822433057559768 -14.227149703775344 40.76993359729206 0.9994358745129955 0.011758070810211354 -0.028219865408014848 -0.013903945613367195
1760467709.925263 0.16345098223718862 -14.572584655498344 41.70774249429615 0.9994768732612291 0.015948373283456958 -0.025025293442372077 -0.012859389320323064
1760467710.45882 0.2376417972545182 -14.898661225900023 42.731835424432695 0.9993296806539674 0.021708886382875162 -0.023921694038779712 0.017223999836564027
1760467710.658898 0.27809748571533266 -15.072985108819834 43.16253764006926 0.9994296887499732 0.020906693324574337 -0.026274332112704114 0.0035870449391336105
1760467711.059086 0.3409140423160065 -15.343431771670085 43.87900064248068 0.999329295332348 0.020684746942903846 -0.028277494584292608 -0.010652888551745855
1760467711.459178 0.3950592138488203 -15.592433998190272 44.60818780933651 0.9994144632370829 0.020856247373063533 -0.026466992546799042 -0.005936827736640771
1760467711.725964 0.4553065602690939 -15.785252621979712 45.20344452359288 0.9993826528524724 0.02514213118693456 -0.024519074572648618 0.0010006992727821318
1760467712.259583 0.5406631124762117 -16.12652277108397 46.17641632670253 0.9993847835192976 0.02073822342681223 -0.028080149634971442 -0.0033890641280007647
1760467712.459607 0.5864412730703793 -16.30381167722842 46.66972404453268 0.9994056179394926 0.019684430325653188 -0.02800653919843475 -0.004070355741456813
1760467712.85978 0.6550014859822189 -16.55875304640062 47.419025203067896 0.9994147269716805 0.017710107237377797 -0.02926251981560834 0.0005104388338043769
1760467713.259948 0.7375351820697773 -16.81653121077344 48.14372099984234 0.999248954805349 0.019433969113088242 -0.029199364747091335 -0.016469494931404587
1760467713.660064 0.8018262311672418 -17.077492419093282 48.92717222976055 0.9994036109991467 0.017929756491054563 -0.029056297923727513 -0.005165046466899742
1760467714.060219 0.8774636277459736 -17.34986251986081 49.68458586888915 0.9994103169274031 0.015692122046619805 -0.02869006421794205 -0.010471673214535286
1760467714.46038 0.9652577602758391 -17.626885974174915 50.44363997993017 0.9993929303035097 0.020114394640478803 -0.02660348862366883 -0.010071562970147965
1760467714.860554 1.0231119865638223 -17.859775644890384 51.18264784254288 0.9994979807179506 0.022513298705540898 -0.02074438771039126 0.008161390852996955
1760467715.260742 1.0346098828761048 -18.042568678850593 51.6719775006797 0.9998318988360766 0.015165499113365856 0.008536275425505184 -0.005771802868072427
1760467716.06102 1.0163597424736643 -18.27963701206939 52.356073922553335 0.9997384436956004 0.010854116236024159 0.017090861583059204 -0.010636484766234149
1760467716.661239 1.006360038284929 -18.49166666489106 52.939726914796374 0.9997388682467101 0.00979836001988728 0.01840592541246735 -0.009349297696535828
1760467717.661634 0.989565604105157 -18.814750742498603 53.84126922360038 0.9996116452345548 0.007803394686716317 0.022459182202891892 -0.014534472044324431
1760467718.261846 0.9719674968263613 -19.038315576476723 54.4658283192476 0.9996067642402787 0.006531842827968151 0.02539677484660024 -0.009932559677225162
1760467719.12888 0.9511669393219848 -19.330563808121223 55.27686420490095 0.9995819722511207 0.003941353099503388 0.026265344681984715 -0.011422703490921584
1760467720.062512 0.9438932015983391 -19.6375743021949 56.106813843833116 0.9995115107176912 0.005628035889466961 0.02890118941659067 -0.010477900799875458
1760467721.062905 0.9309727082021755 -19.997696904607654 57.10868027631485 0.999470012848021 0.004410828600728123 0.030474950066649315 -0.01056008650849874
1760467721.863203 0.9025875670646301 -20.279534250425662 57.87599526156379 0.9993907596170231 0.003122110737915366 0.03278179964870866 -0.01156354739869209
1760467722.663487 0.8699723797608726 -20.559383027399473 58.621585932136746 0.9993358743918256 0.002700163882234909 0.03289548096253855 -0.015440421003902995
1760467724.130691 0.8130761440056171 -21.033724942743046 59.88713911335659 0.9992395836218395 0.0023293764781703455 0.034204429866817924 -0.018571093289350145
1760467725.131327 0.7643741034678323 -21.369162969830118 60.801861665670735 0.9992769719127729 -0.0013082606092371456 0.034250982974111624 -0.016452720879076448
1760467726.131417 0.6893651206103893 -21.68633094172978 61.66713814929923 0.9991380669716845 -0.0050968241196782125 0.03750238752953275 -0.017050408838595862
1760467727.531907 0.6254682779890136 -22.15142242490846 62.91410438450306 0.9998782652887627 0.004361041779747458 0.00542650191701911 -0.013963845984351199
1760467728.665657 0.6276457869668444 -22.49148490472239 63.82631524813869 0.9998032373504553 0.007840061960215325 0.0018058621913562638 -0.018131709068784387
1760467729.73269 0.6333061825519941 -22.841377520665073 64.7163302132341 0.9998015536616406 0.009178389972930303 -0.0011594067539995132 -0.017642738711813745
1760467731.466885 0.6718264048918899 -23.363240211086012 66.08824467172072 0.9997242153682857 0.014222295109706991 -0.00561142017740835 -0.017825024310509422
1760467733.067224 0.7151853446712286 -23.860616229380973 67.40124311970997 0.9996704602023861 0.013320223892856371 -0.011993747808317195 -0.01837641552925911
1760467733.667449 0.7651574063848606 -24.093421190327998 68.04554864115973 0.9996678935846498 0.015625694001675985 -0.01300845324639451 -0.01583415192334699
1760467734.534601 0.8237270066462342 -24.41919260757498 68.92927518558277 0.9996637479182363 0.01705617114522625 -0.014566482839821539 -0.013011368168139439
1760467735.268302 0.9022729235596483 -24.72494841008692 69.75425714601735 0.9995181416027002 0.022426504842852846 -0.014064730965636521 -0.01620863444223851
1760467735.868187 0.9443527380780818 -25.002874269626364 70.48563776390647 0.9994564527848561 0.02250759513811695 -0.014833305824176416 -0.01897841368865735
1760467736.268316 0.9680006277255232 -25.220464027378288 71.045701709653 0.9994387702489659 0.021620623931442533 -0.01629750070422168 -0.019725227878169566
1760467736.868544 1.041614198153742 -25.521447936083394 71.8715813581214 0.999373213227308 0.024963774926003435 -0.018039796495075935 -0.01745154341557088
1760467737.402089 1.0826296860977551 -25.78797476017062 72.59861426601998 0.9996501618863367 0.019641167573387866 0.00313979227629628 -0.017433303801535745
1760467738.002254 1.0705979449398833 -26.087185689365306 73.37184822344933 0.9996354487363103 0.006581635472661863 0.011705163291124074 -0.02342308384027844
1760467738.669169 1.0728497489127973 -26.467455289525336 74.34720291271454 0.999524076636378 0.008255963815661932 0.01920650822778731 -0.022684120599358537
1760467739.469413 1.0271759820590065 -26.92622506863529 75.55968105986709 0.9995515750924775 0.004648337605928192 0.022662297296820667 -0.019012153188918978
1760467740.403079 0.9358805827390221 -27.45481567670555 76.89497911204937 0.9994033554033831 -0.0027112814786379716 0.025681123414466513 -0.02293604284469877
1760467740.803219 0.8721844021777124 -27.728211140307142 77.58894257280309 0.9993424813322569 -0.0048575047061253035 0.027307616706590553 -0.0233517391755674
1760467741.470086 0.8245791654869056 -28.09134562040819 78.52993122198573 0.9990358256080992 -0.007365746844261099 0.033586008008374614 -0.02729734402888587
1760467742.270383 0.7491633472316366 -28.529751165066187 79.62879945661925 0.9987928106662952 -0.0113774509967748 0.03998715707948698 -0.026162993690298623
1760467742.870608 0.7117850568993308 -28.89398352826485 80.50645558590544 0.998537354859413 -0.013660945137495785 0.044168254376390485 -0.02803024854794483
1760467743.404107 0.6514039212550712 -29.212506383511105 81.28758257569972 0.9991698569887643 -0.009618878658001507 0.02886450751264531 -0.02709085204395595
1760467743.804214 0.6096635661422619 -29.468340849707598 81.93764515752825 0.9993632138838418 -0.005714268969173568 0.023794157610485808 -0.025968286996141506
1760467744.404425 0.5602232176115138 -29.840431775164596 82.87229944670588 0.9996500877342637 -0.006709739344344328 0.012739348736060925 -0.022189873469470787
1760467745.07135 0.5461775742198284 -30.20756744090122 83.82547770018722 0.999607266134571 -0.004617178267257246 0.009230447774130523 -0.026053675166978676
1760467745.604852 0.5477341711592946 -30.54500725717719 84.68869595389465 0.9995571231484497 -0.0017421404939289768 0.011609449123796084 -0.02734489350383867
1760467746.071652 0.5248175798934326 -30.82901181121638 85.4082746109934 0.9996809119229586 -0.0010412308909339466 0.011731787530046285 -0.02234626001065055
1760467747.005307 0.49099007048289456 -31.30126732133344 86.56223574964976 0.9994673780009333 -0.0015339626858810811 0.012063735354441054 -0.030283222413009677
1760467747.805563 0.4549795893818965 -31.69866014750974 87.59259772189267 0.9996723116168903 -0.0038679661923929896 0.007703047849746995 -0.02410334578232112
1760467748.405757 0.5838045966559956 -32.03526682290607 88.44897452311974 0.9992347435382019 0.007296468156113979 -0.026298222968696362 -0.02801949905475506
1760467748.805913 0.6256298307285806 -32.26451031809887 89.04447001083783 0.999154838141777 0.00856876875501411 -0.03179517124479882 -0.024601884184273202
1760467749.206048 0.6819306364467433 -32.53286007213876 89.6852578882918 0.9989553972844432 0.01176139162580988 -0.032696719011162924 -0.029676732792032607
1760467749.606149 0.7253583657179739 -32.79763450307275 90.35394851824225 0.9988067780936822 0.008395696877986067 -0.03479399458707117 -0.0332251448262561
1760467750.006286 0.793357118110976 -33.06118532888969 91.02641970133392 0.9990351707433047 0.011095969446508886 -0.03336498086063047 -0.026313212120678393
1760467750.406441 0.8682556473672816 -33.380948531508864 91.69107904874873 0.9980797700286349 0.013111578063807161 -0.032168911611362996 -0.051283723597301066
1760467750.806566 0.9362801060800808 -33.67192491285849 92.37432005010619 0.9985158430533944 0.015080272293963847 -0.031453380275783725 -0.041825607325370294
1760467751.073382 0.9713438416488288 -33.85779852148845 92.83926449691303 0.9986804193790058 0.016945068756586284 -0.0329062548699458 -0.03560144637850824
1760467751.606848 1.0895500161331149 -34.23723861435666 93.81056940657965 0.9990908428848723 0.017618264631739624 -0.03321624126084653 -0.020093922749492885
1760467752.006953 1.1632162632035832 -34.51516379022539 94.52672062913499 0.999150714366657 0.018177282612370383 -0.031240704187967604 -0.01978521617948553
1760467752.273717 1.2339125347685422 -34.72424906767455 95.0735445634013 0.9990649097244907 0.02047541333129881 -0.030994412988891017 -0.022122612178083687
1760467752.673842 1.3055495805568256 -35.00359231973573 95.81492068121808 0.9991281204799075 0.021656586650700905 -0.02833041107792378 -0.021711262724306804
1760467753.20736 1.4175374302075767 -35.37147622434169 96.75586643567591 0.9988891724847687 0.02850870160699561 -0.026254508307105358 -0.02680253381546746
1760467753.807525 1.5277926805802988 -35.80375525886085 97.78646542747299 0.9987347519658237 0.033472142435294484 -0.022917873692994147 -0.029720059925042622
1760467754.207674 1.5945528454835733 -36.07558950539554 98.45854289688587 0.9991861826949049 0.0272900354740301 0.004173880328705577 -0.02940756702639735
1760467754.60779 1.593412924568601 -36.339385575055125 99.14167185078422 0.9992067340380896 0.01997152062489152 0.023837894934321566 -0.024875606162751824
1760467755.007941 1.6018943629767106 -36.55782587495856 99.69397118310849 0.9993092853495599 0.02006228741702549 0.024482213372843526 -0.019469927224185748
1760467755.674918 1.6005364674353173 -36.81480959583941 100.32993002332705 0.9991176952019726 0.019241423134691252 0.025394545626875063 -0.02736267206349908
1760467757.475423 1.573457666863127 -37.44324711885175 101.90602549848917 0.9989618924306258 0.013955951940321216 0.032582039960175606 -0.028614324190788437
1760467759.075942 1.4897245256649767 -38.01479936285259 103.31272975426717 0.9987931410309382 0.006866033354071021 0.03751540392310852 -0.03094694627938975
1760467760.209618 1.4511156782384527 -38.442668978443805 104.35442802768435 0.9986616496290273 0.0025065485865879925 0.040822096813950534 -0.031657276985321586
1760467762.143584 1.3413583848160682 -39.16120841755345 106.04552951076202 0.9985006887021007 -0.0009299446150891638 0.045548760680678174 -0.030345020430009664
1760467763.610689 1.3153870900719624 -39.69473465634963 107.25756378272872 0.9992949728721892 0.004161079286067032 0.01789375511769138 -0.03274226839016867
1760467764.410964 1.3097283831286317 -40.01135894930142 108.02404016182616 0.9994236471305901 0.0032480092886117283 0.016330251777909588 -0.029582881345823837
1760467765.811394 1.2724681333372792 -40.56093049890251 109.31004197946334 0.9993820935114072 0.00413610934820207 0.008899453358684051 -0.03375090366395195
1760467767.345254 1.2927880605634345 -41.091038952893946 110.69547376382133 0.999685879572345 0.007535757017872507 0.006707832722093273 -0.02294252667006881
1760467768.145485 1.2928489019020424 -41.36507238665479 111.33734371952092 0.9994903926307822 0.0055541666910533215 0.004555568155282746 -0.031102300074357044
1760467768.812574 1.2952160980131657 -41.61006492186287 111.94676572404722 0.9995017091684314 0.006344899647850736 0.0029863855537072418 -0.030775917844442238
1760467769.346026 1.3113695370390894 -41.8525805380427 112.53281030573292 0.9994719444088209 0.007114411751711047 0.0026103985636427946 -0.03159752054223598
1760467770.146123 1.3365746453692315 -42.17428916287565 113.32026775591507 0.9995153153947156 0.007917276272798356 0.0029117144898173778 -0.02996619673152239
1760467770.946401 1.3623901844718356 -42.4962932476286 114.11512020882718 0.9994758801978674 0.007009163946534873 0.001712046564574853 -0.03155796920002441
1760467771.946681 1.3715104638400832 -42.86405665784262 115.00033866191357 0.9995639820315196 0.0042357332186080555 0.0010564471393604336 -0.029202539424412286
1760467772.547847 1.3896700604526897 -43.10687243858709 115.59458791334114 0.9996085089718282 0.002574981096123026 0.0001914970682845589 -0.027859676816965395
1760467773.213768 1.4043362256655998 -43.395537642527906 116.30436502274475 0.9995522422965527 0.0009058252382993978 -0.0005947849186013079 -0.0299021843929798
1760467774.014012 1.422372597433631 -43.7084647372376 117.0665304716125 0.9995371492780473 0.0005433104961707009 -0.0003426860218906604 -0.03041503892994111
1760467774.747581 1.4396006800421532 -44.01774084989535 117.87320326369434 0.9995246319789466 0.0006436216509853352 -9.197260613063352e-05 -0.030823487141486253
1760467775.614498 1.4544386037541184 -44.35129096715667 118.68478001412248 0.9995773676984139 -0.00026971324599767366 0.0003405172957178131 -0.02906711695105487
1760467776.414788 1.473655376493098 -44.671496792151274 119.47238430994747 0.9995196138346814 -0.0007625092738447316 0.0012007834932691557 -0.030959946033205274
1760467777.148361 1.4819129517585667 -44.970223615250696 120.20917838276124 0.9995783960035959 -0.002403739360866791 0.001408460036555387 -0.028901012444013857
1760467778.015274 1.4682895360297539 -45.30954463514985 121.05248262124165 0.9995408419622658 -0.004621978655121043 0.0024453873049669218 -0.029845646979172444
1760467778.748853 1.4707718577636957 -45.58085708375163 121.75790372744795 0.999571795720087 -0.006261701944181718 0.005200484279426219 -0.02810642725325435
1760467779.349038 1.4735057648475016 -45.83102329154229 122.40103651279557 0.9996129248025178 -0.008088077813015489 0.00569382113427987 -0.02600315299991625
1760467780.015893 1.4815304871951869 -46.08616931792543 123.04271068121732 0.9995240953156319 -0.010005112263255397 0.0074831115745754686 -0.028204319761864605
1760467780.61618 1.4677223240180506 -46.34306968661971 123.6819200732805 0.9993951489880044 -0.012965805906967245 0.007251154454488003 -0.03144272277498139
1760467781.416368 1.4591533133703174 -46.668124410026095 124.4623509244089 0.999328375572351 -0.01383071963189665 0.008106242387586301 -0.03295144617074767
1760467782.149896 1.4447080814757391 -46.95468304058529 125.18355295804724 0.9993395312376749 -0.013912772903280989 0.010596319211033264 -0.031853635192606145
1760467783.016836 1.4395446779212828 -47.30664094608597 126.01651941278242 0.999247268376215 -0.013292979654366547 0.01290526540395234 -0.034082949687999006
1760467783.616999 1.4313424071670409 -47.54967867619611 126.61099880721626 0.9992322533215354 -0.013062943823590018 0.014874554504061985 -0.0338084464140898
1760467784.350645 1.4179564896480374 -47.844348534562215 127.3454353673415 0.9992780124861779 -0.01338074427562789 0.017258167524303012 -0.031089630071898022
1760467784.950841 1.390757820320808 -48.096110662634864 127.9338646648771 0.998819650972751 -0.010621201265620354 0.02215892080381887 -0.04189841456615182
1760467785.417603 1.3742095120237945 -48.293684993421145 128.41590947908455 0.9989581870356893 -0.010962128821620636 0.023364846052078014 -0.03763583737649363
1760467786.21783 1.3455275620523603 -48.615699586548885 129.17324285628354 0.9986267519977166 -0.005949142400736854 0.02953726759188987 -0.04285752818807882
1760467786.751337 1.3258408054521977 -48.84633547303743 129.72131845830398 0.9988195433715276 -0.005063787963057927 0.030868661112641096 -0.03716185667685855
1760467787.551621 1.3082845565480952 -49.18529702480735 130.5091269876068 0.9989188962808268 -0.003594168015367539 0.021357206741635833 -0.041133810054107066
1760467788.351825 1.3759626686870414 -49.53320524925286 131.31530945663724 0.9985892023632437 0.017950194472694737 -0.02458152176828077 -0.04351027728581874
1760467788.952013 1.4358403656475833 -49.804530925434484 131.92384345026082 0.9983487901053164 0.028888654472493138 -0.023428399528342286 -0.043774981822499774
1760467789.552322 1.5209003052139878 -50.05291602886499 132.45052854325027 0.9974199218224903 0.03150894024809042 -0.027985960842798835 -0.058116023881241374
1760467790.419467 1.613005365193642 -50.440872563609126 133.29642228540646 0.9978596194246935 0.02567760922667865 -0.03853953485338912 -0.04616865342732251
1760467791.15272 1.6976236409968057 -50.76291470400846 134.07092223832515 0.9984471812957963 0.025607821306633242 -0.03275808678319556 -0.03707254240959521
1760467792.019633 1.7784347837581136 -51.133279825108566 134.93113625015627 0.9988895107876822 0.021515211775327715 -0.015461875210690767 -0.03895858461978511
1760467792.819918 1.8387911169386506 -51.462489825297574 135.69992052263467 0.9988114166452691 0.023063183152435433 -0.013430387746955036 -0.04078563775294684
1760467794.353681 1.9434309617941254 -52.10320309936938 137.22910116062175 0.9987477856338428 0.021336564623951785 -0.01490365366389106 -0.04272578623044907
1760467795.153949 1.9846079116983113 -52.40119197483501 137.94460127748897 0.9988407128678335 0.025036896597991395 -0.009932600531154426 -0.03989646065891108
1760467795.554169 2.035935318166626 -52.58118499800673 138.3592879254124 0.9985974615821724 0.028385883554111972 -0.008618157099531818 -0.043852921278995656
1760467796.220933 2.0724663043659217 -52.82935137478475 138.98625194710925 0.9990065991692414 0.029172604276946172 -0.008824932935116951 -0.032509914406194385
1760467797.021175 2.1215393776164757 -53.177639721040364 139.73806102232996 0.9981416079513057 0.02526724578388278 -0.012224057948583524 -0.054087606474575355
1760467797.821421 2.1731884861631654 -53.51101439795622 140.48646606205247 0.998458749307041 0.026228410017478165 -0.011271157889027224 -0.04759367016752435
1760467798.42164 2.2207033143297137 -53.78126732880007 141.1087783331071 0.9986709269768691 0.027122782795970204 -0.009607203937369923 -0.04276021395022808
1760467799.355248 2.279020402669166 -54.20872844239232 142.03463223899797 0.99839461950982 0.027635451711056937 -0.009201396358175809 -0.04857777112659049
1760467800.15551 2.3323405884990414 -54.575947721102374 142.8605739350041 0.9984129123574376 0.0286780022874495 -0.007523376567125602 -0.04788138915873378
1760467800.7557 2.3915127292828733 -54.85026596753321 143.47825015416385 0.9983627951483736 0.027555665212437692 -0.00697249040327739 -0.04963666946727077
1760467801.422555 2.4169648765908254 -55.129749430226646 144.10138092749276 0.9984924287689827 0.027383411551337052 -0.0064831469795566445 -0.04712735159193063
1760467802.156085 2.4561852847891426 -55.47634046296603 144.87628386746516 0.9985098708539274 0.027159068620555733 -0.00613871730914671 -0.046933345808026175
1760467802.822989 2.4900013975018176 -55.761084967021624 145.53173060928756 0.9983796166307904 0.02725383601546617 -0.005764486797278687 -0.04961995778476565
1760467803.423192 2.5191023356152398 -56.03888416466978 146.16057866266743 0.9984646353255902 0.026605119208216604 -0.004388909370320985 -0.04838674519526814
1760467804.156704 2.579025070744504 -56.339135701092545 146.83976474129128 0.998477134082908 0.026457707334312 -0.0035885389674550866 -0.048275509570314394
1760467804.756893 2.601941694807145 -56.61092094342501 147.46496201656015 0.9985820133913151 0.026782980400359157 -0.003045096319015937 -0.0459060113779135
1760467805.557151 2.6077490601177757 -56.94064677180181 148.2037540108642 0.9984898991049811 0.02553878680531676 0.004623818597177864 -0.04841809636300663
1760467806.424112 2.6364161756930877 -57.28555291091074 148.9881019536821 0.9986652385644358 0.022795227497235476 0.01496448409082407 -0.04386551153563853
1760467806.957601 2.629124191803593 -57.50992821623092 149.49607855901385 0.9984941544725893 0.021361540348118664 0.015678242854991333 -0.04803437080887757
1760467807.557848 2.625492892340717 -57.74599894927853 150.04148317511508 0.9985636085350889 0.019637070316123176 0.017213880540397946 -0.0467844792161055
1760467808.091245 2.6230730591050753 -57.9719332664607 150.54063463737427 0.9983881338458328 0.019758336189900555 0.018801899663618817 -0.0497717883532602
1760467809.491847 2.600911775838746 -58.53710979940228 151.80466872461315 0.998250790737706 0.0183605784417622 0.022021368875660943 -0.05170403527453938
1760467810.291916 2.580057385190896 -58.82055443387594 152.45154699853688 0.9983414962981584 0.02026120136030668 0.023764994776812914 -0.04836285260248146
1760467811.092303 2.5700541007541022 -59.155700500879796 153.19370532502978 0.9984937421753899 0.018959659163052707 0.023864269961241722 -0.0456209905660085
1760467811.959114 2.5967360018250782 -59.48714258379797 153.9035382101488 0.9977302488989036 0.025120458978224677 0.022471004436540747 -0.05829551382798044
1760467812.692671 2.590545603005849 -59.78899723424873 154.56601444653222 0.9982439974760031 0.02394614479029849 0.020783578564126885 -0.05003545257994648
1760467813.493151 2.5873556791512997 -60.09485526518302 155.25293952832658 0.9984432751679371 0.020645080109522866 0.019166098751176246 -0.04814008306862966
1760467814.293329 2.5621371088504983 -60.43574892052934 155.98217565146913 0.9983017319464083 0.022244154334524844 0.021605503688541267 -0.04931583722403766
1760467815.293797 2.555729991349063 -60.847003968508695 156.85777465439912 0.9977371642576975 0.02309688872737628 0.022380148593939053 -0.05904416769704565
1760467816.293768 2.5529372409829 -61.24805169814048 157.71508016232838 0.9980695665240654 0.022819446854700103 0.025040467018854488 -0.05205178416910813
1760467817.894299 2.53325838164953 -61.87424674241285 159.07960762223792 0.9978353115008921 0.025016146976083592 0.027558426568976297 -0.05421638716689699
1760467819.8945 2.4468647308160145 -62.683503654590126 160.8280727737196 0.9979081947379989 0.023315458558560907 0.028187547615836764 -0.05330184261690265
1760467822.493003 2.419667914855536 -63.62670187184182 162.91902138116282 0.9977762588047981 0.023865419553917834 0.028690355025437934 -0.05522538042902217
1760467824.892364 2.3541589468462307 -64.51323788161662 164.7410022676833 0.9979674715351861 0.02624755414724237 0.024054139024928027 -0.052852531204518875
1760467827.091981 2.3314075911114247 -65.27511763797598 166.39760362855722 0.9979506616758117 0.02596607743387872 0.023030341783353427 -0.05375726035475968
1760467829.091599 2.3022427116931574 -66.0132745258237 167.95323756145763 0.9979593314110896 0.026039582768587782 0.023138679025154422 -0.05351368527526186
1760467830.891267 2.255659860805325 -66.72671641356858 169.45657969360292 0.9980743711115078 0.025879099847391764 0.022672234692406593 -0.051611933654042715
1760467832.224324 2.2368089879116098 -67.23163968813877 170.57268393680332 0.9980472200252875 0.02515438539809259 0.022146267536778143 -0.05271191828447486
1760467833.424076 2.216094905226779 -67.68995348324545 171.55314084180057 0.997941365317964 0.025312917417810474 0.022074373773878397 -0.05463524157179302
1760467834.623882 2.1985032799909465 -68.12686835013372 172.5193306919117 0.997941141735342 0.025732229648195368 0.023139686958716675 -0.053998934033434164
1760467836.223504 2.177863337170382 -68.72047296385497 173.82137220398954 0.9979309701596271 0.026172151212249313 0.024036476010816713 -0.05358213431891461
1760467838.223103 2.1162419245294246 -69.51391856244669 175.5477397969525 0.9978615265781118 0.024970585289261913 0.0248445978161814 -0.055059872909989926
1760467839.889431 2.1024567822066347 -70.19961927976954 177.04118058111078 0.9981143742636491 0.03007858147724106 0.006785152722701655 -0.05307482008571242
1760467841.02259 2.113942784702692 -70.63303411898528 177.99128845685604 0.9981031467620749 0.03020514009979913 0.004650497088864571 -0.05344278072875637
1760467842.622248 2.1479821041477805 -71.18554654073199 179.23569268466807 0.9981397660773054 0.03283864897643166 -0.00021788694010333823 -0.05136713963056849
1760467845.021791 2.4014728260181255 -71.98652763141095 181.05198503440837 0.9975519282253135 0.04231292425128799 -0.020568099083117276 -0.051737029634205726
1760467846.821427 2.5966527541924247 -72.60136928176006 182.41188772207803 0.9972181284649828 0.04684588761462847 -0.026229489796101135 -0.05170571476569033
1760467849.420948 2.7895528934383385 -73.43880655418421 184.28788527849105 0.9979094123503172 0.039005054528923506 0.006287120838241683 -0.05114569948104789
1760467851.887083 2.7685221529729684 -74.1092380393488 185.76933130944818 0.9978134667047589 0.035558510696221186 0.016104554813863622 -0.053334053792536376
1760467853.620221 2.850770106056994 -74.65145229548531 186.93740832085572 0.997465280811284 0.046662662570555055 -0.012268943718931306 -0.052298016386040244
1760467854.686552 2.8775764990200017 -74.91867548585383 187.545227349776 0.9973462440434013 0.049403942013725596 -0.014347737182782138 -0.0515156524151506
1760467855.819599 2.9952524850440994 -75.22402165068137 188.20739977206162 0.9957613934195957 0.06348793581734337 -0.042849654987544755 -0.0509159743908189
1760467857.086072 3.1567393409591316 -75.56405336559777 188.98922614011573 0.994308957743486 0.07151183123660465 -0.06066360017260889 -0.05055375513596964
1760467858.685733 3.3779746686437977 -75.96082504393296 189.90353010409302 0.9929536292353205 0.07806949090480077 -0.07390857273038969 -0.049857473413998696
1760467859.818819 3.591092093151966 -76.27155566920231 190.6145583638735 0.9920232159910152 0.08236565077735945 -0.08110893148748421 -0.05027106264864881
1760467861.018613 3.8303909875897957 -76.57832805745103 191.31377326785292 0.9887649416247389 0.09174737694707487 -0.10793714780827661 -0.04770619624506269
1760467863.351536 4.294344996852981 -76.9245874988488 192.157587881561 0.9732385266294573 0.12357486734638012 -0.18849293382468144 -0.044793262245697844
1760467866.550851 5.211749322901941 -77.32258551518717 193.2096263621116 0.9203381180263891 0.18052522662866283 -0.34516900180553567 -0.03530936491760044
1760467868.550479 6.190962311801193 -77.5104276371515 193.75766037909415 0.8549219361017372 0.22950169420270367 -0.4646458918995372 -0.023273389762332668
1760467870.416768 6.942043675239795 -77.52226229991767 193.95915907949782 0.7982771341037347 0.26233675977344867 -0.5420496999971127 -0.01073146642989809
1760467872.216404 7.643933851129363 -77.37773771791142 193.76085946318642 0.681665492397603 0.2965875619351235 -0.6688239098683499 -0.006523202290740993
1760467874.349299 8.479591371311894 -77.21301993696507 193.519069795109 -0.5947925678470165 -0.31160790790978743 0.7409895202539667 0.0075394851172917625
1760467876.348926 9.21451179921569 -77.03239610474928 193.24274032314736 -0.5640428158563673 -0.32500330145578876 0.7590965156809584 -0.0010177449024137409
1760467878.215236 9.942468076770325 -76.90683292534816 193.04660624933308 -0.5904957661323177 -0.30433845292316 0.7474449409381849 0.004349312366097685
1760467879.748372 10.722588782141269 -76.78219816987787 192.81983146406105 -0.590616103308999 -0.29373234343404947 0.7515824227891101 0.00421790081517659
1760467880.948002 11.41947378504329 -76.65257061054662 192.60653210279196 -0.5902405946774315 -0.2963841543476366 0.7508422259721254 0.0029026098071032766
1760467882.147787 12.144588041691653 -76.51312080858499 192.38411917871804 -0.5901040369388566 -0.30011805456786983 0.7494645309705746 0.003048889620558903
1760467883.214237 12.722209646610285 -76.41788397363851 192.21173009794524 -0.589772927154947 -0.29723131001615294 0.7508669173287272 0.004507238891064459
1760467884.613936 13.445757358969178 -76.29042331827576 191.98837978811014 -0.5916686243725051 -0.3004382337702338 0.7480740466819413 0.007094173882450891
1760467885.61377 14.441617266766935 -76.13600971746393 191.75906174586765 -0.6226916150714861 -0.2931583131834582 0.7253851203568087 0.011392238411825004
1760467886.280267 15.083242785029725 -76.06558494680151 191.63929450476468 -0.6309837155985059 -0.29051333674349733 0.7191614056392616 0.016383664505375966
1760467886.946948 15.579531307846054 -76.00755274590222 191.5472998511235 -0.6345346979171501 -0.2888055928012706 0.716675446946149 0.01825788734863417
1760467887.946599 16.355132769077343 -75.92011107132342 191.4020095481281 -0.6404935222856439 -0.2896379547763194 0.7109180866856185 0.02175723066889346
1760467888.946443 17.165206749431775 -75.86704370276374 191.32454947886708 0.6792632316949961 0.27647779954886154 -0.6791581487342979 -0.03009480738750055
1760467889.879547 17.960913489081314 -75.86517305852821 191.35801855610504 0.7264113947854893 0.261772196039296 -0.6345965646603239 -0.033000045876931235
1760467890.879397 18.882979060542347 -75.90099924683979 191.48426053580476 0.7614868549658756 0.25034455422501034 -0.5966520905240363 -0.038362178735799536
1760467891.479834 19.549575521305155 -75.93845832167736 191.59199477729337 0.7683908559410622 0.2473048786333376 -0.5891087816928527 -0.03696799754753855
1760467892.145792 20.300630377757532 -75.978819553335 191.74242686373304 0.7776240923632548 0.2421233721646761 -0.5794288081831406 -0.030647999531696172
1760467892.745684 20.925462400090325 -76.01826009851162 191.88370496851178 0.7842244298124201 0.23692828968618754 -0.5726610431221921 -0.030271420877871616
1760467893.545561 21.766935376580655 -76.07342011397326 192.08619760763943 0.793608971228073 0.23467515365395633 -0.5606935849914562 -0.027112299667129705
1760467894.078732 22.36484562034902 -76.12209048384057 192.23699854939076 0.7999540703321963 0.2305088930967879 -0.553329871555169 -0.027662046326787326
1760467894.545325 22.875927343135782 -76.16107279382476 192.37860428237985 0.8049205144395457 0.2295595017156835 -0.5466748611067878 -0.02349461300592884
1760467895.145379 23.539967459537205 -76.21982923425122 192.58107671433646 0.8090256456512591 0.22837797731212905 -0.5410814880141952 -0.023491008614540617
1760467895.678695 24.15820531098221 -76.26278033548408 192.78870000945653 0.8204262388575299 0.2276994738796609 -0.5241264023622951 -0.018580918593289187
1760467896.144983 24.664543333831638 -76.33196276393645 193.00673897961957 0.8376789520057605 0.21461164481390688 -0.5017469663137754 -0.022040804697731575
1760467896.678221 25.257151235253332 -76.3801173554331 193.27304654774485 0.8463462739593659 0.2271299859995458 -0.4815603620214329 -0.014476592994576987
1760467897.14481 25.756786882126768 -76.45321133498527 193.5190573188069 0.8535010849838818 0.22147166876781585 -0.4714107266019601 -0.01606625996141011
1760467897.744804 26.298540822588954 -76.6137004224744 193.83669296566947 0.8729858881073078 0.17912580374381315 -0.45140220924959007 -0.04522865334295543
1760467898.144637 26.630413365526383 -76.71036179448161 194.0691991276685 0.8865721563964155 0.1685984049982438 -0.4284272357352884 -0.04488310389085567
1760467899.27811 26.873586288061297 -76.96365105989926 194.61612904497548 0.9355924259278049 0.1382230207554258 -0.3223721151783873 -0.04046515087309908
1760467906.076629 27.921170141292478 -76.70358436864242 193.92535952355374 0.9956070293715986 0.014378128011014917 0.07880857002780724 -0.04846773969282961
1760467911.541972 29.085010032681794 -77.40985319460746 196.12255531832676 0.9912975951728893 -0.002097795003095705 0.12483458871813032 -0.041725322289308225
1760467913.87481 28.803659536000783 -78.00728842230673 197.39716516388006 0.9893281584006121 -0.010645761868118248 0.13949467226154522 -0.04071485184235308
1760467915.074608 28.511280527137163 -78.38295013403378 198.2294874706714 0.9877254318372267 -0.01401632221893938 0.14947557336210443 -0.04311689902450061
1760467916.80759 28.16881943386492 -78.9699387870851 199.47779305798412 0.9864497873527568 -0.033261494288068065 0.15612889726490545 -0.03787159183702572
1760467917.607437 28.031912900417733 -79.23367798076923 200.0833899475443 0.9929492626418693 -0.020261790345331595 0.10981686008941206 -0.03976781250046566
1760467918.807431 27.79907990511046 -79.56023767787664 200.81617995979627 0.9930266732104321 -0.025464920980425722 0.11045193084813854 -0.03240270149231891
1760467919.473732 27.654210355942258 -79.78195518574533 201.36473046009874 0.993155884726472 -0.024497377637710704 0.11001917841924708 -0.030611231631672762
1760467920.073591 27.586581611505988 -79.97562100618197 201.84588344531605 0.9971799124804359 -0.009843523486162823 0.06644892606195862 -0.033464420151855176
1760467920.673481 27.535723439651875 -80.1734855856023 202.30748934205846 0.9974657252276521 -0.010987152677843118 0.06293600776453513 -0.0313124320162204
1760467921.273389 27.48364541542883 -80.40767009460737 202.8699920944228 0.9975364639721732 -0.010301215703934899 0.059504570980995444 -0.03569445381682938
1760467922.006621 27.417988539612644 -80.68552748396534 203.53760519434599 0.9977042268669941 -0.010203679929708429 0.05639456018452704 -0.03608066226137299
1760467922.606512 27.34144012544892 -80.9459849224484 204.12754282281023 0.997999946649642 -0.007839992021019895 0.05516870627644751 -0.029850542042066955
1760467923.406432 27.251817331034776 -81.20379083731545 204.82396262259036 0.9975404625108322 -0.009525049730888586 0.06569648066255007 -0.022500477991682904
1760467924.206308 27.19499336796086 -81.39022016815652 205.29610280665213 0.99344305905502 -0.015921037391401903 0.11127741646444762 -0.020850553200900443
1760467925.206414 27.02388683385637 -81.72632368551618 206.1093352950478 0.992476643334701 -0.01288078199655259 0.11832755887252351 -0.02868425877570384
1760467926.6061 26.888875871487638 -81.94506310302411 206.66176560686577 0.9920723451126514 -0.013337076658912551 0.12091937676849811 -0.031513311009737206
1760467927.606069 26.767398143033603 -82.15901352519907 207.18804232610879 0.9916893318154661 -0.014287905874702422 0.12505138014153405 -0.02665102688091679
1760467928.606057 26.63688303706657 -82.36535441874365 207.67514365101752 0.9912709989360955 -0.013008237702479665 0.1283461348401931 -0.027200406094292164
1760467929.806374 26.47676906988474 -82.62703077506865 208.26179685883645 0.9909257735729473 -0.010717624632866088 0.13156395947367228 -0.025341040994694208
1760467931.007068 26.26851740428237 -82.92490618385905 208.97513519432275 0.9906067203697368 -0.015949396225118442 0.13185877840167778 -0.03251468709345485
1760467932.007544 26.077356439049055 -83.22217023390711 209.65912158693163 0.989576798688153 -0.0126677049078401 0.13930823496390515 -0.03421263541026765
1760467932.874733 25.976108357237383 -83.4770434177056 210.2830646766266 0.9957163280308817 0.01051215230292968 0.08880082897048164 -0.02351385805886975
1760467933.87492 25.87675064230058 -83.78279011225992 210.9862473898924 0.9961771303568571 0.007681350645003534 0.08087787240159072 -0.032107500090133884
1760467935.008636 25.777734961534158 -84.14718963816803 211.8271633057855 0.9961326076737071 0.013189624003362797 0.07908768915731039 -0.03593047691844192
1760467936.409005 25.64499866828263 -84.5674939309133 212.80328554431483 0.9952475652174009 0.01001086793628944 0.09002482554180889 -0.035743492249142104
1760467937.542717 25.55574917006944 -84.91365890387993 213.61231730815408 0.9929934474288525 0.002251564194502693 0.11219800106515881 -0.03702097215124554
1760467938.809711 25.39876604478541 -85.32001931227663 214.5164182570808 0.9918453756294727 0.001759289902132282 0.12077623701583833 -0.04065410574301655
1760467940.943684 25.05180390427869 -86.05914770413061 216.15335488554769 0.9899564063561458 0.0008236855405795616 0.1341866347617413 -0.044492494961228826
1760467943.411112 24.473793973978932 -86.89748182181268 217.89589684312338 0.9839358895390229 -0.018438733685836813 0.17067857946241075 -0.04897959666849216
1760467944.811533 24.138788693499198 -87.33256431503489 218.83224603222422 0.9824768488263109 -0.025694461715308703 0.17821314854720335 -0.048157136982748094
1760467945.411877 23.95644550887066 -87.51899223369045 219.24078768170648 0.983453334908747 -0.02765969955011007 0.17282756142486694 -0.04674519322449792
1760467946.545369 23.692893765082804 -87.83584336228672 219.93428952009455 0.9901694848928445 -0.017912601323886508 0.13318444247017486 -0.038799925061258886
1760467948.145843 23.529903099382373 -88.2943157813399 220.93949569370065 0.9912475987917481 -0.009227307376271957 0.12213008181757322 -0.049267614143677606
1760467949.946419 23.153923594914595 -88.84216364359217 222.1457002831545 0.9866051077453405 -0.017129964711578113 0.15497850606244554 -0.04794359538496767
1760467951.013414 22.907308467225757 -89.15725512897036 222.8429556703104 0.9853634926365934 -0.015916886856676672 0.1636077677971912 -0.045143531189155824
1760467951.946973 22.71668105928172 -89.40514994551316 223.38548920823004 0.9863176607559636 -0.016676895609988248 0.16054792677922516 -0.033521880027678176
1760467953.013994 22.56157153764974 -89.64358125276873 223.93932688815033 0.9885322224160893 -0.00927541253285305 0.14587955720803628 -0.037909982276966014
1760467954.414487 22.322727922207807 -90.00466444743216 224.78838307165805 0.9891425029499679 -0.009456962020367532 0.14246977373575764 -0.034785604765477776
1760467957.12505 21.893122246382028 -90.62828767628018 226.2917939939865 0.9898425682251385 -0.00900305396624492 0.13901544565930826 -0.028378530914880615
1760467960.813216 21.40445168592003 -91.37583295447405 228.0988504518108 0.98994763590102 -0.012912928056617538 0.1382748475939504 -0.026776874086721626
1760467965.356991 20.89287165366479 -92.2127408489335 230.0545436760984 0.9898299568359937 -0.012020538036801925 0.13924096328762925 -0.026535209780473672
1760467967.160948 20.64298498784546 -92.65017641856447 231.08525733781326 0.9892773102787137 -0.009218796042580605 0.14229422684691168 -0.03158750026954323
1760467968.362165 20.412453407763937 -92.9760497847777 231.88174350707587 0.9892224836261685 -0.0070006885814968625 0.14385919515478648 -0.026351474669866336
1760467970.362756 20.131105853457473 -93.40398773662645 232.9483770657004 0.9887570901335159 -0.004778536825564019 0.14734400478363907 -0.025026516953588814
1760467972.229054 19.53732427568894 -93.82998478760882 233.95882935808248 0.9518242193871518 -0.05665777081774968 0.2992920190044833 -0.035282286692084434
1760467973.228743 19.02050502393641 -94.00271116872021 234.32040223116323 0.8905364919815961 -0.11751066254117545 0.43787300777105903 -0.03745970773741445
1760467974.228249 18.515762261936548 -94.16658040261994 234.52945534468094 0.8153151131214025 -0.18679980607148622 0.5470299625145798 -0.03354577288999729
1760467975.36108 17.449838458107777 -94.19932782915272 234.61445655439655 0.72007652475922 -0.25512409663969254 0.6450557508519056 -0.017451994079456898
1760467976.027419 16.941199165844406 -94.30549250347767 234.5397073293544 0.6596479588975996 -0.22134315528529003 0.7151746241137483 -0.06631014216800798
1760467976.760442 16.375789990444463 -94.23874105018163 234.2726263375189 0.5313511226400606 -0.28390457017868087 0.7963693042918348 -0.05348000264159508
1760467977.626718 16.020005524396797 -94.06885967957854 233.764200942932 0.3324815718149272 -0.31569890317009663 0.8872364593764352 -0.051006588729700306
1760467978.42639 15.575905431685278 -93.86577655088688 233.16803609085198 0.20348845864263554 -0.3346269852418086 0.9192173603567075 -0.040702240307747245
1760467979.42594 15.51601491434905 -93.5680937794652 232.35701743722123 0.035050963842719655 -0.34107203322783586 0.9390665948235878 -0.02439730661278358
1760467980.158975 15.507414922801232 -93.3089463274547 231.69252237471963 0.0009715786499284869 -0.34737230470557423 0.9375575875736779 -0.01781313957419964
1760467980.825369 15.542830455081168 -93.05207017402097 231.0628396346959 -0.025587247631262727 -0.34885699806278053 0.9366255721754015 -0.01940683406388463
1760467981.624998 15.606650815386892 -92.7769541713334 230.36483119014176 -0.05327986487675559 -0.34775597526162555 0.9358845717245993 -0.018630783032755848
1760467982.424688 15.638344435033106 -92.4822544634558 229.62744354177696 -0.02680017420807634 -0.3466100330096558 0.9373982583875489 -0.020681896708287205
1760467983.224363 15.609288657790424 -92.19670193666025 228.91910530700056 0.004439912311469022 -0.346725139221146 0.9376217808873631 -0.025047175815908748
1760467984.024001 15.51499955038902 -91.90020970326653 228.17434258948242 0.03463946321681558 -0.345897350611222 0.937436054721324 -0.019203482410934516
1760467984.956888 15.355145924319013 -91.57169941788159 227.33379747200212 0.07541693573878275 -0.3465493793554362 0.9348512941838638 -0.016397293523290824
1760467985.356728 15.289138440434904 -91.42778632205052 226.96703301355564 0.06652455830323714 -0.3472927240589516 0.9352865890230517 -0.014186026642337379
1760467985.823158 15.234388154063915 -91.24837668880811 226.50913523263054 0.04681789947110355 -0.3464112953563 0.9367899293538776 -0.015229149675569964
1760467986.556176 15.20255398395075 -91.01707057938461 225.93073910593915 0.00788829261775555 -0.3479168293333284 0.9374134808602799 -0.012149922124598117
1760467986.956011 15.218449886752637 -90.84806676573517 225.55115883577176 -0.02057331566362192 -0.35556121833937193 0.9343951127237966 -0.00766368145931088
1760467987.489097 15.209720347723435 -90.67371084074854 225.10292417922437 -0.022896277349628565 -0.34863607096159127 0.9369657103724928 -0.0048895903880907384
1760467988.088987 15.222844312952436 -90.47980530633656 224.61207787329369 -0.02706245476685299 -0.34751826566866856 0.9372727078522144 -0.004306934409791364
1760467988.555309 15.24435449845277 -90.32553439697783 224.21073846990825 -0.031346479591221214 -0.34669217424945714 0.9374410079017031 -0.005127497992224366
1760467989.088434 15.270619154770054 -90.12924530639869 223.72852727052222 -0.035372684793364674 -0.34873453542178695 0.9365219660987905 -0.0077203619808712196
1760467989.488183 15.288305367176072 -89.96229233937876 223.33521268224462 -0.03815267833616043 -0.35301884120139815 0.9347931104419909 -0.009160325473874137
1760467989.954658 15.314219493338674 -89.79188474997275 222.90417511496562 -0.04087708150556911 -0.34925812324370437 0.9360452049195632 -0.01293065748388196
1760467990.487763 15.344628143729533 -89.59171027608132 222.41451961172072 -0.043637650331317446 -0.34909077183898135 0.9358207033419138 -0.021702527204718637
1760467991.087515 15.383578425013381 -89.36040748197223 221.85555141251078 -0.04754285899601661 -0.3518642449924587 0.9345194398752297 -0.024589553669368717
1760467991.553945 15.400537331840484 -89.18345568399268 221.42592114767075 -0.04961964833010138 -0.34807017252318906 0.9359734602462189 -0.018404543297630464
1760467992.087131 15.440488683530182 -88.98067201692726 220.9221499944552 -0.05230029989916492 -0.348811046608426 0.9355756086713243 -0.017140970033026916
1760467992.686965 15.495927656042925 -88.73396247773374 220.32669749656895 -0.05338255891589881 -0.3540703243850277 0.9335385264595074 -0.017038996721735773
1760467993.153301 15.535200722650895 -88.5329281521168 219.85536578244 -0.05669276317924298 -0.3508142307024339 0.9345565836041643 -0.01786891663963969
1760467993.686333 15.594088466132927 -88.32708537921887 219.34030898469578 -0.05981653109859884 -0.34647176886886727 0.9359509259632071 -0.019369051934044465
1760467993.952888 15.615800988046692 -88.17941610474614 219.0368887868087 -0.06385310786010293 -0.3563880648469529 0.9320442744756728 -0.0142757930906333
1760467994.286114 15.654446556787244 -88.02339226919341 218.65904191377427 -0.06509970065706487 -0.359075811019998 0.9309527784143785 -0.012390128217265855
1760467994.685908 15.707206173691695 -87.84467964486193 218.2233617940323 -0.0665318801505218 -0.3480450132420169 0.9350913546672334 -0.006506620290073225
1760467995.285655 15.786152976239666 -87.59096441048325 217.59919773446512 -0.06889110219320493 -0.34914607624434835 0.934482715480646 -0.009648209662892773
1760467995.885367 15.875314221492044 -87.31909683040406 216.96084334287002 -0.07130372470533254 -0.3540441439094782 0.9323987672735742 -0.014179625991894504
1760467996.485126 15.958867725381593 -87.04341613838015 216.32612431525718 -0.07501834951364172 -0.35435313421613035 0.9319841600628258 -0.014547470551382221
1760467997.08487 16.052533392484513 -86.75065347816896 215.65897945907074 -0.07742860007504984 -0.36127077783305805 0.9291237399844832 -0.014741532198577937
1760467997.68461 16.15295477551254 -86.47278089873254 215.02609740514427 -0.07888169244709899 -0.3566003922067497 0.9307219265681583 -0.019249266997199282
1760467998.28434 16.2787886910929 -86.14633355502818 214.31757567536286 -0.07975415777078064 -0.36386581760940584 0.9275222890706651 -0.030713911682257514
1760467998.884069 16.419926505466808 -85.83017021443361 213.54801516356858 -0.08383917568790901 -0.34507643103345087 0.9341050481294177 -0.03661978187163683
1760467999.283928 16.506444157037247 -85.57064508239237 212.94836328849217 -0.0866640120374599 -0.35255696748326654 0.9312265947280295 -0.031779914534374336
1760467999.683725 16.579517039274947 -85.2559170215278 212.26752162083238 -0.0682514997096813 -0.3638262440369025 0.9286441611982458 -0.024335546219188636
1760467999.95025 16.61849680696234 -85.0439045481977 211.790171485367 -0.05327374360326152 -0.364436830626969 0.9294972738898092 -0.01955818387470417
1760468000.283451 16.6485192266241 -84.78097356841 211.18277075682602 -0.029020504709859327 -0.36024410116211103 0.9318955445382134 -0.03086570838510921
1760468000.683267 16.65757812242582 -84.52780264312536 210.52612637930724 -0.017758794317146585 -0.342350141152566 0.9385085982013825 -0.04101971695776661
1760468000.883179 16.664691624096985 -84.396066349937 210.16765523131355 -0.019500979809460302 -0.339861679679596 0.9395457929699579 -0.036979093881379425
1760468001.349602 16.680549378298544 -84.04479605764372 209.32817284161183 -0.015914897367688488 -0.3496342678154172 0.9361034044684385 -0.0348283067855998
1760468001.88272 16.671185836462776 -83.6623441390094 208.4026729961732 -0.013450275904000863 -0.35288268332988276 0.9350006388152372 -0.032660485285831896
1760468002.149286 16.67587696616031 -83.46175276476326 207.90285981585663 -0.01415819046591999 -0.3493738735778438 0.9362684586114619 -0.033746340738821656
1760468002.549102 16.67906069811796 -83.14513178475103 207.178908380172 -0.010839762764749926 -0.3575825292645566 0.9332786121771516 -0.03175321024174296
1760468002.948934 16.687401671798273 -82.82653942629719 206.40532620275482 -0.009338990783477533 -0.34946932372694417 0.9363092699091946 -0.0333005421440753
1760468003.282146 16.680328242027688 -82.57851751124716 205.74245454192283 -0.008376789984917988 -0.3343199401428693 0.9417664751000393 -0.035155559874137016
1760468003.548738 16.67554156894985 -82.31756574767618 205.14916468539812 -0.006481634500425317 -0.3543005146028395 0.9344776115300027 -0.034361712930922626
1760468003.94847 16.65560655801045 -81.94520521172666 204.27252718883574 -0.004008389283051882 -0.3564726296557342 0.9337919235892053 -0.03072198823730779
1760468004.081843 16.650199470448914 -81.81985467015677 203.97136113712008 -0.004055792265519718 -0.35586978227853283 0.9340337649671946 -0.030350856846818153
1760468004.481565 16.630116397531776 -81.4621029922346 203.12351778023097 -0.002865012653221286 -0.3532777625652562 0.9350470037170939 -0.02955867079332428
1760468004.681487 16.611413975460604 -81.28455225392737 202.6901603145977 -0.0034848994352845 -0.35207466164564755 0.9355400240910767 -0.028216155420189976
1760468004.881397 16.609103982410797 -81.10023493213926 202.2608841572367 -0.004960494439031243 -0.3531739874757241 0.9350863740664455 -0.02927458113594337
1760468004.948043 16.60827123641777 -81.0388626216538 202.11070906189696 -0.004719840969831894 -0.3524249947437915 0.9353787314156161 -0.028999568899741347
1760468005.347832 16.58596434929044 -80.67145340991604 201.25204646417484 -0.004096272569088374 -0.35471438884596096 0.9345062031571543 -0.029310052157502084
1760468005.547746 16.579066182405516 -80.49773568504087 200.83689519940623 -0.0034134801316253534 -0.3523584789537056 0.9354299603592279 -0.02833089700583651
1760468005.681033 16.567429495078855 -80.38183824486063 200.56067836822226 -0.0028956717268632335 -0.35142697094860886 0.9357642651034574 -0.028912615421679295
1760468006.080865 16.54880813887078 -80.0248604720399 199.7168854484698 -0.0017085872308767326 -0.35386704901900123 0.9348635351026892 -0.0283789197039182
1760468006.280774 16.536574506427748 -79.84692029122895 199.28870172981902 -0.0009195615326962888 -0.3531741985345489 0.9351053138107535 -0.02907218565844248
1760468006.480697 16.525162783317896 -79.670815225903 198.8749006098654 -0.0003800615255228175 -0.35249583219582364 0.935350948543082 -0.029413379563852392
1760468006.681266 16.511832681808404 -79.49451960772306 198.4508687581299 -0.0008046309824523242 -0.35402613510099123 0.9348055217956079 -0.02834580489028189
1760468006.747263 16.510939461698413 -79.42147763579474 198.28061384870557 -0.0006055647257092747 -0.35342021995708295 0.9350149424905139 -0.028997219458267734
1760468007.080433 16.49767768072637 -79.12795009422054 197.57035382052166 0.0005771913381567764 -0.3513351864793458 0.9357716142637721 -0.02991219700818627
1760468007.480261 16.473973497455606 -78.77662380785769 196.73710894809142 0.0003384389932775343 -0.3547428337440027 0.9345122994329648 -0.029054596449366855
1760468007.680146 16.46501746941099 -78.59709208186915 196.3477211955575 -0.0003135851576248931 -0.36661816393008 0.9299442085975256 -0.02819206336555922
1760468007.880222 16.459146438134983 -78.48413922276424 196.06451921136406 -0.000729929393886816 -0.3606525824361122 0.9322266656067109 -0.02970902080239097
1760468008.279879 16.449503513876447 -78.31032711854472 195.6306809072785 0.0007077303257131069 -0.35450862127571775 0.9346173550709235 -0.028522555271348567
1760468008.879625 16.42850807223325 -78.0548588795595 195.0102352660259 0.000624252486972042 -0.3516853144780292 0.9356682079969285 -0.02901817418685999
1760468009.479343 16.40665207692589 -77.7825262477425 194.36163910303776 0.0002837044448557616 -0.35402772339999866 0.9348099580516966 -0.028189233820505682
1760468010.079085 16.40458262479757 -77.52277713858611 193.7402872852664 -0.007478083322145177 -0.3541666270189397 0.9347090532981273 -0.028793475968919444
1760468010.878747 16.47143656647997 -77.24907852325396 193.0985343863946 -0.05253943140606028 -0.3521347996761941 0.9340593965499016 -0.02781608745615254
1760468011.611728 16.59351134477443 -76.93811184701119 192.36582000416607 -0.07240363481606975 -0.3522048362045011 0.9327141628143957 -0.027454644507309233
1760468012.211713 16.68899003850478 -76.66510306360136 191.72939068348865 -0.07674305956924067 -0.3532120871202075 0.931977428580918 -0.027745214647552814
1760468012.811224 16.74665987575196 -76.4038462283806 191.09932403006928 -0.055372738543715196 -0.3521559971624143 0.9338593652392214 -0.02875238153115929
1760468013.410933 16.766758366361152 -76.1538533683951 190.50313946132252 -0.033253060585603234 -0.3510736118462969 0.9352513460357449 -0.030764797499954463
1760468014.010685 16.74093060597948 -75.88304423216681 189.85317133557962 -0.014955254021991674 -0.34942610096902116 0.9363424647587502 -0.03066804571918097
1760468014.477153 16.731118537330897 -75.66377762329094 189.3352984586524 -0.0030357034515714194 -0.35058383439495017 0.9359489820371723 -0.03288255752019849
1760468015.210158 16.702840154151282 -75.33898581854201 188.54189860047342 -0.0004306020943366565 -0.3507014286605477 0.9358900976554182 -0.033437219199850404
1760468015.809877 16.672339536463433 -75.07993148898454 187.8904815419402 0.0034296489132805068 -0.35014209562647164 0.9360612540139709 -0.03432315708711136
1760468016.409616 16.634882880819642 -74.80602344024241 187.24430876291413 0.008484250827937698 -0.3495401512090186 0.936284283045722 -0.03348793069485517
1760468017.009387 16.59888631438944 -74.5520237935544 186.59691943756607 0.010699515573437613 -0.35061002828328985 0.935825773235181 -0.03447101075483784
1760468017.6091 16.563425598181276 -74.28473890853476 185.9439374389468 0.011095377432244737 -0.3492903060170089 0.9363594901787142 -0.03322769739898828
1760468018.208846 16.556654414404047 -74.01011500739743 185.29621909300175 -0.00921894763810026 -0.3513978596278741 0.9355808167841638 -0.03351254270973314
1760468018.808566 16.57566840718217 -73.73209241391875 184.64258141475943 -0.015750977164481293 -0.35615911100963404 0.933625810157995 -0.03529080574340588
1760468019.408538 16.57872238485513 -73.45797423604942 183.9893412035539 -0.01765075078839366 -0.3543141958135032 0.934347180097144 -0.03384152310625899
1760468020.008027 16.59399626943278 -73.16238986790835 183.30506498636768 -0.01878234204120467 -0.35407501283192117 0.9343461157496898 -0.03571337143128902
1760468020.607901 16.615376764464422 -72.89657269485946 182.66423698872885 -0.02082774694505956 -0.3478954589117693 0.9367642223218541 -0.031745021711976455
1760468021.00761 16.629819954528024 -72.63238224614554 182.07941781681672 -0.02006937937309062 -0.35740521237554035 0.9332241152223004 -0.030846149612687657
1760468021.607298 16.6568958565526 -72.20886563468963 181.09166894705916 -0.02095471656018613 -0.3567874365126564 0.9333948319075647 -0.032213549460722246
1760468021.873857 16.68065318014032 -72.005075416806 180.62797127945555 -0.021709578192382332 -0.35789296073466326 0.9329911300613944 -0.031126742490146624
1760468022.406984 16.702853358778377 -71.61948092316909 179.72371610469514 -0.021234653942769566 -0.35486671151388366 0.9341119700356567 -0.032458187986350355
1760468022.606865 16.72770283936029 -71.45048208869038 179.3413566891184 -0.020688585904051905 -0.3602811364033306 0.931987081010294 -0.03419891804029422
1760468023.206965 16.749317017236432 -71.00350625698833 178.28304157848453 -0.021540786516855613 -0.3575017945208763 0.9330818798323774 -0.03296463194189965
1760468023.606449 16.76215882020724 -70.7034220798795 177.58462996068582 -0.021028616362986325 -0.35754357010442944 0.9330607789930271 -0.033436140264133926
1760468023.872969 16.781995055970683 -70.49616200949332 177.1003023934488 -0.02117204588888679 -0.35744638762481523 0.9330331117924776 -0.035114622961025674
1760468024.4061 16.812723405655323 -70.09297287333304 176.1726359216681 -0.02150238399233123 -0.3584717370655347 0.9325704981846891 -0.03671412702796246
1760468024.672633 16.822525322006424 -69.88553329118183 175.70141933899637 -0.023509160441845884 -0.3604701886025609 0.9317406574047878 -0.0369852652153207
1760468025.205696 16.859205010991683 -69.50836369174469 174.81893464738584 -0.02273724968253182 -0.35675746067163655 0.9331336765541548 -0.03832327507567632
1760468025.605563 16.876875185596116 -69.22569263695988 174.16325414564167 -0.023915978665439635 -0.35891193927136333 0.932218810200963 -0.03972827356485758
1760468026.005393 16.898891619234195 -68.93953144261162 173.49596316093582 -0.0246103159517971 -0.35800841638410175 0.9325687989424946 -0.039239538553017046
1760468026.405249 16.912579380827015 -68.67226257228269 172.8680532182763 -0.025475578768019903 -0.35778642242023706 0.9326825283008107 -0.037989106603992275
1760468026.805533 16.936315322381578 -68.38678393826737 172.19890685774973 -0.02664454393494257 -0.3576807626250921 0.9327254576002307 -0.037118204036184786
1760468027.208477 16.964125801449146 -68.11305977605414 171.55248880346656 -0.02764398932081752 -0.354939407134984 0.9336459418356027 -0.03948521762643888
1760468027.472752 16.989201709447055 -67.9236654602085 171.10447846878787 -0.029796836594428514 -0.3568970078495549 0.9328969647823075 -0.03794637554441224
1760468028.007293 17.03883606967167 -67.50192241287645 170.14787331596082 -0.030733784966340733 -0.35744709945846825 0.9325803045841652 -0.0397615524354404
1760468028.275876 17.055954270197386 -67.2972223754926 169.66571932201717 -0.032686055628888974 -0.35507505000807554 0.9334639234603133 -0.03870961414515
1760468028.813105 17.109725558274697 -66.88063748128002 168.68457734269597 -0.034538139800052055 -0.35821272127367426 0.9321636865863777 -0.03951739650526266
1760468029.014574 17.14650140840417 -66.71578164445417 168.28644584940727 -0.03459540976133871 -0.3544899964628332 0.9335977027750824 -0.03918327965235385
1760468029.61964 17.212385863701446 -66.22224575791167 167.12314931096788 -0.03635887800346143 -0.3561925223812815 0.9328477019582908 -0.040001049250307924
1760468029.888616 17.24339317298008 -66.0196801923082 166.64831965321233 -0.03659583685722059 -0.35433179070548343 0.9335408599337837 -0.040139626982033
1760468030.224854 17.274195267871594 -65.75462017040223 166.01560883404952 -0.03903155886542614 -0.35390268195146524 0.9336317746119864 -0.03951124593033654
1760468030.627962 17.328097977328028 -65.40732124234681 165.20371082073243 -0.039542064528604974 -0.35413357669473966 0.9334828082264163 -0.0404435623545996
1760468030.694819 17.339643171994727 -65.33437064910231 165.03570851521619 -0.03990785406713337 -0.35518914140668456 0.9330576983270464 -0.04063703487181244
1760468031.097696 17.393863964428256 -64.9883445038954 164.2138032543894 -0.04092041530904735 -0.3540514173544456 0.933359660989275 -0.04257765515183783
1760468031.231684 17.418827001377327 -64.85589711791644 163.91366395269395 -0.04097133037082388 -0.35426189452627105 0.9332333339417714 -0.043536244604100306
1760468031.499718 17.457628460132018 -64.61628829951954 163.34480064448772 -0.0426245848312914 -0.3562976974244576 0.9324488530628434 -0.04212163339398632
1760468031.767777 17.498930293897764 -64.36089053269002 162.77493026623475 -0.04226055857658586 -0.35835654351372115 0.9316204221558845 -0.04333615040338824
1760468032.236266 17.56480882578995 -63.94590465273011 161.81737129394 -0.0442309967959631 -0.3590463631315627 0.9312278874763877 -0.04409024416691
1760468032.303411 17.578678776317638 -63.87794833470513 161.6653380427161 -0.04375685818157491 -0.35916388427363194 0.931253050441878 -0.04306271749729076
1760468032.704344 17.645908707710657 -63.487369825333495 160.82703279803494 -0.04414723668037165 -0.369337845960877 0.9270955800942894 -0.04619916020989975
1760468032.904686 17.68224118661093 -63.31580758650886 160.40597676125103 -0.04519463889891651 -0.3582989133626411 0.9314500559431328 -0.04449861325347097
1760468033.105057 17.707943909558505 -63.1293450723338 159.99340264836442 -0.04526466697969254 -0.3573998660314728 0.9317584608389147 -0.045195313241522296
1760468033.17175 17.720385093555596 -63.0653528666836 159.84142225923256 -0.04512732160876213 -0.35880467788655745 0.9311370026791923 -0.04697456985170638
1760468033.572112 17.767179209217556 -62.71920175396293 159.0580022138251 -0.047550828797633234 -0.3576182874033394 0.931531313361063 -0.045798377953524476
1760468033.705563 17.792552958298998 -62.60950983806508 158.77679737082437 -0.047989035887916594 -0.35532086125284984 0.932397180102819 -0.0456030320197329
1760468033.97252 17.8336574246037 -62.3767221630185 158.23149011922743 -0.04863610117814601 -0.3558729937297249 0.9322131634651376 -0.04435718496876261
1760468034.439246 17.901098481617126 -62.014424735617034 157.37798928380334 -0.05024091387225788 -0.35345517606622423 0.9330883362825857 -0.04349075509428496
1760468034.505925 17.912782605454183 -61.9499918068487 157.22557266731368 -0.05019842836727055 -0.35431140334724215 0.9327221615337054 -0.04441752617443041
1760468034.772653 17.961304676489775 -61.730703173209996 156.71638558815354 -0.0504936525864042 -0.35417278337960306 0.9328415846088274 -0.04264514727515945
1760468035.172564 18.042523004326455 -61.41652716394417 155.96847493917562 -0.051826686903293756 -0.3533038669385448 0.9330073072362772 -0.044584041703394986
1760468035.505662 18.094756525434818 -61.14968095846484 155.3348024675055 -0.052850483967524564 -0.353879773681559 0.9328569018397346 -0.04187998105848284
1760468035.838798 18.1512031597598 -60.86331709158562 154.67592211255163 -0.054234891348113316 -0.353870378925001 0.9328245207355965 -0.0408992053020493
1760468036.105134 18.228978807943456 -60.63726110907734 154.16327135531222 -0.05416256638591993 -0.35490716545576284 0.9324524489399881 -0.0404938362774584
1760468036.437724 18.295001452405344 -60.36577630796835 153.53409765655834 -0.05445599769547327 -0.35448031027619353 0.9325690635226654 -0.04114845929002742
1760468036.837006 18.363225717964784 -60.05400221258026 152.8175664855983 -0.05420315368195117 -0.35383435418099873 0.9328485172483417 -0.04070518148610163
1760468036.903389 18.381228030776455 -59.99725651731127 152.68458990131032 -0.05426540488774901 -0.35304353795740556 0.933157493687566 -0.040405669325317625
1760468037.302494 18.44054388549847 -59.70797127869495 152.02119712009488 -0.05495977039372844 -0.3648660043808111 0.9285201347527082 -0.041262353838129595
1760468037.635101 18.50013367776386 -59.5611997297991 151.66508826783434 -0.05499035566624686 -0.3549247729911507 0.9323889142720392 -0.040686347138662246
1760468038.234016 18.54822991231608 -59.32770856244888 151.10620155669193 -0.05517730732152085 -0.35471907009257303 0.9324502096136604 -0.04082220793694743
1760468038.833231 18.60523158182931 -59.06929556103411 150.5346059845691 -0.056507175022861005 -0.3545718454707749 0.9324634796204049 -0.03997004809343348
1760468039.299375 18.645552320527493 -58.889618354326615 150.12216229278985 -0.061525427600736635 -0.3539145802111545 0.9323636477018241 -0.04070774025486342
1760468039.898918 18.758635157413547 -58.64516306456375 149.5693349681145 -0.08812364724200332 -0.35587837437295533 0.9295168295748444 -0.039790312735130236
1760468040.498243 18.846089189740926 -58.43965492282169 149.09680846136914 -0.09807566276742707 -0.3529196013927005 0.929660163833175 -0.03950821569270706
1760468041.230779 18.97784056045222 -58.18306670803845 148.5367186177491 -0.1056698123127697 -0.35577555865542004 0.9277147253753767 -0.040037868960488
1760468042.029861 19.143090046740486 -57.91958321141805 147.90793048956706 -0.12955801555712074 -0.35403431464120705 0.9253628515898108 -0.03972426914375529
1760468042.696031 19.40402931492741 -57.68687418844655 147.42104329407152 -0.2041728750613753 -0.35582794973031623 0.9111357135096976 -0.03913590227739575
1760468043.295356 19.649748356220233 -57.474856099296666 146.94772561860185 -0.22964450677837567 -0.34950361308599043 0.907542287472877 -0.03843984124385461
1760468043.894951 19.952522236469925 -57.22732308443788 146.42942058174668 -0.2450938642683829 -0.35163180306617065 0.9025855051657066 -0.04029241411471347
1760468044.494772 20.382759759532117 -56.98160158181528 145.9306168397297 -0.32887488025049094 -0.34863736612224383 0.8767714942235749 -0.039560674925098016
1760468045.227901 21.00650537584976 -56.75413840214217 145.55739744466507 -0.4483283029257782 -0.33788606991478354 0.8265774098248942 -0.04005648662080214
1760468046.027923 21.580962329712317 -56.553378297010696 145.22532412642457 -0.47323292579048376 -0.32569273243020197 0.817426639638827 -0.04229102503726761
1760468047.028071 22.295194681947518 -56.33475944051879 144.8680286550839 -0.5130086067009957 -0.3228080945413742 0.7945300529416882 -0.03659369510924767
1760468047.828219 22.896646512853657 -56.19019983507125 144.62725439609795 -0.5398061182864752 -0.313343514760024 0.7808070378769615 -0.02766886373033051
1760468048.82843 23.64101797223461 -56.01307355452106 144.36155353869995 -0.5674952747060733 -0.30810600136616934 0.7632281231634387 -0.022419570041449285
1760468049.828611 24.420937197613018 -55.87582530227224 144.13483444512204 -0.588399123097813 -0.29555169307759316 0.7524339265859227 -0.016698945451230494
1760468050.628754 25.150545295661825 -55.7381721708993 143.94310369187585 -0.6000003882134454 -0.2940654197539443 0.743821853432575 -0.015940934877857065
1760468051.428865 25.788806456550763 -55.572445200355084 143.6938648278615 -0.5572834629515409 -0.30592730743342283 0.7715659763306211 -0.02301235877197756
1760468052.229353 26.34634216190438 -55.469476784006375 143.44052926004426 -0.5371265043688078 -0.29049042858941976 0.7918098026884504 -0.012151772255833169
1760468053.095806 26.987119246278134 -55.33440634932079 143.17438842308337 -0.5467340183353707 -0.2918155064077019 0.7846839265780058 -0.014027073286960429
1760468053.895937 27.663975531667248 -55.19894372315786 142.8928282967738 -0.5470899673737253 -0.2917726196154033 0.7844878053997031 -0.011840152910291134
1760468054.697125 28.230388310071525 -55.093445901790425 142.6497788434511 -0.5492078986912772 -0.2875625335156882 0.7845986438836485 -0.009134623642508239
1760468055.629553 28.947719676969854 -54.94492432048385 142.35241174403288 -0.5491535664862199 -0.2890205650631504 0.7841392247201232 -0.0048114074205154135
1760468056.696416 29.667932169259377 -54.8104049744851 142.08031695432265 -0.571998585799139 -0.29083966680454787 0.7669422487154651 -0.005430763488687602
1760468058.630074 30.431652598120877 -54.704407619222025 141.86451003596275 -0.5959704207327959 -0.2841477516174356 0.7510493912042894 0.002030968733511245
1760468059.963662 31.08091497811116 -54.61332523276502 141.67738832328573 -0.599930679240036 -0.28436841559164827 0.7477932717368904 0.004796568098327743
1760468061.76394 31.961410158675918 -54.48706942206611 141.42703898561643 -0.6060961888211571 -0.2863413584031893 0.7420159476021807 0.008268607399216215
1760468063.230842 32.604345313595246 -54.39685498940511 141.26763008739425 -0.6116886862376089 -0.2905491978851992 0.7357335002143713 0.01069258619253771
1760468064.764703 33.375733957651356 -54.28989622903852 141.07283201348733 -0.6124335291487218 -0.2930674738039902 0.7340253904809261 0.015599817367940359
1760468065.764692 34.085868654276695 -54.17885241714965 140.89980421286646 -0.6155495028196594 -0.2948198334291734 0.730749582476337 0.01360599521988292
1760468066.764787 34.826883971811085 -54.071637912088164 140.73138935725726 -0.6169571667096305 -0.29720001403933893 0.7285603633568359 0.015355879850962291
1760468067.965026 35.50950554899926 -53.89209363010233 140.39326637202424 -0.5429422331139612 -0.31782984645009393 0.7771797025816779 0.013770624596932303
1760468069.565284 36.15034997048497 -53.64522360881893 139.92048160819277 -0.4763692502657908 -0.33527226545797306 0.8127719476577404 0.008161281549489988
1760468070.832188 36.7814519806368 -53.40167066282214 139.50688090216343 -0.45426408689125586 -0.34788317432309757 0.8201315029495655 -0.0023988024982587743
1760468072.032373 37.29019251544256 -53.20449054793832 139.13305055524876 -0.44366266381747094 -0.34238340723926197 0.8282118263872814 0.0014878890626953852
1760468073.365996 37.95755275560812 -52.93239170781713 138.62137287702362 -0.43017841100673754 -0.34333470432954316 0.8349042656010389 0.0016379218092955799
1760468074.166093 38.53868548652227 -52.6883086533649 138.17803624344307 -0.4303277940193982 -0.3459387110665703 0.8337531532468021 -0.00027808454298561286
1760468074.966216 39.08543011115004 -52.44572189817472 137.73876717695538 -0.42110048754360313 -0.3510493058356733 0.8363243157074316 0.0006349955338820982
1760468075.766383 39.570888593444316 -52.25785281719616 137.32317349178527 -0.41516525843908375 -0.33821231407545027 0.8444676621154638 0.011162725212993444
1760468076.76653 40.176975177415905 -52.008461989804054 136.8045541005291 -0.4083460474965656 -0.3394634296878192 0.8473408644694732 0.005616475642376136
1760468077.766938 40.8811800768462 -51.74212085798298 136.30203168829377 -0.43695771460291283 -0.3377318269190527 0.8336151876140657 -0.009533504816412056
1760468078.566828 41.375036481802496 -51.567175265721154 135.97737447268895 -0.4478201747981733 -0.3385524885726456 0.8275267814158002 -0.006223308172425109
1760468079.767079 41.94896736360719 -51.3961290797175 135.53336847760175 -0.4398575816389382 -0.3219719459109174 0.8382402296264923 0.0145839417445277
1760468080.767213 42.443455279192804 -51.16237962131157 135.07843984847162 -0.4062560351285396 -0.3397617119230983 0.8481780631176962 0.01058235695097028
1760468081.967443 42.953392216091785 -50.95995658110314 134.6030117857062 -0.3959670588658044 -0.3286731333471144 0.8572840382363334 0.015752380587048545
1760468083.634408 43.60725947453437 -50.691391247179475 133.98597356060586 -0.3877452593125482 -0.3354313059280875 0.8584569054947598 0.013827302426120763
1760468084.968116 44.07768895478471 -50.47134084038319 133.53620266811046 -0.38187370900650713 -0.341475172780984 0.8587639526713854 0.00957341819985247
1760468086.36822 44.51565509244767 -50.180517262414625 132.92973302470884 -0.31125460773760305 -0.35439179868776516 0.8817422623014236 -0.007589799505176824
1760468087.368391 44.81144579577223 -49.89030159369239 132.2808469367298 -0.21695521987537267 -0.35615888547155805 0.9086899404545985 -0.0190754550431856
1760468088.368607 45.15393075150236 -49.470504118265296 131.36826758710234 -0.1846541146199075 -0.35977354253981764 0.9142840405092483 -0.02346378725550051
1760468088.968651 45.38434032279275 -49.17949089495315 130.75262071001302 -0.17179740522551998 -0.36249374408981294 0.9156518342516603 -0.02580030009704471
1760468089.568775 45.58986796166835 -48.89884702330953 130.14104465513276 -0.15741453079786785 -0.36238563773277516 0.9182203433503973 -0.027725730218974367
1760468090.168881 45.69158292801373 -48.65510596244047 129.6240612405531 -0.1148513278374671 -0.36899171536573533 0.9218395517918392 -0.02943003971529484
1760468090.969008 45.823176362918964 -48.367065631947305 128.97722486880377 -0.10408553068879867 -0.3646546457830694 0.9248383871014847 -0.029447399776204922
1760468091.769156 45.94532214213171 -48.041191405416896 128.2608702575862 -0.09300063117230395 -0.36357898874054645 0.9265157598591102 -0.02701385349501695
1760468092.369251 46.049500535005365 -47.74919001828069 127.59717082110721 -0.08223381022533911 -0.36195221812250333 0.9282044669085018 -0.025780998101830568
1760468092.969382 46.15308588408913 -47.449777906899214 126.93380404873305 -0.09102144596809322 -0.36357786294691974 0.9268158862727917 -0.023206613307592664
1760468093.569472 46.27236282966934 -47.15951764395516 126.27433625448865 -0.0933805379308104 -0.36237942132997164 0.9270290466472533 -0.02404946578600384
1760468094.169569 46.43063888364934 -46.77668643388783 125.45388307468883 -0.10512796635705203 -0.3625453318445029 0.9257327242879178 -0.022976427700142306
1760468094.569617 46.61748392696529 -46.44079726109308 124.70901377237301 -0.11789169483366327 -0.3607175080283906 0.9248446466267758 -0.02543240643015709
1760468094.836329 46.737320467235726 -46.195558727664476 124.17732211377329 -0.11638482735800823 -0.36127287384553214 0.9247924149619174 -0.026371799581022645
1760468095.169736 46.907491928533105 -45.859505582121514 123.4675993113783 -0.11559643312389635 -0.36977863000103384 0.921466387732605 -0.02830063113457893
1760468095.436469 47.04516803399527 -45.59769033138978 122.89504256584497 -0.1140569051175757 -0.36911535599658757 0.9219437028967314 -0.027652939293615827
1760468095.836538 47.22189747591543 -45.23717296464452 122.15632292009803 -0.11257191300229581 -0.37302961909889043 0.9204343827188436 -0.031257235753047966
1760468096.236651 47.37559233622235 -44.93081770944006 121.48481484007722 -0.1109373888774674 -0.3651353892429229 0.9236982593209027 -0.033920038310754415
1760468096.569961 47.45412903273925 -44.647285294204025 120.89095232066232 -0.0663016995620751 -0.37072355359729914 0.9254696422095455 -0.04091543464154544
1760468096.836755 47.477092910138495 -44.44533223300264 120.41728084949013 -0.04197389747848579 -0.36589903912450644 0.92875795431638 -0.042008896584908216
1760468097.236763 47.541461429900885 -44.087093115242475 119.63722428306129 -0.046480299949117766 -0.36491297192333727 0.9289743685357583 -0.04104542900624648
1760468097.57016 47.66035565981401 -43.735986534317846 118.91642508048102 -0.09157167345960175 -0.3726090191230786 0.9226111453525172 -0.039570468271952965
1760468097.970449 47.90449478097646 -43.353456566236396 118.15726237814023 -0.14246772823876014 -0.37809932834449006 0.9138522765547117 -0.04022264227649807
1760468098.170271 48.019703759927424 -43.141194410755986 117.7474722560897 -0.13197921131326384 -0.3850510989615537 0.9124081075921686 -0.042761947683733835
1760468098.370274 48.09573281530173 -42.94898573017161 117.35155690241056 -0.09789713769713043 -0.37327377142701484 0.921550003885073 -0.042760172296001514
1760468098.436953 48.12122997743908 -42.871265249613344 117.19429878315087 -0.08949301506869839 -0.37374225607924916 0.9219363874847121 -0.04838412659483978
1760468098.837039 48.24139857151037 -42.51389218494707 116.46041804480002 -0.08931447524980164 -0.37089234194558646 0.9233982768617445 -0.04239596072424504
1760468099.037071 48.310058381663374 -42.31843071206772 116.05792145522564 -0.0870875244101395 -0.37197225012903085 0.9229688781146486 -0.04669966014700661
1760468099.370477 48.431333047135865 -41.973197131630414 115.36005450840572 -0.08920624162687603 -0.3728596551155532 0.9223869573423482 -0.0471192632226274
1760468099.77056 48.566976616680776 -41.590884409501584 114.5764018576795 -0.0890255067157026 -0.3720274617362996 0.9226354793915919 -0.049130428818666735
1760468099.970581 48.630144192756994 -41.39064066196571 114.16414114486003 -0.09000634162417691 -0.37286852903929296 0.9222213547743534 -0.04874106397753496
1760468100.170643 48.707889964745874 -41.18484862167336 113.73831213889353 -0.08955619972751434 -0.3698537532121802 0.923459426601717 -0.049097614459944566
1760468100.370618 48.78755427627249 -40.9819084863091 113.3080973963895 -0.08945733213887033 -0.37044885361576907 0.9232072732257344 -0.04953143693112994
1760468100.503986 48.83938622073639 -40.8393164130697 113.01671562702539 -0.09015151200862909 -0.371866855658117 0.9225641578665249 -0.04962984148204514
1760468100.837437 48.96266521590965 -40.49799586654005 112.3213224724795 -0.08974716595322894 -0.3735948102516399 0.921908458584598 -0.049569728126903086
1760468101.170796 49.07438163679622 -40.17957949506371 111.65087201191525 -0.08961435914928789 -0.3715942988652406 0.9228001417193127 -0.04823735199955631
1760468101.504407 49.19811286019739 -39.86388326137051 110.96227993586001 -0.08886463776021726 -0.36598738352044113 0.9251228400079505 -0.04800043911497973
1760468101.904247 49.332687562152685 -39.48713591549499 110.16062603382906 -0.08895097313493792 -0.36416335352453955 0.9258550447961699 -0.04759424706402082
1760468101.970925 49.36486261713616 -39.4160088359479 109.99701080660037 -0.08809143094114494 -0.36386041962992155 0.9260209577313242 -0.04827712360777022
1760468102.370972 49.567554157212925 -39.06387426502135 109.22655165298576 -0.1193288782654248 -0.3626182730124807 0.922966716361744 -0.049000483444364466
1760468102.571112 49.677854215344375 -38.88177901906672 108.83746176726078 -0.13471752716756372 -0.3636516714758986 0.9204284761646436 -0.0491942066901581
1760468102.904421 49.89939521834283 -38.55389325321298 108.14056945732624 -0.1441107221304993 -0.3646289352556481 0.9184378245369853 -0.052438552622360884
1760468103.30453 50.132612743127076 -38.19366611511978 107.3930804055728 -0.14907207932639924 -0.3676329584998913 0.9164781796788355 -0.05187744367727834
1760468103.371175 50.17752999183081 -38.12181200206663 107.2481187344998 -0.14949138990302957 -0.36870603074929625 0.9160204853151115 -0.05113372387208739
1760468103.771239 50.392539825106546 -37.81225754502119 106.61120176521557 -0.15080391429457438 -0.369249744986828 0.9155155163551193 -0.05238458335824227
1760468104.104936 50.541012940531324 -37.59859774007488 106.11531318819773 -0.14109753981464768 -0.3592699916267111 0.9210979559281527 -0.05094225122406404
1760468104.504695 50.70728730312088 -37.331043236013855 105.51242370936261 -0.14030802731418635 -0.3602202658296272 0.9204868394125209 -0.057087617091469166
1760468104.90479 50.823850812721545 -37.07023091568766 104.93739627047248 -0.10061337022117317 -0.3549923885619548 0.927653667392068 -0.05758495610714393
1760468105.304838 50.93091400522769 -36.83123955139371 104.40959724787564 -0.10231245091124672 -0.3605172855335153 0.9253595870268876 -0.057175903294199526
1760468105.904948 51.08121099703278 -36.496479191535215 103.63413027776781 -0.09869093574435749 -0.35097671005032416 0.9294974327030554 -0.05576711219511567
1760468106.305001 51.21944623246115 -36.148451621701454 102.84243395713442 -0.09542341268884542 -0.35238140084879477 0.9291241977103801 -0.058736239883890165
1760468106.371808 51.2501133654245 -36.06897318722481 102.66311492264299 -0.0954723285130582 -0.3520612493949618 0.9294024332560384 -0.05611620283401457
1760468106.771768 51.41243864435438 -35.69968660603077 101.80003876948894 -0.09452445634697591 -0.35020082337903696 0.9299952357174998 -0.059442173578235225
1760468106.972083 51.49095388004936 -35.520388762996994 101.37952109283253 -0.09432848580579856 -0.3510621502106956 0.9295828379541992 -0.061100334172943534
1760468107.038482 51.51203006717032 -35.44730647276712 101.21611783069258 -0.0942925912467153 -0.35167605898772347 0.9297751317345984 -0.05432367051988991
1760468107.505233 51.69796221662871 -35.05876140340205 100.26555768890356 -0.09243276204577511 -0.34301964533535684 0.9329502663131278 -0.058288146315172186
1760468107.638601 51.75091998492183 -34.9298273427707 99.96262500810772 -0.0927032006812657 -0.34886613591031457 0.9306217856551423 -0.06034590178702501
1760468108.105285 51.928607760999526 -34.55351143256217 99.01913737130243 -0.09060770563247104 -0.34120053970522796 0.9335564845366124 -0.06200585105070749
1760468108.171981 51.95272719607273 -34.490982649060854 98.86345746281123 -0.09151121423089008 -0.3398919198936262 0.9341785345364904 -0.058392174752000446
1760468108.572614 52.09030085762631 -34.155212680100774 98.0454267511666 -0.0931307978160451 -0.34162489319276074 0.9332080845385363 -0.06116990927815514
1760468108.705426 52.145384808839935 -34.022323335532946 97.7433272059459 -0.09342179280291846 -0.34808668075707433 0.9308591768217201 -0.06007681945476652
1760468109.105501 52.27921916603451 -33.71441032631777 96.96086956609633 -0.09329749971559172 -0.3409398913947259 0.9336616724901751 -0.057718699963015645
1760468109.305542 52.355675074123084 -33.54397628220795 96.53904830550253 -0.09307675052526296 -0.339496343923647 0.9341976631484016 -0.05791094147223331
1760468109.505649 52.434987090776794 -33.37103360491247 96.10763602503731 -0.09185662772973993 -0.3391171430454615 0.9343937651658467 -0.05890852955214811
1760468109.705651 52.50730932324326 -33.19199407426939 95.67088735019375 -0.09350337792357986 -0.34105295056646334 0.9336067249505255 -0.05760630481070153
1760468109.905641 52.58587184329517 -33.02335165619023 95.23719335622465 -0.09306297390772537 -0.3375968938908404 0.9348624731526298 -0.058307601679840705
1760468110.105752 52.66487061246536 -32.84207239076591 94.79581128718684 -0.09343921268417546 -0.33975666307833513 0.9340886348957711 -0.0575581930344492
1760468110.305742 52.739892669606 -32.67983302864692 94.37639761643175 -0.09372609887936886 -0.33815184651092073 0.9346429592786224 -0.05754377256497054
1760468110.505735 52.814627470968176 -32.511039506284746 93.9456591183543 -0.0932923974722354 -0.3369660037303247 0.9351270215806347 -0.05734016405302943
1760468110.705773 52.89412366710218 -32.34774250285843 93.51867695960546 -0.09307202501871885 -0.33424698301921385 0.9362308340328439 -0.055573176152114996
1760468110.905811 52.968614972162406 -32.173788843487145 93.08012858336066 -0.09337295760796956 -0.3344365152012078 0.9361837524734209 -0.054714620462881405
1760468111.105836 53.04989931358457 -32.01007546561639 92.64189714456252 -0.09275613345148433 -0.3344953817171621 0.9360837552872631 -0.05706437070813967
1760468111.305886 53.127736207218156 -31.830810888448564 92.1999789944825 -0.09344276613813907 -0.3354989855031387 0.935760585020522 -0.055326374405594785
1760468111.505933 53.210951517586 -31.66134730455712 91.76104627436405 -0.09363965015176733 -0.33817562424571673 0.9348514893859532 -0.05405141883743131
1760468111.705979 53.29056332562452 -31.493087680494117 91.3169300148636 -0.09327227315994423 -0.333471892807931 0.9366302322322801 -0.05310920668940057
1760468111.77267 53.31627467652664 -31.434661863238556 91.16308595338238 -0.0928825879378537 -0.33300268137404676 0.936777184284257 -0.054134518194226044
1760468112.172707 53.46714452443338 -31.105810966020805 90.3068605255385 -0.09346701114949607 -0.3363204894058178 0.9353643416318094 -0.056973631061244506
1760468112.306061 53.51904732767486 -30.982219691365568 90.00510219957823 -0.093607244341529 -0.33793999829912874 0.9350265011370884 -0.05253269008631124
1760468112.706136 53.67936160548432 -30.662548054000258 89.15953829205915 -0.0945683602986422 -0.3365210416674462 0.9354133348892494 -0.05303118570102244
1760468112.90615 53.75698461692486 -30.49895749226857 88.73159381612878 -0.09421668715849339 -0.3353442467523817 0.9360767373519351 -0.049272647782646055
1760468113.106199 53.839639364323766 -30.324253540756185 88.29086722418448 -0.0946995671440232 -0.33544904001812215 0.9360178836285115 -0.04874889805172452
1760468113.306241 53.92014455146418 -30.15639032748833 87.85391889851846 -0.09432654182290377 -0.3345806437181598 0.9363649751645674 -0.04877427233627292
1760468113.50632 54.00150469989523 -29.98878736691539 87.41633066414413 -0.09598522864446651 -0.33752070050294025 0.9353475665919972 -0.04462669923379199
1760468113.706584 54.08601865596515 -29.80985690491034 86.97167736135127 -0.09536183659958695 -0.33729648712111543 0.9355667863359524 -0.04303473249745299
1760468113.906354 54.16508015184607 -29.64780540814431 86.54068135096496 -0.09550530121400447 -0.3352377629156437 0.936337424031826 -0.04203103749351734
1760468113.973045 54.19395065336347 -29.588135557504927 86.3775561389293 -0.09619582849091035 -0.3336915334866278 0.9368512635865656 -0.04130415204971056
1760468114.373108 54.367118080028064 -29.248101967144528 85.50334923144472 -0.0955188673163453 -0.3351801129903934 0.9364739317767441 -0.039332085438678645
1760468114.506435 54.42312735899654 -29.132754859472616 85.20508680722318 -0.09524720453722836 -0.33587395251522345 0.9362175342333671 -0.04016698449770624
1760468114.906525 54.579233965284075 -28.81574070912556 84.34652336478214 -0.09652376890864303 -0.3339207202592558 0.9366638505216716 -0.04290624363803407
1760468115.106568 54.656416732138084 -28.653849561183883 83.90268632787172 -0.09683476837989705 -0.33072634957691394 0.937763172944482 -0.042934144890029405
1760468115.506615 54.82442806512639 -28.337904016329052 83.04949429858401 -0.0977250546911852 -0.3313776251861785 0.9373058421906003 -0.04578691305321694
1760468115.706898 54.90633669611654 -28.181318980900972 82.62274037278686 -0.09801898076700849 -0.33188739165256353 0.9370535540468804 -0.04662269318223641
1760468115.907119 54.98921578146013 -28.027031251267832 82.19853678508686 -0.09809226714661426 -0.3301823982051315 0.9376708564894987 -0.04616119508630087
1760468115.973341 55.02116694786832 -27.959705801070484 82.03746905537952 -0.0992590499371203 -0.33123347575923934 0.9371264693679766 -0.047180567524610674
1760468116.373428 55.17593945360424 -27.654930550661952 81.20834127430456 -0.10055082765183261 -0.33177116140173346 0.9367928750191941 -0.04729203774367368
1760468116.573457 55.26106797606097 -27.482605705671137 80.76546933135668 -0.10148646752313624 -0.33209566052485173 0.9365801188060008 -0.04722975997795719
1760468116.706879 55.320574773147825 -27.361901725053663 80.45442047569846 -0.10174930490688813 -0.3327818940134028 0.9363856679141087 -0.045663671478168674
1760468117.106904 55.48429842236775 -27.05120157827385 79.61791068741235 -0.10256292968901144 -0.32957380159358307 0.9373549921514417 -0.04719717624531482
1760468117.307163 55.571189082959826 -26.883888921837144 79.18930849195638 -0.10466698209742058 -0.3301756805455525 0.9369449971452395 -0.04650715170171673
1760468117.707042 55.74031081367991 -26.59304271076269 78.39359010457312 -0.10521030011779145 -0.3308615490518558 0.9366712268660686 -0.04591776202456623
1760468117.907068 55.82489726045108 -26.43754383416038 77.9687083754497 -0.10642583883194505 -0.3298630117901722 0.9369189392287696 -0.04524196719939327
1760468118.107049 55.91740193188667 -26.2752228839709 77.53844212939735 -0.1070701830125104 -0.3290894100981794 0.9371027639068925 -0.045547183765439335
1760468118.307094 56.006200158340405 -26.113014742400864 77.10949045514836 -0.1080735446081199 -0.3300318473155745 0.9367270717111267 -0.044062249565855534
1760468118.373769 56.040247116631015 -26.054173568966196 76.94564280683542 -0.10884686241094359 -0.3300043320116205 0.9366959610387798 -0.04301369515042749
1760468118.773846 56.22236382039729 -25.766052305468612 76.14387982095363 -0.10947073813343534 -0.32658449027723535 0.9376767079068409 -0.04605561477027786
1760468118.973902 56.313766993788995 -25.61037761204686 75.71645804578039 -0.111133380224983 -0.325343463445878 0.9379703839232156 -0.044861581288951506
1760468119.307601 56.4783539821613 -25.346741414476046 74.99716958060559 -0.11265792270642803 -0.3277090284353232 0.9368446137731293 -0.04729857056746185
1760468119.70736 56.6680638782924 -25.050742924861126 74.18199104709893 -0.11518720550921803 -0.3301691203233477 0.9358814360374191 -0.042967398716028594
1760468119.907537 56.758130638865694 -24.900809218550894 73.74519937019461 -0.11522965118274688 -0.32422134238237166 0.9378641831655946 -0.04487117746624642
1760468119.974031 56.79978818152276 -24.831657863476295 73.58080343632624 -0.1154383904579604 -0.3255623384223876 0.9374500810301929 -0.0432491316202676
1760468120.374145 57.00978738816783 -24.532031660285668 72.7508916637295 -0.11534013225159881 -0.3240579889597517 0.9376167379829483 -0.050575946236927585
1760468120.574212 57.0985810043922 -24.384481373917488 72.33400853089941 -0.11839879583921913 -0.3248197010655477 0.9371071089580167 -0.04800159668030991
1760468120.907546 57.262375559334394 -24.14026518075536 71.65192653676876 -0.11807096024179041 -0.324298868521705 0.9373193999470629 -0.04818542005629256
1760468121.307653 57.4585993387256 -23.84727551141682 70.84757073959169 -0.11973536214577968 -0.3214153203090881 0.9380281140581891 -0.049587217696320185
1760468121.507667 57.557958619192 -23.687655170280507 70.43079658770579 -0.1201995901424607 -0.3251813927081399 0.9366127191882493 -0.050653081059029256
1760468121.707698 57.65386311400795 -23.54075575408779 70.02160621382737 -0.12184702443446639 -0.32314694503575314 0.9372503656148494 -0.04786550642537486
1760468121.907694 57.75336622232389 -23.395791906848 69.61596303390822 -0.12262610120065512 -0.3224670435706778 0.9373315453053477 -0.048861224816844885
1760468122.107775 57.85241895161309 -23.25154159653933 69.19356052283122 -0.12268663407591256 -0.3188271100599122 0.9384470847079207 -0.051130547749585586
1760468122.307799 57.9671561227803 -23.0886113552084 68.755386144628 -0.12311315067311245 -0.3188079859940566 0.9385860148563641 -0.04754905796965777
1760468122.507885 58.071645550316035 -22.929428814914267 68.32590295685138 -0.12320334312688082 -0.3201958602084436 0.9381900342951568 -0.045771245307370284
1760468122.707855 58.18285278103038 -22.773119858310952 67.89876366543123 -0.1231253255419894 -0.32218166232034934 0.9373769536603662 -0.04861663728691313
1760468122.77458 58.228054772862926 -22.709572149785973 67.73906616067737 -0.12379054107870592 -0.32514822818633254 0.9360246754927991 -0.053031486075067365
1760468123.174623 58.42786434830527 -22.40335583671253 66.91767959334169 -0.12501833370868573 -0.3210536590512055 0.9375864141879214 -0.04718771213749954
1760468123.307993 58.50540282418561 -22.293955188346636 66.6235972766944 -0.12515616033425478 -0.3228063994193727 0.9368321685229001 -0.04977400973366799
1760468123.708045 58.719841441297916 -21.991711598302366 65.78375096154322 -0.12730899383063268 -0.3250216227754649 0.9361060806228219 -0.04311346238953933
1760468123.908055 58.818695552780646 -21.860117727289364 65.38354161364099 -0.12288477463488093 -0.3175786398067844 0.9391493997072484 -0.045183456385300004
1760468124.308107 59.018304378182094 -21.564541695383763 64.56185218596941 -0.12273164873604969 -0.32138113308420146 0.9377276354952709 -0.048145522372221486
1760468124.508146 59.110886450938025 -21.420661882017157 64.15593636811798 -0.12469896532450556 -0.32108346529901266 0.9379286802058916 -0.04056312618388605
1760468124.575852 59.15052435224861 -21.371672556417565 64.00277936313019 -0.12478915634140021 -0.3186248954902932 0.9385491669451979 -0.04506998624224976
1760468124.975784 59.36483366935416 -21.077918628216956 63.18551712113256 -0.12338369087116434 -0.3234989083501498 0.9373248653688182 -0.039332148232675966
1760468125.10808 59.441166407485575 -20.97589124227422 62.90951592070863 -0.12351595046359645 -0.31979844442842564 0.9383086103638276 -0.045273796387493875
1760468125.507368 59.633868716728976 -20.684232981437265 62.09427865025854 -0.12294118750166684 -0.32235377761465894 0.9379306358335363 -0.035491250163067145
1760468125.707121 59.741950320594334 -20.547661013460253 61.683797556921185 -0.12360811323600973 -0.3195912581387115 0.9385460774545686 -0.04139713224599271
1760468125.973195 59.87103521283772 -20.351820895179983 61.117096905891955 -0.11997644348998672 -0.321040295711553 0.9388813773505672 -0.032257414670653656
1760468126.437766 60.0887033242855 -20.042128120103413 60.165848280386044 -0.10970375050874809 -0.3136345945342948 0.9424296027124032 -0.03774747894846079
1760468126.570434 60.15833222994628 -19.920521191339166 59.87968282144186 -0.11117717175485578 -0.3247962761109719 0.9385385730968226 -0.03594944108629088
1760468126.835799 60.270903825849864 -19.742085970937023 59.347955282541285 -0.10743683247968466 -0.3201151392298358 0.9401927898841294 -0.044957118596417225
1760468127.034797 60.367003564173416 -19.59160791921946 58.91021951723569 -0.10702017035107461 -0.3208011191057293 0.9400278942568767 -0.04450711333619522
1760468127.233677 60.45336958740742 -19.45074179708361 58.50097861601295 -0.10527260562769301 -0.3189113272999756 0.9407327597059517 -0.04727704136415654
1760468127.432543 60.542087686211886 -19.319994523543503 58.08030074546513 -0.10551043032793357 -0.31674711943665496 0.9416938124792249 -0.04185182145305112
1760468127.631408 60.63822942871294 -19.15899504336653 57.649784105600325 -0.11076514851008629 -0.3156716435228498 0.9415513603685151 -0.0395415115962982
1760468127.830255 60.727483835982746 -18.993794901616376 57.21770928017559 -0.10556491259874254 -0.31851142760092477 0.9409786212416544 -0.04433682534638375
1760468128.029134 60.81165125831468 -18.85024953943978 56.783293622605036 -0.10364485950496935 -0.32016156416318015 0.9405138872303509 -0.04677546213171873
1760468128.228111 60.908649449262455 -18.729943339987923 56.37573522033359 -0.10680179363731536 -0.3162017484120991 0.9413908181975211 -0.048919920179671686
1760468128.427081 60.99919013425701 -18.578097653966495 55.94137736580365 -0.10620106617554743 -0.3173186812857738 0.9413722565819785 -0.04299375056898389
1760468128.626077 61.09120142599459 -18.424946752746738 55.50367276346543 -0.10820962166978933 -0.3169860665845887 0.9413683782783154 -0.040448581519828594
1760468128.825096 61.17629973381824 -18.27790628652387 55.09156378875749 -0.10771272989321547 -0.3173636470370782 0.9412287397469283 -0.04203264008702158
1760468129.024398 61.273802832574155 -18.131200922006816 54.66165139691792 -0.10844625371572367 -0.31356955760731314 0.9423370118646324 -0.043754984481936265
1760468129.223534 61.37298648500114 -17.96564865416771 54.2168418692877 -0.10814592958739251 -0.32308226021443764 0.9390204371397288 -0.04650730783782226
1760468129.422742 61.46507215213966 -17.828794596583467 53.79215749920451 -0.10947421704772246 -0.3219805510324365 0.9391702256452273 -0.047991747416920236
1760468129.622078 61.546430385620994 -17.70596104926348 53.38956541936047 -0.10834171852141358 -0.3120542103447185 0.9425053691627435 -0.05067416435780233
1760468129.821406 61.643606130831905 -17.566060308459093 52.95663628470585 -0.10765013303287665 -0.3120834886729301 0.942724543843388 -0.04780982525604117
1760468130.020794 61.73351708704796 -17.408965648185188 52.51809724730594 -0.1097189437690049 -0.3139795949071098 0.9416855245624401 -0.05105820394161017
1760468130.220458 61.835984277053065 -17.26092370049812 52.08437521216736 -0.10730299589032916 -0.3138346064757818 0.9418053295504927 -0.05474146583202721
1760468130.287012 61.863714854465094 -17.21901031519801 51.938596017063915 -0.1077985328694286 -0.31197187341145577 0.9426557750097697 -0.04952894458875418
1760468130.686502 62.067135111184236 -16.927633977417937 51.10972027764468 -0.10900705667689232 -0.31206831080833014 0.9424644923610418 -0.04991504405006587
1760468131.085993 62.25765646408736 -16.64124836869806 50.24611989769137 -0.11053020096833671 -0.3149754500427307 0.9413057254762875 -0.05017042684528757
1760468131.219309 62.31979506050329 -16.537125707338063 49.953042740710515 -0.11179794887578727 -0.31403625256686474 0.9414534344906842 -0.0504765429345384
1760468131.619248 62.49497003287705 -16.273917039829843 49.20658091065763 -0.10995299404382149 -0.32599172100731766 0.9380142718853359 -0.04205903796937901
1760468132.019243 62.59965174921337 -16.126994833687867 48.763079460681716 -0.10761516145700835 -0.32088351587563724 0.9398649476193661 -0.04589800104926122
1760468132.61973 62.7279968251803 -15.939869724593665 48.13725419658722 -0.11073761477778307 -0.3057172403025714 0.944830834690271 -0.03960862877698603
1760468133.220305 62.87903821304126 -15.725775124516513 47.5155003041531 -0.1077884167303696 -0.31437313863522126 0.9421158526820591 -0.04437236807470178
1760468133.820908 63.00175802770207 -15.534880578143063 46.92017742495117 -0.10745742549228511 -0.31157868034020686 0.9432884131834653 -0.039731564502861985
1760468134.421591 63.14282968940234 -15.344304908959403 46.32114411890246 -0.10870379297698365 -0.31291085261847257 0.9427242801276259 -0.039258315855970886
1760468135.02229 63.284301511654995 -15.133599698264181 45.68290098443233 -0.10831447978671829 -0.31462212601317413 0.9422197100503225 -0.03876737396534698
1760468135.622786 63.42925852405993 -14.934553870249905 45.056696266723485 -0.11116284707076812 -0.31121578336702566 0.9430376147070122 -0.038309461782677925
1760468136.223342 63.56618983480322 -14.72342166549066 44.43010422992764 -0.10979985678277786 -0.3095619148011528 0.9436206421425481 -0.041176401950756655
1760468136.823751 63.70206337364439 -14.51566918427344 43.7777028966977 -0.11074087893761835 -0.3087993714562423 0.9437430089233629 -0.04157570238289178
1760468137.423982 63.84282412268048 -14.30658382126733 43.1165160020547 -0.11265229391517599 -0.30840107524260274 0.9436287760399069 -0.04198774219081595
1760468138.02413 63.99557191546759 -14.080165132753093 42.46664573460569 -0.11215647791257996 -0.31081977670937977 0.9428255305964298 -0.043497238120792
1760468138.624108 64.1413365529199 -13.871795410415618 41.83124061456162 -0.11235858844598955 -0.3129867411282982 0.942059128566453 -0.04403913901210354
1760468139.22406 64.30433152847908 -13.651102898714125 41.16499608510605 -0.12200787669535657 -0.31298486256217806 0.9408771357395278 -0.043643662470138025
1760468139.823926 64.47052384869149 -13.444861649069155 40.52888686243575 -0.12734840058961353 -0.30925105177720785 0.9415168802771822 -0.04113558064595964
1760468140.423903 64.62244099079217 -13.210901196480146 39.885734215640525 -0.12965051730974173 -0.3181630579116689 0.9384360355390081 -0.03606687044147253
1760468141.023927 64.78109211633551 -13.032828899590214 39.280158932889954 -0.13310066430333448 -0.30052748829193904 0.943771906291464 -0.03552507336974412
1760468141.623952 64.96063069056781 -12.829093077539602 38.63954335041415 -0.13218039153051023 -0.30712220273283725 0.9416013739164477 -0.03988921310365651
1760468142.224048 65.14566450639585 -12.618778546922993 38.01400773075016 -0.13413131705000636 -0.30713364689818307 0.9412641550432723 -0.04122503074744461
1760468142.824165 65.3224520827879 -12.412294020022285 37.37501048651936 -0.13642533380156088 -0.3073148747589679 0.9408596499467416 -0.041579022969612175
1760468143.424183 65.51799255576435 -12.210879623649449 36.73047755870633 -0.1384532122615078 -0.30472310396054086 0.941326972649868 -0.04333668756328829
1760468144.024281 65.69571555801419 -12.00818778122002 36.12627917786823 -0.13847332014060365 -0.30510071605996075 0.9411556336301898 -0.044325680537277555
1760468144.624348 65.86116655173373 -11.846213049820554 35.57977819291723 -0.14124543701073666 -0.3019061350684202 0.9417947752388958 -0.04387497537791565
1760468145.424378 66.0878410117658 -11.602200046836659 34.82264090661253 -0.14309706358522414 -0.30193741320923945 0.9414251818212837 -0.045559367100109126
1760468146.024388 66.29866236928906 -11.389938140610166 34.19172495469099 -0.14319583216509166 -0.30338137161597567 0.9408527246647127 -0.047443097474159736
1760468146.624415 66.50121278827588 -11.191202219408344 33.57599689139391 -0.14650227421092596 -0.3048211062734668 0.9399707020439906 -0.04556595351986051
1760468147.224551 66.68337892138229 -10.989013858517435 32.96497694989162 -0.1486076549631383 -0.30521949758606065 0.9395855826863003 -0.04399722704574517
1760468147.824339 66.88190467061393 -10.792282631757528 32.34517240777476 -0.1499275514767612 -0.30224676880938534 0.9404054821572612 -0.042498813878015046
1760468148.42434 67.06778089442439 -10.605433374876364 31.748814102450076 -0.14905644468289939 -0.29993711926212 0.9411549261967851 -0.04524716215143736
1760468149.024332 67.24669171773013 -10.41167229196295 31.15757621894895 -0.15126370856907256 -0.30394758715743003 0.9395355255054015 -0.04481239833345508
1760468149.557601 67.41476061515955 -10.26046516435488 30.661952781844874 -0.15240477765786903 -0.3015393764433528 0.9401184453953936 -0.04498996364254962
1760468150.357588 67.63283316235528 -10.03781106850788 29.947249631857677 -0.1414624572046823 -0.29870798559755357 0.9426186483852582 -0.04724400764344577
1760468151.157585 67.82091805736239 -9.845563437596903 29.34168756757688 -0.1468118359073147 -0.30051325246663024 0.9412217523526702 -0.04732528740134175
1760468152.15754 68.01270354396415 -9.617941350214375 28.62791456544339 -0.1268737804459227 -0.2999759061757823 0.9443750771766053 -0.04553255052222603
1760468153.024305 68.20268780746464 -9.42265426336286 27.982895230724637 -0.13238873830739967 -0.29549127265723496 0.9449481191723582 -0.04723538742728129
1760468153.824203 68.37117980722546 -9.224193676363832 27.353394043251974 -0.13202915129525344 -0.2993452332185916 0.9437900098110433 -0.04712909863802738
1760468154.757551 68.57386851932635 -9.001998096532189 26.632514959997454 -0.1298870209733421 -0.29837746000119136 0.9444208823787555 -0.046577355794859256
1760468155.624146 68.75942778110957 -8.78970475490685 25.9390940139416 -0.12894856846276254 -0.2976307459829237 0.94477380716692 -0.04680447658478817
1760468156.557409 68.91925853424884 -8.612235430081505 25.314058482685777 -0.12552151128962705 -0.2933649381017289 0.946536372407956 -0.047436894975580055
1760468157.557275 69.10844795784979 -8.383824255634366 24.57091512901734 -0.12590562749492823 -0.2953463962327468 0.9459126180143262 -0.04655747285582986
1760468158.356985 69.25423937996625 -8.189270698251441 23.926155237106496 -0.12098667822590921 -0.2975234218864122 0.9459245855130592 -0.04548313580666389
1760468159.556646 69.4364536174083 -7.959450625963412 23.123112789917787 -0.11871389652532828 -0.2932973635074222 0.9474969196049469 -0.04618716997722978
1760468160.556655 69.60685314739469 -7.748677584175542 22.425654631071556 -0.11666111337127436 -0.2920528012878404 0.9480153637361558 -0.048602633746577355
1760468161.222992 69.70469297128534 -7.61844300303973 22.00549278429604 -0.11582087655444 -0.2926107329337597 0.9479473175966031 -0.04858360410193993
1760468162.155898 69.85180725883848 -7.428377639333917 21.349555723589773 -0.11342064749361659 -0.29228643963874207 0.9483461682295012 -0.04841424511297743
1760468162.955669 70.02736806288726 -7.190973315111734 20.553360589112096 -0.11356580458342211 -0.2917847195534808 0.9485189460236327 -0.047710528173910395
1760468163.555539 70.16337562550709 -7.008271658132243 19.914195713128915 -0.11279357589234609 -0.2886452982868613 0.9495843297352244 -0.04744577679426312
1760468164.155363 70.3052493037198 -6.815577959283242 19.25329713484421 -0.11197222590801763 -0.2897250308114329 0.9493356791827653 -0.04778488649265411
1760468164.82185 70.4649661955655 -6.61283826100521 18.548691044790267 -0.1113350971311262 -0.2877005017438044 0.9501028996119265 -0.04623199749281015
1760468165.355024 70.5849279311586 -6.450676102626993 17.99204098656257 -0.11141708649034249 -0.289335542469534 0.9496038131805419 -0.04608443006958409
1760468165.954842 70.73892353181512 -6.268211486981016 17.325019800149974 -0.11034450550148978 -0.2856944958702805 0.950857573115397 -0.04552604511875974
1760468166.754644 70.92060053877996 -6.022701062761005 16.452215273215945 -0.11024703023428264 -0.28590091902181963 0.9508614486631134 -0.04437073667728796
1760468167.354491 71.06689886669089 -5.836090390582502 15.775243140732632 -0.10838787575364285 -0.28390860466771184 0.9516763253759387 -0.044273516962133615
1760468167.954433 71.20401841638134 -5.658362002138929 15.135057093115611 -0.11189170124706312 -0.2859474323182376 0.9506353613543832 -0.04479646063324783
1760468168.554123 71.38544316012226 -5.482149049018294 14.49058390385093 -0.13368829586955971 -0.28543715606137016 0.9479361419533232 -0.04549879411302213
1760468169.154207 71.57118678663507 -5.312128936389308 13.875357827629811 -0.13885791704437866 -0.2807057517839894 0.9485818393322493 -0.04599188926896319
1760468169.753769 71.75709270575733 -5.140618707964003 13.24321177376871 -0.14097336329359 -0.2810455043329423 0.9482078817740673 -0.04518570877470024
1760468170.35362 71.94560860374942 -4.969944985791523 12.619678732331499 -0.14556835136284654 -0.2848287731688219 0.9463644327622701 -0.04557176164241876
1760468170.953428 72.14063649720943 -4.801371875530039 11.977818302728066 -0.14899910471333994 -0.2838309337450845 0.9461236164766078 -0.04570962906480013
1760468171.55327 72.34856562470318 -4.629400443152292 11.357064121054636 -0.15188783498321198 -0.28160027055974884 0.9463093601259905 -0.04615157790072867
1760468172.153121 72.5529549185837 -4.463955984632192 10.746276694698894 -0.1550072045076257 -0.2784533281073419 0.9468044726551051 -0.04469676920051996
1760468172.752897 72.7192081910825 -4.311602687021275 10.151804542632542 -0.14205626311559225 -0.28208808417989745 0.9477632484941736 -0.04462236745310575
1760468173.352762 72.86372846744953 -4.1629289380353995 9.565823945733158 -0.1371771481951999 -0.2800247237931132 0.9491944043210755 -0.0424095140644318
1760468174.152558 73.05675734436623 -3.982331232303616 8.8729868115402 -0.129384323908521 -0.27889314515706054 0.9505469102260998 -0.04403273521770737
1760468174.952305 73.25133903234412 -3.7803917220299694 8.119104844774215 -0.13105881993306354 -0.27839959952636717 0.950541634661337 -0.04228296910890286
1760468175.552156 73.41884022430952 -3.6146594069074838 7.502521531086176 -0.1300560239065312 -0.281850783195545 0.9496402867070527 -0.042765552967645455
1760468176.152017 73.58451283111576 -3.4429785261765837 6.854340927679519 -0.12994959521246263 -0.27924068618160136 0.9504304912618117 -0.04265704120982878
1760468176.751793 73.74669332196534 -3.265563601196307 6.216345467732208 -0.1296709315232442 -0.27866253185324336 0.9506177106364143 -0.0431116119324781
1760468177.352432 73.90138231717765 -3.104347216700738 5.572730969483147 -0.1311122665645419 -0.27694896699566285 0.9510097194699516 -0.04110178475477342
1760468177.884844 74.05197928191328 -2.955797557644828 5.015857490808888 -0.13090080890462868 -0.2767200917447505 0.9510767713085471 -0.04176055711075233
1760468178.551343 74.22737615147055 -2.7717644611591825 4.32918647323631 -0.13135110504392739 -0.27752457468898806 0.9508218648831636 -0.04080170226275487
1760468179.084664 74.37334723775497 -2.6275056827371874 3.7546481660399698 -0.12633899208173668 -0.2752283239429089 0.9521968769490118 -0.040111548310885196
1760468179.684898 74.5261586148897 -2.4577189337163348 3.131611858494127 -0.1250482650884899 -0.27529132116008964 0.9523149207328331 -0.04091346528844843
1760468180.285537 74.6873366701019 -2.2906096838722543 2.47108537256264 -0.12500168590968494 -0.27486622494177104 0.95244326358058 -0.040926355395636736
1760468181.087002 74.90578234200578 -2.069392640063743 1.6087747713257752 -0.12444212592569133 -0.2751613099060349 0.9524327878954755 -0.04089248546544754
1760468181.688385 75.0718006419743 -1.906163756739701 0.9543645621475256 -0.12275290048927831 -0.2739123174013823 0.952911877450593 -0.04315925869219517
1760468182.356457 75.24152407792143 -1.7249062828193977 0.23383464813730667 -0.12250766159729799 -0.2748159766561925 0.9526495338750574 -0.04389666766510842
1760468183.15796 75.44446633474895 -1.4889900222676418 -0.6364405404718542 -0.12365039786647697 -0.27735661208925916 0.951844964239627 -0.04213137654401236
1760468183.758863 75.5968247065348 -1.3192232902607919 -1.2901112930150975 -0.12362456456669256 -0.27511464527617085 0.9525136433577721 -0.041793040180936734
1760468184.359363 75.77071260478333 -1.1279327987242613 -1.988104147418325 -0.12384913120151861 -0.27792493824925935 0.9516075875763748 -0.04315229619436704
1760468184.959698 75.9301178703276 -0.9630322904654566 -2.626294089702844 -0.12445494173912244 -0.27626683184316403 0.9520594851500173 -0.042075430311957825
1760468185.559861 76.09430494437994 -0.7919669455297881 -3.2731139205976962 -0.12392397569200801 -0.27778700405861945 0.9516386105880433 -0.043141435568158006
1760468186.159887 76.25778656608776 -0.621767288312134 -3.9219169936855414 -0.12523988473014397 -0.27650773884949825 0.9518988158640047 -0.04179815768456174
1760468186.759813 76.4121090557858 -0.46417577194296394 -4.539756198426896 -0.12482344904983389 -0.27577471292921657 0.9521224942824336 -0.04278048804664578
1760468187.359711 76.5744939800092 -0.29140728604393595 -5.1907455721003295 -0.12541954899996777 -0.278596737563872 0.9511820122036181 -0.04366433564922106
1760468187.959585 76.72478549389848 -0.13490718259809178 -5.803234537321308 -0.12516797755999132 -0.2783924269358451 0.951316689736654 -0.0427456412609099
1760468188.692568 76.91866097287192 0.07709321919089104 -6.5963271487595465 -0.1245642989448722 -0.27912832941519405 0.951120628773899 -0.04405293028844118
1760468189.292478 77.08558807142754 0.24579426780716215 -7.252197958755241 -0.12446594806206977 -0.27763787835128123 0.9515067230001637 -0.0453915450618187
1760468189.892003 77.24724451121206 0.43143279909193744 -7.924151623331288 -0.12476174053248053 -0.2790886319021716 0.9510624694945078 -0.044991363185489616
1760468190.491667 77.39778846272579 0.6038872767104634 -8.568413711904554 -0.12445175641147861 -0.28106428090313507 0.9504886941630409 -0.045671354203030624
1760468191.091455 77.55806404347042 0.7853760474839265 -9.216685475103223 -0.12503849617087562 -0.27915455009099494 0.9509201600821141 -0.046786331211438804
1760468191.691224 77.71641054441122 0.9573344617992591 -9.870333367178615 -0.12511160254170242 -0.2775409030376098 0.9514435044435363 -0.04553451331372558
1760468192.291023 77.87872708069982 1.140464911256944 -10.507267915661142 -0.12497124465991244 -0.2830571581121786 0.9497600553892797 -0.0470815296752546
1760468192.890946 78.03997970981735 1.3307812734268838 -11.180344943132953 -0.12398811953014538 -0.2822987813162364 0.9502146099132558 -0.045017101085534215
1760468193.490938 78.19593725112239 1.4998134177838698 -11.832419247998347 -0.12396498127945514 -0.280806480230397 0.9507494101392086 -0.043080891320248525
1760468194.091226 78.35704425541769 1.6999665332312315 -12.535117385370183 -0.12135420491738 -0.28527287817412567 0.9497862847322971 -0.04240937704730659
1760468194.690859 78.5178192460907 1.8828631467614736 -13.191885794409087 -0.12140375730832823 -0.2869096306192519 0.9494459920124424 -0.03868203485927448
1760468195.290857 78.69465634584249 2.0612886287637915 -13.84410932377827 -0.12141601261983778 -0.27908744751223546 0.9515862065005573 -0.04303533569618781
1760468195.890865 78.84966899833205 2.2459360557058363 -14.518103842625491 -0.122114186491421 -0.2816084394379641 0.9507152261246686 -0.04387905091923685
1760468196.490818 79.01315741120403 2.4283962951848608 -15.176440616101864 -0.11971152144874872 -0.28561192302467936 0.9497760184110082 -0.04494992669518433
1760468197.090839 79.16912079445284 2.6078906805090063 -15.825247501197023 -0.11964769707854242 -0.28559621077566427 0.9498477610453888 -0.04368596812988779
1760468197.690861 79.33957771618462 2.795011078045956 -16.489064084201484 -0.11912036900232482 -0.28424357098560415 0.9502601199173153 -0.04496259041504727
1760468198.290792 79.49966500207213 2.9889109146042334 -17.171959234966586 -0.11945675958606602 -0.28695840593898636 0.9494030996145193 -0.04493006000992987
1760468198.890817 79.66634935304637 3.169544197923768 -17.816429618378585 -0.1188128888763201 -0.28336175706324557 0.9505371452584638 -0.045483486616389804
1760468199.490978 79.8145583931083 3.3572346116116356 -18.477660347884985 -0.11747126318039887 -0.2873092302734528 0.949508669964953 -0.04568582042454085
1760468200.090733 79.97315751634878 3.5528244948021492 -19.156219803717768 -0.11815626255139614 -0.28792185953181143 0.9492906394487381 -0.044580065933499335
1760468200.691061 80.12085221132533 3.738960076014739 -19.804021306020022 -0.1180094957826918 -0.28827075410160274 0.949148082282785 -0.0457345507654743
1760468201.290741 80.27455860699233 3.9185147345135665 -20.479382915083193 -0.11868052782393068 -0.284807499689817 0.950189042223318 -0.04405002241318121
1760468201.890761 80.42152722291662 4.095465594320511 -21.103632263623805 -0.11776374870314109 -0.28709974506628283 0.9495213502681188 -0.04598522870735052
1760468202.490696 80.5723810246385 4.284745981023853 -21.753897364480636 -0.11920510798455052 -0.290064794435538 0.9485421050997029 -0.04382273510958447
1760468203.090688 80.7487795564178 4.481851561494858 -22.42993856366616 -0.1270607678350639 -0.29308178293509834 0.9466057184847838 -0.04354587834289455
1760468203.690695 80.91471315468957 4.667322087910497 -23.083060472822805 -0.12810142483495024 -0.2901084753975862 0.9474141109102687 -0.04282055471206184
1760468204.290625 81.0766115693324 4.856327948253275 -23.72398363108449 -0.12829499927509952 -0.290857788315147 0.9471784866218081 -0.042368084901780845
1760468204.890633 81.24370599475066 5.042688463313029 -24.374223347228007 -0.1316746762396836 -0.28784012321940233 0.9476336892173641 -0.04242916641299887
1760468205.490631 81.4128431751046 5.230154550206917 -25.00439208643225 -0.1346246000112341 -0.2940606140669904 0.9453128097955869 -0.042287870160748295
1760468206.090567 81.56881020934638 5.391235755371562 -25.611433129464157 -0.13447306661907177 -0.29136898272262224 0.9462343181114721 -0.04076426731053283
1760468206.690565 81.74569143867508 5.575382867595274 -26.256198914872755 -0.1343452959941456 -0.28862378634790065 0.947114846039457 -0.04026313214471429
1760468207.290573 81.91344344614141 5.771459822054125 -26.900997207838277 -0.1361071142192235 -0.29108148231882097 0.9461081435068611 -0.0403212710612391
1760468207.890515 82.08714040395706 5.943937124936198 -27.539954716515318 -0.13586298307743586 -0.2871193730740551 0.9473636622065068 -0.04007252132743458
1760468208.490513 82.26462029409915 6.145940134766796 -28.196294913426428 -0.13845247349459547 -0.29076949432307364 0.9458540896090397 -0.04054694716235801
1760468209.090515 82.43168625160202 6.315241182256614 -28.822040129534347 -0.1382781297847038 -0.2883452228321193 0.9466330791067089 -0.040274121146107976
1760468209.690521 82.6081610342386 6.497635559146756 -29.449180503146447 -0.13962604212674318 -0.29110127910955275 0.9455565882801273 -0.04107739062853152
1760468210.290466 82.79100122225624 6.6784004524407825 -30.10850753266085 -0.1399397233459082 -0.29070657065177247 0.9456014494445908 -0.041766762120683344
1760468210.890461 82.96602177010544 6.861494319260773 -30.744392134047374 -0.14118798674696514 -0.29041374874074743 0.9454693792614304 -0.042584736933441045
1760468211.490488 83.15750171632374 7.050063384596195 -31.396561075454525 -0.14147123566091127 -0.29035493468117396 0.9454288992952491 -0.04294295942572761
1760468212.090678 83.33825759317521 7.239251293790108 -32.042448080898886 -0.14252049015969118 -0.29145199643503394 0.9448637555319269 -0.04445365160228298
1760468212.690412 83.52691655353756 7.424599022449102 -32.69144851155222 -0.1433254174765798 -0.2901967446857756 0.9451857964719529 -0.043214398371642614
1760468213.290734 83.70486343763608 7.611540159844137 -33.32727203315801 -0.14411372626235827 -0.29101051272986855 0.9447567312592846 -0.044484088433379566
1760468213.890423 83.89378609015243 7.800961616958946 -33.973681417617264 -0.14627167159827145 -0.2906792673998047 0.9445742461963668 -0.043470162345288034
1760468214.490355 84.03874451047126 7.990251347143595 -34.59400125392605 -0.1265379722303553 -0.2906824202905056 0.9474140521114687 -0.04357161896936024
1760468215.090368 84.17812800484796 8.167991705682052 -35.21799465090015 -0.12312650978997348 -0.2913765029236936 0.9477038062309954 -0.0423921193877167
1760468215.623688 84.31467282571613 8.339469872894012 -35.80645004674681 -0.12225888172309422 -0.28776093147219567 0.9489501328803703 -0.041713996025319014
1760468216.22365 84.49212103127931 8.528840104455536 -36.481731741778304 -0.12078712207507182 -0.2885371405861098 0.948884256534255 -0.04213617619869556
1760468216.823658 84.6387870136872 8.712717524038691 -37.13221169242886 -0.1192611974202011 -0.28697001855704873 0.9496193502249481 -0.04059636581781641
1760468217.356975 84.76654133592952 8.884652811216228 -37.7378019493541 -0.11759188744870591 -0.2864290637568275 0.9500543430221643 -0.0390804906105554
1760468218.023577 84.92938253608581 9.084285196108073 -38.47993360300337 -0.11499758232618666 -0.2849258452871172 0.950882742744812 -0.03761420338990807
1760468218.623579 85.07105277043289 9.248706110385305 -39.1005854866894 -0.11317545663408166 -0.2841650072043218 0.9513612203613243 -0.036788491255371536
1760468219.223598 85.20151211065918 9.405363325743588 -39.72770573959583 -0.11093632575966969 -0.28294726438757994 0.9519959429965243 -0.03657460486030816
1760468219.823534 85.34348111560378 9.578110843997269 -40.38717721111509 -0.10998313838332056 -0.28218608160099223 0.9523283710158491 -0.036679672576681796
1760468220.423551 85.50112192443234 9.749624970312832 -41.02752222963755 -0.12169047480551337 -0.2856539023253457 0.9498503250358189 -0.03711652539314388
1760468221.023544 85.66470276117106 9.921820570911521 -41.66370901124867 -0.12169193486831925 -0.28411960127264096 0.9503294266039752 -0.03662111537405857
1760468221.623491 85.82239198350749 10.104033732625632 -42.327756147223816 -0.1223457960043904 -0.28218879900610805 0.9508153663055432 -0.036757681004083526
1760468222.223506 85.96988612117887 10.263638348628001 -42.955643120750786 -0.12247992257330553 -0.28091342018133364 0.9511710297060357 -0.03687805819755405
1760468222.823948 86.12643848596751 10.426201541007572 -43.59055809990297 -0.12380221945702276 -0.2798554793964634 0.9513427442848924 -0.036068046880595304
1760468223.423473 86.28387498183821 10.596930020409912 -44.25472296090612 -0.12426506958786514 -0.27990788365092234 0.9512315620638677 -0.03699032960002792
1760468224.023418 86.44886599248525 10.774312283902592 -44.916573435668006 -0.1258171372674474 -0.2791087315133035 0.951275498284642 -0.03665092531117407
1760468224.62342 86.59650421550998 10.930088755256168 -45.55573088308159 -0.12602873929325925 -0.2778054617891887 0.9516494336081777 -0.03611423245040508
1760468225.223428 86.75615963848469 11.09982088203883 -46.20572277343179 -0.1266092618985305 -0.2771716898232598 0.9516673462577709 -0.03840847860460051
1760468225.823366 86.92442835040848 11.27684342436318 -46.89214220874505 -0.12726333116233166 -0.2813250614571317 0.9502798371683897 -0.040354496760916174
1760468226.423377 87.10039917966812 11.4652141510518 -47.57502166289463 -0.12885685734061728 -0.28338227410573213 0.9495102606788556 -0.03899566520185691
1760468227.023378 87.25865835846102 11.623550003967217 -48.217649413803755 -0.12812813442580445 -0.2795570914657583 0.9508204642399978 -0.03703320891043319
1760468227.623349 87.42591914166731 11.797284380800177 -48.87209898694648 -0.12895203719922305 -0.27956338584453494 0.9507428797159306 -0.036106260769698396
1760468228.223324 87.59072796340402 11.963442362393499 -49.538724952869124 -0.1283541316413308 -0.2761124062969324 0.9518852790322759 -0.034663691972492784
1760468228.82334 87.7472129715423 12.119065112503819 -50.183682530054135 -0.13035391949059558 -0.2748730623627026 0.9520427483740475 -0.032668953597861566
1760468229.423335 87.94252615743164 12.285178088474302 -50.97499356978906 -0.132018834219361 -0.2605605722770763 0.9559589727852549 -0.028664576350677415
1760468229.823265 88.13265055291508 12.498503240041835 -51.74604151579535 -0.13171912861168236 -0.28191295547441486 0.9498552178744764 -0.030825667390838977
1760468230.223294 88.34224461368566 12.698347828859594 -52.5442682804982 -0.1306723450457532 -0.2766626045724535 0.9515954559971922 -0.02913124777495345
1760468230.623292 88.54629498562389 12.888283464730819 -53.34478155647653 -0.1331053372253895 -0.2742223740467907 0.952000662132136 -0.027924864802398346
1760468230.823278 88.65487931713662 12.989564047819698 -53.76351148430519 -0.13334102229793943 -0.2739517545172239 0.9520271517564821 -0.02854663356536437
1760468231.023295 88.7636434637539 13.086463566981246 -54.18714420115271 -0.13465453463616606 -0.2749364337230416 0.951566726267563 -0.028264450711204345
1760468231.223292 88.8815289975283 13.19612121523166 -54.642116976306134 -0.1355508584452202 -0.2734509443311918 0.9519175566972842 -0.026523783112826372
1760468231.423274 89.00246016328305 13.307457249591103 -55.070517173348335 -0.13518149345054306 -0.27330396930597994 0.9519946007747914 -0.027151137834765537
1760468231.623235 89.12332613913617 13.417366087689496 -55.5263883415024 -0.13511126460968018 -0.2757403102932031 0.9512837438364868 -0.027775279790099267
1760468231.823229 89.24491044036769 13.531831329235805 -55.97833114643084 -0.1363564524293337 -0.27709465025232966 0.9506965039613581 -0.02831307185872476
1760468232.023554 89.36037332505536 13.641430108396666 -56.41870133177702 -0.13658868575079164 -0.27544505989959195 0.9511955494977845 -0.026468406022832146
1760468232.223213 89.48467664331193 13.756324440173373 -56.881951830287676 -0.13650513457053623 -0.2779208268051481 0.9504879360411641 -0.026439472461279874
1760468232.423218 89.60171305903991 13.86499038200792 -57.33342742582473 -0.13857503737822968 -0.277405599877877 0.9503696905470428 -0.025308960103797854
1760468232.623219 89.71584383104997 13.96964578320754 -57.75826502197518 -0.13844006462262948 -0.27581541153650013 0.9508472137499715 -0.0254908487530215
1760468232.823217 89.83524536281003 14.081919678028768 -58.2023165799837 -0.1386375414769866 -0.2783539270146991 0.9500675711964269 -0.025890800868927265
1760468233.223164 90.07449472879198 14.301139045987808 -59.10524648341353 -0.13946296237425526 -0.27471193552853557 0.9510507382298888 -0.02420594795388276
1760468233.423386 90.18201760745075 14.400981812355388 -59.53058248107533 -0.13889095939380344 -0.2721886198191412 0.9518517516995894 -0.024513250009804116
1760468233.623288 90.29508798372461 14.508731088815 -59.97373999656877 -0.1409918357955516 -0.2762108419657619 0.9503871544087072 -0.024354255367081516
1760468233.8232 90.42728149849934 14.620627839899228 -60.42214047438064 -0.14072967797215996 -0.2775964390038039 0.9500228171470074 -0.024331495850511857
1760468234.023226 90.54950334938238 14.736106726131187 -60.85789754581068 -0.14148425742993337 -0.2800100681841934 0.949241021143176 -0.022760720420153556
1760468234.223161 90.66439021919847 14.843294066933598 -61.28708267775757 -0.1423255280608413 -0.27829437009652963 0.9496072636010622 -0.0232751487832263
1760468234.42325 90.78996260331864 14.944841211054811 -61.72525128036755 -0.14238679693693862 -0.2758807911731677 0.9503415812003102 -0.021602503591022334
1760468234.623187 90.91457856688203 15.054904945239354 -62.18116556213472 -0.14201833819885207 -0.27292124654383476 0.9512441293298057 -0.02189500435660304
1760468234.823171 91.0350864063881 15.159354584650664 -62.612569048732155 -0.1432815179122696 -0.2784859798532952 0.9494020038664323 -0.02349043857208973
1760468235.023153 91.15558527537499 15.263536312751533 -63.02808008385177 -0.1429900262594307 -0.27936205924689295 0.9492233022693412 -0.022041203972327835
1760468235.423115 91.37102135360544 15.461059490802082 -63.83726201287409 -0.1441239829957843 -0.2773660941357146 0.9496142432064041 -0.02300253135759576
1760468235.823115 91.59205374090973 15.652184386970944 -64.61150811476794 -0.1441608737858726 -0.27474375203036666 0.950355737412414 -0.02361113205411814
1760468236.156441 91.77355083339053 15.80345600212238 -65.25970599349738 -0.14563407264433892 -0.2738399292249612 0.950387479206335 -0.023791793016070928
1760468236.489786 91.95784840297267 15.964411736346841 -65.90676545944754 -0.14617628933461602 -0.27193399698469106 0.9508190107418492 -0.025051996570812612
1760468236.889785 92.18597635864647 16.14836125898253 -66.69723482302949 -0.14767349602937693 -0.2749064761698408 0.9497149996215116 -0.02569800428544175
1760468237.289719 92.40087991416401 16.31192035657839 -67.42122877911142 -0.14830416290716686 -0.2715691027671463 0.9505841276649185 -0.025414836575854905
1760468237.623056 92.56691341307857 16.457954784889946 -68.03483324554371 -0.13989130463403296 -0.2745992406021639 0.9509405621266467 -0.027161134931375036
1760468238.023396 92.75618684317838 16.6206295563909 -68.7202650953759 -0.13981624636901685 -0.27817647040367993 0.9499102107090982 -0.027200370505301004
1760468238.423064 92.87736747197 16.764468575887353 -69.32770516986754 -0.11410201461018254 -0.2746041564740361 0.9544418527454781 -0.02477977475402032
1760468238.689733 92.96364631648699 16.848551288296118 -69.69261975798923 -0.11843487669720376 -0.2699260085284178 0.955235603477249 -0.02526008216714056
1760468239.290174 93.195309607236 17.092974318634234 -70.74680301431893 -0.11472761922242428 -0.27134952637927107 0.9553100113182549 -0.024285596480535555
1760468239.623022 93.35205452383325 17.2537788562284 -71.45924311296976 -0.11345542093217235 -0.2681248333598987 0.9563485903243348 -0.025185610603829317
1760468240.023014 93.52297513160521 17.456404612836202 -72.32290493097254 -0.1142083946519374 -0.2775232655881855 0.9536742100604422 -0.021042355236250542
1760468240.223025 93.60992272099602 17.56110531185004 -72.7591893427229 -0.11169097958015373 -0.26876486275266703 0.9565780492930408 -0.015780026637700725
1760468240.423284 93.7033289868928 17.658561228051006 -73.19237521123507 -0.11040200052720087 -0.27601848686676883 0.9544965916854053 -0.023694928746800566
1760468240.623053 93.78504286591514 17.74202229808157 -73.59414749313282 -0.11070394727872311 -0.2689330384355089 0.9565799276132942 -0.01935197618072669
1760468240.823078 93.86400688653055 17.823946447794977 -73.99449255742567 -0.11144897804983162 -0.2652718059698818 0.9575732704269719 -0.01623040396659152
1760468241.223017 94.04207698757243 18.007105133377202 -74.77459063761876 -0.11107191717510458 -0.27238686717853594 0.9555965256790083 -0.0174271028549642
1760468241.556362 94.17449130829563 18.128554540935383 -75.3635321360713 -0.11245399720062402 -0.26791807454821615 0.9566522766697038 -0.019759184868080187
1760468241.956371 94.32513327396985 18.2779448830965 -76.08279166746891 -0.11259907709020078 -0.26667899975113446 0.9570636418904187 -0.015262512952256828
1760468242.356408 94.47128958293598 18.430077937842867 -76.73850471596897 -0.11374546816922168 -0.2657266610820806 0.9571713402239235 -0.016563076860048064
1760468242.756431 94.6032877896212 18.56322263845238 -77.37528366058334 -0.11222912167370502 -0.26604282372901167 0.9572526042686934 -0.017125764550729533
1760468243.156388 94.7403212647254 18.70540390975066 -78.06132034682473 -0.11375171477177179 -0.2617957669309235 0.9582676079580403 -0.015707174854395
1760468243.623084 94.91351751843406 18.87891510476775 -78.871003180976 -0.11328949577053739 -0.2636980789944401 0.9578067455502753 -0.015331388100539065
1760468243.956552 95.0399925993067 18.99540363065063 -79.448044714923 -0.11445029737700758 -0.25703865460040265 0.9594736083200066 -0.015577368484954097
1760468244.356429 95.19178189019834 19.15059721706374 -80.14344837965182 -0.1151874444349822 -0.26107638822705603 0.9582389002971461 -0.018686415177061468
1760468244.756441 95.33067339074893 19.30945059056128 -80.83609317800189 -0.11604776967249072 -0.2633479831051373 0.9575166692993297 -0.018508996796556317
1760468245.156389 95.47123039513534 19.43985148964182 -81.47902343856366 -0.1154054734040956 -0.26247870380438193 0.957863837064772 -0.016833787485293256
1760468245.556445 95.62569621402514 19.568807987647336 -82.16576246460758 -0.11758580371433038 -0.25412354548879396 0.9598903911207483 -0.014326179780969929
1760468245.956385 95.77790233447116 19.713788862241078 -82.86690228818186 -0.11818884719505394 -0.25752080105775677 0.9588959529917257 -0.015263838225224346
1760468246.356396 95.93951060547228 19.843921721764683 -83.52922309953182 -0.11792332952158613 -0.2538406449296454 0.9599128577403088 -0.015043964938762295
1760468246.756521 96.09650748099483 19.979960025794465 -84.18884036243573 -0.11856018003159248 -0.2528106708618638 0.9601623405656656 -0.010887064283518186
1760468247.156344 96.25106393690574 20.100866743967806 -84.84495035111352 -0.11940678613208958 -0.25239293877317315 0.96015945254633 -0.011560690679131543
1760468247.423023 96.35517685354861 20.189430034734908 -85.30191753373256 -0.11963727448476114 -0.24944563277015447 0.9609313103023085 -0.008649608456093716
1760468247.823024 96.50005550072437 20.323743722203275 -86.00768537289308 -0.12011563353188255 -0.25014133051290804 0.9606923120821304 -0.00847530865263069
1760468248.156344 96.63430587724216 20.435126225038744 -86.58513293403291 -0.12055433523730882 -0.25081577860027227 0.960452734005487 -0.009415051885944669
1760468248.556326 96.77877856171338 20.55632777523843 -87.23270920800212 -0.12001727529953238 -0.2518716299936849 0.9602453119363475 -0.009245352252191384
1760468248.956328 96.93560342644041 20.68187573200077 -87.91192737931502 -0.119387361927119 -0.2545053715848786 0.9596098937120578 -0.01106912537010952
1760468249.489605 97.1235836262413 20.816531544833204 -88.75561807739066 -0.11960841292559676 -0.24986532804775735 0.960814679978367 -0.009813059414617017
1760468249.956253 97.2848978126004 20.939575737869504 -89.4779758322576 -0.1206799287356897 -0.24819615338010695 0.961125364413201 -0.00854740482596745
1760468250.356262 97.4197883328831 21.050236936468362 -90.05860550427101 -0.12251268602426615 -0.25107485693472414 0.9601395917592825 -0.009166368672806787
1760468250.956213 97.54055805917629 21.127540150738643 -90.57261311620152 -0.12415493905891903 -0.24192979623641905 0.9622923006487835 -0.007003778433976022
1760468251.822966 97.70920367093105 21.247446792395415 -91.28579532179924 -0.12381634096754304 -0.2429914313286244 0.9620712929064796 -0.006595860484432873
1760468252.557105 97.85126953125874 21.3632627266401 -91.96192534780626 -0.11379561502848158 -0.243486116668071 0.9631916717241188 -0.005183870319514027
1760468253.556131 97.95491569428185 21.489711563101196 -92.74029916064005 -0.08977389493057975 -0.2423465793573269 0.9660261052422978 -0.0015320748001101654
1760468254.756104 98.07493883466599 21.613999238465393 -93.54031660647685 -0.08226811279004477 -0.24059166530971882 0.9671324690380302 -0.0015477512282388011
1760468255.756224 98.16307888157576 21.726712774275633 -94.24606419577398 -0.07769055989085973 -0.23832834762536503 0.9680715011643559 -0.001159420285379084
1760468256.756044 98.25327661935394 21.852745709532496 -95.02711897565705 -0.07205152153737747 -0.23851342804745487 0.9684609885814908 -0.0017990222238551874
1760468257.756031 98.32009729147696 21.95763889976413 -95.69239605553473 -0.06653570206532111 -0.2363539390800217 0.9693851106109168 -0.0015241908977397399
1760468259.022707 98.38612629939055 22.083578419867425 -96.45615673806476 -0.06235454388390275 -0.23581463691856863 0.9697937017309001 -0.0018825395273596752
1760468260.222682 98.44855164259377 22.207684262258603 -97.23462376421762 -0.05748975803152042 -0.23629279984231097 0.9699779347172204 -0.0018565090558892044
1760468261.555942 98.50654453932334 22.331099266425323 -98.08332982503438 -0.054863132226262885 -0.2280419897190652 0.9721040606726679 -0.0007634598898728582
1760468262.355917 98.58537621111853 22.414570953036524 -98.67963586869828 -0.06115564656560414 -0.22875635052028434 0.9715590993541547 -0.0018534972153719281
1760468263.355897 98.65308807112866 22.5408127002582 -99.62431142014262 -0.056459869399660204 -0.228363689232985 0.9719351303623348 0.0021002273269618336
1760468263.955932 98.72030352129654 22.643687214265686 -100.31488226518935 -0.051983141681029445 -0.23533799330091473 0.970520222093986 0.0020689119625463518
1760468264.5559 98.80025455255196 22.752555294510405 -101.02185182251876 -0.06600452163538796 -0.23430406866441666 0.9699199720866947 -0.0005042601803515623
1760468265.155878 98.88286640108413 22.83967288453109 -101.6703196656788 -0.06654845325761066 -0.22798112968378845 0.9713828883745196 -0.003345452181550086
1760468265.755853 98.96005244802231 22.939360685981303 -102.34197221390438 -0.06550713975598849 -0.23200683376281528 0.9704973704081515 -0.004061743370285913
1760468266.355828 99.01715989017006 23.0270012604481 -102.96127109901747 -0.06526162230404048 -0.23006493479788573 0.9709845416891096 -0.0002573547730022467
1760468266.955832 99.08455547387273 23.12988758677538 -103.65236247887272 -0.06230296626110721 -0.23160338937084562 0.970813169042143 3.523286924796811e-05
1760468267.556068 99.14872132949623 23.23713125746377 -104.36316582577058 -0.06644230031587366 -0.2343368238668149 0.9698821949526383 0.00044902405420208847
1760468268.155816 99.3125163720161 23.354859336033424 -105.01998533771939 -0.13064739174235054 -0.2401105201800842 0.9619114542631879 -0.0021333745683824387
1760468268.689111 99.52351378211534 23.450448068652747 -105.57073586858995 -0.1741388229782566 -0.23880879676535383 0.9552951493268161 -0.00756350394245251
1760468269.355789 99.77498971814373 23.581642532840217 -106.31059659613649 -0.1675930384512974 -0.24395701531578368 0.9551493036995311 -0.009346431574530778
1760468270.089101 99.98815427186945 23.722144235544683 -107.09151611326769 -0.1460100398914674 -0.24523619068812824 0.9583654529403942 -0.008714220448270553
1760468270.689074 100.10876641548263 23.833303742519405 -107.71636840563063 -0.10094113160716423 -0.2501043925819788 0.9629180792021198 -0.006888650576479847
1760468271.289058 100.15825550985151 23.947597022493216 -108.34344710302767 -0.06834766398053309 -0.2514231574529278 0.9654421532628042 -0.006036673594322758
1760468271.889179 100.22847934097781 24.07919113438623 -109.02316157422149 -0.06282807737762185 -0.25292407867167627 0.9654209981140423 -0.0066587928036435096
1760468272.489022 100.29213483412781 24.196069420347627 -109.68494818182047 -0.058968038740840244 -0.2513998209402421 0.9660718070060731 -0.005115090057227699
1760468273.089038 100.35535548890203 24.326116411331032 -110.37411921786045 -0.05513593300194638 -0.25414240451189957 0.9655805324481298 -0.005089447720648184
1760468273.689016 100.38578875682373 24.449441070766902 -111.00855337899209 -0.03490363081422431 -0.2565477803144538 0.9658956583040783 -0.0032481134589563464
1760468274.488986 100.41338213542781 24.60937419887202 -111.85337069963336 -0.02646842040877193 -0.2569595512432461 0.9660566284342551 -0.002408818003450909
1760468275.088966 100.43295285368886 24.748111841855437 -112.55430566650365 -0.02178427147387569 -0.2589756855132097 0.9656362646885432 -0.0019089650791234655
1760468275.688972 100.4305618396197 24.879514939397314 -113.26254205326289 -0.01636577691392425 -0.2561981263186529 0.9664769991985623 -0.0041099193370636045
1760468276.288943 100.42032677232196 25.014624666598078 -113.95928327428118 -0.011546446604634875 -0.25786265878237624 0.9661097061238625 -0.0023589213115547355
1760468276.888953 100.41256080194329 25.147315208776323 -114.6033987942979 -0.006900593652693464 -0.26151260787696357 0.9651729484494821 -0.002171936915091959
1760468277.689196 100.38614246572172 25.3075971509074 -115.42548822819366 4.991782724211051e-05 -0.2602734622708924 0.9655348187353544 0.0004859582485347138
1760468278.288891 100.360296451868 25.44969217470598 -116.13838252471336 0.008219867703604146 -0.2614631874160296 0.9651777461177764 0.0011635291980145706
1760468278.888899 100.3322535044031 25.590044831931966 -116.83220652643685 0.010725151187217589 -0.2599115461629813 0.9655676818180703 0.0031640372402442717
1760468279.488911 100.4031414787817 25.715876632238455 -117.46348524688163 -0.0653159439389979 -0.26010658143310805 0.9633682524104145 6.332648336363515e-05
1760468280.08888 100.4662760117367 25.850586371872808 -118.12567460178602 -0.06150771981311703 -0.2604564241484794 0.9635241532532424 -0.0006764767555452144
1760468280.688854 100.55543041011417 25.976011166135475 -118.79279429832721 -0.06122066260096128 -0.25873068733756416 0.9640009089869774 -0.003565020730952926
1760468281.289105 100.59780780451685 26.099005426994534 -119.40681503507841 -0.04419125354605811 -0.2584846542696524 0.9650031730842266 -0.0013009821292367624
1760468282.088801 100.57883244490313 26.259661952142725 -120.17375233701222 -0.012874440454777987 -0.26026830410216373 0.965447020963844 0.00259005304946276
1760468282.888816 100.61232273417025 26.38610983250735 -120.88785284473381 -0.02910521911655419 -0.25521097454553676 0.9664469093720196 0.0007848929647755594
1760468283.488807 100.68883215446708 26.54304461895834 -121.5839863256788 -0.06788948344284984 -0.2622130577303813 0.9626171228216641 -0.0018987480316767253
1760468284.089007 100.88145936356467 26.661272760141618 -122.20279778888136 -0.14218496673520029 -0.256192351392981 0.9560995672818817 -0.004746763702130013
1760468284.688761 101.0398580147073 26.784851300545416 -122.80941228635797 -0.1364301710348264 -0.25713687383381567 0.9566481346462774 -0.009580345723315196
1760468285.288766 101.20716953928297 26.913401585598496 -123.42008714717394 -0.1329863051185239 -0.25765943227905486 0.9569453571139652 -0.013484921452625058
1760468286.088724 101.30692219428813 27.0527800612187 -124.12901594808439 -0.08625536205332114 -0.25812860704878404 0.9621835120450352 -0.011511902049029226
1760468286.956045 101.31860451713793 27.20168560575104 -124.8965070180966 -0.03724288875685502 -0.26092407394334555 0.9646013665872025 -0.008706230639792716
1760468287.88866 101.35018129702428 27.35437239789805 -125.62532859719262 -0.030881258683646374 -0.2596143847343664 0.9651752440833808 -0.00913604453231737
1760468288.688782 101.36849935067352 27.494353833342437 -126.36524353871 -0.022218677101388987 -0.25600601184470406 0.9663600681111882 -0.01074574554757502
1760468289.288665 101.37572013494426 27.633666638486684 -127.06467468718785 -0.0163173234469068 -0.25541920468417373 0.9666052306784446 -0.01300395551761701
1760468289.755285 101.36087849720212 27.734568177641986 -127.59699245868495 -0.013563124430588817 -0.2576755158024387 0.9660714312939651 -0.011196421270081343
1760468290.689063 101.36812390436688 27.911284886612584 -128.47865832147224 -0.007919441266078962 -0.2593620209077033 0.9656740835640784 -0.011924298444035175
1760468291.48847 101.35528252479854 28.072192905335083 -129.35063292525743 -0.0007343721816807251 -0.2546947197460395 0.966914680358847 -0.01435483672961813
1760468292.088445 101.334040146814 28.20542135583862 -130.03092359125404 0.003566897880031593 -0.25893292286360386 0.9657963249107268 -0.013359546614998429
1760468292.621755 101.32047937067445 28.31348749285027 -130.63672896789652 -0.00823645971391992 -0.25322846369982627 0.967258543217804 -0.014778919980097812
1760468293.221753 101.34332865328432 28.45275151867103 -131.32990364151584 -0.02732206462575832 -0.25417345334865893 0.9666300849502524 -0.01660238737263572
1760468293.688396 101.35241859232958 28.55270494282457 -131.88286800166895 -0.024273980636535263 -0.24928193450815697 0.9679712890650075 -0.017345735434271925
1760468294.221734 101.37013599337847 28.672404129188912 -132.4948174945445 -0.025677168733194148 -0.25265103570077885 0.9671058055489021 -0.014645751560773516
1760468294.8217 101.39020327410256 28.80976417518822 -133.20111560782792 -0.02634597510885389 -0.25494467018295536 0.9665159788809323 -0.012488687228893932
1760468295.421687 101.41608808460755 28.936162600528075 -133.88024960333314 -0.025992229413503584 -0.2515780847003875 0.9673674445981837 -0.015267561697287076
1760468296.021666 101.43446236884135 29.056860891354056 -134.5614762156883 -0.028596442881199512 -0.24715217172540296 0.9684652357981526 -0.013158058990140081
1760468296.621661 101.45955568605741 29.184779075012063 -135.27659173290294 -0.030365024873790652 -0.24645359183081716 0.9686386347584454 -0.00881972739930924
1760468297.088323 101.48326634257334 29.295718800724263 -135.83655364790394 -0.029225510401372324 -0.25024034862034966 0.9676893038901714 -0.010151285667377562
1760468297.821637 101.51932987736582 29.44194899351404 -136.66375249925355 -0.03041542381410175 -0.24454308030820607 0.9690654471450384 -0.013628756992838527
1760468298.421666 101.55098266132069 29.554637937203157 -137.34168985327022 -0.03188690857330031 -0.2442053673470914 0.9691082121642454 -0.013275418499242287
1760468298.888321 101.55985462255966 29.644174748323163 -137.85869596500092 -0.030527428076424452 -0.2429533922967662 0.9694943527203039 -0.011064598952127715
1760468299.4216 101.55212290106216 29.734678448357382 -138.44146615562644 -0.007296404220309541 -0.23998468817910282 0.9707262409528455 -0.006684089361344781
1760468300.021601 101.53296197547013 29.846184539979433 -139.0874628894366 -0.0039296506666915455 -0.24235925273469827 0.9701616841712494 -0.0057321048072728744
1760468300.688265 101.51802203981441 29.971999451451957 -139.8250247936101 -0.001146830232935014 -0.2409764249790156 0.9705096566005091 -0.006328809517724764
1760468301.288215 101.50566356386862 30.08416132428821 -140.5361445690399 0.0014247358203598854 -0.23899344138692072 0.9710025992861783 -0.005835861664239766
1760468301.888217 101.48690510478684 30.1804636872151 -141.22378455745653 0.0030378685254467417 -0.23683575384744066 0.9715233717217198 -0.006475743416603142
1760468302.621545 101.4666855714879 30.308591461545152 -142.05803326792295 0.0009641862191884798 -0.2342904837498748 0.9721344795038437 -0.007848141753003968
1760468303.021508 101.45568994987119 30.37702702503758 -142.50427521172236 0.001288770493389743 -0.23486550034954626 0.9719899227558976 -0.00849269551772737
1760468303.421516 101.44020027188353 30.457617772324358 -142.98055240495006 0.0012636187692406694 -0.23603642678333703 0.9717125511650702 -0.007741214842088356
1760468303.821505 101.42180682922175 30.525394156514395 -143.46389397499752 0.0014305474575341363 -0.23451947921147603 0.972073542688005 -0.008461383476769776
1760468304.221507 101.40776691404176 30.60011820202554 -143.9564084074155 0.0011586761845579989 -0.23604177298905624 0.9717089016565176 -0.008046695916114266
1760468304.6216 101.3955177859762 30.666716953768507 -144.42403797380632 0.0018091896227340853 -0.23300882487630079 0.9724252611082781 -0.009629429950496312
1760468304.82149 101.38938667425512 30.704129932910938 -144.65695988032653 0.0008979785603152353 -0.23073287596224581 0.9729839652496045 -0.0079835425628247
1760468305.421457 101.37258226981388 30.81853376180474 -145.35589023986574 0.0018837162718112973 -0.2352290838924863 0.971924814798863 -0.005087640150867875
1760468306.021456 101.36128595703155 30.94497467879229 -146.0635009624109 0.002022133549331065 -0.23957125628296796 0.970865956988548 -0.00456264173696054
1760468306.621427 101.3885960256548 31.050909267338955 -146.7531029172459 -0.02121303322178731 -0.23576532742892845 0.9715157910020369 -0.011035643957105356
1760468307.288072 101.4118100359618 31.160276646930487 -147.51509624327684 -0.019911362301725397 -0.22983241593133047 0.9729187109203207 -0.01448379023594716
1760468307.888065 101.43279272986112 31.253003826128968 -148.1819098802311 -0.022155799375006013 -0.2299041298597255 0.9728208139540094 -0.01651894564903036
1760468308.488069 101.45157674544186 31.354714499157833 -148.89602934587396 -0.024486461242350935 -0.22753684562054124 0.9733078749018705 -0.017296755617323363
1760468309.088032 101.46625688045732 31.453215032770167 -149.5764738744796 -0.02649002970458559 -0.2315810226103332 0.9722895216435368 -0.017933053147334236
1760468309.82135 101.47761680033186 31.56831342637324 -150.38925448075207 -0.018599254884074972 -0.23073825752788604 0.9726873788119801 -0.01712271388044319
1760468310.288006 101.43447034486346 31.64093054341224 -150.89176184184788 0.018892718071843742 -0.22780724091491242 0.9734116087987665 -0.014722976818228338
1760468311.087963 101.39176332974687 31.766902007612785 -151.77435234356525 0.014894769568318658 -0.2283629800049915 0.9733805049644508 -0.012605068738297117
1760468311.687969 101.34438340633848 31.863613913012546 -152.4816906791824 0.01720586776566241 -0.22908316352015706 0.9731925044661527 -0.011009612024269496
1760468312.287948 101.3135448778527 31.95462999075817 -153.18120468235048 0.015832569493323408 -0.2260704557847106 0.9738639116393827 -0.015184214532628538
1760468312.887925 101.28074748633823 32.04400936074696 -153.84807200291635 0.01737527601577441 -0.22573682785123012 0.9738714840080086 -0.017757166752577002
1760468313.42125 101.25504918060672 32.13489761296872 -154.4672488154851 0.006972693082478705 -0.2278779361809805 0.9734713788507444 -0.019403667475628043
1760468314.021255 101.27676559014516 32.24223869846577 -155.18305149376587 -0.01681163263641415 -0.23117819754996444 0.972522269414305 -0.02178176941614402
1760468314.487901 101.30632012692244 32.32056851029044 -155.7130652744727 -0.022761121975897452 -0.2299976517659412 0.9726884414553097 -0.021452444331391613
1760468315.087863 101.3221347404976 32.41366156142379 -156.38468361917688 -0.02629320785024723 -0.2288511582626101 0.9729012300814847 -0.01997526191916728
1760468315.621194 101.36037296772861 32.50253702240617 -157.02070701850073 -0.028783976889437932 -0.22924558724954197 0.9727394432487507 -0.019897712158724153
1760468316.087847 101.38271274717454 32.58250860609677 -157.57161477742756 -0.03167621500474655 -0.2285020410303051 0.9728366983332121 -0.01929230478955282
1760468316.687822 101.39831177906169 32.677166781899416 -158.2515552203422 -0.023744351508914466 -0.22502197256593484 0.9738739796946178 -0.019255890208559695
1760468317.087817 101.41136463925174 32.749411371599805 -158.7001109548247 -0.024717072150422115 -0.22762420889063698 0.9732226182753958 -0.020347509636464683
1760468317.821154 101.45306184327615 32.861144293829554 -159.55971833432764 -0.02536122608129966 -0.22484692391767294 0.9737983757731357 -0.02274626030837227
1760468318.421135 101.48090014287452 32.9470736860283 -160.22844016425708 -0.026495834915873578 -0.22763206153492951 0.9731213488390127 -0.02272566230518958
1760468319.087909 101.5056374274554 33.05602309769137 -160.97196671544015 -0.025416953447517057 -0.22914932630643442 0.9727509005812225 -0.02450000304437625
1760468319.821101 101.53363184998679 33.17839377874034 -161.82518209077423 -0.0207733465527303 -0.22833642291249573 0.9730423580163173 -0.024890069316311072
1760468320.287748 101.52504070034712 33.25304635770431 -162.36650921222207 -0.006334616590944187 -0.22601106178912092 0.973828056755156 -0.023190266451170383
1760468321.021054 101.42863941955132 33.35492912926841 -163.1499505270938 0.04369943036149633 -0.22455878053501938 0.9733211826292709 -0.01759515035068191
1760468321.687722 101.3352548231759 33.4524762280889 -163.86754319349274 0.05390052739701384 -0.2268676412767961 0.9723083813994046 -0.015563352733159794
1760468322.487667 101.25706731372996 33.55513656444524 -164.72681425449042 0.029936318562468905 -0.21968446438047007 0.9750189546756228 -0.013438413747467855
1760468323.020997 101.22414194494833 33.64106620797012 -165.29459553626285 0.023974191510806313 -0.22886162240536623 0.9731026453932423 -0.010901259563031377
1760468323.820993 101.16849652749828 33.75909605529243 -166.08650756020552 0.028911518210581428 -0.23384398430035438 0.9717447821008053 -0.013899409381459109
1760468324.420952 101.11491715435966 33.85814820366461 -166.77766915916797 0.02991924047091534 -0.22977759065160214 0.9725807221716704 -0.01984532045648093
1760468324.88785 101.07088797772285 33.93186675016326 -167.30905210759153 0.03012578936049012 -0.22421319794775516 0.9738090043529499 -0.022735472780755463
1760468325.487722 101.00344408386499 34.01938235325932 -167.98925500281916 0.03086799119341256 -0.22648316176192812 0.97328296926002 -0.021744109694411422
1760468326.020925 100.96445202227697 34.106610713287715 -168.5829127759868 0.03314607045100977 -0.22837131852016002 0.9727632689876854 -0.021897520394150084
1760468326.754245 100.89288732183503 34.22111838647978 -169.4234319020297 0.033874184407183365 -0.2283189135423018 0.9727659250763331 -0.02120066885730586
1760468327.354235 100.84356080400717 34.31423129516893 -170.11741087710735 0.0144011760830156 -0.22929683446326654 0.9729184522450633 -0.025401832879180176
1760468327.887611 100.8795944167812 34.401497837255164 -170.70033521250215 -0.02112660508004044 -0.2289048774413391 0.972795378107625 -0.028729357350984096
1760468328.754177 100.96256592033778 34.544631202808816 -171.667654820784 -0.04419141212804215 -0.23097625113638287 0.9714412579371962 -0.03160653227594203
1760468329.354187 101.03644353537048 34.64171246335693 -172.3303663915592 -0.049800600091457696 -0.2321909332366765 0.9708078354463834 -0.03375525720713479
1760468330.020843 101.11589327108213 34.75770613869628 -173.09457690989763 -0.056463993799840365 -0.23436158776805752 0.9698843310829739 -0.03479723987242466
1760468330.620828 101.19165292964635 34.84518363155833 -173.73365607021665 -0.04943984861848917 -0.23100509035917502 0.9710981339851743 -0.0340699833760278
1760468331.354136 101.27967265548936 34.9621842950558 -174.54137083815473 -0.05714441523961479 -0.23214222690533792 0.970413747427497 -0.0337884758175791
1760468331.954143 101.33883249443528 35.06836478990819 -175.2048204924671 -0.039735527935609305 -0.23392284443381614 0.9709229665555538 -0.03177709374115629
1760468332.620746 101.3683839816099 35.16904370483925 -175.94170014589474 -0.029740333655963423 -0.23289917455355913 0.9715041562906098 -0.03245244761760037
1760468333.220884 101.4003917858467 35.28171501018068 -176.67913466083053 -0.02629212466881852 -0.23373139979374086 0.9713624496745793 -0.03366523864549778
1760468333.754119 101.43412787218428 35.37328588324241 -177.28334471741476 -0.02731648669203048 -0.2320214529421624 0.9717969975905397 -0.03210062933066074
1760468334.220695 101.4653684880646 35.46401531931748 -177.82663437410685 -0.02811473797579753 -0.23159278956402773 0.9718337666468477 -0.033368717918203325
1760468334.820709 101.50319180550724 35.57271823011824 -178.52826447624338 -0.026761210100180486 -0.23755978335404837 0.9703130826907037 -0.03662933968849519
1760468335.354038 101.49347903976859 35.67949419263275 -179.1387744358238 -0.012271033278574286 -0.2389854492900449 0.9703909185428661 -0.032815270522186794
1760468335.820657 101.49011832896824 35.74913039833926 -179.6512604918038 -0.003696894170035473 -0.2339504295891194 0.9716263738436448 -0.034579171765845344
1760468336.353987 101.45326847307936 35.854368457028876 -180.2514427444289 0.01044074999790131 -0.2434987197019061 0.9693112654705237 -0.03217195789730177
1760468337.020737 101.4274759483988 35.95763410918018 -181.03085747448858 0.010582889641349227 -0.23237819323490913 0.9719659361372691 -0.03421398463377908
1760468337.620643 101.4006443481511 36.061243957775304 -181.71060829246701 0.013601168158165687 -0.23295809498726022 0.9716814231325841 -0.03715839264117977
1760468338.153974 101.3681271962286 36.15130146643053 -182.33239334690447 0.014870965859178784 -0.23210592686569612 0.9718518223178333 -0.03754635196311296
1760468338.620621 101.34759802098377 36.23004095992108 -182.8785987316071 0.016844333713059264 -0.22965615486377997 0.9723254229930783 -0.039466324331990016
1760468339.220638 101.310759967711 36.32781984375682 -183.57577731643374 0.018810671989772067 -0.2324293914897648 0.9716163514310266 -0.03980455027820963
1760468339.820822 101.27389875969955 36.41538287591238 -184.24861485033583 0.02039236089775879 -0.22844030783069955 0.9725186577866215 -0.04008288452867343
1760468340.353874 101.23744687409875 36.499598511558396 -184.85672838743426 0.020905040114158422 -0.23084495861878365 0.9718726831386524 -0.041678197501740795
1760468340.953911 101.19834432274436 36.61508584451075 -185.58028502799007 0.023892779633953493 -0.23480442884425592 0.9708475767455065 -0.04184492805423594
1760468341.620497 101.14679882686124 36.7289571373886 -186.3571685131541 0.024917184588212574 -0.234744765547578 0.9708406049271726 -0.04174384726940195
1760468342.353848 101.07882657353464 36.850608913336906 -187.2019644975403 0.026835122585709612 -0.23450284629367119 0.9708189708740818 -0.04241246358048078
1760468342.620499 101.05791340787344 36.88940782145722 -187.52181774884497 0.0278167923912195 -0.23131220950580678 0.9715122872427302 -0.04341386335036934
1760468343.220502 100.99797217616577 36.991834250928456 -188.2099488292406 0.029889047451837326 -0.2357010273705262 0.970370181653568 -0.04397022966191798
1760468343.820469 100.94086160265667 37.08732866154729 -188.8981682163184 0.03164506532199728 -0.23376683886359495 0.9707636854092949 -0.04437929673904265
1760468344.353812 100.89364446120919 37.18503536942168 -189.5336135768426 0.033110375305667995 -0.23675817924889656 0.9699235224043447 -0.04579987218993017
1760468344.953785 100.82398484149026 37.282961865597535 -190.21577545453076 0.03418861816472055 -0.23521218908079436 0.9703081113605038 -0.044816665692794154
1760468345.42043 100.77306270836718 37.37429794128018 -190.77292302419875 0.03567821901003944 -0.23865006837228414 0.9694052923743093 -0.045017648437648966
1760468345.953757 100.71585667725651 37.46691335153285 -191.39824608958793 0.03594598382515009 -0.23590408143279504 0.9700770940577098 -0.044806050871957895
1760468346.55374 100.67425991554295 37.57748246518705 -192.11211942846575 0.022577651212534546 -0.24015681836488345 0.9693535724106185 -0.0465682715306611
1760468347.153717 100.629888597231 37.69023961254939 -192.79549896225376 0.024255866868383352 -0.2389388048327317 0.9697212404290522 -0.0442788474139701
1760468347.753674 100.5849122105534 37.80009764630056 -193.50514842932947 0.02195793879706321 -0.24036375811437025 0.9695510105187657 -0.04139988781338871
1760468348.42035 100.53720384394069 37.92361210858847 -194.3110503622934 0.020639949279469452 -0.2366490040852108 0.9705877125190232 -0.03912459158009096
1760468348.953696 100.53452469218232 38.027614453444855 -194.9506584831412 0.005463419048054657 -0.2426373078553714 0.9692147430218898 -0.041473724187913175
1760468349.553638 100.57321264288234 38.14213552982287 -195.6276251587058 -0.02857210017931838 -0.2419533191939341 0.968890809437285 -0.04350661800627532
1760468350.020317 100.66436203204667 38.2332072956108 -196.13805088173584 -0.07411698177240948 -0.24266150890003121 0.966181350177046 -0.04599634421743361
1760468350.753668 100.87610545488057 38.3819339868086 -196.9016924620875 -0.11404786641247193 -0.24662909980606665 0.9610379723994877 -0.05072658969311495
1760468351.353604 101.05282118198107 38.50916208330115 -197.56658344175838 -0.12306018965066298 -0.24561882108444816 0.960034372555314 -0.053493812395017805
1760468351.820255 101.18663403684626 38.60426344536951 -198.09512112353764 -0.12851637280171452 -0.24207154800561537 0.9601846096980864 -0.05413338033957789
1760468352.420253 101.37860935578938 38.72209007591688 -198.77246870410562 -0.1367507081265703 -0.240627533579035 0.9592327134350972 -0.05718597193799058
1760468353.020248 101.58141252926373 38.85640161808386 -199.43962990168941 -0.14408696980833968 -0.2446555252091211 0.9570751457257988 -0.058221856291607074
1760468353.620199 101.78398996335163 38.99076131840264 -200.10883141935017 -0.13375398846100325 -0.24446257317630055 0.9585296871964136 -0.05973909649418125
1760468354.286872 101.98481477390494 39.1178459942985 -200.80726234901778 -0.14234526499711864 -0.24189111217643633 0.957980676443862 -0.05915690106071764
1760468354.82021 102.1638481534901 39.22792520075112 -201.39435761640465 -0.1483683076513694 -0.2410937147982888 0.9572001291948352 -0.06023768454066591
1760468355.353477 102.34962053126935 39.3357451717533 -201.9526814255779 -0.14888288310581163 -0.24348489369291493 0.9559562589186844 -0.06853192464570279
1760468356.086859 102.53315731213588 39.48096891659163 -202.7164064851074 -0.11694230194179593 -0.24440322864144484 0.9602020412265204 -0.06784983323940491
1760468356.553804 102.6426486964495 39.586553298510715 -203.22077070845285 -0.11367259027519389 -0.24771059862537345 0.9597774056846551 -0.06741908547303029
1760468357.286779 102.82148731233458 39.756615819351175 -204.0623074954759 -0.11054029718028599 -0.2479527068744329 0.960176736147641 -0.0660373622565215
1760468357.554169 102.88755662794404 39.82551739137247 -204.38012137186595 -0.10664862689706588 -0.25529885999128143 0.9584887293203214 -0.06890513938769981
1760468358.086765 103.02721940331816 39.92522951814186 -204.97691196147562 -0.11018683462687412 -0.24137080409610842 0.9620346111736834 -0.0639406233063766
1760468358.686793 103.17709949606349 40.051022352331586 -205.64849089022564 -0.1083645921606576 -0.24127120369226623 0.962050938275853 -0.06710673287599449
1760468359.153383 103.26010256838738 40.1522110897761 -206.1615991481173 -0.09228275969879954 -0.24288484650706127 0.9635814511188197 -0.06325844338398384
1760468359.686714 103.34615372184969 40.242288934761625 -206.73163992746873 -0.08722987676015478 -0.24580285837506352 0.9635818410800755 -0.0590079567159274
1760468360.153392 103.434643680625 40.32642192361724 -207.2635989513253 -0.08226895759879219 -0.23792627361016755 0.9657236282440712 -0.06325172561041072
1760468360.753393 103.5426917762716 40.44136596197706 -207.94384672089103 -0.08214311469379056 -0.2382661398567337 0.965781862839972 -0.06121395850235264
1760468361.286673 103.64250687260267 40.53844070057463 -208.5476352230319 -0.08053640977831482 -0.23514291517322022 0.9668022938102815 -0.059287611075478905
1760468361.886673 103.73283512019715 40.64489305779838 -209.21288332005884 -0.07888730064288357 -0.23783845294196257 0.9664029716647057 -0.05722727022215121
1760468362.353518 103.79945641038863 40.7305869865609 -209.73421300811125 -0.07803049933262575 -0.23664283740261638 0.9667728525584991 -0.057110946725148194
1760468362.953375 103.89540787288013 40.84369633387721 -210.40382316430606 -0.0757506423132502 -0.24027360352698704 0.966066513928535 -0.05697303136795442
1760468363.553291 103.99489773493093 40.956171579377276 -211.07914433599802 -0.07400395387485434 -0.2373149585997987 0.9670572440847713 -0.05482072508487099
1760468364.153299 104.09596208029178 41.0742504193712 -211.77394143032032 -0.07536769093800337 -0.241368731677485 0.9661014311461812 -0.05204681804276297
1760468364.753238 104.23251769217048 41.18541234765926 -212.3999753094004 -0.10201360719683651 -0.2374128328981398 0.9647019807771742 -0.05077852899175091
1760468365.353231 104.35568100862656 41.30156193896424 -213.07536072611302 -0.09841954078028574 -0.24162548384655183 0.9640804970305334 -0.04979472656694753
1760468365.886575 104.47631719409466 41.40256737758263 -213.68310258939968 -0.09949765539343752 -0.2387622222078906 0.9646379621797869 -0.05065984345797688
1760468366.553258 104.62814399257265 41.53156742370961 -214.42931481039957 -0.09968237737566707 -0.2387963988981073 0.964561524873369 -0.05158263514005748
1760468367.287426 104.79296747493369 41.68233898413924 -215.26230489929532 -0.10259596585116798 -0.2404538988816814 0.9638528819061786 -0.05141607088078855
1760468367.553192 104.87166241819159 41.7273097985073 -215.57289799160165 -0.11814617346038703 -0.23599918153139474 0.9631786892464567 -0.05130965401030945
1760468368.15321 105.05934173388377 41.84452424849162 -216.23365167911058 -0.1267342962271229 -0.23872116714794664 0.9614180526457677 -0.051244029526939086
1760468368.753151 105.2418731122213 41.9783127995342 -216.90189156394388 -0.12945558681246255 -0.2466512441425338 0.9588814277858494 -0.054321471384268814
1760468369.3544 105.43196003468876 42.1002737154503 -217.57038900073832 -0.13268735287580596 -0.24766279908384045 0.9581944424517069 -0.05404271265796265
1760468370.086489 105.65773265287523 42.250832011517794 -218.3685521560686 -0.1363012719170117 -0.24990834226628772 0.957122618738416 -0.05370359800644354
1760468370.55309 105.78721743064264 42.33011020538428 -218.84105429491126 -0.13756303435760794 -0.24397062007887294 0.9585741874845141 -0.05186786293131244
1760468371.286423 106.01428432871202 42.468871932481576 -219.60624929938965 -0.13929905224407627 -0.23906580426251955 0.9593650424829396 -0.0553356172634255
1760468371.886421 106.20897276937346 42.57596415675558 -220.2579263771619 -0.1419214218835117 -0.23559460049507402 0.9598014942013808 -0.05598737319186731
1760468372.486371 106.3991191865241 42.68395664188197 -220.89496031956887 -0.14279528487421886 -0.23646779250633454 0.9594760484852963 -0.055661495739093715
1760468373.153037 106.61198686285744 42.81196398864382 -221.59036433315364 -0.1456024581967966 -0.24328282883012894 0.9573078325575367 -0.05634805309371008
1760468373.753046 106.80128920761486 42.922303980933464 -222.21038020369767 -0.14729682963835353 -0.24325713288464934 0.9569904714998452 -0.057435605139443555
1760468374.352997 106.99064259412604 43.01964842298503 -222.8133374165494 -0.14881591108317413 -0.23511784651768908 0.958763395421198 -0.05784612742253891
1760468374.88634 107.16768343801878 43.114510259602625 -223.38107343031734 -0.15195166329124418 -0.23542614631681924 0.9582178128843751 -0.05747908075570374
1760468375.486325 107.35669366077684 43.23161310106823 -223.99902747879273 -0.15301325463309073 -0.23928650503769583 0.9571837498898066 -0.05593014715090342
1760468376.086323 107.55783894866723 43.344954698968735 -224.62462291351656 -0.1532245682249981 -0.24307093829957147 0.9563098876621903 -0.05394580063320942
1760468376.752933 107.79102876097922 43.46365192415349 -225.32646148912286 -0.15524835602326048 -0.23740288096655912 0.9573492780156322 -0.05495616383810478
1760468377.286412 107.98251791963088 43.56082929681068 -225.90094084141927 -0.15744674566075195 -0.23533493081788673 0.957303097694422 -0.058298985946951806
1760468377.952964 108.22338321799067 43.6804770090653 -226.6124354373671 -0.15842454894635757 -0.23450939765477904 0.9574705516633338 -0.05618849882535692
1760468378.486232 108.42630232453007 43.79358320076878 -227.20456660631748 -0.1628419843756913 -0.2426997479564108 0.9546870820973385 -0.05614174688190005
1760468379.1529 108.65595238771456 43.90652512794567 -227.87343608378674 -0.16234048692436404 -0.24000962039598123 0.9553622584999832 -0.0576533039499796
1760468379.886222 108.89848139712761 44.02795862756037 -228.5640747502307 -0.16161134851967254 -0.23660562367082755 0.956197594125737 -0.05988081383167578
1760468380.352843 108.9957150117029 44.104142934128106 -229.00277004156035 -0.13787872098813916 -0.2373446180158558 0.959993459047283 -0.05540351237976827
1760468381.352855 109.18508279216435 44.263879398932964 -229.9181313827712 -0.11292213963844343 -0.23943682230913763 0.9628393743240913 -0.05346903546138478
1760468381.952792 109.29881894764978 44.35275355752041 -230.4737950745524 -0.10959004929560573 -0.24009836418478195 0.963155416849072 -0.05171498434176244
1760468382.552813 109.40636289855495 44.43101689758769 -230.99113724487015 -0.10835385841179852 -0.23299110826980762 0.9649777739302701 -0.052843927324369884
1760468383.152791 109.5299170316591 44.525877127760815 -231.55027748052638 -0.10599880639085353 -0.23485732019936195 0.9646740531686764 -0.05486586676255529
1760468383.819459 109.63492684759642 44.59754972125066 -232.0901526801965 -0.10067463560763712 -0.22722455621211132 0.9670712846563718 -0.05483383255393706
1760468384.486071 109.73642062581172 44.69268559207704 -232.66426736553151 -0.10121935261135247 -0.23215289894348828 0.9660369905706018 -0.0513050389179108
1760468385.219598 109.86254154217723 44.80928422530475 -233.33456328759397 -0.09780716238435212 -0.23394594127730783 0.9661454681082067 -0.047602415906859076
1760468385.88602 109.9378540870061 44.910747763676184 -233.96755217346313 -0.07238946020613865 -0.23463102885409182 0.9684302687259398 -0.043021633689787724
1760468386.486035 109.98541725939324 44.99632934191199 -234.52947358006696 -0.06392704036019407 -0.23313816467022203 0.9695359660421498 -0.03949607873830257
1760468387.086024 109.94150257803835 45.06829594969799 -235.03271505929007 -0.006598771270628033 -0.23284697884773126 0.9720081781973748 -0.030640531598234932
1760468388.219318 109.8532671943734 45.158715218463726 -235.66517972506202 0.02894512803601824 -0.22937334035099755 0.9726559043408832 -0.022148183898971836
1760468389.285973 109.61861068779605 45.262449366555714 -236.32896580095402 0.12261261866399355 -0.2331260911458262 0.9646149942954927 -0.011674080337773148
1760468390.819366 109.32860974240361 45.38343430536043 -237.17334903961356 0.14472658868247465 -0.23116662106178518 0.9620539705049853 -0.0082683535727392
1760468392.885893 109.05607734252455 45.49368973862873 -237.88456268999948 0.16440630688709565 -0.23289939553133382 0.9584989427691685 -0.0028660996618814633
1760468394.619169 108.77444200520665 45.582970260976545 -238.53141285315945 0.18379129783197973 -0.23109168931944002 0.9554123684467536 0.0021438721251048135
1760468402.485839 108.25066909884025 45.63652223334784 -238.963087819773 0.37302751753332475 -0.22037581438941461 0.900890145837845 0.026113535329284853
1760468407.885475 107.39123493536111 45.66756213414813 -239.05058736982852 0.6266291821254738 -0.1912963978999537 0.7532944659393734 0.057349837352660415
1760468411.152044 106.56885448474402 45.627865588512485 -239.01441337198062 0.6965121061308056 -0.1558872319133726 0.6979580552147436 0.05852016832228707
1760468411.952046 105.82643566291256 45.576835459675635 -238.98685620696799 0.6981613343203892 -0.1425951835763184 0.6998960676810758 0.04881454010207181
1760468412.552043 105.16472324119718 45.526223415729255 -239.06151991027724 0.666458184707726 -0.14712189381086996 0.7297140194398989 0.04130479670029336
1760468413.152009 104.50295264101123 45.51042144113832 -239.21729490393616 0.6226385436006953 -0.1582818673235358 0.765554484960562 0.034560455091745226
1760468413.618665 104.0339068916251 45.51836836845006 -239.39797702531558 0.583806427103188 -0.17052642433177226 0.7932982277735621 0.027725729728106878
1760468414.152006 103.49322092593403 45.54135375540986 -239.67360710770203 0.5249251830192453 -0.1874249147260013 0.8297603991598058 0.028690304256362487
1760468414.618592 103.08420179961199 45.56747784304133 -239.9962518748903 0.45768492584059584 -0.19380913551541162 0.8674398534587046 0.02259708566603945
1760468415.151938 102.59348035722195 45.575143330248224 -240.3569916517607 0.4459168635939227 -0.18878143318236748 0.8747775633940226 0.01685039556173859
1760468415.61862 102.19609748386925 45.57321126878968 -240.65289473032743 0.4520656030519979 -0.1813544605120903 0.8733052961243689 0.00922550544580545
1760468416.151936 101.74237801228361 45.572520393996996 -240.9289786456859 0.4806590533384903 -0.1777281857334011 0.8585618479068506 0.0158467586096874
1760468416.818555 101.18956855844013 45.57486901603378 -241.1658788627722 0.5189031209872395 -0.17236519842881395 0.836856996234637 0.02646048475441298
1760468417.618562 100.55379445676341 45.562192396090246 -241.40829314555768 0.5516801447889882 -0.16460059497889198 0.8170639234163332 0.031019462111778428
1760468418.418493 99.94526630040292 45.53554405370121 -241.59948409492029 0.5746477756959535 -0.16052869864021027 0.8019969468617411 0.028484522552071803
1760468419.218513 99.46144444964901 45.4999126641197 -241.74303086272346 0.5886625895657023 -0.15591782900016526 0.7927966841362214 0.02528643644900031
1760468420.151841 98.67394212732611 45.46938569267126 -241.95865818850814 0.597623831902234 -0.158974232106043 0.7850365728438309 0.035923924707593695
1760468421.152026 97.69923937184004 45.419764832779386 -242.17379263447046 0.6107218299536463 -0.14493952847801841 0.777727293920024 0.033935759818750806
1760468421.618483 97.18264159880759 45.37508838816623 -242.30451510169388 0.6070701157409408 -0.14788756402780012 0.7802444025939033 0.028527446452265546
1760468422.351732 96.55730783176395 45.324305939692145 -242.4480071397403 0.6131449404806124 -0.1433699016018575 0.7765096784264716 0.023045012209102662
1760468422.752066 96.1674510173889 45.30839592724572 -242.5375498965824 0.6169101738920685 -0.14534085007605013 0.773164081227772 0.022697536140383213
1760468423.751737 95.20321090415273 45.26525919182311 -242.7495324453559 0.6216541147241408 -0.15722033906840302 0.7667011148149854 0.03158048719098119
1760468424.351732 94.64458015601402 45.247103660972726 -242.86489883246531 0.6243664087618621 -0.1518302127738547 0.7655809000864453 0.031623717708226584
1760468425.018369 94.01680661075372 45.212394985236486 -243.10084705284626 0.5581956333569544 -0.1590639601749726 0.8140846835757584 0.019555547602674136
1760468425.618364 93.56034979548345 45.19014035082167 -243.35202283449152 0.5248621705878531 -0.1628647298764017 0.8354156619214191 0.008686395368117019
1760468426.218306 92.98434179220776 45.19478640980654 -243.67838710817793 0.505733478328886 -0.18015827680071658 0.8434589508718994 0.01880538198594408
1760468426.951642 92.35195962030527 45.16924304328744 -243.9113778352636 0.5558704478602499 -0.1627006009017587 0.8146617634535026 0.02937296084294548
1760468427.551651 91.8739488643508 45.153790236015304 -244.10180542200223 0.5516572259790087 -0.15681820360237542 0.8186410457068725 0.030152849418044723
1760468428.418253 91.22567550106871 45.119790342189894 -244.30624263958714 0.5689490909835648 -0.15581877333075442 0.8067262246377476 0.03478850713095627
1760468429.418296 90.56478964975376 45.10295742213437 -244.46945267711533 0.5924380976782202 -0.1483155031485922 0.7909883006356511 0.03683911240402648
1760468430.418213 89.7666187420112 45.0585520806184 -244.6190814153487 0.6165251260003117 -0.13935362083256156 0.774094120358212 0.03543487262571175
1760468431.018201 89.1160546164272 45.02299045559801 -244.75482190248627 0.6203417403873095 -0.14475101849618888 0.7698081267507686 0.04023326690728067
1760468431.551638 88.59942016284354 44.987665241009786 -244.8352050479063 0.6247870387737562 -0.1352579626990265 0.767859035624088 0.04170061291246209
1760468432.351493 87.70035854821177 44.963158665314445 -245.0066672965407 0.6319353503649602 -0.13721494601632966 0.7612443825892632 0.048340061286085374
1760468432.951504 87.03342534821635 44.93175321346493 -245.11391955901274 0.6378804915581675 -0.1383440337997573 0.7564000823534606 0.04275888465805027
1760468433.551514 86.36449581639909 44.89097732666252 -245.21469788422374 0.6427323589952025 -0.13768323980278377 0.7523904073896479 0.042978076340279676
1760468434.151432 85.64191903652552 44.86347870999948 -245.31183785903556 0.6490283978504676 -0.13380595837080494 0.7474522836046849 0.046617464777347524
1760468434.618129 85.19456169108673 44.81732655894164 -245.36231690807423 0.6580059256372628 -0.12432129531211654 0.7416985844652098 0.0381526822185632
1760468435.351577 84.32575194904028 44.78222025752394 -245.47203458578113 0.647693416903683 -0.13649214464792803 0.7479077546751233 0.04997121817463248
1760468435.818169 83.84111827835564 44.75130423910245 -245.52953817931316 0.6411125779929308 -0.12976375748758168 0.7547778522789749 0.04946133127100767
1760468436.418242 83.21137743825857 44.71164109083374 -245.64785803793163 0.6335557803932262 -0.1334164384156481 0.760512209519951 0.049277847577746524
1760468437.084722 82.4287836412423 44.65623729579562 -245.80136215147405 0.632235019606814 -0.12791555500920296 0.7630901563447997 0.04012360974698487
1760468437.551349 81.89313075282074 44.6195977340701 -245.89477483499405 0.6303733742858972 -0.1296641043789796 0.7643933104711801 0.03898071233211594
1760468438.085082 81.28243621362931 44.565935811967684 -246.020663173442 0.6299551987269063 -0.12767766020860996 0.7652114691903368 0.03614235880743234
1760468438.684668 80.5965203882156 44.52493662083936 -246.15954852400552 0.6289594670676585 -0.13835108062850535 0.7641431569225554 0.03679949732432164
1760468439.351353 79.81009605230821 44.494078461126186 -246.31758777159914 0.6277344452159214 -0.1494705283649313 0.7628150856122093 0.04148701727294193
1760468439.751285 79.32958120744013 44.479749085200105 -246.41585387905144 0.6261188468155359 -0.15322555766616922 0.7631560196306253 0.04571660356824028
1760468440.284651 78.70548964207082 44.459835329218244 -246.5009941789744 0.6454620294925227 -0.14885951309990045 0.7470399158260007 0.056133572893020275
1760468440.88464 78.0012479645928 44.44755881479241 -246.50823112944823 0.6739250605016238 -0.1452405194250247 0.72041459852965 0.07571664658709448
1760468441.351242 77.4667170685251 44.434285210237384 -246.47965709582107 0.6908004628634538 -0.13506574437384058 0.7052143555618774 0.08499810535432108
1760468441.884677 76.77602466731118 44.4347779600695 -246.47006553548846 0.6912966435234742 -0.1349045083534845 0.7030642684276219 0.09803243717982359
1760468442.551261 75.94216567156067 44.44316644835437 -246.46004842656583 0.6996700949975782 -0.14304731895585265 0.6932416737351286 0.09703197670118847
1760468442.884576 75.54690765013136 44.42721345709965 -246.43935627829342 0.7107298445940805 -0.136676827535841 0.6843610430796307 0.08850138718105983
1760468443.284536 75.15226863831782 44.38506486944506 -246.3529300975535 0.7475634559191324 -0.11717668522439584 0.6493258851580033 0.07612094769405948
1760468443.684529 74.73486050912584 44.36781772956412 -246.22077900431796 0.7734209057922674 -0.11495718746550605 0.6168540523826432 0.08997791724973589
1760468444.084524 74.29109511210889 44.321770247363546 -246.11059662550358 0.7783537888073063 -0.11002871737728531 0.6129635529746402 0.0795911020549776
1760468444.351204 73.99837393575199 44.29175900318904 -246.03337317256916 0.7837123936738521 -0.10370928837641931 0.6080835646312974 0.07261987284312897
1760468445.084542 73.27115149690194 44.24064618847934 -245.68836094911185 0.8335993123830293 -0.09287939116524424 0.5358910666686705 0.09646952760343012
1760468445.684481 72.8249217101203 44.16780719222049 -245.3388069635699 0.8752001302190985 -0.0731868899024726 0.47012405174778826 0.08747449444906447
1760468446.284513 72.3159383905183 44.08170807069718 -244.95638225240558 0.8840147862171044 -0.058301515732719744 0.4570257360371716 0.0790333322875629
1760468446.951149 71.57484719011039 43.9758372255335 -244.36452528856123 0.8906427671582593 -0.05489889562987924 0.4428949976860621 0.08709531326059661
1760468447.284439 71.16855156506372 43.92263825172267 -244.01730596370908 0.8938593324326691 -0.05502167756683065 0.4344321524851835 0.09621233656784986
1760468447.5511 70.8370028221016 43.872073978736836 -243.72236990882334 0.896365772207249 -0.04636634567792347 0.43096152450415104 0.0930092941637325
1760468447.951115 70.34322391199012 43.807500976691934 -243.26504128184595 0.8993486304406834 -0.04367660053235827 0.42336095030962084 0.10014939462292763
1760468448.284421 69.92493850532067 43.743211217661624 -242.87343691152708 0.9011617201986771 -0.04064187734513772 0.4192282510544294 0.1024864155499078
1760468448.684428 69.46360598514768 43.64724946840857 -242.4232659647203 0.9083532672002101 -0.033272185262740984 0.40695519099689975 0.09041446883780312
1760468448.951087 69.13764408432176 43.585277791973354 -242.1220943965197 0.9115315962231169 -0.035318415828424606 0.400483091621111 0.08646416550169066
1760468449.351052 68.67862712458823 43.483960751262856 -241.67224795856947 0.915507974791376 -0.040681923212341674 0.39184311999709115 0.08154200468521519
1760468449.684382 68.26759583653529 43.424302272915455 -241.29653887737135 0.9073941300996651 -0.04845992312800085 0.40678454910972955 0.09388215547533031
1760468450.084382 67.84414310874494 43.36096481399157 -240.9288064196376 0.8982490232291395 -0.05199226642122818 0.42628740634563334 0.09340526586544176
1760468450.484381 67.3942732347635 43.284776217949904 -240.6321608547381 0.8777142841684842 -0.056338612594995056 0.4693584206831625 0.07839814431020627
1760468450.751055 67.092728159373 43.23486832295501 -240.43802744344242 0.8735364562173873 -0.06075599380286645 0.4767610694165934 0.07708210924034609
1760468451.284379 66.40676509586137 43.132557992028204 -239.9913575094349 0.875222584901596 -0.06575090894356017 0.47239080976570597 0.08067941311242158
1760468451.551036 66.03291167293716 43.07861822707907 -239.72956545897537 0.8744029206515727 -0.06745417835226049 0.4737002991543458 0.08048287246305413
1760468451.951013 65.48535029868201 43.00867039464681 -239.36994260154682 0.8744453298251736 -0.07293527163698584 0.4718322120958651 0.08602426940640086
1760468452.350994 65.00278870803777 42.94485253961876 -239.0168247437649 0.8754403722198397 -0.07121154512329748 0.4703612718229852 0.08540108019108976
1760468452.684938 64.61923848362817 42.89974640866444 -238.72773909405788 0.8902927673809378 -0.07196773881569343 0.4405427894381457 0.09011927425920152
1760468452.950946 64.30760420638485 42.85556056149138 -238.46720255550906 0.891854516278334 -0.07145947896222767 0.4366883594713817 0.09376748563643408
1760468453.550964 63.759244181389775 42.76355001756984 -237.97201024799847 0.9080850037284391 -0.06358546124573666 0.404852248025069 0.0862158476774165
1760468454.150945 63.283719220610536 42.689527597669226 -237.4407733223575 0.9276718808057846 -0.05690613572761265 0.35704425487288455 0.09330580550574279
1760468454.751022 62.933577629257144 42.609009365191525 -236.82103521462852 0.9556157109334423 -0.03829708503198296 0.2750025253554678 0.09851678711437899
1760468455.350899 62.496333045814275 42.51012565189654 -236.04444221561042 0.9566761289105307 -0.028764586926955316 0.2712912142084342 0.10170771851239685
1760468455.750894 62.188326037789274 42.42619223010748 -235.4755778354318 0.9590902998953571 -0.020192067579733495 0.26404645942172883 0.10008768316001225
1760468456.084433 61.940483890285016 42.35315425151153 -235.00321750635757 0.961539657371333 -0.01734721530727538 0.2563747846954928 0.09701820033190924
1760468456.484265 61.646866427442546 42.26765339067075 -234.45601455192676 0.9641127195447177 -0.016424346217425886 0.24752851397394773 0.09458614926757578
1760468456.884218 61.39177506203198 42.18743366988325 -233.93648685312795 0.9661145190387128 -0.01517019882480805 0.24034555221510748 0.09287958172078205
1760468457.150868 61.221700764938134 42.133825465846094 -233.5858145994223 0.9677682519724248 -0.016584694386839894 0.23383438589037617 0.09203824401629528
1760468457.484195 60.992877070288195 42.06986410580854 -233.1017962503212 0.96894540391838 -0.019554745380766375 0.22734262974034347 0.09527720011254487
1760468457.884279 60.71214467320281 41.975674950751504 -232.50724025909324 0.9706809844639183 -0.019409842245021628 0.22200118873015431 0.09009526417398613
1760468458.350847 60.40409905225941 41.87162725467859 -231.838891435492 0.9690652730497527 -0.021149234632820264 0.22875791032675216 0.09019437291977749
1760468458.750841 60.07408038752366 41.80590470590695 -231.27564086684367 0.9595290494391607 -0.03251734368879758 0.26171925588906114 0.09874035010410549
1760468459.084229 59.76131787424434 41.74416732116848 -230.81465600046454 0.9482249466875914 -0.04508929822325515 0.29700735493036445 0.10306811719594698
1760468459.484126 59.34476673130437 41.67431467817812 -230.31380066677806 0.9367588145906552 -0.05211749250259287 0.33195458916104353 0.09784089634133203
1760468459.884137 58.836291835463086 41.590435607375284 -229.6908405475995 0.9364875263421373 -0.05082718448164844 0.33379996908009185 0.0947907746850023
1760468460.15096 58.45450929128366 41.51594017691709 -229.20703472648225 0.9360660327101312 -0.048981943514712405 0.33516870685887384 0.09509516054136158
1760468460.550739 57.91282791452031 41.40479174001848 -228.53653467844396 0.9333507641086134 -0.041496033050635366 0.3435657482910742 0.09537823116478085
1760468460.950752 57.38844406470999 41.32118053708485 -227.90149684826957 0.9317375286974061 -0.0366265558788969 0.3467301156439111 0.10149827548712614
1760468461.284082 56.92514478324953 41.26737114551022 -227.32263609568903 0.9295329626525316 -0.03908510207193269 0.3480012184320029 0.11548150548150728
1760468461.550766 56.55567893116823 41.21487495780095 -226.85690035586583 0.9299717763522188 -0.039881774227964906 0.34708375552360055 0.11443253874821507
1760468461.884071 56.17901644564517 41.118949951102714 -226.4064601395876 0.934509104611229 -0.03448332123547018 0.342292966685972 0.09131899535478097
1760468462.284073 55.74753615210267 41.03774755939613 -225.8915858954547 0.9322535021670906 -0.0394232778828737 0.34582544966143514 0.09876219532103533
1760468462.550701 55.455750003237185 40.97295607241891 -225.50510683140854 0.9387805442080875 -0.03408465803956236 0.32993027822140164 0.09314149137437008
1760468462.884045 55.08081744817263 40.92868877958418 -225.00353416492683 0.9359890747208534 -0.033773541192911614 0.3331097637042792 0.1087275735191907
1760468463.150705 54.75511710705243 40.87829312601877 -224.57393302143237 0.9350387642819844 -0.03143005509057718 0.3343022235179202 0.11382743201002642
1760468463.484027 54.34617593178935 40.832407617899555 -224.03853340277595 0.9336817413412624 -0.027085550427685238 0.3366021782484049 0.11917949673667282
1760468463.75069 54.02625125388352 40.775622795576176 -223.61982357243843 0.9349226239675721 -0.02469670985835604 0.33371616701579626 0.11808166491054949
1760468464.084029 53.698616996512406 40.69273079054503 -223.19394718164833 0.9383971277154113 -0.024727255001670348 0.3309640773007277 0.09624018439314369
1760468464.350659 53.46206228761154 40.651329165217966 -222.81483916690462 0.9466966240975947 -0.02225376163931329 0.30238326078633776 0.10878711142106737
1760468464.683979 53.241280075930284 40.59496799462145 -222.31335411828223 0.9653477489464709 -0.008301288154063792 0.23613428663061733 0.11079445336484181
1760468465.08399 52.94055173000511 40.53867382327106 -221.64912638952978 0.9639180622695082 -0.0030278003839041734 0.23852444502285142 0.11814774979648415
1760468465.350759 52.72720246126202 40.49607965453251 -221.1720394468215 0.9637822930265825 -0.0008766191776253034 0.23431035492847793 0.12736396963243096
1760468465.683975 52.45618984400091 40.44070067409941 -220.55977471971332 0.9643972910990457 0.002714553856356988 0.23140972430010615 0.12798451319410614
1760468465.950641 52.2538368162567 40.395284602218766 -220.09434902810756 0.9636147229215462 0.003993668213582239 0.23293363058190075 0.13104442043431772
1760468466.283929 52.023115451615546 40.32879481267999 -219.62547844119717 0.9620368247158426 0.005031282891393714 0.24785282606257666 0.11414381584615045
1760468466.617269 51.772914970133264 40.26713016524742 -219.12594378765652 0.9617713626396519 0.005616560776480585 0.24878880114116753 0.11431724575956066
1760468466.883943 51.54565842126881 40.224340833233285 -218.73121955670453 0.9559228339141691 -0.0029511666163124914 0.2692843484856148 0.11699899947343342
1760468467.150843 51.29808767936731 40.16744315708909 -218.35054351274914 0.9518962430223872 -0.009180926211254317 0.28614761001627975 0.10921903861387397
1760468467.484016 50.95314418912845 40.11623621824671 -217.89834544477736 0.9415325062340911 -0.025235984838847654 0.3166481004188194 0.11231057508052303
1760468467.817276 50.59073881579914 40.05124615910357 -217.47556016341167 0.9343625801052364 -0.032777450620668946 0.3392302058829834 0.10399555301302053
1760468468.217234 50.13198944898182 39.9679314643566 -216.92960953933763 0.9323338504223694 -0.04144306957444807 0.3444202330738827 0.10203316318814522
1760468468.483892 49.82724574961576 39.916929444106806 -216.56190584996608 0.9312716561398771 -0.04372873826679707 0.34654223319472505 0.10358272313710129
1760468468.883888 49.39422198434344 39.83857126820648 -216.0694395868345 0.9299892622846565 -0.046154318677199574 0.35153336979910405 0.09702598013094381
1760468469.217315 49.03732518038977 39.784067854085386 -215.6752096909468 0.9295697515070072 -0.05250106622213792 0.3514181337354265 0.09822937651563098
1760468469.483873 48.74401078004543 39.720670465050446 -215.335691999905 0.9292348944454549 -0.04644086447076751 0.35624681849511813 0.08633632702552504
1760468469.883899 48.323628175344446 39.63793203510961 -214.8569207908679 0.9285205445785206 -0.049034307813782346 0.3592478572236997 0.07991377874316058
1760468470.150821 48.0358628548932 39.575335535182106 -214.53554706405941 0.9274857740303196 -0.04806730702801258 0.3616635075548719 0.08160380058282063
1760468470.621583 47.56043722126091 39.45852002766885 -214.00719123054006 0.9255032740808011 -0.0440456848438293 0.3687088332326372 0.07454839775999664
1760468470.883847 47.28322201486106 39.37807488324088 -213.70841756765438 0.9255363279969585 -0.04071606336028257 0.3702792916573875 0.0679555289292299
1760468471.217398 46.89361751968146 39.29385505517595 -213.30237546279102 0.9251475872408537 -0.04537146670573843 0.37056083441198223 0.06876074338816345
1760468471.617161 46.468697841883746 39.197925814284815 -212.8546492677709 0.9228583173792857 -0.04706882648105684 0.37519025483619844 0.07313907501136635
1760468472.01712 46.002959368927065 39.09753457674459 -212.38325963434903 0.9221884889581865 -0.05169078043456766 0.3762236540605641 0.07315884209307193
1760468472.283792 45.64566682314048 39.02430572559112 -212.0247894245776 0.9223374518956999 -0.056633404126012504 0.37525340078928815 0.07260280685842072
1760468472.617123 45.264771190440214 38.93538044815831 -211.64722522006798 0.9226224458168472 -0.0595118293979678 0.37569725658886266 0.06385715330523564
1760468473.017122 44.839033873735104 38.83254463395253 -211.22947325648434 0.9219917026254478 -0.0641403270473828 0.3773653195829542 0.05841861272006885
1760468473.417189 44.394239208835394 38.72696161990388 -210.82325532510546 0.9122555246960489 -0.0692036076702797 0.39993703326179014 0.05523665243940974
1760468473.683777 44.05414984545198 38.66286346544442 -210.58565472841482 0.8933081708050954 -0.08354869378524937 0.43847218717999265 0.05255729073331823
1760468474.083761 43.555260824139644 38.590955911107436 -210.34911467999615 0.8595376913490396 -0.10055652013135029 0.4986510905169684 0.049299425307749806
1760468474.417184 43.222171387987665 38.52388597717008 -210.18094983055275 0.8604263566292525 -0.10191488896156418 0.49781411325008856 0.03822236092512357
1760468474.817071 42.92542561179829 38.46370249726676 -210.03763556713668 0.8568690842072622 -0.1010284999456988 0.5047700899154637 0.02785266693271352
1760468475.283725 42.577591289894634 38.3889128649136 -209.8768721703032 0.8538110157971119 -0.1021259713345087 0.5100433767770229 0.020803583546563396
1760468476.217018 41.887487290307156 38.25070846882243 -209.56617912427674 0.844995512706952 -0.1055276039112325 0.5238555840420527 0.02053863154713734
1760468477.017005 41.266225344297354 38.17367557010302 -209.27920168568986 0.8375626103683056 -0.11756595733429388 0.5317309651221074 0.0439237990093437
1760468477.883637 40.603585383620164 38.09410152887907 -208.9903656763899 0.8299202852239457 -0.11325083041751045 0.5438129837738396 0.05171081378728037
1760468478.683641 39.998832729533255 38.0184993217071 -208.7285855512177 0.8221385175791529 -0.10794767301750216 0.5550377953937653 0.06609541199877624
1760468479.483665 39.47837912547982 37.94298213651682 -208.53174534499806 0.8161466568676937 -0.09351900049134744 0.566686798714235 0.06344212475791344
1760468480.483584 38.79031371624714 37.84782746214365 -208.26360670123776 0.80346124482928 -0.07849120262589185 0.5865274007352929 0.06538170504373594
1760468481.483604 38.073079249406995 37.734008294773055 -208.18906060518887 0.7565686175124791 -0.08124829797279749 0.6471796008133889 0.04648876598493427
1760468482.48354 37.40721757858867 37.6203631788124 -208.1106826799687 0.7486205367609612 -0.0804886250549041 0.6571341390976109 0.035547101273426404
1760468483.61686 36.75484848047878 37.50810664983791 -208.051024188693 0.7420643372186904 -0.08153922550536043 0.6647773147515076 0.027622380852254852
1760468484.81684 36.0869481810495 37.32224951989429 -207.99560749715107 0.746578355601682 -0.06300363093137648 0.6622805377249462 -0.005982540205265189
1760468485.816773 35.468896524889125 37.13818383885791 -207.96487386867898 0.7407475444451145 -0.052480170485155554 0.6689510105724916 -0.03230251628625996
1760468487.083418 34.819420521415644 36.874698130384914 -207.91001121125967 0.7322113742374721 -0.02755127598630235 0.6788617540868993 -0.047477883976201014
1760468488.616705 34.18454344931181 36.64950180629047 -207.87721400468868 0.7257003794430033 -0.03193433587293394 0.6860937485849053 -0.04018116002989947
1760468490.016675 33.30779498184689 36.42076139881357 -207.83438901478007 0.7235418102663671 -0.060566749336460474 0.6875019832808615 -0.012646764652061063
1760468491.549958 32.22246976647661 36.30066780679318 -207.80627309964908 0.7062871732203853 -0.11406393142363848 0.6981535251356583 0.027009328632802625
1760468492.816618 31.517287059529814 36.25185145471176 -207.97927960092986 0.601395669609578 -0.14090257859977942 0.7861811741163562 0.019719872814192373
1760468494.150062 30.996829687012962 36.24798971843991 -208.5377499965503 0.41139890201756707 -0.1767264049320466 0.8941526777267172 -0.003116108578965442
1760468495.216547 30.614633561758627 36.3047485736374 -209.2197854551204 0.2769443415897221 -0.1989265119790794 0.9399563513850525 -0.014564751428433132
1760468496.14985 30.36357833674308 36.3851912701558 -209.99208468623812 0.1613046306198183 -0.21741216861900137 0.9623786985401926 -0.02323802214199486
1760468497.149827 30.332054672426878 36.479378322094036 -210.78085411827115 0.018285209403390977 -0.2232538323705609 0.9738130021532319 -0.0388794841303393
1760468497.949799 30.393927360073317 36.58520865737958 -211.62734995332636 -0.014879473008217103 -0.22804998557954206 0.9724261461688601 -0.04646714546157244
1760468498.549796 30.378913676867395 36.67604823239596 -212.2912637828525 -0.005696663079946316 -0.222912453825974 0.973681176549429 -0.04714395393214592
1760468499.149753 30.40813279502028 36.76064329465018 -213.0155908120124 -0.02182378204037626 -0.22502634773750085 0.9727702650232594 -0.05103799416075586
1760468499.750126 30.464495628988377 36.8651689199687 -213.69488549915187 -0.03644397817779506 -0.22863094919543803 0.9713036518510728 -0.054487993405329276
1760468500.349753 30.534908739924823 36.95968640967204 -214.39186033908146 -0.048039573859707654 -0.22571811900960118 0.9713548639531203 -0.05668560989140433
1760468500.949706 30.553652992013852 37.052454650820756 -215.06895180567386 -0.021606828018027137 -0.22716364703911698 0.9721568373212172 -0.05330015099880433
1760468501.549702 30.589689633071494 37.13084934193987 -215.74328687464183 -0.029273506682521974 -0.2236377175847819 0.9726634190821641 -0.05527301565295593
1760468502.149705 30.640778579417493 37.22369805324299 -216.40531805112263 -0.038254996069082774 -0.22508009466514026 0.9717610179572727 -0.0596324596166477
1760468502.749701 30.681350990159668 37.32315926855811 -217.22625879438755 -0.020142456762948232 -0.21775949267613173 0.9739167809378649 -0.06050775646653308
1760468503.149663 30.633483555132333 37.39854529272622 -217.90906477119142 0.02336403329571734 -0.2151136329935492 0.9747066625723718 -0.055921094280260694
1760468503.549658 30.595883060764383 37.49761262316289 -218.68687937692238 0.023439263364394124 -0.2233284062381169 0.9727902775813138 -0.05704471705029094
1760468504.016326 30.55420355916801 37.608217085131976 -219.65936356132613 0.020399579188603592 -0.22055058510147849 0.9732808492779897 -0.06054490076825845
1760468504.216317 30.513813683266303 37.676177745321866 -220.13018434648222 0.033271081136153124 -0.22827887541169428 0.971159272027134 -0.060261584417692776
1760468504.54964 30.40874071676383 37.74814586643244 -220.80121452944854 0.06956786136704453 -0.22244213625159165 0.9708221112552844 -0.05642904378488228
1760468504.749808 30.321605444469885 37.78317332589516 -221.22762390617032 0.09215877702856065 -0.21567417355894267 0.9705642985950151 -0.05473895294060296
1760468504.949613 30.236319486415308 37.835417631198 -221.65923117475043 0.09617017489345231 -0.2187354032263238 0.9694997354304093 -0.05455624470898461
1760468505.149611 30.14319072950146 37.888690558982695 -222.1110508712701 0.09443702011676315 -0.22280435487132078 0.9687511369997468 -0.054416020100135576
1760468505.416273 30.02991613016965 37.94368531422287 -222.68373054675425 0.09717511159537226 -0.21938165511764535 0.9692555440408588 -0.05451951421581519
1760468505.616268 29.938797809495775 37.98473855314678 -223.14131392876476 0.09559068527266026 -0.2115476809761379 0.9711053065079707 -0.055357774835897
1760468505.949617 29.787240324243104 38.06309130653408 -223.86233030232563 0.09647104117365658 -0.21916253804038427 0.9694917771179097 -0.052410058531975896
1760468506.149718 29.69028318982408 38.10108189622835 -224.31766409973898 0.09570032007938048 -0.21657084822081768 0.9701359672247853 -0.05267562561991781
1760468506.349601 29.605082882817655 38.145563862979586 -224.77174384613596 0.0940552824564516 -0.21416862641554865 0.9708726477405843 -0.05188164579599817
1760468506.549588 29.512510099535923 38.18878225283969 -225.2333523416522 0.09368206517389159 -0.21493020554561235 0.9707826331171816 -0.051085777345041036
1760468506.816224 29.380132902350006 38.24804819912216 -225.8214102763683 0.09263508527549585 -0.2174061059429917 0.97053384118806 -0.04708916205939298
1760468507.01622 29.292879313764814 38.28059817255821 -226.26877349290515 0.09131134249771804 -0.21044550035979584 0.9721181342256049 -0.048592830945607374
1760468507.349566 29.154672282317637 38.35375353713847 -226.97392334981555 0.09171125978687432 -0.21522989988708166 0.9711137544229065 -0.04693837442379279
1760468507.549549 29.06363435900994 38.39830070286351 -227.42894641361713 0.0903934229834354 -0.21837169297715975 0.9705832895671089 -0.04594464931541311
1760468507.749555 28.971885362808198 38.44281060711961 -227.8907914896368 0.08925072477756478 -0.2148636608845405 0.9715418196726479 -0.04443431089971713
1760468508.016216 28.869661537999047 38.498760814600914 -228.49039638154164 0.08793358440947613 -0.21412577745553726 0.9717780649813393 -0.045444786093534084
1760468508.216206 28.78791914653204 38.54734213245104 -228.9237389590259 0.08598447489863716 -0.2157434982678497 0.9717372191416609 -0.04228699523952733
1760468508.549568 28.645588835430942 38.609833841208165 -229.64141905933144 0.08533026885585453 -0.20969131251062958 0.9730765066712556 -0.043248246658369315
1760468508.749507 28.558017510198454 38.64836583367527 -230.06417187666705 0.08431184998591332 -0.20991801755286746 0.9731775810119123 -0.04184893874914453
1760468508.949566 28.47051853234048 38.69764120578163 -230.53496124337673 0.08494168282174493 -0.21296828388996936 0.9724738325620076 -0.04152186843738993
1760468509.14951 28.392253191676822 38.7302802648897 -230.95304290632026 0.0847989863009336 -0.2122453577071593 0.9726539570736206 -0.041295518438706345
1760468509.416238 28.290678358019868 38.77869989918035 -231.48470669962913 0.08318397287221363 -0.21031642061651393 0.9732299587529922 -0.04087636556619642
1760468509.61629 28.21511016940761 38.82311143633044 -231.91214648716544 0.08273537833761462 -0.2079024371346889 0.9738271398979509 -0.03990157143478758
1760468509.816247 28.125982460126952 38.85497649326717 -232.33160157967873 0.08301756700694687 -0.207445033400789 0.97392516138804 -0.03929913104475423
1760468510.349523 27.910199924942354 38.957106910766946 -233.4898357784558 0.08426987091949802 -0.20709452815788815 0.973875727767552 -0.03970531611124154
1760468510.54951 27.838914730413244 38.9997749062672 -233.9311385964973 0.08469779375638391 -0.20701049746967243 0.9738212348086365 -0.04056032921393025
1760468510.682941 27.784074489538646 39.02450712754817 -234.22545479462408 0.08442197624571181 -0.20712232306335335 0.9738365874563805 -0.04019420538982955
1760468511.149459 27.60970547276907 39.10623829596332 -235.21492904715407 0.08480046765480853 -0.2068830747064994 0.9738677231296844 -0.0398739505406118
1760468511.349451 27.51896818411082 39.14304237381476 -235.65015441672622 0.08513204360218746 -0.20767164761336646 0.973642006252535 -0.040574198577465144
1760468511.682826 27.389653262667828 39.19662011016487 -236.3078366873665 0.085342304370313 -0.20620300786401985 0.9739601015055462 -0.039984138203813926
1760468511.816129 27.331715915367393 39.220020758399436 -236.61934521929757 0.08559117364179045 -0.20530172937749613 0.9740782860031739 -0.04119276206263758
1760468512.082777 27.234785206965455 39.26696300183244 -237.1743661047781 0.08484730786614028 -0.20782263039080023 0.9736790302933016 -0.039494741579267786
1760468512.416117 27.106794874812476 39.329382457350874 -237.9081874171305 0.08634153971016952 -0.2067043266661341 0.9737714422528067 -0.03984517675787071
1760468512.949444 26.906266887900664 39.41500963690185 -238.96804690793732 0.08563251203388489 -0.20566457583110392 0.9741450473046096 -0.03755771482503603
1760468513.149415 26.81718248916604 39.45799333144312 -239.41441699747585 0.08558183435017422 -0.20765905423556505 0.9737772402888509 -0.03621260994017471
1760468513.349412 26.727305793354887 39.495728688388034 -239.85708158335214 0.08361689232405954 -0.2078570225351777 0.9740055849219654 -0.033418468571993445
1760468513.68317 26.60926646551868 39.5368652356274 -240.50680001916155 0.08422719027254243 -0.20147854293276687 0.9753549197501827 -0.031542949697146924
1760468513.882739 26.52139903695996 39.581186099599485 -240.9539794018211 0.08428889359172247 -0.2050729686811821 0.9746288148714348 -0.030645279500645453
1760468514.08273 26.434844075800346 39.614136936540056 -241.42678430863415 0.08394299209542802 -0.2046794237280631 0.9747392854899769 -0.03071209701248062
1760468514.28288 26.346685665861326 39.651452729286376 -241.90112275337836 0.08478762735298401 -0.20416206779877868 0.9746875846585146 -0.03336196385900241
1760468514.549346 26.230273284738228 39.68996448815706 -242.4769078415772 0.08354525597542761 -0.20233324653728602 0.9752559772773778 -0.030939074556765315
1760468514.682702 26.17683663598072 39.71610299148876 -242.77527403939698 0.08303351387358221 -0.2028421451128824 0.9751057815134133 -0.03360378846090816
1760468515.149379 25.993601347155035 39.784242557565726 -243.75903915891004 0.08206548541418618 -0.19694737791226374 0.9762445993590336 -0.03772888362432403
1760468515.34936 25.907855407442028 39.81530442256045 -244.1975402191072 0.08151963404801271 -0.198282165350573 0.9760371808475801 -0.03728476594635421
1760468515.682778 25.780384318806266 39.87560784703386 -244.86229814783346 0.08443004509821038 -0.2057017387252358 0.9742573615513899 -0.03716121140454791
1760468515.882717 25.708859180694333 39.901132981905725 -245.26110263113128 0.08155647496773394 -0.20229824601556373 0.9752391080408858 -0.03650538586950494
1760468516.082681 25.637029771677653 39.921300785274816 -245.64609359179414 0.08035852059036251 -0.19838197288766155 0.9762265426615935 -0.03418827876216487
1760468516.482645 25.48723942295614 39.985375181166276 -246.4687370625305 0.08142986094325552 -0.19914611377291408 0.9760920938332225 -0.030890572545409865
1760468516.88295 25.368783147092973 40.042691050394 -247.1930569605844 0.08097850124740875 -0.1957348964961739 0.9768777897959877 -0.028984762077021768
1760468517.282648 25.232943771430193 40.0925045390844 -247.91081376660136 0.08022534708033652 -0.19735360488514017 0.976661488958099 -0.027345645189476596
1760468517.682843 25.11131904356755 40.13408000724773 -248.57188796846478 0.08007328842517719 -0.19806548669088686 0.9765617111385955 -0.026183120530964065
1760468518.08262 24.98688177497377 40.17670130796768 -249.2391384432104 0.0793214704417928 -0.19590057384362972 0.9770903121726991 -0.025011824262651722
1760468518.549261 24.847431769698193 40.228196536330145 -250.01491053230885 0.07912954237173728 -0.19803797070233686 0.9767143169794416 -0.02342265338348354
1760468518.94926 24.73012842268941 40.27206141043096 -250.69161316149922 0.07753304293185505 -0.19483166684500441 0.9775081152186634 -0.022519625436064658
1760468519.349278 24.61991591874967 40.319526584048674 -251.34396035618423 0.07636718986383183 -0.19718694765702754 0.9771296589978269 -0.022427427244260667
1760468519.749241 24.508145297765548 40.36736429507018 -252.01132302784785 0.07408912311931679 -0.19763108142642763 0.9772437798728478 -0.02115070186684583
1760468520.149238 24.44666506697611 40.42933652706103 -252.70379414665973 0.03952228697074583 -0.19947705618021774 0.97878510344297 -0.02503226255077098
1760468520.682539 24.38961218178021 40.491232133034124 -253.61324561439818 0.029622427189821183 -0.19626742497624028 0.9797210345990244 -0.027355146952570596
1760468520.882538 24.358820876661962 40.52902015588125 -254.06258295283908 0.02861322700548377 -0.193686418871436 0.9802891705071587 -0.026457448317592783
1760468521.282538 24.297122586921553 40.601598458781 -254.92209662931344 0.0241755911417686 -0.19791875267905104 0.9796023711603373 -0.02495801570556993
1760468521.482687 24.272034173413484 40.629517737432664 -255.35867086097883 0.022893759884729484 -0.19484343535706608 0.9802367679677629 -0.025451722548996854
1760468521.682544 24.254547178231526 40.66087249794921 -255.79342342878135 0.021905765835410835 -0.19332176624634426 0.9804074811836321 -0.030789656667851235
1760468521.949208 24.23398372694077 40.69684693825766 -256.3389529504929 0.01872442874306541 -0.19531376471244266 0.980075811547756 -0.03087608623362154
1760468522.149157 24.218993208454688 40.721159000083226 -256.75209799955314 0.01793494367184817 -0.19707821910921988 0.9796690499057079 -0.032970684024953574
1760468522.482498 24.190908759962046 40.765811738135206 -257.4134118969957 0.01540826044299913 -0.19490997731755852 0.9801019243571802 -0.03424768785687319
1760468522.549153 24.17930127111076 40.77528900047845 -257.58778255310773 0.013750171357965985 -0.19420307797554204 0.980324339667907 -0.03256203843640961
1760468523.082481 24.13779518159873 40.84853019931125 -258.7038561166572 0.009165175943465033 -0.1952470041352989 0.9802181456597621 -0.03109652465233658
1760468523.282536 24.116828852063247 40.8712068328979 -259.1252513630875 0.006848901611314942 -0.1932302890922761 0.980647518802107 -0.030750476277695695
1760468523.682469 24.104990465607457 40.92427870039248 -259.97625560133696 0.005527304253780403 -0.19111897740434458 0.9810449069835829 -0.03152579682065013
1760468524.082432 24.09649263907443 40.98138887531092 -260.76733310271453 0.002408868412343317 -0.19347470714925047 0.9806356126962703 -0.030257728901793162
1760468524.482483 24.06690023931808 41.034395464170295 -261.50893859878863 0.009749534537276354 -0.19385538628408183 0.980523313533254 -0.029984452683415406
1760468524.882436 24.011065043169165 41.06537002218063 -262.1658146397601 0.026541564544753912 -0.18675844143414358 0.9817255206806123 -0.02513626760255232
1760468525.282604 23.954098772515813 41.105621422750616 -262.8332349758103 0.025819185736709625 -0.18862986283716648 0.9813833686586931 -0.025275051217368387
1760468525.682422 23.89715055865462 41.15256933606447 -263.62390424105 0.026530386802962356 -0.1885951271711481 0.9813842930853174 -0.024756531841426028
1760468526.149049 23.84900703916356 41.232252451232334 -264.607984837898 0.026910511595175695 -0.1930929126682652 0.9803961962755237 -0.02853506214215103
1760468526.282388 23.82519336295494 41.24010913182366 -264.9102303600651 0.027212090500256737 -0.19127831382469931 0.9806988429880736 -0.030031452726088145
1760468526.749057 23.75687709370717 41.29934380600462 -265.90306879262494 0.027951233610187212 -0.19117541125991333 0.9805548797805113 -0.03439212712088189
1760468527.082419 23.71130366763989 41.335389466757206 -266.6259822372252 0.02820103716676916 -0.19333608504484645 0.9799668935574659 -0.03861019623856424
1760468527.282392 23.686593589247533 41.35348027569427 -267.09134548290984 0.026586368982175694 -0.1854961554608803 0.981468143076955 -0.040057776007294196
1760468527.482379 23.653456963745562 41.37608503812268 -267.5607706161551 0.025800523358912794 -0.1870876781944797 0.9812025077725339 -0.03967584155497603
1760468527.682384 23.625429170208022 41.400533948872216 -268.01429474300255 0.02602872465169995 -0.18764801661320976 0.9811071747122303 -0.039235686336799455
1760468527.882395 23.595067918636655 41.4267794592885 -268.48018619371265 0.026088170697141404 -0.19140604378003176 0.9803548243632743 -0.03984409745253488
1760468528.148997 23.564429868917895 41.446687794969705 -269.0652527713521 0.02476917811386977 -0.1845899119267896 0.9818098582568144 -0.03691144077596597
1760468528.348999 23.543814212518704 41.46917085419003 -269.5172919620234 0.024309357924711852 -0.18319256913593804 0.9819654785752945 -0.03991662081208424
1760468528.682335 23.507345578212338 41.51765638693047 -270.2723362190468 0.02394276787637608 -0.1889583715442333 0.9809086299002816 -0.039239488744396055
1760468528.882353 23.479670065377437 41.53883331168121 -270.72974730955514 0.02237613402556231 -0.18824948970891223 0.9812103461577011 -0.03588446521112901
1760468528.949004 23.465858851127408 41.54892843841928 -270.9038976746331 0.022108878669796026 -0.1868813751627985 0.9814361578993355 -0.0370083378310361
1760468529.149017 23.448755727611935 41.57309209426056 -271.3709530990421 0.02226667782703294 -0.18691296373857003 0.9814556164035533 -0.036229988613472035
1760468529.482323 23.40822080853502 41.60795968876559 -272.12336706515396 0.023381875569545664 -0.18462835048276108 0.9816927801376908 -0.0405579279351972
1760468529.74958 23.381452591806436 41.65294975133596 -272.7427832413182 0.024521635977458045 -0.19209151104509417 0.980213394132816 -0.04100295984469868
1760468530.082286 23.345763422873006 41.683472184967066 -273.46621906801215 0.02040173124143212 -0.1790106306013002 0.9828971676391796 -0.038106709920374585
1760468530.348982 23.305028657114153 41.72115191302784 -274.0855167028856 0.021479935234069644 -0.18490030429724544 0.9818213683269755 -0.037111865348856306
1760468530.549221 23.28664178665943 41.73834432409829 -274.5263633989505 0.022125825523033726 -0.1847603029798172 0.9816904308483462 -0.0407182547332146
1760468530.882332 23.26582748775616 41.77930759236055 -275.29355658967006 0.024619311096158846 -0.1858984695854754 0.981252879511632 -0.04447960180868807
1760468531.148973 23.233485044521093 41.824798163870106 -275.92897725556645 0.025349375200617526 -0.19215199843716743 0.9797257540933884 -0.05071947791216467
1760468531.482271 23.195041629899425 41.8531842358904 -276.643212811812 0.027308259555445656 -0.1861867528669753 0.9806219335979786 -0.054491975220816384
1760468531.94892 23.145205533463137 41.9103172603539 -277.65533849150046 0.028391793440334746 -0.18798729823742585 0.9799350524297447 -0.05984960138671047
1760468532.148896 23.12491940601989 41.9338945526759 -278.10533424840804 0.026607949465616332 -0.18585573450843537 0.980395314643711 -0.05978871131094981
1760468532.482236 23.08854044064226 41.97402158632983 -278.80645403955236 0.026062280062888132 -0.19050005297025774 0.9795030893821537 -0.060034867094624876
1760468532.882268 23.060767070749836 42.00041598703942 -279.53384448201547 0.022769466648857324 -0.1861896849297301 0.980522993515945 -0.05822037273003748
1760468533.34894 22.9669223673258 42.030780946921645 -280.32864107738715 0.04355019163735398 -0.19181808544777387 0.9789304485294195 -0.05481222350434197
1760468533.748854 22.908425613898636 42.04581778920981 -280.9705908385509 0.04713524397094325 -0.17925662733397377 0.9808002843017746 -0.0606311194536821
1760468534.148848 22.847167657067722 42.08376346702271 -281.8060064284094 0.045560842188475954 -0.18344832119867388 0.9801965900634306 -0.05903869863477738
1760468534.482195 22.768644122751123 42.12582221249713 -282.58196254924565 0.04728443520458666 -0.19149957503984957 0.9786375282781681 -0.057971399780735955
1760468534.748854 22.709787417371 42.12392177393834 -283.1531598561678 0.04516277944801248 -0.17711466953153368 0.9814806437147298 -0.05732768268982802
1760468535.082183 22.652699993014593 42.13940608657185 -283.88303668335374 0.044497647656379036 -0.17721237759034641 0.9814452952791237 -0.0581452057894615
1760468535.348853 22.60123759832354 42.17472110442777 -284.47419269113425 0.0425276049800704 -0.1900030959042084 0.979313350423321 -0.05509617086626594
1760468535.682169 22.53644621878128 42.18772136125977 -285.2315572817562 0.043465083925421706 -0.17830725890984925 0.9815007482431409 -0.05453062531794719
1760468535.948853 22.486316278706823 42.19003181866484 -285.81749386419096 0.040955104756368814 -0.1725752968448395 0.9823706348361904 -0.05906252724740678
1760468536.282133 22.413455745536126 42.20706174875668 -286.58749960582253 0.04264921705922504 -0.1793967192001535 0.9812638784757165 -0.055848565095719546
1760468536.548799 22.362768156802474 42.21437546312333 -287.18802251671326 0.04323828075836894 -0.17147543440460714 0.9825074594735614 -0.05835853452255136
1760468536.882149 22.29565380402633 42.23554607942786 -287.9405462981913 0.044753108059103555 -0.17244699826492854 0.9818739355603785 -0.06467431310527809
1760468537.148803 22.255571642202096 42.243735161877844 -288.54701045940186 0.044157842897380714 -0.1726316467085617 0.9818752750713702 -0.0645704550770821
1760468537.482136 22.195627304395654 42.247014833551056 -289.2801499727925 0.0428127825339652 -0.172125887811408 0.9820115138744221 -0.06475438992763229
1760468537.748762 22.133496740892824 42.252953193564274 -289.91492987089003 0.041224265322678394 -0.1668322902514719 0.9830480919012305 -0.06390614905784862
1760468538.082089 22.06238862146711 42.27148183934654 -290.65434390974025 0.040448051963236364 -0.1739858283645317 0.9821769246110094 -0.058492524157764375
1760468538.348759 22.0143861441683 42.267780148108784 -291.2569061600689 0.03689206781201851 -0.1631960993850013 0.9842422450582969 -0.05721198756097719
1760468538.748788 21.935098840682013 42.294040292252674 -292.16127823137134 0.03497104515459481 -0.17717236737943826 0.9821583652269641 -0.05245878241684557
1760468539.082314 21.88915394168447 42.322098564351 -292.94640574932225 0.03301698412091649 -0.1801583507178519 0.9818608373328287 -0.04901166736869156
1760468539.34876 21.839685084177017 42.32028533066311 -293.51263884335526 0.03214020582554223 -0.16786854048620778 0.9840201463502857 -0.04991504644177308
1760468539.815411 21.761846792661554 42.33681288393977 -294.57284649990856 0.032756955817850215 -0.17128230898445365 0.9835219873059735 -0.047684934310640845
1760468540.0821 21.722547671615555 42.33742272773769 -295.1565892477768 0.03563733832800709 -0.1684250264555547 0.9836382439213796 -0.05309233160829729
1760468540.415374 21.66841108113398 42.34006851976066 -295.89461499575987 0.034691213596988235 -0.16460365812013722 0.9842426042374777 -0.05448533230572227
1760468540.682033 21.62843694111799 42.3568329022803 -296.47786045579505 0.0329689971768741 -0.16936453353410255 0.9835153070643288 -0.054095663191111774
1760468541.015409 21.586309195797927 42.36283296236916 -297.24071675861984 0.03173862543484757 -0.16976132763967564 0.9834053447799737 -0.05556688898707771
1760468541.282025 21.55547677079663 42.387399327018805 -297.84384731937195 0.03051652790680826 -0.17110487395954438 0.9831824395610131 -0.05607275782994869
1760468541.615328 21.510101942785713 42.388459242820915 -298.58531836624326 0.025668709481736093 -0.16973169726011905 0.9836883879929893 -0.053753359211269926
1760468541.882034 21.480041377943195 42.40146647662588 -299.18514143838325 0.02309131042666068 -0.16778817894655892 0.9842830411644564 -0.050008131984968215
1760468542.282015 21.439329561729416 42.41010275253744 -300.0091366970721 0.02105414245755856 -0.1705774759174785 0.9839100591209249 -0.0487959358518407
1760468542.681988 21.398550678797424 42.411453775969555 -300.76040320203384 0.01929224506831364 -0.16593516312316162 0.9848396135128691 -0.04673613778797413
1760468543.082011 21.366825496633794 42.413559111495246 -301.5384015033028 0.01669431706980919 -0.16112226354548229 0.9857310402455335 -0.045773707125501446
1760468543.481979 21.322519062960332 42.41251450371986 -302.29125201013 0.015348395621717185 -0.16379450073801238 0.9853006192649887 -0.04602692642197919
1760468543.815529 21.31041600668118 42.42368328435057 -302.942907683578 0.015785556201303043 -0.16338796825364943 0.9851069993211387 -0.05117995636830974
1760468544.215264 21.289201507022526 42.432213821544295 -303.6834433610761 0.015174128086527955 -0.1618124839671311 0.9852151826217894 -0.05419879888627229
1760468544.615284 21.272282896141594 42.41565780888616 -304.45217270122146 0.013822815505707214 -0.15947671794125728 0.9855337759946486 -0.05567120063290805
1760468545.015285 21.25534232123556 42.42239847668688 -305.17653559592605 0.01304414162472491 -0.1622356903801093 0.9850203309148805 -0.05695944891326299
1760468545.481914 21.23400716342762 42.42478408455384 -305.92839910413164 0.00874510904407635 -0.16370131408021418 0.9851385254483858 -0.051259033482875374
1760468546.215228 21.218074681989574 42.432574192589264 -306.9270572785304 0.00636968307674845 -0.16124611209174936 0.9855282958591743 -0.05189505307549549
1760468546.815255 21.25746658396819 42.42114812671932 -307.59373412275676 -0.029661766871070507 -0.16080793038807767 0.9848237484792971 -0.05816505429874289
1760468547.281876 21.32405955240875 42.42381239640855 -308.10467935677724 -0.047951417355422875 -0.16100387233030125 0.9839692652827918 -0.05985732743028876
1760468547.881832 21.386453603961286 42.43765927466764 -308.7622920245966 -0.05373827988213183 -0.16859011603130455 0.982597966870056 -0.05648721585184825
1760468548.615181 21.48144485635867 42.43506482515817 -309.5576238830974 -0.06062165307800943 -0.1608151852312222 0.9836643382646681 -0.05355334726671745
1760468549.415114 21.597460774384963 42.44109836546618 -310.4409741941846 -0.06743183535861222 -0.15956866003999193 0.9835723457733744 -0.050756585218789466
1760468550.015167 21.69756590261737 42.45180044062439 -311.09886797612523 -0.06971904015375172 -0.16383655141562695 0.9826937181854272 -0.05108714220989711
1760468550.681793 21.804748154457073 42.442685585283854 -311.83942694774345 -0.07354131400771395 -0.15619836874639376 0.9835050782056372 -0.05395837172031845
1760468551.41507 21.930154067041126 42.454371522116546 -312.66800882515366 -0.07673726659302645 -0.16081593338479766 0.9822556328828057 -0.05851067556784781
1760468552.215211 22.092053555831107 42.45917442478411 -313.5485533318334 -0.08394476502000288 -0.16077789085259023 0.9812192280820938 -0.06567018106194819
1760468552.815107 22.23705491607985 42.484831911442804 -314.2493627553395 -0.08829401890138659 -0.17067038505398105 0.9792695687415617 -0.06408508116935752
1760468553.415032 22.36503520565697 42.47703028223695 -314.8964621368584 -0.09023460850518039 -0.15545025854833253 0.981514801467083 -0.06573908309526291
1760468554.015039 22.497189498353826 42.48805550971023 -315.56943210376164 -0.09636685343524377 -0.1603416840739671 0.9800965121112672 -0.06644396778220628
1760468554.615029 22.63581511274522 42.51167495022247 -316.23356592294294 -0.09614545188126723 -0.16702106931988256 0.978658429763798 -0.07132806136470592
1760468555.281641 22.79187034670161 42.51347146857448 -316.957838267024 -0.09767402900019273 -0.1573322355182048 0.9800580629029445 -0.072059316293189
1760468556.014997 22.95933180011077 42.51890363484154 -317.76968917492917 -0.10042889499082248 -0.15875188271946938 0.9797515092318286 -0.06927378250030897
1760468556.614976 23.088817576460762 42.52388633549054 -318.43409584737793 -0.10168768704724689 -0.16006605482842284 0.97978970819962 -0.06364432496891594
1760468557.281593 23.243143856661188 42.53357421153868 -319.1593403944012 -0.10000860133565079 -0.15952894692416128 0.9800555159684841 -0.06356083992446551
1760468557.88159 23.3319546572203 42.5357696307423 -319.8406126929398 -0.0758772329560386 -0.16177592679779984 0.9821209587834675 -0.05924202347903547
1760468558.481598 23.37750991617261 42.53581515382535 -320.52594996437347 -0.034960799037267454 -0.15900945512923037 0.9850086149509505 -0.057024242060645096
1760468559.214873 23.372758125575302 42.522267193416994 -321.32966809772813 -0.009317494813216583 -0.15576057009552358 0.9863453178828894 -0.052675829223897255
1760468559.814897 23.38776866177307 42.50990426197056 -321.96884568864044 -0.002977527210005762 -0.15299071359502184 0.9868196241233667 -0.05264983694577762
1760468560.28153 23.3787058051477 42.50939207608954 -322.51264097599517 0.0027542587732232947 -0.156261640814108 0.9862187442932194 -0.05428906034734917
1760468560.814865 23.368924457630786 42.50187376655006 -323.12704862572747 0.008142093269414988 -0.15949938665562952 0.9856596210615584 -0.054486359599952565
1760468561.481503 23.39470928819503 42.48571594926026 -323.86256434858876 -0.011176345382445751 -0.15517656025342855 0.9861438214621059 -0.05758200972457255
1760468562.014822 23.414328980760956 42.491163799002784 -324.4008082769227 -0.016441929342059004 -0.1586178140766391 0.9856241571354036 -0.05581283802302797
1760468562.81477 23.496031440950315 42.48690398649726 -325.2658110660704 -0.04103938435795752 -0.1584031417110045 0.9847303200665969 -0.0594172564928824
1760468563.481453 23.594014589555982 42.4754406156353 -325.96122774142816 -0.059678721175115634 -0.15516042524499504 0.9841900248384421 -0.061103908919167595
1760468564.21493 23.70878778707152 42.49319649785804 -326.80574270716227 -0.06809206009662809 -0.16086404543335947 0.9826124594483782 -0.06292046388434128
1760468564.814713 23.82137621749432 42.49389344114091 -327.47848930707636 -0.07174066184796765 -0.1560520011061803 0.9831241767221142 -0.06299129727857317
1760468565.281376 23.90183493054242 42.48990805954926 -327.9834545308779 -0.07500968240862907 -0.1529609881914617 0.9833104161769504 -0.06385224408241892
1760468565.881388 24.013786463007268 42.49463869486254 -328.6773649690262 -0.07856428004845772 -0.15968118865523373 0.9818970719382759 -0.06486687913842813
1760468566.414719 24.131425580958457 42.49677131495796 -329.2803563683482 -0.08025657382103336 -0.15873849385045585 0.9816969032793909 -0.068059995740906
1760468566.881333 24.23373916459188 42.50177670309852 -329.8151951776708 -0.08271043716705358 -0.155959473181026 0.9817820173990772 -0.07028297532496727
1760468567.414666 24.349141969010404 42.51114568703965 -330.4031890985365 -0.08410256414715565 -0.1571015885414971 0.9813167844073036 -0.0725480407876135
1760468568.014678 24.462172478247094 42.51181821195222 -331.07664009254756 -0.08753023767659535 -0.15709126994014255 0.9811150720564084 -0.07123205587809835
1760468568.481358 24.54685535488609 42.50914724005092 -331.5553631256696 -0.08984044899200468 -0.15489279075772197 0.981337499366563 -0.07009728549081377
1760468569.014612 24.6640499528979 42.517030306818334 -332.14966497358574 -0.0932635857807897 -0.15910776093751872 0.9802105735699266 -0.07192951715724379
1760468569.481285 24.775131247755034 42.52170593079475 -332.66585214014634 -0.09623939101217817 -0.16068466758603583 0.9799288060464741 -0.06824919267436162
1760468570.014627 24.904989063567907 42.504686303357936 -333.2425309626724 -0.09882302455768215 -0.14773361195766216 0.9816978448139564 -0.0683968654460682
1760468570.614573 25.041481387004083 42.510794949657424 -333.92559318693606 -0.10061403875220555 -0.15747815652599098 0.9800073613466255 -0.06828628800549714
1760468571.147942 25.161861267197605 42.509502713303064 -334.52736838196734 -0.10213336323445686 -0.1542803118227504 0.9804359412016519 -0.0671693881044372
1760468571.81457 25.31105470575097 42.51019708519935 -335.2871852403253 -0.10436115291342267 -0.15709933454074954 0.9797903780311353 -0.0666285521907835
1760468572.414564 25.47897717197338 42.51033384709375 -335.9876317353545 -0.1033572952867271 -0.15651541210001266 0.9799598589207161 -0.06707361769179992
1760468573.214527 25.665896264992856 42.49947533793838 -336.860284291761 -0.10655943515791971 -0.1520261794699453 0.9804771141100881 -0.06479009369456523
1760468573.947895 25.840520310275565 42.49946877523678 -337.6726181086539 -0.11002912889574179 -0.1558655598540818 0.9797784877034241 -0.060279624081518976
1760468574.414508 25.939632205520528 42.50903134152152 -338.1763099743913 -0.11139748206905023 -0.15965727338625962 0.9791359212650554 -0.058249495551221865
1760468574.947803 26.066484878185474 42.505505331776426 -338.7402675868579 -0.11292390979344116 -0.15372064789343337 0.9801124031097257 -0.05475244541264148
1760468575.414479 26.188842619441022 42.51223934809764 -339.254183216937 -0.114018526555124 -0.1571056306725667 0.9794673697499846 -0.054417534014510605
1760468575.947792 26.320573318375015 42.50873104586439 -339.825195517042 -0.11493857384987008 -0.15468607054657693 0.9797524211081855 -0.05428201500373823
1760468576.414466 26.444132974255236 42.511515411820454 -340.33536109586476 -0.1163053379697463 -0.15384440842054536 0.9797178611208216 -0.054386385780984835
1760468576.947748 26.583889869196785 42.51127585434256 -340.9303555758629 -0.11892980257326449 -0.156487439149952 0.9790000236511497 -0.05409562957599069
1760468577.547754 26.742459200828122 42.5188266639016 -341.60404693825274 -0.12035959757200816 -0.15578191246897716 0.9789324824760856 -0.05419186076359412
1760468578.214447 26.927217732430762 42.52008393548896 -342.3333558111378 -0.119753478449888 -0.15620076977982922 0.9787614805471575 -0.057327027800830425
1760468578.814378 27.073452866667317 42.5240247738377 -342.9549280973923 -0.12063469511706643 -0.15394581026535442 0.9789753381381426 -0.05792447801288546
1760468579.347727 27.207486473266822 42.51399848149674 -343.50663648731097 -0.11993724696184013 -0.15467660985600307 0.9789233651785035 -0.05830307249418916
1760468579.814384 27.337938104780356 42.5189098135382 -344.0178594306133 -0.11986030228493587 -0.15602765302818716 0.9787643887449536 -0.057525218395037735
1760468580.414321 27.489247669332077 42.53115601414995 -344.67677926884363 -0.12046011278920707 -0.1600709027163094 0.9781075488363832 -0.05632308798068224
1760468580.947731 27.62195823029012 42.52968680281019 -345.2483865183477 -0.12077148318288625 -0.15890083305193978 0.9783727567421995 -0.05432792072106417
1760468581.414334 27.73560269412831 42.52518336407722 -345.73198247852196 -0.12131114061313768 -0.15495982994463664 0.9790756501229728 -0.051787349835136554
1760468581.947699 27.87418786495651 42.531919821570554 -346.33664295534186 -0.12258560700986168 -0.16158157251541408 0.9778722321596338 -0.05128412959780963
1760468582.814297 28.091513572830138 42.52528865294407 -347.2446989149133 -0.1235370739884284 -0.1546651515507955 0.9790918469509056 -0.04686616562522902
1760468583.347704 28.231197505080743 42.53230712561221 -347.84064919814494 -0.12512338811396137 -0.15514044912001176 0.9788204370314123 -0.04675607814347815
1760468584.14785 28.44618078508149 42.52959534741525 -348.678735444387 -0.13468865305181824 -0.1582229023859072 0.9771242308311185 -0.04530692466237025
1760468584.747552 28.653647958104635 42.53286956688359 -349.29381992103276 -0.15727657317780994 -0.15469500681113138 0.9740838229077591 -0.049942370253668364
1760468585.214403 28.80435493226045 42.52736948369478 -349.7311486649908 -0.1593389910438818 -0.15475773390855252 0.9736913432609028 -0.05085565639519659
1760468585.814232 29.008409371884877 42.53651312644703 -350.34514866083015 -0.1630619957044027 -0.15776658481017689 0.9724668525032799 -0.05318562828993198
1760468586.347513 29.196958735065095 42.52645052076209 -350.91305097136603 -0.16585649188867024 -0.15398185896622774 0.9726323829223003 -0.052606643103092585
1760468586.947513 29.429682664558854 42.52599352487118 -351.5506012066938 -0.1681973839478752 -0.15283510446378748 0.9722405059244204 -0.05567287954167068
1760468587.414174 29.605157368125322 42.53050474355199 -352.05346649291687 -0.1708360016574955 -0.15598352385078404 0.971237574868378 -0.05640721574908421
1760468587.947511 29.805189162252876 42.534599799184114 -352.6155945627472 -0.17264919496331385 -0.15219270851652675 0.9713677679486914 -0.058943145006867176
1760468588.547471 30.041619037380816 42.53586959698019 -353.2477406017554 -0.1767950073348357 -0.15476508573090944 0.9701365316780599 -0.060219627397090345
1760468589.214141 30.31759451186787 42.54742116120064 -353.97706799607056 -0.17964818783214292 -0.15726585431932746 0.9692389808346723 -0.05974761672573062
1760468589.814118 30.5663099794076 42.54894145229662 -354.633774866042 -0.18340675613199384 -0.15788814701995793 0.9682835788332926 -0.06213055446021884
1760468590.548252 30.87262642896381 42.55613127584239 -355.40044719394433 -0.18624964888732612 -0.16041175196166918 0.9672857621575336 -0.06274864499935444
1760468591.147432 31.122390090859465 42.55974493648097 -356.0504417585877 -0.18881410730647874 -0.159354545500671 0.9670414183955732 -0.06153256713164026
1760468591.814093 31.3937493400417 42.56182486154928 -356.71458479663244 -0.19041709911597857 -0.1574237125869549 0.9669933751066765 -0.06231304501783017
1760468592.414025 31.627399548308397 42.568848132428336 -357.29104198959396 -0.19338525021399747 -0.15795511562576195 0.9661904913090157 -0.06425154435003515
1760468593.014019 31.903901298539957 42.57494519248635 -357.9276034366981 -0.1958494599548231 -0.15538435031169648 0.965935841415839 -0.0668329483255927
1760468593.614025 32.18294679283941 42.60485229902802 -358.57736952373045 -0.19992050101764222 -0.16182832358345708 0.9638326436010967 -0.06978554354552292
1760468594.34734 32.50724732231062 42.60571998725052 -359.3308733964608 -0.20347899482882129 -0.15481304561381926 0.9644548807266687 -0.06675329665067707
1760468594.813979 32.72375343128339 42.62899501482178 -359.8225494710748 -0.20303381853046637 -0.1599705570541884 0.9635745004654545 -0.06863578848866093
1760468595.614349 33.07860038845825 42.63555383099056 -360.623859643938 -0.20382928699445427 -0.15556241105462748 0.9641339221253838 -0.06855463687692907
1760468596.013932 33.2544298222117 42.65161099143745 -361.0433804752307 -0.20400570408607724 -0.15797735136812444 0.9636398805207855 -0.06944789287618618
1760468596.347254 33.41840245901907 42.6588231942384 -361.41135570627654 -0.20345737974048483 -0.15697609949202254 0.9638780688042932 -0.07001904951877731
1760468596.947247 33.69344971262515 42.665369387557725 -362.0398241055729 -0.20341615444358516 -0.15740142139187852 0.9637503874885388 -0.07093554307179908
1760468597.413919 33.91815014619991 42.677855089797255 -362.5772258654642 -0.20518805681161323 -0.1573702624299426 0.9634474691453343 -0.07001025669182488
1760468598.013872 34.19124309553662 42.68848778406219 -363.1976280578952 -0.20774828646983914 -0.1587535980368123 0.9626785173517014 -0.06991435338141891
1760468598.747207 34.486128619271064 42.70730894052493 -363.9908297247613 -0.176019442166028 -0.16027059887442655 0.96900890663596 -0.06597143303108252
1760468599.413887 34.664132381578455 42.710481589363035 -364.6681133531111 -0.1340033294993615 -0.15795749537021647 0.9765962105758977 -0.057899730813280786
1760468600.013822 34.79320295488308 42.713533292121916 -365.35623946391615 -0.11029083339624986 -0.1583376917260292 0.9798309126638335 -0.05192773859887227
1760468600.747303 34.92998716834722 42.71590850163677 -366.1913669058606 -0.0915529043108078 -0.1592088595464057 0.9818058063774847 -0.04824897219263752
1760468601.347155 35.051787492490845 42.719664623721926 -366.9052724061715 -0.08300210333225863 -0.1610471426890358 0.98240260120135 -0.04538279218976713
1760468601.947106 35.14693312806544 42.7186577073906 -367.5715618963488 -0.07873557668255622 -0.1613103925580712 0.9829093679904505 -0.040851444697089456
1760468602.480442 35.26582769354454 42.71724317833769 -368.17277457180245 -0.10108887485869109 -0.16467175573551823 0.9803266351492586 -0.040298147100310086
1760468603.080457 35.45978697795171 42.7300957408718 -368.84236767356583 -0.13639583572392738 -0.16595824809147064 0.9757337728931557 -0.04239858869430599
1760468603.747059 35.709996286743284 42.74122383525051 -369.55774716805115 -0.16791041300571655 -0.16827295819548588 0.97024012880354 -0.04609118357864049
1760468604.480393 36.01284966286789 42.75926724904892 -370.31321350079776 -0.18800418834483953 -0.16537388692454674 0.9670832204881363 -0.04534255549216403
1760468605.147048 36.30151707708271 42.785654186965644 -371.03062516994953 -0.19405988900127197 -0.16911717858239503 0.9651713148082128 -0.046738340369872636
1760468605.747004 36.53742910116184 42.801174942379276 -371.6048660630556 -0.19749265993352255 -0.1674085885316721 0.9648007659711767 -0.04615729346101149
1760468606.480338 36.77949425497231 42.82084843527253 -372.2633150781437 -0.17809099299178416 -0.16793555257123036 0.9685789150056439 -0.04400152047697737
1760468607.08035 36.96853223458712 42.82951808915389 -372.7517135558073 -0.1814257128988656 -0.162163533968602 0.9688609435061097 -0.0457839611480173
1760468607.680291 37.20805073965059 42.84806598011582 -373.3836591804196 -0.17911299933397365 -0.16699868420450936 0.9682599622530006 -0.05002617756103658
1760468608.346981 37.486574735103794 42.85889347693861 -374.1010050982896 -0.18042596620358772 -0.16113964558979132 0.9689511563288707 -0.05112868067574913
1760468609.080278 37.76065326003505 42.87276086087931 -374.86502073406456 -0.182491221673854 -0.1626281085997753 0.9683988355502481 -0.04952522195980023
1760468609.880231 38.07343373710393 42.89508755652157 -375.6854752900907 -0.1833506957006789 -0.1644641163226441 0.9678329557857436 -0.05131711725457372
1760468610.146897 38.1892904235041 42.910462785406054 -375.97945446500466 -0.18290227587646846 -0.16671484914256424 0.9674307285896336 -0.05320434131827083
1760468611.080241 38.551922156167116 42.914797334029856 -376.8977489158989 -0.182609562291627 -0.15780333248688544 0.9690862921472765 -0.05122122985576627
1760468611.480213 38.70457942934342 42.92923821547268 -377.31139703499537 -0.1810360459582116 -0.16182172814310167 0.9685607861300234 -0.05412653633651093
1760468612.146868 38.96587704197721 42.9393139951858 -377.9919317310359 -0.18023659947584153 -0.15984539287452013 0.9689399339052118 -0.05585358600787699
1760468612.94686 39.24179504940864 42.953376285303854 -378.7594939717658 -0.17364484866340643 -0.1585743363762163 0.9702457993036187 -0.05766051776725066
1760468613.680156 39.44950783008736 42.9633369057948 -379.42811138096806 -0.16541285114102897 -0.15874768243072554 0.9718688949055683 -0.05393155954817829
1760468614.48014 39.733424200906754 42.980344402050754 -380.2867804951752 -0.1617648525660485 -0.16176644699007459 0.9718493660279014 -0.056325472511627304
1760468615.080132 39.950401821473164 42.98736895779562 -380.9529175823643 -0.16065838598554874 -0.1597633775593937 0.9722864425441143 -0.05765084429775196
1760468615.88009 40.21745570983323 42.99474305190717 -381.7985611473211 -0.16071893606235593 -0.15805754416151782 0.9726553454137196 -0.055935814669424135
1760468616.48034 40.440457884933764 43.006479884383566 -382.45485764942924 -0.15847697471875138 -0.16305577318712478 0.9721014543294427 -0.05759015371505287
1760468617.080094 40.64542903623058 43.01268539914041 -383.0968391960707 -0.15999892812201008 -0.1630129112964943 0.9719244806956444 -0.056479532354218626
1760468617.880034 40.88832337836662 43.0390698336338 -383.939430620399 -0.14981315147742136 -0.1689678869937952 0.9726534586929616 -0.05432423125893639
1760468618.546713 41.05327788043338 43.037707164535455 -384.5042216157869 -0.14686253704161023 -0.1589988163776844 0.9749201167788503 -0.05178356403445145
1760468619.346667 41.21127944073488 43.05155056110613 -385.2148180288801 -0.12181617289550799 -0.16050597477328518 0.9782148577761423 -0.04994340906637447
1760468620.080242 41.372847544044824 43.077896720798115 -385.98911140346667 -0.11635383853426529 -0.16537126114445236 0.9780953969411068 -0.04943202128635193
1760468620.879983 41.546971011626255 43.084167673676895 -386.85789385603266 -0.11293115906047228 -0.1621570287248337 0.9792269153116036 -0.04545656913707284
1760468621.279965 41.62594641304391 43.091128468342255 -387.29133577275536 -0.11012015349028541 -0.16178499651668177 0.9796360737706186 -0.044858997588670006
1760468621.546597 41.694481091861796 43.09081802733921 -387.58437070621807 -0.108130981094977 -0.16202022446219153 0.9798726017236292 -0.043667175132183114
1760468622.279928 41.849139100020146 43.10196892885649 -388.3896757445366 -0.10464431224921908 -0.1662875841774646 0.979669440428646 -0.04056839598177741
1760468623.079938 42.01688080051533 43.09879581658703 -389.27731293528797 -0.10504567218890888 -0.1634877973192791 0.9803414662849903 -0.03417245036964219
1760468623.746544 42.188374082391356 43.10415447180544 -389.9915487270996 -0.13102681516581974 -0.1647795535178702 0.9769876883493396 -0.03427432368066919
1760468624.546547 42.41338809388759 43.113192603453406 -390.83717966764476 -0.13465683786403967 -0.1684457514009716 0.9758262715049731 -0.03544929748418698
1760468624.879831 42.524921431883975 43.11520558469409 -391.1984297241319 -0.14582654732771685 -0.1648627637746224 0.9747635254625853 -0.037295531137416384
1760468625.54649 42.76792306486154 43.12231314541727 -391.8837741020617 -0.16650020895232803 -0.1636386349473481 0.9714581587438903 -0.04206094841215616
1760468626.279826 43.0878592546813 43.14617482354601 -392.6348006639674 -0.19936998266995073 -0.1666814393407509 0.9643294253171599 -0.050375264336329634
1760468627.079769 43.47477765458928 43.14988192176719 -393.40421217644234 -0.2224207788382415 -0.1607412351045613 0.9598857489320335 -0.05753782647301991
1760468627.479992 43.658315241360164 43.158864137241814 -393.7799403715278 -0.22372840507984004 -0.16255132297279387 0.9592218979349554 -0.058446716608268834
1760468628.279781 43.98076963290243 43.18845538488414 -394.5320617169416 -0.2018736412435024 -0.1643980979752136 0.9635760115111016 -0.06116836105029348
1760468628.879721 44.23966959506755 43.1988268911504 -395.15901612538846 -0.1893966740018766 -0.1645366800607246 0.9660619221884025 -0.06148937541779691
1760468629.613084 44.50873512931319 43.22128259705101 -395.86481501820293 -0.18605853096662642 -0.16711923012490948 0.9660861221878845 -0.06427278189851698
1760468630.479733 44.842764393354685 43.23225515639182 -396.6558450792052 -0.1866542066750636 -0.15925968673318064 0.9671171902670068 -0.06693952197470347
1760468631.21301 45.144368996369884 43.24823988828095 -397.4095012834639 -0.18734028285222634 -0.1619628502977413 0.9664894257615024 -0.06760061712351877
1760468632.013035 45.45971200497604 43.262211557162 -398.2191522441797 -0.18369331757110446 -0.16125559450293017 0.9671697700426204 -0.06954160076481278
1760468632.413009 45.58846449028842 43.27627894231343 -398.60416862831244 -0.1620753140706193 -0.16328573541773464 0.9707848616864942 -0.06816240531505494
1760468633.079653 45.76498905862843 43.29005556679735 -399.27451110737184 -0.1401976673219657 -0.15848298301223832 0.9753800541687396 -0.062141033969580636
1760468633.813633 45.96780741397493 43.30399903461398 -400.0334710823756 -0.13449048527562632 -0.16267004042554 0.975245203384219 -0.06593603411149997
1760468634.479628 46.151472759099526 43.303102357305264 -400.7199953099712 -0.1318038600466555 -0.15398326819947042 0.9772830448633284 -0.06192532449711733
1760468635.079582 46.323763403366996 43.31332992728419 -401.382754589413 -0.12716968756733865 -0.15827351940889678 0.9773791189966992 -0.05922348661792304
1760468635.812927 46.50536074115761 43.30743474185994 -402.1547874472961 -0.12302409437008989 -0.1550797132210751 0.9786544710422438 -0.05523387602471963
1760468636.612859 46.707893210360226 43.31247077003499 -403.0202553495036 -0.12045323584167525 -0.1589525506779989 0.9786215200323147 -0.05024962823613477
1760468637.412897 46.90939344951012 43.31480716543265 -403.8733065645616 -0.12356790628244942 -0.16249200385026666 0.9777555269997871 -0.048181434630625665
1760468637.812857 47.0413001052321 43.31633524765161 -404.2994656136873 -0.1490865297386974 -0.1620946618585898 0.9740776673436881 -0.05168389719923752
1760468638.212863 47.1878667367163 43.31556970735613 -404.69888998263133 -0.1685032852908275 -0.15874952242926765 0.9714239024908317 -0.05235297168414069
1760468639.079487 47.506303323488844 43.334683786926924 -405.57362815921556 -0.16747413865392144 -0.1602932857683017 0.9712026675081035 -0.054989581239292956
1760468639.479478 47.65679657610565 43.331950271268134 -406.0108238932571 -0.16850768787937775 -0.15808766577984296 0.9712541943993753 -0.05726027344893898
1760468639.879481 47.821623901963676 43.34437240478373 -406.4555928317846 -0.1694569536612327 -0.15752991349208945 0.9710422381124526 -0.059545268599516275
1760468640.212806 47.961036793384295 43.34807035620777 -406.8310210694383 -0.17020244718917293 -0.16040697612304303 0.9702692869348579 -0.062275515355560515
1760468640.812757 48.21241133911202 43.355684597403034 -407.5056362632583 -0.17163019884198755 -0.15546690975477623 0.970784159703511 -0.06285881072298542
1760468641.412758 48.47150481456887 43.36639746016298 -408.26175782967204 -0.15754991039181487 -0.1573439912743022 0.9728233635101257 -0.0635263532264313
1760468642.012772 48.658234523925266 43.3680488230597 -409.0503269128973 -0.1289140782270445 -0.1517427422116763 0.9784016523854593 -0.05554734224384613
1760468642.679559 48.88407773164929 43.37754058106492 -410.0225637279595 -0.12273303034076799 -0.15839295649193738 0.9783401186422939 -0.051950811852151446
1760468643.012704 48.98223249322555 43.373486604569706 -410.49462483530885 -0.1215418204172928 -0.15304979841391156 0.9794329983856441 -0.05014326244290919
1760468643.679381 49.166534624705186 43.37684182842705 -411.42746213987846 -0.1200831283011822 -0.1554748627826258 0.9793994822756451 -0.04673610444103906
1760468644.412662 49.37970169728779 43.373123414635934 -412.35867442077614 -0.11934185835974936 -0.15511704094600984 0.9796565211082566 -0.044377078559358046
1760468644.679325 49.47310946676328 43.374878912465675 -412.7097093360816 -0.11889980382630846 -0.154981926701054 0.9797669938229794 -0.043589871084649436
1760468645.279345 49.64965489392919 43.359911553487734 -413.4938379193538 -0.11831154485955553 -0.15525836530113232 0.9798094432306548 -0.04325128105617023
1760468645.812674 49.80900752546795 43.35575125357275 -414.21280091516456 -0.1175628902406254 -0.1560131215035498 0.9797717323607167 -0.04343069448983706
1760468646.279271 49.95942086795469 43.34858867921224 -414.8291838545748 -0.11786850840199344 -0.153730361361504 0.9800865921749191 -0.0436378569788249
1760468646.879269 50.137616584327134 43.3337287272811 -415.6298269875644 -0.12703000785318863 -0.15401420938370133 0.9788895251503195 -0.043798378551202825
1760468647.41268 50.33273184127245 43.332177396226626 -416.3078782156893 -0.14677921541696712 -0.15933910285574143 0.9752144628991709 -0.044985148382424775
1760468647.879319 50.53136166611722 43.32909508560037 -416.9027757681612 -0.1611305437052979 -0.15708011091472504 0.9731931443934859 -0.047517263660403174
1760468648.412556 50.7629335413122 43.32732123605965 -417.54775811449 -0.16225556302362104 -0.1554285522519942 0.973113046244203 -0.050656654469716275
1760468649.012622 50.98456648470718 43.32056742535677 -418.266251132646 -0.16502701072012688 -0.15143823800070408 0.9732962129697944 -0.05026954965660619
1760468649.47923 51.18073185679299 43.31447626039299 -418.8538113430196 -0.1667197372056506 -0.14973852418011174 0.973234581296034 -0.050964236205149276
1760468650.012537 51.44469670649961 43.31898822114333 -419.55670699620515 -0.16956347132877145 -0.1542389682305585 0.9719007557270212 -0.053548957854983134
1760468650.612502 51.715531475238656 43.32038753621135 -420.3489694892909 -0.17458288550810894 -0.15146561319794177 0.9714663491377423 -0.05321763428808352
1760468651.079177 51.93395116128119 43.31669957090858 -420.9662099189932 -0.1756717043000648 -0.15045633076065104 0.9713554208565397 -0.054506799713124325
1760468651.679177 52.230702204684576 43.315045493034276 -421.71755721143296 -0.178935218559992 -0.15109931475324642 0.9705795037211467 -0.05591611213594758
1760468652.212453 52.46573333873428 43.31067643571888 -422.39074340660227 -0.1812952321910692 -0.15018470429576564 0.9702682761125266 -0.05617887280825093
1760468652.679895 52.7071036531161 43.31027235020339 -423.0494194676758 -0.18282234029775335 -0.15074211093660622 0.9697975579026518 -0.05784033682890518
1760468653.279128 53.02575314343523 43.31235031512763 -423.8691852780808 -0.18329200995619083 -0.15042524046375289 0.9695178737985319 -0.06173636288943178
1760468653.612464 53.20375047649849 43.309775130346004 -424.267247448402 -0.18698790233990323 -0.15016552456200333 0.9687596929969606 -0.06317037941927965
1760468654.212399 53.49018245531915 43.29795846309727 -424.98099518565107 -0.18883929911954445 -0.14533296046796657 0.9691562532115358 -0.06288248222385283
1760468654.745732 53.7608158848684 43.29375224831855 -425.6330920006158 -0.1903650732864523 -0.14884498823148992 0.9680509860295801 -0.06695966545741497
1760468655.412419 53.996914673635054 43.28202044808498 -426.32397432977655 -0.1678816197268629 -0.14498792516966033 0.9730402375116195 -0.06314237480656772
1760468655.945735 54.23148680116532 43.272733209599664 -426.92531516699967 -0.1697902578451048 -0.1421777372430614 0.973059000311232 -0.06413221722848533
1760468656.412371 54.462726572365895 43.275100160326716 -427.5475588409086 -0.16637603134160306 -0.1473978520583133 0.9727145238270918 -0.06647815084256964
1760468657.012356 54.76238598748694 43.253196309163364 -428.42026067447887 -0.16888955319903073 -0.14219427179842445 0.9736067105322976 -0.057853963515271084
1760468657.412361 54.96740926491744 43.256091077533426 -429.0014902662983 -0.165760324249127 -0.14591030672338098 0.9734000892175472 -0.06104067175240199
1760468657.74567 55.13081015665572 43.25369473814659 -429.4862268983131 -0.1671035786466209 -0.1483671278962779 0.972857417443477 -0.0601002053949106
1760468658.012307 55.27242262477691 43.23570149321741 -429.8889747154394 -0.1663706012741714 -0.14112954588807516 0.9738827162680133 -0.06289458850753891
1760468658.345667 55.448168453166645 43.22723236432769 -430.36346980242826 -0.16537241173447934 -0.13933836788031628 0.974350453260487 -0.06227342053119361
1760468658.612294 55.594604498150815 43.21809553783423 -430.7877101468099 -0.16508753266270315 -0.1418929199622725 0.9738839952194973 -0.06451720452120797
1760468658.945637 55.75624482959309 43.20316157399064 -431.2880365753947 -0.16436665181193036 -0.14199398821769202 0.9739454638127248 -0.06520386952310354
1760468659.21231 55.90935341791257 43.19440255154462 -431.70306928721357 -0.1633092072757303 -0.14006098101697317 0.9743512611575055 -0.06597457310444867
1760468659.745786 56.1772030129806 43.1936447697099 -432.5299241676762 -0.16433507054314522 -0.14640003309365326 0.9732862026220975 -0.06538335174349802
1760468660.012252 56.32713766876405 43.17729541699932 -432.9319813615183 -0.1635074169274901 -0.1364373888107109 0.9748210619586586 -0.06613668200029392
1760468660.345583 56.492024204028766 43.16147013497706 -433.4028957688708 -0.16403551588903487 -0.13780356089019177 0.9745797048777484 -0.06555094944699298
1760468660.945608 56.76746683642882 43.15488407781521 -434.2823906147792 -0.16239565139773193 -0.1452469799343586 0.973676444719784 -0.06697124924096721
1760468661.078946 56.84503917544098 43.149552340295514 -434.4934917328079 -0.1626655409773196 -0.14394339479905358 0.9737369717094313 -0.06823877782042852
1760468661.745547 57.18259034147278 43.11890084092972 -435.39677045940005 -0.16488366163804308 -0.13667126277452693 0.9742831189583288 -0.07004818462514455
1760468662.012425 57.326632829178266 43.11442397841669 -435.8150607521381 -0.16462287454169275 -0.1425901962171496 0.9733729449631998 -0.0715014344894733
1760468662.345531 57.50486618198276 43.11200657275898 -436.3104491907538 -0.16475005545747054 -0.1447689094799924 0.9728030620197713 -0.07452237650324373
1760468662.612191 57.637083209854964 43.100578988541294 -436.70255828238646 -0.16690431096074734 -0.14387181022688078 0.9727056366560687 -0.07271586912270644
1760468662.945539 57.803996271921875 43.09177605970095 -437.1464547752167 -0.16952214435031268 -0.1441531419828546 0.9724338845169226 -0.06967391531033305
1760468663.212196 57.945106879700944 43.078230259168045 -437.5260580170745 -0.17053842144592157 -0.13966510592618994 0.9729824092086539 -0.06866976312674451
1760468663.545487 58.11400652330494 43.063764873064926 -437.9833246613767 -0.16865764730963334 -0.13766057930243317 0.9735995630745627 -0.06861525844240758
1760468663.745483 58.21952470617328 43.05388263531835 -438.2651506655881 -0.16753944824225592 -0.1389280886876452 0.9733505615856506 -0.07223713530571862
1760468664.345478 58.51497266294289 43.03267449487886 -439.0915881038147 -0.17087300430140456 -0.14234618106904956 0.972356405802407 -0.07115476955970172
1760468664.945489 58.78668595067224 43.00661584046396 -439.84796622136577 -0.1714431046015715 -0.13801229569764345 0.9732123105611946 -0.06646553011134415
1760468665.545438 59.057717812158 42.9827630375806 -440.61761231132306 -0.16088894735915418 -0.13911694031116115 0.974802684436683 -0.06723800972040139
1760468666.145442 59.283633552233994 42.95520556629323 -441.35026127956945 -0.1505295640317446 -0.13972079810010485 0.9763486424571607 -0.06754463193135443
1760468666.745435 59.558438241676775 42.93053285914409 -442.20413504870356 -0.1499375879267691 -0.1367180212014767 0.9767292707467903 -0.06947542063131451
1760468666.94576 59.653901021197825 42.915248870458335 -442.53517102207223 -0.1503800419566451 -0.13650378292673362 0.9767533331650193 -0.06859654786382251
1760468667.212104 59.789063056267494 42.90621069573456 -442.9465720427617 -0.14952296624242375 -0.13992743856505635 0.9764139670719834 -0.06840291959734651
1760468667.945681 60.10864340464045 42.86924454111398 -444.0100395190154 -0.14944106951243322 -0.13681650846858534 0.9771180770069386 -0.06472150600617947
1760468668.212051 60.245455663731825 42.86028362027611 -444.43117444168826 -0.14873560170777217 -0.14002053814116733 0.976740863221124 -0.06518631602827768
1760468668.545391 60.39717979220078 42.84093943791151 -444.9476804775725 -0.14792799881257862 -0.13619379754468433 0.9774893684515711 -0.06389907074294622
1760468668.812042 60.525538876435554 42.822236443077884 -445.35853336138797 -0.14765370196626268 -0.13871360201426217 0.9772462656198769 -0.06282242628148017
1760468669.145395 60.68000234940398 42.80208048769491 -445.86649925598954 -0.14596447672825794 -0.13315564820538286 0.9783018642070387 -0.062365113432776904
1760468669.412003 60.804279678018865 42.78899714199633 -446.2926135728058 -0.1447429148420837 -0.13368713287471404 0.9783352197582211 -0.06354082850726053
1760468669.812 60.98032992326736 42.75873509862751 -446.89121103275414 -0.14452671833731756 -0.13444662039001515 0.9782204695788779 -0.06419382251609886
1760468670.212013 61.16078108183356 42.745684963217734 -447.5046005903194 -0.14262818466922986 -0.13494244848814857 0.9783583740869479 -0.06528880752416201
1760468670.545346 61.31452416681818 42.726176110052045 -448.02606098897337 -0.14290529422170148 -0.13269458648612253 0.9786776258122799 -0.06450060724617178
1760468670.945332 61.494785061630594 42.70789890953943 -448.6339187876636 -0.14300383019049473 -0.13663435957518227 0.9782837981894419 -0.06198198556328499
1760468671.345286 61.66657014410845 42.67109224530029 -449.2515461834255 -0.1423905430618523 -0.13081272995374446 0.9792672142032275 -0.06040435510167717
1760468671.811988 61.857405109043285 42.65297908628882 -449.92919009946894 -0.14049550996579493 -0.13193778792897276 0.9792413189143365 -0.06276839273688062
1760468672.212112 62.02684856333449 42.62389617473032 -450.53674291470276 -0.1403377414499636 -0.1320076939611313 0.9792540494539309 -0.062775741237087
1760468672.611961 62.203485947981086 42.59494976665792 -451.147763658515 -0.1400565374578249 -0.1324140149022746 0.979247642620733 -0.06264782034933228
1760468673.011951 62.364423218770945 42.57170141096707 -451.7422942690471 -0.13997861359062336 -0.13611082359374424 0.9786643117474724 -0.06399997148222546
1760468673.411902 62.52913955240955 42.549449592017844 -452.3282067212799 -0.1407547020173769 -0.13132568019103133 0.9791649896210254 -0.06463437694307576
1760468673.745246 62.67532657086632 42.516936538904176 -452.8275863760266 -0.14063004141798893 -0.12861633614811355 0.9795598569688099 -0.06437014946273693
1760468674.280647 62.904519793832726 42.491084454304676 -453.58759388639226 -0.1429884831722415 -0.1342851008337163 0.9784271632521109 -0.06482354190113014
1760468674.545396 63.027479020741 42.46611781564052 -454.0051461617367 -0.14476685361970282 -0.13214580838851978 0.9786748978053708 -0.06144499836474382
1760468674.878826 63.1899657533262 42.46070938263391 -454.50780686732486 -0.1413344542355571 -0.13928956774094842 0.9776011797664437 -0.07013502465768823
1760468675.279042 63.35361310793227 42.432912118715315 -455.0789212178325 -0.14248761115015426 -0.1299345902081243 0.9787360737538523 -0.06992839815885295
1760468675.678521 63.527414543512656 42.39468889712803 -455.64792110387896 -0.14620978905453139 -0.12863313953975156 0.9787464587398232 -0.06427738716711902
1760468675.945432 63.653349424816426 42.38338861726532 -456.0516452655804 -0.14825434192955508 -0.13023417494275924 0.9780082777651811 -0.06752420602123399
1760468676.411856 63.83862148470928 42.346943140835535 -456.6585513289328 -0.14872456312564256 -0.12936700206855334 0.9782101598603684 -0.06519253212473156
1760468676.745195 63.98500121513414 42.32122270141194 -457.13328715154825 -0.15031571649680328 -0.1305075433653908 0.9778413748781906 -0.06480132772646789
1760468677.145147 64.15839832167185 42.2959570326808 -457.6769056844474 -0.1521546832581331 -0.12810923091037696 0.9777553029548792 -0.06656984949495598
1760468677.545177 64.34568306999266 42.261430256560814 -458.24324035820285 -0.15255142561850646 -0.12811147771302467 0.9775049329654736 -0.06927927430416154
1760468677.878665 64.50327751036265 42.23656232888553 -458.7296908696476 -0.1537685078706917 -0.12832281340115703 0.9773306032929064 -0.06865415803253726
1760468678.278829 64.67599139991654 42.19887092194659 -459.29032183412613 -0.15563988775231866 -0.12155551114632404 0.978054316250607 -0.0664096191372832
1760468678.678496 64.85205555459629 42.16866872806528 -459.84869616650883 -0.15622169436391453 -0.12759579037671112 0.9770847037916253 -0.06796747828661805
1760468679.078419 65.03558246842563 42.137903956715014 -460.40127604799426 -0.15700103145535407 -0.12615984519968837 0.9771699782784696 -0.06762546216034732
1760468679.545096 65.23110867341593 42.095562682838064 -461.009027527093 -0.1592832746052017 -0.12524166249742164 0.9769952539501233 -0.06651043651082028
1760468679.878422 65.38155862438255 42.07994823368076 -461.46338913655745 -0.1597609529146758 -0.12779516651472542 0.9766436837707902 -0.06566542689946647
1760468680.278754 65.55456756095195 42.0414679394825 -461.99705910832967 -0.16132330052253657 -0.1289516322048505 0.9763158646142838 -0.06444844267074126
1760468680.545114 65.67885398013469 42.019977982995584 -462.3887635573925 -0.1620508498613543 -0.12685235686754334 0.9764814474025698 -0.06428051411543398
1760468681.078372 65.91615678165242 41.98626525022856 -463.08673609634496 -0.16357030624878477 -0.129721131325373 0.9758573572653119 -0.06418412009606074
1760468681.478374 66.10701211508191 41.95742957063605 -463.6165475767476 -0.1641020467411339 -0.1320935658251923 0.9753866446167564 -0.06513602402834963
1760468681.878353 66.29609928489731 41.93475096624342 -464.17319240011386 -0.16472008957238762 -0.13464838375002208 0.9748925645324146 -0.0657388200699044
1760468682.145089 66.4126163569426 41.91417792324472 -464.5253970056197 -0.16473669212507505 -0.13009153071441928 0.9756112071609783 -0.06419336699353174
1760468682.678368 66.64473755806767 41.89030950161801 -465.150257924419 -0.16351736717436863 -0.13024437137136377 0.975573756401708 -0.06748570351342618
1760468683.078347 66.77593284007263 41.8680475590978 -465.5742304589812 -0.16523806687242462 -0.1287703360136455 0.9755703769367706 -0.06615906183316277
1760468683.344997 66.87945306809115 41.84635394135374 -465.8674467004053 -0.16520727358399417 -0.12785179284282056 0.9756549116969485 -0.06676802455846231
1760468684.144976 67.16773679092553 41.8058834489067 -466.68731685875326 -0.1641026333724515 -0.1300167061296981 0.9755653123338612 -0.06662059154905661
1760468684.878337 67.4136593855842 41.76508406178437 -467.41140998557745 -0.16424280530445853 -0.12804915765440122 0.9757720920130907 -0.06705623444629465
1760468685.544972 67.64821205215875 41.73170494295177 -468.0707467822343 -0.16586783540461905 -0.1285824776636438 0.9754250056726729 -0.06708551203151698
1760468686.144926 67.86364188417467 41.70089779075297 -468.68203870630447 -0.16464315189084033 -0.12881072901701626 0.9755206296747656 -0.0682636777833071
1760468686.944888 68.13857911719741 41.65674018640981 -469.4654628133271 -0.1645440179801947 -0.12767318369142203 0.9756734789839289 -0.06845499777537567
1760468687.678223 68.38975346175934 41.62254558544452 -470.18758829227386 -0.1636077673043063 -0.12759504521275178 0.9757921167237779 -0.06915018333008861
1760468688.478228 68.66804811615276 41.579079061552285 -470.97451394415606 -0.16575409383381193 -0.12454966759541766 0.975829865972869 -0.06905818817906599
1760468689.0782 68.87726728312529 41.54532839646074 -471.60158765951127 -0.16540825138624932 -0.12562402136115083 0.9756368294270169 -0.07065049678519178
1760468689.878151 69.17507958711857 41.50167073451624 -472.4388250042092 -0.16769047060978515 -0.12452697738688905 0.9755308020114724 -0.06864832333282082
1760468690.078153 69.24963123295527 41.49025614818625 -472.65034084228085 -0.1681659897239912 -0.12311343685986824 0.9755495652065698 -0.06975906672235765
1760468690.878117 69.447427627615 41.45832919291724 -473.2286094455405 -0.17005634492232516 -0.1259669862823808 0.9750228967648389 -0.06740555394695662
1760468691.878095 69.65231303027369 41.426489024104086 -473.7962389566299 -0.17210205073985457 -0.12463417441700551 0.9749870151119591 -0.06517305472049399
1760468692.945207 69.86854867033637 41.390719826431 -474.3763889466401 -0.17356611232394825 -0.12516788321930447 0.9745584654853644 -0.06666035563932272
1760468695.011364 70.07660266680065 41.35783987302099 -474.93072590826716 -0.174283783160363 -0.12596174753118505 0.9743239630957241 -0.06672043183046271
1760468698.011274 70.3477465437398 41.31865610891362 -475.6598467799205 -0.1761933299526134 -0.1213712835456519 0.9745126913790741 -0.06745321602269125
1760468699.677899 70.59081620775011 41.264326934128256 -476.42632872521153 -0.14695099011335322 -0.12299078958587444 0.9795310110177692 -0.061625243498547526
1760468701.077884 70.8247291724607 41.21937941478407 -477.24716760897627 -0.13630728687993948 -0.12328689039477475 0.9811765741888258 -0.059272223370615225
1760468701.677844 70.92098583104632 41.17854768813161 -477.76732527856257 -0.11541673350611226 -0.11963160056978919 0.9846499877079935 -0.0532133392913627
1760468702.477801 71.1159207972054 41.115592003839076 -478.64807211949466 -0.1137369057100445 -0.1198323896387699 0.9849149632612568 -0.051445406180177386
1760468702.877812 71.23077047460164 41.0830330627351 -479.10953555368195 -0.11987180104655912 -0.12377033195131543 0.9837034795568327 -0.05137237146848076
1760468703.27782 71.3425827905265 41.0486719477392 -479.5414409224857 -0.12710839844318347 -0.11901391055369298 0.9832694271860919 -0.053482499016606275
1760468703.67781 71.45527126651149 41.02482886049257 -479.9479631173958 -0.1302197003329207 -0.12393698466641817 0.9822107273281473 -0.05426362131771415
1760468704.077755 71.61393767382721 41.0042086060782 -480.3541517966969 -0.15680353914833126 -0.1276269861513832 0.977333090579823 -0.06280153321507205
1760468704.677758 71.85663565978402 40.952496771564014 -480.9205915570713 -0.18281355335938798 -0.1150964041142109 0.9741857560352181 -0.06552965135099727
1760468705.411076 72.12148969412002 40.916061139866905 -481.5588768803836 -0.17871494381088984 -0.11904595404768867 0.9740993049851685 -0.07084894996369241
1760468706.077703 72.34680379269425 40.876661891933914 -482.11317301297873 -0.1813607130320022 -0.1173348380268634 0.9735921742438108 -0.07388576185532991
1760468706.811131 72.56457525796344 40.84179831093411 -482.6666234416004 -0.18202830503994766 -0.11664668993262582 0.973418872869194 -0.0755972475300084
1760468707.811238 72.82068741617122 40.800218155470354 -483.26116693401093 -0.18407293115105927 -0.11586020232886364 0.9729657816026545 -0.07766052642177951
1760468708.810984 73.07587899247339 40.73069326659433 -483.9167874881693 -0.19036515863039585 -0.11343466827886294 0.9721045144709775 -0.07685372702240169
1760468710.210935 73.32788541458072 40.68194564929769 -484.5734509816702 -0.1968785437024878 -0.11436671497381122 0.9707398261308037 -0.0763104416133447
1760468711.477631 73.62472247754756 40.64215854197296 -485.2309086347601 -0.19899979161021833 -0.12179818704919432 0.9691353404869892 -0.07963024795758657
1760468712.677545 73.90822330577471 40.58516213182719 -485.8854176379502 -0.20250531753132842 -0.11244354160389411 0.9698412763704987 -0.07586794429237764
1760468713.810895 74.28764764738855 40.52644858707882 -486.714177972875 -0.20692243110856298 -0.11393641247005729 0.9685692493325666 -0.07794363774499814
1760468714.810832 74.65981694719902 40.469724865818904 -487.55641192577735 -0.20816185229155248 -0.11465167384562054 0.9675011050742028 -0.08640167021038264
1760468715.477534 74.92536948452084 40.430084191544026 -488.1142771367049 -0.2104175552523837 -0.11508666944267794 0.9667219764263835 -0.08904005420297555
1760468716.210795 75.16906363744819 40.397094718268974 -488.6085559001658 -0.21339341038884221 -0.1128932555080941 0.9663835846807909 -0.08843716709001967
1760468717.210768 75.44736993108009 40.36260910818038 -489.20877807309273 -0.21721420638879743 -0.1127522711430888 0.9656904164689916 -0.08687308809352892
1760468718.21074 75.76003739454232 40.32447336644932 -489.81645610499567 -0.22359254526284658 -0.1140543944048252 0.9638339645493021 -0.08956593996048454
1760468719.277431 76.09324007182727 40.28630168223959 -490.36289954437245 -0.24923138468502629 -0.11134079244212378 0.9572950682140595 -0.09525280677955511
1760468720.810659 76.55130998854631 40.234491677020024 -490.9768300129124 -0.29105286452969864 -0.10110745114436158 0.9465223711935218 -0.09571266479594279
1760468723.210608 77.07080998163102 40.240128296163 -491.4934916932452 -0.3525533132809344 -0.1116056309934682 0.9207954544401408 -0.1240406203933204
1760468725.61054 77.80841655887119 40.31481528405357 -491.77124383855545 -0.4917596567767079 -0.12548449577025805 0.8452569991305298 -0.16723243318504388
1760468727.543864 78.5691363007095 40.374354664715774 -491.9627627801578 -0.5906572873986138 -0.12657774847729153 0.777124575303445 -0.17657699989741404
1760468729.410485 79.28378535216154 40.39751401035064 -491.8923163988938 -0.6885069502456839 -0.08930688213598852 0.6998696815271219 -0.1678239826296022
1760468731.410397 79.88704273334898 40.418088556224475 -491.70041086296175 0.75934073414918 0.06451444081929478 -0.6242557526113423 0.17188453019165187
1760468733.943699 80.28803082369093 40.505881211454515 -491.1890555764663 0.8934163436316447 0.05855200057411689 -0.3934548192624473 0.20873956347512637
1760468738.743559 80.32307161642248 40.39239586944241 -489.2550634376505 0.9574683067885514 0.06292328118658908 -0.18346681033659046 0.2136235747409338
1760468739.543609 80.57524704109133 40.422153497730406 -488.49491207767966 0.9620359746209326 0.06239915758845943 -0.15328938637914435 0.21701495960165612
1760468740.210196 80.81187506770414 40.513157505282926 -487.8853770871559 0.9653031301963861 0.06865632264104721 -0.12900184987662405 0.21641325958193144
1760468740.810157 81.00107142375754 40.597250659975806 -487.26061571467363 0.9673125011399819 0.07177519533749041 -0.11329757866688117 0.21521734395907643
1760468741.610194 81.19493343697461 40.69318218220095 -486.4553005029242 0.969638049171419 0.07119189199620383 -0.09498781706640065 0.21380150308640386
1760468742.010135 81.28869419039142 40.74768705561584 -486.02064381931785 0.9704728664544638 0.06929885874038214 -0.08762850766866073 0.21377868999668861
1760468742.810097 81.51163638194107 40.87988613943835 -484.89122484514564 0.9720602287666098 0.068955776636053 -0.06845237072525112 0.21367799479782137
1760468743.210114 81.61239626253979 40.94401636463593 -484.1787769420692 0.9732580515860557 0.06940894919718342 -0.057117956974880514 0.21139702406910324
1760468743.743426 81.71517839502434 41.02769845309829 -483.257128716034 0.9749807618950375 0.062304835150103564 -0.047518521077164456 0.20802069994625486
1760468744.010081 81.7707798087862 41.07067227729894 -482.684688567541 0.9754488824546829 0.05938407250639396 -0.04348212266876351 0.20756279690417623
1760468744.410085 81.83963046824888 41.15652928810098 -481.9067509924085 0.975167156155145 0.0608215891379478 -0.03151364254845238 0.21061016638412783
1760468745.010052 81.91795401660569 41.26271620293926 -480.82976013846 0.9758516207051932 0.06201904794133584 -0.02118916735078877 0.2083705143403892
1760468745.343378 81.95083683996351 41.31318963165373 -480.1612673545781 0.9762242548616146 0.060403362722670585 -0.017013578548850328 0.20748054399543384
1760468745.610061 81.96248329111224 41.36759586767514 -479.5910351553716 0.9770364925647472 0.05752739757949616 -0.012790228304220086 0.20476010545131382
1760468745.810159 81.97988475790963 41.40782521612698 -479.0768385355855 0.9764671223491924 0.05564638168987915 -0.010748921781044755 0.20808627983713046
1760468746.21334 82.00678599710675 41.48559151391226 -478.2826044126766 0.975988631861926 0.05150041699599703 -0.003067413083562531 0.21162345924424192
1760468746.543333 82.02065518542244 41.55240610727313 -477.632857038551 0.9754884169773018 0.047390271452044934 -0.00809666831374265 0.21473461406358488
1760468746.74333 82.02686182723083 41.582787632676634 -477.13802730634666 0.9774457821746829 0.045103345284120494 -0.004791081650321114 0.20625827665750462
1760468746.943325 82.0258756605116 41.643224218518235 -476.62856105785005 0.9748832279379416 0.04200619418421391 -0.010345477552035888 0.21847458119808327
1760468747.212552 82.0972302238838 41.6999461978112 -476.0186460339785 0.9743946940463794 0.043474342814716696 -0.06148017281692002 0.21186115755723822
1760468747.409995 82.20668788744675 41.76268773338143 -475.561346146936 0.9695194328278872 0.05034960793422455 -0.1013675252484581 0.21730534087998116
1760468747.943323 82.54862471560388 41.873645116062626 -474.56362641622553 0.9677310592427445 0.05517315495712314 -0.13131742188148615 0.20786595358401744
1760468748.143639 82.67880451620522 41.924448564455794 -474.09605165490314 0.9667097061337633 0.05497288551087891 -0.13154981664668977 0.21247346108538623
1760468748.343309 82.81588272161133 41.976896135885816 -473.64944589951006 0.9667400036746393 0.05950536159727284 -0.12768538886900158 0.2134697137902892
1760468748.543276 82.95067330618608 42.02807935745362 -473.2059908166301 0.9659893568058509 0.06226915901804847 -0.1285813309166928 0.21553179745154893
1760468748.743304 83.08533035529425 42.07850030025039 -472.7506981785102 0.9660776871159323 0.062030475495968025 -0.12798371845221465 0.21556041004233428
1760468748.943277 83.22200434076923 42.13102025487802 -472.3098528604221 0.966112368408984 0.06629900587278136 -0.12657843440425068 0.2149633302943396
1760468749.143331 83.35965260457928 42.18584680461769 -471.8479645297852 0.966240659087926 0.06683184719964134 -0.1278804489874872 0.21344573945612647
1760468749.343282 83.50065791096715 42.239157268460275 -471.3913283204626 0.9667762369158363 0.0681382961230639 -0.12859811388146536 0.21015091111491827
1760468749.543299 83.62809989167437 42.28564645903943 -470.94585284467666 0.9670352054709235 0.06743021855682065 -0.12974500273702244 0.2084761647526121
1760468749.743335 83.77002851676507 42.34295923945222 -470.49125267854345 0.966735410204412 0.06893826612633353 -0.12967751063216834 0.2094132406431027
1760468749.943257 83.89547328151862 42.38753168123243 -470.0520424549579 0.9664757234956937 0.06892437370787206 -0.12939725687854864 0.210785332779015
1760468750.143273 84.02953189054624 42.444240294439574 -469.5904152607188 0.966038166171548 0.06731902469157201 -0.13014229427383944 0.21284124049542072
1760468750.343231 84.16623930729641 42.49458206871259 -469.13315067023683 0.9661426202591709 0.06759712517083263 -0.13015098293851696 0.21227290836920362
1760468750.609915 84.34466564322642 42.558328865614364 -468.57675179431027 0.9663722773499236 0.0659591315891403 -0.13086093629112408 0.2113041170506132
1760468750.943228 84.56286201127769 42.644951389797825 -467.8338887931771 0.9662587117114568 0.06734808168072683 -0.1329280959784865 0.21009154965199378
1760468751.143226 84.70162639687541 42.695785752465234 -467.36148365886845 0.9664051007541035 0.06254563526464561 -0.13375385203657872 0.21037854408463305
1760468751.343233 84.84993917146716 42.761349787498915 -466.89149487337903 0.9662120018004474 0.06201978927211258 -0.13386975443821328 0.21134522034355946
1760468751.543231 84.99011659569038 42.81114677890617 -466.4099135276127 0.9656179719946161 0.062436179314156695 -0.13507392410229543 0.21316353042033853
1760468751.74324 85.14427266316515 42.87076014438348 -465.9415866662113 0.9653391422585722 0.06621877227900519 -0.13465145482147317 0.21355186802228218
1760468752.009892 85.33556475466906 42.9440070029186 -465.3304616385496 0.965708442186867 0.06575177255873524 -0.13457741608766646 0.21206798007612054
1760468752.20984 85.48632458647242 42.996060717144175 -464.86896655141265 0.9658218384206948 0.06800914388197882 -0.1348760690831125 0.21064514892775738
1760468752.343176 85.59405183073696 43.03765876349848 -464.53598322578284 0.9660455936846192 0.06802453348769104 -0.1351231534885116 0.2094523983095769
1760468752.743176 85.83909100666398 43.12199561193914 -463.657811674722 0.96963126238929 0.06760751509824045 -0.11907773559679707 0.20264484149548995
1760468753.009847 85.99732084194981 43.18746440265142 -463.0486348170534 0.970918878246811 0.06988462061624448 -0.09865585277577393 0.2066390436930123
1760468753.276651 86.13915574498459 43.260549746184346 -462.39122126961985 0.9715639632340146 0.06864505977027897 -0.08464348627457964 0.21020656827376738
1760468753.409892 86.20565566532761 43.293448282670234 -462.0382591458441 0.9714837645519219 0.06746192176494407 -0.08941074085826173 0.20898302261902418
1760468753.543181 86.26560521362005 43.32311436241171 -461.7237762861067 0.972628752542352 0.06458112466551463 -0.0880356264149846 0.20511537374503835
1760468753.943167 86.44359015290833 43.39967323648712 -460.82410408558087 0.973001585731517 0.06373201540560283 -0.08472753130939649 0.20500582873301176
1760468754.076888 86.50627680892906 43.43990494877488 -460.4876751324912 0.9727357321365688 0.062211806129428816 -0.08561879957174383 0.20635965633510103
1760468754.476452 86.66646923514955 43.533495467278144 -459.6335635557999 0.9728030509480705 0.0547938757344091 -0.08254074499716509 0.20937736425755493
1760468754.676486 86.75861740244528 43.585114873157025 -459.15771605541096 0.9726959832001313 0.055864836298087216 -0.08065210592963457 0.21032565735266986
1760468754.876629 86.8395840480733 43.62809336176238 -458.71655403976723 0.9729347528693081 0.05330006197360179 -0.07894169037316033 0.2105356966734542
1760468755.276607 86.99365894010909 43.73177644647361 -457.87593124760593 0.9715366970904525 0.05448694609998433 -0.07534252681581728 0.21787868772387903
1760468755.409826 87.05088151828396 43.75521328478348 -457.5828024987479 0.9736265629154616 0.056133867689884806 -0.07448261421479548 0.20821298005486905
1760468755.543661 87.10725860144447 43.781900772718 -457.29716747064583 0.9730882315454188 0.05660826148810009 -0.07457343981705175 0.21055545690614777
1760468756.076446 87.30031323427083 43.8989751974281 -456.2211287770406 0.9737428109048745 0.05662334898148986 -0.07282308251491294 0.20812384105195783
1760468756.476414 87.43472746573258 43.96397904156154 -455.4849683387208 0.9750927611149871 0.056912067343858695 -0.07010439841022557 0.2025845431797281
1760468756.876414 87.58162369440801 44.05159078834467 -454.7101954282102 0.9744628937824392 0.05840874328934129 -0.06769718582106893 0.20597955816153757
1760468757.276412 87.75743710279497 44.13382430987499 -453.98277390934254 0.9703877769059894 0.06331424189976313 -0.0962686170715155 0.21229984119458914
1760468757.676422 87.96668042837713 44.19558601822823 -453.3308791524704 0.9682854491507041 0.0661816114509176 -0.12703894888542597 0.20470561481030541
1760468757.943077 88.10510888748175 44.24295478942154 -452.848277207972 0.9689878417549321 0.06596055012660258 -0.12448448189679624 0.20301571891112488
1760468758.476354 88.4496024575024 44.368630534753784 -451.6597073955337 0.9688960239654221 0.06582969246962962 -0.12612211484456765 0.2024849586524493
1760468758.676387 88.5630783087315 44.419327423430225 -451.17597224878637 0.970342266593861 0.061916953978860496 -0.1092552909225946 0.20655618576282642
1760468758.809727 88.62606991133589 44.45140813808086 -450.8446150860296 0.9731982381173547 0.059593409714871 -0.08641411293805093 0.20461284399802976
1760468759.076391 88.71175575442506 44.51009080673453 -450.2188945055221 0.9753787054684909 0.055350613261929076 -0.05309458473909187 0.2067695712659928
1760468759.476348 88.82047565309398 44.60352658935423 -449.3201385836106 0.9738964855514683 0.056000298126763645 -0.04642030334575058 0.21502269061078375
1760468759.676367 88.89012925959223 44.6349366165596 -448.89619422400074 0.9752434133269864 0.05574491851136783 -0.05761822886880984 0.20608961284963162
1760468759.876302 88.96315590478193 44.67212357732466 -448.4718725859838 0.9744130007478383 0.060306342028173 -0.06697423020906285 0.20590507903565153
1760468760.07631 89.0482188753463 44.71656310605069 -448.0121566158296 0.9731072156997833 0.061759464307221235 -0.07363729606923787 0.20934579993186334
1760468760.276302 89.1234689504655 44.76202272295317 -447.58717012769364 0.9729556280213001 0.06349422644639709 -0.06933543611850616 0.2109939013524033
1760468760.676314 89.28439408657427 44.84071271110844 -446.75879510191146 0.9734757730059007 0.06236026556169055 -0.0706771178741843 0.2084726880400362
1760468761.076404 89.4718920810285 44.92758412828661 -446.0194013889184 0.9695366440361783 0.06677942522576641 -0.10823492663460287 0.20934279279206852
1760468761.476311 89.72030414965461 45.01018176682892 -445.25208106024064 0.9655295948919682 0.0681145215071966 -0.14011315002502675 0.20852174595869352
1760468761.742983 89.89262639164656 45.07668504306175 -444.7003535334451 0.9658579577135823 0.06691232150993495 -0.1392519736121747 0.20796642660923217
1760468762.276264 90.2759662737161 45.23161991909704 -443.55381214852923 0.9632917443494343 0.06976103011658086 -0.14105956220363383 0.2174962387174008
1760468762.476283 90.41504133707171 45.27720792051649 -443.08732673744584 0.9651895782117388 0.06651613799063907 -0.14361007258714423 0.20823263084774057
1760468762.676261 90.55850862093179 45.317952492523744 -442.63476756524994 0.9648940459304672 0.06998649357308591 -0.1435961590765136 0.2084742524719793
1760468762.876516 90.69735379988737 45.36439396821902 -442.1837328252423 0.965022405504997 0.06447873349304296 -0.14685502634576983 0.20738334320158297
1760468763.076568 90.8548005195422 45.42428642467129 -441.7321337570182 0.9645192652287824 0.06942657402278035 -0.14643096968082028 0.20842386845158545
1760468763.27627 91.0037015987449 45.48454906120581 -441.28854780648845 0.9640476667148954 0.06915655278397458 -0.14678912391745114 0.21043388654907894
1760468763.676242 91.33327782276827 45.5983247856489 -440.46777753103873 0.9643746347274986 0.07268371078241062 -0.14725073433964855 0.2074026598612873
1760468763.942889 91.49584151261647 45.652074322173846 -439.8870928904067 0.9634456797132687 0.0727333050733746 -0.1494977016444924 0.21007790406883695
1760468764.076208 91.61196342257355 45.6810473422662 -439.5188881076671 0.9633288176704298 0.07135321350303366 -0.15135340621345567 0.20975808541285615
1760468764.276233 91.77104836628365 45.745453583609134 -439.05562422775216 0.9624164287567637 0.0715502574533157 -0.15057220966564258 0.214390270287267
1760468764.67622 92.08859835278419 45.85149247698474 -438.1820417072107 0.9633912588168563 0.07267012401624436 -0.1520183517066364 0.2085347842810256
1760468764.876208 92.2477137980272 45.9072950097674 -437.73311226882794 0.9628273637599928 0.07445169648396242 -0.15137209778647176 0.2109665862106254
1760468765.076239 92.41016616831193 45.964521788212714 -437.2799212935893 0.9627227298497695 0.07014681232923065 -0.1543140643110911 0.21078790218237872
1760468765.276206 92.57926845013527 46.02890080443221 -436.81281362525596 0.9618540697518041 0.0737293086922686 -0.1533379601185888 0.21421532981633665
1760468765.47634 92.7446520279734 46.082182571369884 -436.36274334100057 0.9622862653280181 0.07513490658569662 -0.15429987630249112 0.21107211456383673
1760468765.676161 92.90174124259958 46.13845489445946 -435.93365524190915 0.9606683568459867 0.07575425008359049 -0.15441863743888024 0.21801946280234816
1760468765.876188 93.04410898116289 46.18683452107016 -435.55698106246757 0.9614392451000029 0.07682858084403368 -0.15302722996516102 0.2152083038272874
1760468766.276335 93.26495002163283 46.26052566024999 -434.9813920964466 0.9612772669280678 0.07893195660635505 -0.15476880766452933 0.21392143064147795
1760468766.676295 93.45838797819297 46.3221450239539 -434.47778769223174 0.961041004012799 0.08093924087903992 -0.15537741744508501 0.2137916884261219
1760468767.676654 93.83318994718971 46.452815895320654 -433.50191707061236 0.9618874475361199 0.0782874544160595 -0.15850034788923176 0.20861747882786352
1760468768.076116 93.99164347762368 46.51231299961727 -433.03168475384126 0.962447737541592 0.07851160114148487 -0.15366869766544689 0.20956195347695344
1760468768.676116 94.22030237149853 46.579545833294965 -432.3995762289727 0.9641239985000524 0.07916098880080241 -0.14754262755613817 0.20598452957001587
1760468769.27609 94.38741306688867 46.630496770246 -431.7205493815073 0.9697796150563256 0.07872420101438123 -0.10604454718615045 0.2051451983545714
1760468769.876057 94.55556608136007 46.718423875981934 -431.0190137167536 0.9697405572977225 0.07876601008032176 -0.09598752454735023 0.2102036210896503
1760468770.476046 94.69702897232946 46.77324377143619 -430.3329009429628 0.9727885541155353 0.07512345024496964 -0.09320091281843922 0.19837461040896195
1760468771.076055 94.92606120720103 46.88641177027127 -429.18851581269627 0.9732945755938971 0.0711731924930776 -0.0807673127700723 0.20275277304574713
1760468771.276098 95.01587644578393 46.93245150235714 -428.7133452502348 0.9729100029277825 0.07234800867023053 -0.07914679851991531 0.20481131836049118
1760468771.676013 95.19581621612136 47.01882310140876 -427.7599236172595 0.9741643848159697 0.06602702412456507 -0.07301979647601214 0.20325425644738443
1760468772.076007 95.38222569308323 47.113171405385955 -426.8602844561149 0.9705235109049505 0.06403210985491983 -0.09508589991253284 0.21199687574603499
1760468772.276033 95.50669542274332 47.15273315035122 -426.45486357163463 0.9674932434652939 0.06673542050042483 -0.12448942734620047 0.20977509379965037
1760468772.476002 95.67655578171767 47.20931770165703 -426.0307315536722 0.9625045502357166 0.07271701275283027 -0.15418111075221969 0.21101045452549816
1760468772.676006 95.84559599882296 47.25126951232248 -425.6183903247623 0.9599156137258005 0.07244827710554311 -0.1745025661151229 0.20703167895057847
1760468772.876016 96.00384646105736 47.294579188925624 -425.17870103797594 0.9607739069559701 0.071394172474841 -0.17080015760452955 0.20650345762592281
1760468773.076017 96.17799043396539 47.351228808841604 -424.7147821701914 0.9603858209988778 0.07033480733970966 -0.17117127526392453 0.20835662750514858
1760468773.276005 96.36866200695955 47.41597164664377 -424.24543589126824 0.959003047479751 0.07013112298543914 -0.1733225695929468 0.2129649440237755
1760468773.475979 96.56034584254472 47.478684250122434 -423.77970421258914 0.9594685738776542 0.0698283250033418 -0.17244300139274618 0.21167775518242182
1760468773.675977 96.74015703140532 47.53185667078296 -423.3162839785599 0.9595156372113056 0.06893909448952784 -0.17220072135742742 0.21195295412408793
1760468773.875956 96.93625379396555 47.589986071799174 -422.86724028726434 0.9597776930411986 0.07036289119613176 -0.1724816036266273 0.21006175257153084
1760468774.075953 97.11507457253437 47.64363449014952 -422.41522058132597 0.9601846514990261 0.07067530294268118 -0.17320720096717615 0.2074842213585655
1760468774.275969 97.28297973492224 47.693981805221746 -421.98289376179025 0.9607629668188198 0.0717682145291594 -0.1675289642642937 0.20908823760634904
1760468774.47598 97.45605076377794 47.74340296792571 -421.5246622640637 0.9641950218449941 0.06874453764093642 -0.15283578228416578 0.2055319246429914
1760468774.675958 97.61182235833812 47.78919291473228 -421.06781366767854 0.9660035681804195 0.0682038388683546 -0.14375055297618208 0.20376732109285567
1760468774.875955 97.73403307168614 47.84389206639344 -420.6015306439067 0.9669337082035979 0.0677231387855051 -0.12943435950237955 0.20904431825066952
1760468775.075949 97.8820787611212 47.88988982475748 -420.1380755160478 0.9671307597394511 0.06653658904794116 -0.13164239843067052 0.20712618091172927
1760468775.275969 98.01008609028915 47.93516886044012 -419.67034721310716 0.9678414355240527 0.06692087908024996 -0.1318868153611973 0.2034955025541078
1760468775.47591 98.14783265559055 47.98876024300958 -419.21671473964693 0.9678105064448163 0.06562230637897315 -0.13196612689024534 0.20401342572027023
1760468775.675906 98.28294362580296 48.0154639215081 -418.7650120424533 0.9692297939758153 0.06746528795014947 -0.13062251672264555 0.19743302539454752
1760468775.875895 98.41690274542785 48.06401942671413 -418.3041972454077 0.9688324107263234 0.07117568098339526 -0.12856392963012458 0.1994219104332094
1760468776.075918 98.5578095883373 48.13760304600565 -417.81879409872056 0.9658301124013999 0.07551475249677779 -0.12721310961824397 0.21280634594698136
1760468776.275907 98.71302540014409 48.18767565791178 -417.359949858111 0.9667830457377549 0.0723789392924599 -0.12819627795291452 0.20894388227451835
1760468776.475912 98.84060327508008 48.218343298772936 -416.92294420125063 0.9687197259519706 0.06836934003087672 -0.12771525260608899 0.2014858311322265
1760468776.675912 98.97446819509358 48.26754150330891 -416.46815978583214 0.9681976189707265 0.06988752139605965 -0.12709138254404073 0.20385505992144423
1760468776.875911 99.11065361968406 48.30189394002212 -416.0054636265725 0.968294628058341 0.06947686149657746 -0.12613921679373535 0.20412588512143104
1760468777.07606 99.24233455919963 48.347081020655445 -415.56171030041554 0.9685937922725059 0.06664193866967932 -0.12614732413436863 0.20364618875699877
1760468777.275881 99.37225390853823 48.39651532751113 -415.1007970526078 0.96827256493572 0.06805471643939567 -0.12471937341542656 0.20557692832129487
1760468777.475939 99.50599749861425 48.440636388988565 -414.6449531974752 0.9685197425533912 0.06936091787323505 -0.12339322925434952 0.20477471115906554
1760468777.675867 99.64050637711436 48.4836193348861 -414.20892256204667 0.9680640440386964 0.07130884189771003 -0.12298024119169078 0.20650161254354873
1760468777.875883 99.78205277997496 48.53171950805295 -413.7433302677879 0.9681205241898954 0.07230899994204232 -0.12277814868910461 0.20600870218061243
1760468778.075878 99.920528984714 48.587815414705794 -413.2710909744658 0.9679089221210406 0.06940498971498277 -0.12280076783576566 0.20797893475084192
1760468778.142548 99.9705623702909 48.60788804174502 -413.0968969344026 0.9677082952725975 0.07137348849984151 -0.1226431062982324 0.208339023894917
1760468778.475859 100.18171151482 48.672128409378985 -412.38130958822643 0.9689051363307225 0.06802325175073125 -0.12265952482702608 0.203838943733549
1760468778.942533 100.44528919099967 48.77097568813274 -411.3953538044317 0.9704815358037138 0.06640543860860987 -0.12302498762957416 0.19652164971322233
1760468779.34247 100.67125099813006 48.8526270506933 -410.5115774006434 0.9699993332045391 0.06958649657219164 -0.11477902140736662 0.20269383148563044
1760468779.675804 100.83802095547325 48.91482623731741 -409.8033502324084 0.9744239832902934 0.0681105274060351 -0.08643131730888243 0.19592979414423145
1760468780.075839 100.98422888699824 48.99815281676011 -408.9635478182782 0.9735085566393235 0.06523408873595912 -0.08083750472170419 0.203693155621829
1760468780.542472 101.15352513586758 49.07704201440611 -408.003446115107 0.9743866327997911 0.06338098617171183 -0.0750432742494268 0.2022919855132963
1760468780.875802 101.26188930171114 49.14122565414616 -407.3010158470549 0.974137027883132 0.059587457490562726 -0.07458563299756331 0.20480080362923705
1760468781.275759 101.37948844123179 49.20561113315164 -406.55059800756015 0.9760627461562731 0.060604462566198475 -0.07016237825021478 0.19673803740306742
1760468781.542414 101.47174630687483 49.23692601372505 -406.0222285655772 0.977694265071884 0.06049715671119296 -0.06824839891981122 0.18919876881283457
1760468782.075763 101.61648079257976 49.302996622341894 -405.0717305540188 0.9773018206076459 0.056634581415145824 -0.06663434508793396 0.19295994319965548
1760468782.342414 101.69500293272174 49.35929663826026 -404.5184863041349 0.9747774088861882 0.05041070261578429 -0.06285145572164479 0.20812846681937097
1760468782.742427 101.78496085256891 49.41437656579222 -403.81569323891296 0.9758873336544404 0.04658074363407742 -0.06346828300696669 0.20358271878396522
1760468783.142376 101.88621429187242 49.48472543077166 -403.1380604681081 0.9748171113032877 0.052238964832004985 -0.07479785033714541 0.20348948780842668
1760468783.542554 101.98082938535322 49.53799669396716 -402.4597611921277 0.975512745241024 0.051969635801349064 -0.0728438393762495 0.20091743551001984
1760468783.875692 102.10425672424864 49.60561133721351 -401.8738734407358 0.9714570283050404 0.057873894944538797 -0.10032467789432534 0.20701887219789467
1760468784.275704 102.27531243923337 49.65669710667095 -401.25099138981705 0.9727793936064392 0.062177445681256605 -0.10923824539649984 0.19468236275003675
1760468784.67585 102.45297100461696 49.7209746731982 -400.55847896988206 0.9711737698932679 0.0640336801004963 -0.1132489897577573 0.19973948734021682
1760468785.075673 102.64080902575853 49.77679265376448 -399.8547505466915 0.9717890905971053 0.06150599386837483 -0.11612428255532577 0.19585230944700466
1760468785.475685 102.83428697570713 49.82727945101616 -399.16121357981143 0.9709025610813043 0.06174185100747932 -0.11967979389476821 0.19802249279624812
1760468785.875651 103.03291783109995 49.898999224248776 -398.49284701502506 0.9700948022546356 0.06394856397263758 -0.1210217031969804 0.2004505005223954
1760468786.275652 103.2224075199333 49.95525859798187 -397.8593291347146 0.9713460286913009 0.06162856569933533 -0.12496513976166684 0.1925422714102759
1760468786.675677 103.39396188348556 50.00906249213848 -397.2289303354759 0.9694513854034561 0.06124589707110041 -0.1291538430718432 0.1993294665899885
1760468787.07562 103.58207133448961 50.06785452824358 -396.59180777553615 0.970219323209329 0.05419816460613084 -0.12960254573818278 0.1973327240037507
1760468787.475624 103.7958420516982 50.143632741638605 -395.92687096379365 0.9690220424532222 0.056450341296151584 -0.12970458062843776 0.20245088780080664
1760468787.875595 103.99197196720465 50.19746630191736 -395.309685483379 0.9695141192234944 0.0525161341609939 -0.13410300829193064 0.198244322607561
1760468788.142285 104.1010609632749 50.22410904010788 -394.8298052514761 0.9711126728230636 0.0465014048723126 -0.13736740658755822 0.18949404115896423
1760468788.542271 104.3102312122843 50.26999635280874 -394.20497229032964 0.9714568185443 0.051231149204938944 -0.13334627350834807 0.1893826560072623
1760468788.942212 104.50452817298273 50.3394092012424 -393.5457565448698 0.969539074169146 0.05417623859744557 -0.13312613675226959 0.19833393694495083
1760468789.275542 104.65044877949356 50.366025111532274 -393.0181719792021 0.969226189728334 0.05303724620373269 -0.13233301018254284 0.2006878623032477
1760468789.675573 104.86174044284624 50.43808361320792 -392.43836226322014 0.9642989950162256 0.05927141198026607 -0.16231490714516825 0.20066942679695457
1760468790.07556 105.12174168001819 50.480349125840746 -391.8853661590989 0.958778005792711 0.06369001695209231 -0.19772023822049511 0.19389436491766604
1760468790.475545 105.38584014286802 50.536131726757084 -391.3016071198051 0.959776789245878 0.06167451868700184 -0.19586485964793882 0.1914725184581163
1760468790.875493 105.66587590179746 50.58380304947058 -390.6950381870762 0.9594405044888377 0.06608364149320309 -0.19530564317370147 0.19225653803631534
1760468791.208827 105.91703585354139 50.61830966721497 -390.149777956117 0.9601082023295323 0.06528585619831878 -0.19706901800062207 0.18733338982753878
1760468791.608836 106.19273234705825 50.677350838082035 -389.54293680770894 0.9586647065297658 0.0655307093234923 -0.19605743705882464 0.1955228579058804
1760468792.008829 106.50187329603033 50.72895895365982 -388.9234482919625 0.9581131864718055 0.06383935961776098 -0.19844847303859514 0.19637174343852887
1760468792.408832 106.78055244748631 50.78727777156199 -388.3332911789544 0.9586935387902946 0.06942085308055199 -0.19881541759501858 0.19120636382147013
1760468792.675528 106.98176742535641 50.81752126374878 -387.9272232889959 0.9587060893691051 0.06902385993066004 -0.19785268519229768 0.19228274995190767
1760468793.075663 107.26024431841711 50.89321835075548 -387.3692108882268 0.9566629787248614 0.067561601696988 -0.19736237127077735 0.20317349610564117
1760468793.475503 107.54176281354532 50.9500526669405 -386.82524733700245 0.9586040013415688 0.0690470429073065 -0.1952315914165334 0.19543669100416602
1760468793.875442 107.79525335992037 50.99348695687908 -386.3057841324303 0.9599551942240251 0.06524842022953546 -0.19677691263061153 0.18843437954744094
1760468794.275487 108.04761051892639 51.05209450756979 -385.8108304596105 0.9594755785745196 0.06775040839829852 -0.1968770978127099 0.18988392411628563
1760468794.675403 108.31372734607304 51.08910256957732 -385.2194894938581 0.9602314433522802 0.06410155976577324 -0.1996446715347434 0.18435989358039934
1760468795.00872 108.54436414975892 51.12960350022679 -384.74049432768044 0.9598617526553638 0.07111424325706871 -0.19824997506557737 0.18521643442698463
1760468795.408721 108.81515901132207 51.18439270069884 -384.20289804669403 0.9578468862501641 0.07591671074078657 -0.19878842320251586 0.19300041018563296
1760468795.808728 109.06563495864563 51.22944479318893 -383.63084951354546 0.9630404012122712 0.07544840513814823 -0.17475072444809356 0.19058569752183388
1760468796.075399 109.24831839779011 51.27322274637141 -383.1477844263603 0.9636708454599147 0.07671033082016958 -0.15845512292374483 0.20086313941401615
1760468796.475393 109.41129255951489 51.29871743876422 -382.67422572670364 0.9680584199508898 0.07229614952083645 -0.14523957561035822 0.19115864616378353
1760468797.208721 109.56585663992956 51.323788326518155 -382.02953827643165 0.9765306549114189 0.06745709523730449 -0.09098305388350132 0.18319253321697512
1760468797.875342 109.64069188323603 51.35667918927658 -381.3464623456236 0.9793757558154761 0.060938662298980845 -0.05407862978813037 0.18489215818501914
1760468798.608803 109.73435037248976 51.38957074681626 -380.536337057709 0.9801766228647282 0.057261206417388404 -0.045252581922340315 0.18419323021892953
1760468799.408627 109.85962310249994 51.43669244811763 -379.7005242212495 0.9793766937800074 0.05594899183518671 -0.061921292409408454 0.18400205308505835
1760468799.808674 109.92850211319733 51.464343287070484 -379.19468800735746 0.9792529070828262 0.05412960316766688 -0.05787330351826661 0.186505792860778
1760468800.075289 109.97618998013333 51.48386042273521 -378.850168287111 0.9792954392574877 0.053371319479810525 -0.05660314235614164 0.18689042025175706
1760468800.875241 110.09213824966304 51.53173193634288 -377.94109656051245 0.9799617215901022 0.05114730783482683 -0.05084304096010215 0.18567165186248
1760468801.275282 110.15380513849072 51.55385788026196 -377.4655432232731 0.9803594765818959 0.05108740831446115 -0.04860128000033928 0.1841827596983801
1760468801.608578 110.20269234492977 51.575580858342896 -377.04731752222364 0.9800687071645122 0.050141945663638145 -0.04688874721679715 0.1864203849003265
1760468802.275254 110.26754052754089 51.59453799964955 -376.30373677987495 0.9812261891420969 0.04760004543469222 -0.042828229489590953 0.18192070848333863
1760468803.07537 110.37594069042251 51.631001203961276 -375.4163707367665 0.9812720875702503 0.05016439777700418 -0.04495974293646608 0.18046397110304402
1760468803.4752 110.45175464960144 51.6560107723885 -374.9620128955913 0.98014432549242 0.05211230703329922 -0.05461512112990657 0.18335374881534788
1760468803.875218 110.52805085095991 51.677410181565826 -374.52777574338654 0.979458899641502 0.05233649492932056 -0.06911024899375634 0.18205748733735816
1760468804.275226 110.62108202876679 51.694923367922705 -374.0854644733249 0.9789744945379788 0.0538177065817302 -0.08129423635664394 0.1791754465254144
1760468804.6755 110.71763677774037 51.72106304611874 -373.64733688203853 0.9767278509464395 0.05532102702740636 -0.09679526911609976 0.18322926903452003
1760468805.075188 110.83540662809018 51.74405245429995 -373.1918653059099 0.9760308045643721 0.056358064185581515 -0.10263228930120463 0.18345094803644973
1760468805.476729 110.95209699110188 51.76227582106766 -372.7192653524297 0.9759008988874632 0.05572129473120617 -0.1075360041444757 0.18151743904308051
1760468805.875165 111.07169483762297 51.79209988169206 -372.25268263362574 0.9752076752904691 0.05969452037084458 -0.10850154402716487 0.18339566307842456
1760468806.275156 111.18923104144946 51.82371332985073 -371.7852378391782 0.9740262065201565 0.061128813984554664 -0.11037087478616814 0.18802788918596966
1760468806.608432 111.286537300049 51.84771512354018 -371.40677861708554 0.9741980913816687 0.057570605786411065 -0.11225195095745331 0.18714487330393328
1760468807.275105 111.50896265223675 51.90541112005407 -370.6057463080889 0.9731496041071094 0.058781091639156284 -0.11708195613216239 0.18925233641926817
1760468807.875098 111.67556337235916 51.92939547479975 -369.9762366602056 0.9736636739724778 0.060551869723218285 -0.12103766023996419 0.18347317477787875
1760468808.675048 111.92091258701736 51.968714529317346 -369.0992756735834 0.9723554782480693 0.06577470108150851 -0.12424672309194985 0.18644372990132654
1760468809.408387 112.16098202758833 52.01543586405533 -368.2554320645178 0.9716485021755139 0.0640969785856666 -0.12949271240315813 0.187142734271844
1760468810.075232 112.38277709964615 52.04992662941017 -367.51370804197364 0.9718268699569002 0.06472040390846907 -0.1328571070736396 0.18361043883102754
1760468811.008321 112.67359850781106 52.094205379027 -366.5222156864248 0.9706035885747686 0.06558699867904906 -0.13827404219144268 0.1857614295436351
1760468811.408327 112.83038033619215 52.126652302578414 -366.0609155936546 0.9698110253751181 0.0654491004937281 -0.14135501702546416 0.18762129268064107
1760468812.074988 113.05430543882277 52.159702361587485 -365.3322110198702 0.9701697565023 0.06295558640632522 -0.14625306033474905 0.1828039388285276
1760468813.408293 113.54096152169983 52.24520871963953 -363.9745518660658 0.9680106015776345 0.06429173685373137 -0.15269470880130448 0.18843135012444556
1760468814.208786 113.7958477868305 52.27876171623647 -363.2058825175802 0.968022253924388 0.06525270820406129 -0.15521997640482893 0.18596171354358917
1760468814.808232 114.03663585557499 52.32393107108088 -362.534896589556 0.9677224515319465 0.06596135862084536 -0.15693118336089615 0.18583584061972724
1760468815.5416 114.28177799110524 52.364704000033804 -361.81656601261085 0.9691902489344364 0.06378192827340647 -0.14593913084700044 0.18789331303629
1760468816.341513 114.4932518684241 52.41128731340283 -361.0080588532976 0.9725443580387316 0.05942506265648356 -0.12025198174844265 0.19017253866128153
1760468817.008173 114.68332658704834 52.45893401218652 -360.2663264224194 0.9760713914178364 0.055162469323247296 -0.09765277543684431 0.18629459542158416
1760468817.74151 114.8292011064354 52.50113247789819 -359.5063058282913 0.9788725009326613 0.05448487156078676 -0.06940085603405212 0.1844547285123977
1760468818.408133 114.9475135622368 52.53881005937303 -358.7675371764657 0.9798031441915526 0.05501554902211834 -0.06045777346096558 0.18249368653815148
1760468819.14146 115.01995133629154 52.577968732397686 -357.99632714959495 0.979958628113205 0.046885095198064226 -0.05532655385391113 0.1855312574026385
1760468819.941391 115.1253962887785 52.63331417858172 -357.1546888412513 0.9804717862260451 0.0442736705997282 -0.04560657201302852 0.1861046992839135
1760468820.208058 115.15612441073766 52.65501979835831 -356.8120353486285 0.9802200125393066 0.04187881288285815 -0.05364740273876301 0.1858409218346412
1760468821.008083 115.28117577774552 52.68219207192153 -356.05399172006173 0.9787078186762753 0.046576956659947766 -0.08059319596012271 0.18293804835287145
1760468821.808064 115.45858689586731 52.741925052609695 -355.33132741998435 0.9747612207663422 0.05009459764711364 -0.11053360156398494 0.18738574305954592
1760468822.541351 115.63552543898767 52.77334875596419 -354.65800414725953 0.9744884039180793 0.04908314997124203 -0.11621725196818934 0.18562528212249838
1760468823.341361 115.81303816887099 52.81583350637678 -353.91428208480926 0.9746919309497248 0.04716622846454939 -0.12180665924389789 0.18142250245702102
1760468823.941293 116.04843989507329 52.85320256775577 -353.3145339367889 0.9715932051795789 0.052654144135753526 -0.13718341996231373 0.18551251721015302
1760468824.541303 116.26031356995874 52.888194147800036 -352.71047220004823 0.9685695192513623 0.05499357437843887 -0.1613564743237672 0.1811432619449908
1760468825.007965 116.44059384287493 52.90671180246368 -352.2479371894399 0.9677014545155519 0.055998765780221275 -0.16193266045309856 0.1849211903437752
1760468825.608116 116.68644805910571 52.95042825715652 -351.6346036879176 0.9667245930991402 0.0577640696808382 -0.1663023060224174 0.18560823355345918
1760468826.208009 116.92904048848482 52.98232270380543 -351.03111492766817 0.9664585608227624 0.05580142523232463 -0.1730193349937094 0.18140661749994358
1760468826.807913 117.1954961664177 53.02409797721375 -350.41407458045063 0.9655284358444375 0.05807554407164471 -0.1765923702402102 0.18220100309691165
1760468827.40791 117.46609704155145 53.03971127344897 -349.8299324202063 0.9655681677047735 0.059223505617311795 -0.18001321017338734 0.1782300032562269
1760468827.941224 117.7025381977815 53.077612400657394 -349.2650243743321 0.9653155682603551 0.059334866081501896 -0.18247586986640332 0.17705305492359366
1760468828.80787 118.07118951042175 53.10651547350793 -348.5020677738974 0.963886613252236 0.06330018455339931 -0.18518488006096132 0.1806162883724704
1760468830.007812 118.56835879438155 53.19167920164201 -347.4915261554431 0.9625183672579464 0.07653230487241643 -0.18786932332904716 0.18001754457246252
1760468830.607802 118.85342394752564 53.22532758806941 -346.8680876324819 0.9618639040575497 0.07833186544742766 -0.19196161310939155 0.17841717411486774
1760468831.207808 119.10672186910102 53.2649958548254 -346.32017215703536 0.9621274589098757 0.07609524199620556 -0.19195670425435027 0.17796879122186673
1760468831.741079 119.34085033086609 53.30110956648791 -345.7344555947576 0.9657028011741546 0.07150714176744077 -0.1726483839466791 0.18027025267980942
1760468832.341364 119.54209779660282 53.3188994415269 -345.1339275507661 0.9707078706496064 0.06573650366209607 -0.15297245783565888 0.17321769277099772
1760468832.941097 119.73893596642647 53.34884389061102 -344.49791089536683 0.9730450495723275 0.06293979996310471 -0.13592350286526322 0.17534741073716456
1760468833.541099 119.93823723268622 53.37420239806848 -343.84141778701735 0.9756063646647617 0.062208424155080703 -0.11985035029004436 0.17308444969177136
1760468834.00772 120.09423371309485 53.38954429657298 -343.2899970504354 0.9760596219330802 0.06233378928887762 -0.11955344724423768 0.1706724535382368
1760468834.607705 120.28399960937587 53.41026086018955 -342.62894499070444 0.9766859938470973 0.06044537899756811 -0.11519104863020503 0.1707684042679494
1760468835.207703 120.46227294045298 53.40480103096601 -341.9484389422959 0.9793150459473723 0.05673820599805156 -0.1113519387946534 0.15913378801464684
1760468835.741019 120.61474810878077 53.42235778740618 -341.3269402289518 0.9786237750328179 0.058042271384147026 -0.10645947446235433 0.1661113541281418
1760468836.340989 120.78338871162782 53.44619125619646 -340.62487067826765 0.9784112565584493 0.057042584032160684 -0.10124759496976322 0.17089903791270686
1760468836.941003 120.9509228862016 53.46341349210435 -339.9306523523438 0.979153424533123 0.05986339781293133 -0.09588662827111094 0.16876225687678537
1760468837.407836 121.07142458124905 53.45786409304166 -339.38785479955465 0.9806902972288857 0.059561811401472035 -0.09320903150747611 0.16127928567901578
1760468838.074269 121.23853102710292 53.483822456542605 -338.5963992867142 0.9797818658779701 0.05861320361381405 -0.08886229449548204 0.16939740339157242
1760468838.540938 121.34161133186299 53.48785442003594 -338.06903583612757 0.9809346338095433 0.05581404448021531 -0.08653090184582561 0.16481638164164977
1760468839.140961 121.48237984782372 53.51864989304001 -337.3376184369438 0.9793855988977146 0.054388291273188394 -0.08293932545075257 0.17597394903201366
1760468839.740887 121.61159453604665 53.51917180203395 -336.65094483552764 0.982304252836684 0.05029703392508996 -0.07931001351555561 0.1620447006028429
1760468840.47453 121.75456042388741 53.529175638354424 -335.8471889997169 0.9819769035340193 0.056166065783610164 -0.07205514572237552 0.1654532863229309
1760468841.074246 121.8824326392464 53.53046457506526 -335.1641456778787 0.9825124623085214 0.05781555479158826 -0.06803119846274651 0.1633963863379774
1760468841.674154 121.98944546205347 53.52883052358289 -334.4965606118461 0.9836392867933124 0.05401473138491559 -0.06547373397778225 0.15890044817169605
1760468842.274179 122.10850548581935 53.53933297167352 -333.8580223700808 0.9814010882712071 0.058393020326696125 -0.07744144667390816 0.165665269306118
1760468843.074176 122.28063175573254 53.57402735383737 -332.97643852784734 0.977990244133633 0.06201593799385249 -0.0949389652953079 0.1751447934790984
1760468843.67411 122.4255473374316 53.58071181513164 -332.3064806594725 0.9797431862293131 0.05817890262780556 -0.0963537313048268 0.16563351952396335
1760468844.340912 122.59140962325233 53.59435288529156 -331.55339455229597 0.9801257543570081 0.059168221449388325 -0.09462551477970776 0.16400804605048352
1760468844.940796 122.74111398916787 53.59327145545443 -330.9036496708586 0.9812652642621758 0.05847747744899798 -0.10118433397862611 0.15316852268330494
1760468845.540713 122.8934289729379 53.61091263781153 -330.21471028123597 0.9784339659851025 0.06158605586361567 -0.09488029026627397 0.17283478367740215
1760468846.140731 123.05759911317718 53.61616078312202 -329.52711789868096 0.979780035923186 0.06899249583198037 -0.09304340708871853 0.1631381044469924
1760468846.740748 123.21928255834207 53.625125205750386 -328.8283195068539 0.979256151024586 0.06778906271349412 -0.09457197765269522 0.16588602924838877
1760468847.540714 123.42378818447523 53.624512476881065 -327.9332366790375 0.9809402264064517 0.061405733463126756 -0.09836783894582396 0.15591464452271012
1760468847.874016 123.51300699924819 53.62567849668076 -327.5432986516577 0.9808313055655428 0.06004250683001291 -0.09840436231308682 0.15710324272247006
1760468848.540681 123.69070186887862 53.63617367656418 -326.82844192590414 0.9806440087186181 0.06284884116401807 -0.09769586834793204 0.1576162067693622
1760468849.34063 123.88677673620799 53.633810031762636 -325.9637470927861 0.9807957455528714 0.059902638470052665 -0.09894558832457055 0.15703868937563714
1760468849.673959 123.97340852269836 53.634935977222426 -325.5713393798237 0.9808637221286982 0.05773541210718576 -0.09943883120237079 0.1571142884964821
1760468850.340692 124.15143220949409 53.640526885525844 -324.8275145875792 0.979818117842207 0.05714503349097569 -0.10100167984278585 0.16275614201745364
1760468851.273917 124.371549555578 53.64382519822067 -323.87569302801654 0.9804493706006441 0.051513198348598674 -0.10404275273998677 0.158872677597454
1760468851.540562 124.44187566291289 53.64913387715791 -323.55530111921007 0.9800665205232529 0.0491387202095495 -0.10619496366316111 0.1605541379665809
1760468852.340577 124.64876461526207 53.64128611893755 -322.7665921156027 0.9815157054859597 0.04793893626789505 -0.10573346269699681 0.15214865474267
1760468852.940581 124.81604642396145 53.64526495320996 -322.14730288563817 0.9810432125139373 0.048307093585396234 -0.10489398802936147 0.1556209856187837
1760468853.873857 125.08281487918687 53.61659340379608 -321.2303159431895 0.9810547451603445 0.04971309630692408 -0.10416061888106769 0.1555980736650128
1760468855.140464 125.40303365916577 53.605794628372486 -320.0592781439535 0.9809119017316 0.048418290478618946 -0.10572194213171951 0.15585371712064286
1760468855.873807 125.60235156680778 53.60086781994982 -319.29743126494395 0.9803754883794602 0.04492283702523354 -0.10602437172235904 0.16001460276867915
1760468856.940476 125.87201870554317 53.607421748161215 -318.3013856547156 0.9809622712105202 0.03854182991152247 -0.10782861086600133 0.1568455944146268
1760468857.740419 126.05433844080689 53.599574825476914 -317.59748296545644 0.9815076889080073 0.03845871824354354 -0.10673241449159201 0.15418098229782157
1760468858.473751 126.22759363964471 53.595649454183445 -316.9512000099779 0.98136946526158 0.03923640413928682 -0.10446524409900128 0.1564016944209848
1760468859.273693 126.3937654486771 53.59005592889059 -316.2488143314974 0.981926087925778 0.03573918886578028 -0.10544641467748596 0.1530520233830869
1760468860.14038 126.60237237846289 53.574176620889936 -315.55336555110944 0.981903440208677 0.03849046191065136 -0.10188431977742751 0.1549312874527304
1760468860.873712 126.74869074000685 53.56836583179047 -314.93665232650835 0.9822675064071463 0.03895094783864566 -0.1022178923440693 0.15226579393906675
1760468862.073642 127.05216637566986 53.56108146171615 -313.9405707536566 0.9826508089167105 0.040533097821219485 -0.09903249357441272 0.1514827413693845
1760468862.740314 127.20795177806332 53.545455441083654 -313.2686110741609 0.9836798308507159 0.03886758299887506 -0.09909057014976931 0.14506674421357305
1760468863.406934 127.35291202399982 53.529409573669206 -312.65202616390457 0.9834486767131552 0.038228191143707395 -0.0979840822493585 0.14753448850616313
1760468864.073604 127.49557585542598 53.505338383951965 -312.02701403803735 0.983906155888694 0.035911292683272 -0.09814725575374057 0.14493506011369103
1760468864.873597 127.63770589715206 53.48938584545069 -311.41988783364377 0.9863095221934761 0.03314308228645103 -0.07980116669732364 0.1404522563748136
1760468866.006929 127.74747558769815 53.446207880828354 -310.44969788986356 0.9878790618922659 0.02711026809013981 -0.03805134910537244 0.14802731933733854
1760468866.673814 127.82706228003238 53.43891907599807 -309.79242450643835 0.9877675514556309 0.024163341329739255 -0.03403416149158835 0.15024337948373734
1760468867.473506 127.87201306377803 53.4047623169416 -309.1038341495477 0.9897792386016323 0.020932564610641448 -0.02762725589791134 0.13833156293321358
1760468868.27359 127.91992115436256 53.378458797543686 -308.3702717781728 0.989491953834971 0.021653231546075458 -0.02067661501526178 0.1414541920586815
1760468868.806834 127.95749445584637 53.366122177540426 -307.86818186362564 0.9895246155249489 0.022034791975523212 -0.015822506733510166 0.14179263554030347
1760468869.673449 127.97232258636272 53.343703464079454 -307.1504708221154 0.9903770920893928 0.017594447523013854 -0.009981127423288036 0.13690883089223368
1760468870.473457 127.97746973968395 53.313538903240385 -306.47067520186965 0.9899419262455726 0.013133222511078388 -0.004361195424308506 0.14079588453555975
1760468871.273381 127.97917360757837 53.278638458380385 -305.81195105409444 0.9903729146326558 0.01414915860490635 0.0012752089585038981 0.13769409978246605
1760468872.273385 127.98497115443709 53.22483921558787 -304.91662637734356 0.9901552218530323 0.012689259094069425 0.006276641140410292 0.13925596258979492
1760468873.273845 127.99518303123784 53.18224160140446 -304.04597818794764 0.9896254011276922 0.010529681478192507 0.008903414467104177 0.14300846290219774
1760468874.406823 128.0061954792293 53.148314328560495 -303.1674330273467 0.9895057562990165 0.007260452377433651 0.011539809035215712 0.14384879870828665
1760468875.206618 127.98806534979461 53.127761265024525 -302.5825176875204 0.9901085129827413 0.0056422512809197545 0.014007030732592013 0.13948871140577657
1760468876.006851 127.97891621332005 53.08909706880237 -302.0058370764033 0.9907627304992211 0.009244599009384019 0.019443347271476875 0.13388691306383976
1760468876.873214 127.95511524300366 53.050620724004986 -301.2711329117045 0.9905284799305096 0.00937821767551792 0.023304750107846408 0.13498988148078236
1760468879.073171 127.89672285329176 52.94583278664844 -299.6590193864895 0.9912895806227741 0.01405366545023393 0.03400471145842119 0.1264560850049023
1760468882.6064 127.85730240866472 52.774276246964924 -297.34082523873695 0.9914530376014351 0.012710167083235968 0.01914269707610566 0.1284246200393676
1760468887.20652 127.843455110771 52.62399605635068 -294.5160220158882 0.991252666559586 0.01007764019266081 0.0184004322995698 0.1302997171825261
1760468892.006196 127.93542334903736 52.482281463586716 -291.9680494323404 0.9908736545595987 0.0068412663066999575 0.033111617370620995 0.1304845529943188
1760468897.806038 127.56444819545003 52.286040758825955 -289.04472423458367 0.9851633193642647 0.0013973894792897448 0.10923166119530839 0.1323621005965847
1760468899.205989 127.3238388035785 52.22739597245458 -288.31143298328215 0.9852746547371058 0.0036220769018838754 0.11986607881860337 0.1218723038275969
1760468900.605932 127.09482522127865 52.15935775295698 -287.55726392364664 0.983656050074298 0.004575723788227062 0.1259012372965023 0.12864181416341192
1760468901.939396 126.89826910847229 52.11268116935066 -286.791405404461 0.9839191910698006 0.0008365298750363855 0.12987576263884332 0.1226157083790499
1760468903.139216 126.74239966240353 52.07800057933685 -286.1476274732105 0.9825193134232962 -0.0030421940622828774 0.13373816485625417 0.12946291772698265
1760468904.405879 126.53047556386926 52.013440482346624 -285.42516193695684 0.9838580522687459 -0.005420255630506172 0.13405326732467648 0.11842159994877768
1760468905.539152 126.37538564001595 51.957990358584695 -284.71390008344184 0.9873059621164778 -0.0036945979600725765 0.10503585246329995 0.11908298288369
1760468906.939119 126.20018466038658 51.89805587722109 -283.91721555373266 0.9861509753225685 -0.003700836991452544 0.10725943499827101 0.12644354977523084
1760468908.205778 126.02764255965758 51.82700665476065 -283.1726415858367 0.9878618556641958 -0.004975829192592937 0.10204148126699211 0.11701167184676815
1760468909.939054 125.80456029072046 51.719797021310306 -282.0393118819961 0.9881102983047582 -0.003954604018653489 0.0996703709028177 0.11699665232489467
1760468911.538991 125.68147212063386 51.645513396953895 -281.1140028816138 0.9903626318524467 -0.0019982856331977757 0.07121547018494671 0.11876961350093042
1760468913.405634 125.86257068228224 51.591491231518624 -279.893327189085 0.9894979686462403 0.037235543471725745 -0.06514966547355129 0.12354272716762227
1760468914.93891 126.02776516751155 51.54764351292826 -279.10656086436484 0.987563864851891 0.04493084555834638 -0.08587484139164522 0.12379153271596477
1760468916.338858 126.1037234953817 51.45742109559864 -278.37843008547196 0.9924576363880862 0.026929290695342514 0.008561679329354813 0.11928684304935094
1760468918.738915 125.98618813855893 51.369723613408546 -277.46792976015394 0.9902788187434791 0.018594116691347615 0.07032751563868944 0.11855867963408741
1760468919.739037 125.90544130976461 51.31958157048324 -276.88224260236956 0.9889718060971565 0.01665676159627723 0.08523901350991955 0.11996511832157214
1760468920.938745 125.74573372248766 51.26398060373818 -276.33524220680687 0.9804866497091632 0.0030274197137927943 0.15809638661517242 0.11680024405455315
1760468922.93869 125.51760011510385 51.20391704093143 -275.74299372605685 0.9737939867839918 -0.0071935444891609215 0.20180896503205634 0.10462631530218246
1760468924.472005 125.09878694407756 51.143947078377714 -275.2838441596739 0.93633668149935 -0.03973852408348015 0.33492353034567457 0.09757406111893274
1760468927.138611 124.43179781059685 51.07198588965291 -275.11339258479796 0.8176962949490076 -0.09420332678439756 0.5623378678591988 0.07921252944445017
1760468928.671865 123.36315334826459 50.97341188239287 -274.82380306519207 0.790066673121611 -0.11831690428213754 0.595844293761773 0.08225168554610304
1760468929.471863 122.87614214050126 50.93715642856487 -274.512959346345 0.864946569583319 -0.09530812213427114 0.4846096705391877 0.08909130620429637
1760468930.138494 122.58140531095121 50.90025140773757 -274.14080734733284 0.9294230401383414 -0.07290903335429134 0.34870480221907296 0.09623952527263963
1760468930.87182 122.39715725966211 50.83723569335442 -273.6033381892537 0.9788351319052196 -0.037276060379599255 0.17522320616925274 0.0989399206106174
1760468931.938493 122.45435610489172 50.75403372379127 -272.8798790776761 0.9942345710033396 0.0007499825775646944 0.023220551422160847 0.10467980387634293
1760468932.672037 122.44402755634705 50.66894386380022 -272.1329929582081 0.9942289026039837 0.009103106749004105 0.005011987122042424 0.10677500952696284
1760468933.138471 122.46918545794796 50.602953409150636 -271.52573656203776 0.9936388576580759 0.015221921526930329 -0.001867407097742032 0.11156444974862428
